<?xml version="1.0" encoding="UTF-8" standalone="yes"?>
<list  version="8.0.0" minorVersion="21" exportUser="ADMIN" exportDateTime="06/29/2016 11:21 AM" description="null"><notificationTemplate><resId>10060</resId><serviceProviderCode>MUNI1</serviceProviderCode><auditModel><auditDate>2016-02-19T07:55:17.213-08:00</auditDate><auditID>ADMIN</auditID><auditStatus>A</auditStatus></auditModel><isEmailSelected>Y</isEmailSelected><isReserved>Y</isReserved><isSMSSelected>Y</isSMSSelected><notificationTemplateI18NModels/><templateName>ACA_MESSAGE_SENDPASSWORD</templateName></notificationTemplate>
<notificationTemplate><resId>10061</resId><serviceProviderCode>MUNI1</serviceProviderCode><auditModel><auditDate>2013-03-28T10:52:27-07:00</auditDate><auditID>ACA Admin</auditID><auditStatus>A</auditStatus></auditModel><description>Citizen User Registration Account E-mail: This e-mail is sent to users when they register for a public user account.</description><emailTemplate><resId>10061</resId><serviceProviderCode>MUNI1</serviceProviderCode><auditModel><auditDate>2016-06-08T06:45:21-07:00</auditDate><auditID>ADMIN</auditID><auditStatus>A</auditStatus></auditModel><contentText>&lt;p&gt;Welcome $$firstName$$ $$lastName$$ to the Citizen Portal!&lt;/p&gt;
&lt;p&gt;Account Information&lt;br /&gt;Account Name: $$userID$$&lt;br /&gt;Name:&amp;nbsp;$$firstName$$ $$middleName$$ $$lastName$$!&lt;br /&gt;Business Name:&amp;nbsp;$$businessName$$ &lt;br /&gt;&lt;/p&gt;
&lt;p&gt;&lt;font face="Courier New"&gt;ACA_ACTIVATION_MESSAGE&lt;/font&gt;&lt;/p&gt;</contentText><displayAsAlert>N</displayAsAlert><displayInACA>N</displayInACA><emailTemplateI18Ns/><from></from><priority>Normal</priority><templateName>ACA_ACTIVATION_MESSAGE</templateName><title>Welcome to the Citizen Portal</title></emailTemplate><isEmailSelected>Y</isEmailSelected><isReserved>Y</isReserved><isSMSSelected>Y</isSMSSelected><notificationTemplateI18NModels/><templateName>ACA_ACTIVATION_MESSAGE</templateName></notificationTemplate>
<notificationTemplate><resId>10062</resId><serviceProviderCode>MUNI1</serviceProviderCode><auditModel><auditDate>2016-02-19T07:55:17.247-08:00</auditDate><auditID>ADMIN</auditID><auditStatus>A</auditStatus></auditModel><isEmailSelected>Y</isEmailSelected><isReserved>Y</isReserved><isSMSSelected>Y</isSMSSelected><notificationTemplateI18NModels/><templateName>ACA_INACTIVATION_MESSAGE</templateName></notificationTemplate>
<notificationTemplate><resId>10063</resId><serviceProviderCode>MUNI1</serviceProviderCode><auditModel><auditDate>2016-06-07T10:07:25-07:00</auditDate><auditID>ADMIN</auditID><auditStatus>A</auditStatus></auditModel><description>Internal Notice: This is an internal e-mail that is sent when a public user account needs to be activate</description><emailTemplate><resId>10063</resId><serviceProviderCode>MUNI1</serviceProviderCode><auditModel><auditDate>2016-05-31T05:51:38.890-07:00</auditDate><auditID>ADMIN</auditID><auditStatus>A</auditStatus></auditModel><contentText>

&lt;br /&gt;</contentText><displayAsAlert>N</displayAsAlert><displayInACA>N</displayInACA><emailTemplateI18Ns/><priority>Normal</priority><templateName>ACA_AGENCY_ACTIVATION_MESSAGE</templateName></emailTemplate><isEmailSelected>Y</isEmailSelected><isReserved>Y</isReserved><isSMSSelected>Y</isSMSSelected><notificationTemplateI18NModels/><templateName>ACA_AGENCY_ACTIVATION_MESSAGE</templateName></notificationTemplate>
<notificationTemplate><resId>10070</resId><serviceProviderCode>MUNI1</serviceProviderCode><auditModel><auditDate>2016-05-24T16:53:47.670-07:00</auditDate><auditID>ADMIN</auditID><auditStatus>A</auditStatus></auditModel><description>Send SSO Link E-mail: This email is sent to the users that an agency staff selects to email SSO link to in the Public User portlet. Users must click the SSO link in the email to associate their Accela Citizen Access accounts with 3rd party accounts within the time limit specified in the email.</description><emailTemplate><resId>10070</resId><serviceProviderCode>MUNI1</serviceProviderCode><auditModel><auditDate>2016-05-24T16:53:47.750-07:00</auditDate><auditID>ADMIN</auditID><auditStatus>A</auditStatus></auditModel><displayAsAlert>N</displayAsAlert><displayInACA>N</displayInACA><emailTemplateI18Ns/><priority>Normal</priority><templateName>ACA_EXTERNAL_ACCOUNT_AUTHENTICATION</templateName><title>SSO Account created</title></emailTemplate><isEmailSelected>Y</isEmailSelected><isReserved>Y</isReserved><isSMSSelected>Y</isSMSSelected><notificationTemplateI18NModels/><smsTemplate><resId>10070</resId><serviceProviderCode>MUNI1</serviceProviderCode><auditModel><auditDate>2015-07-30T00:00:00-07:00</auditDate><auditID>ADMIN</auditID><auditStatus>A</auditStatus></auditModel><smsTemplateI18Ns/><templateName>ACA_EXTERNAL_ACCOUNT_AUTHENTICATION</templateName></smsTemplate><templateName>ACA_EXTERNAL_ACCOUNT_AUTHENTICATION</templateName></notificationTemplate>
<notificationTemplate><resId>10080</resId><serviceProviderCode>MUNI1</serviceProviderCode><auditModel><auditDate>2016-06-07T10:04:15-07:00</auditDate><auditID>ADMIN</auditID><auditStatus>A</auditStatus></auditModel><description>unknown usage</description><emailTemplate><resId>10080</resId><serviceProviderCode>MUNI1</serviceProviderCode><auditModel><auditDate>2013-07-28T21:00:00-07:00</auditDate><auditID>ADMIN</auditID><auditStatus>A</auditStatus></auditModel><emailTemplateI18Ns/><templateName>MESSAGE_ACA_CONNECT_LICENSE_REJECT_OWNER</templateName></emailTemplate><isEmailSelected>Y</isEmailSelected><isReserved>Y</isReserved><isSMSSelected>Y</isSMSSelected><notificationTemplateI18NModels/><smsTemplate><resId>10080</resId><serviceProviderCode>MUNI1</serviceProviderCode><auditModel><auditDate>2013-07-28T21:00:00-07:00</auditDate><auditID>ADMIN</auditID><auditStatus>A</auditStatus></auditModel><smsTemplateI18Ns/><templateName>MESSAGE_ACA_CONNECT_LICENSE_REJECT_OWNER</templateName></smsTemplate><templateName>MESSAGE_ACA_CONNECT_LICENSE_REJECT_OWNER</templateName></notificationTemplate>
<notificationTemplate><resId>10081</resId><serviceProviderCode>MUNI1</serviceProviderCode><auditModel><auditDate>2016-06-07T10:03:51-07:00</auditDate><auditID>ADMIN</auditID><auditStatus>A</auditStatus></auditModel><description>unknown usage</description><emailTemplate><resId>10081</resId><serviceProviderCode>MUNI1</serviceProviderCode><auditModel><auditDate>2013-07-28T21:00:00-07:00</auditDate><auditID>ADMIN</auditID><auditStatus>A</auditStatus></auditModel><emailTemplateI18Ns/><templateName>MESSAGE_ACA_CONNECT_LICENSE_DISCONNECT_OWNER</templateName></emailTemplate><isEmailSelected>Y</isEmailSelected><isReserved>Y</isReserved><isSMSSelected>Y</isSMSSelected><notificationTemplateI18NModels/><smsTemplate><resId>10081</resId><serviceProviderCode>MUNI1</serviceProviderCode><auditModel><auditDate>2013-07-28T21:00:00-07:00</auditDate><auditID>ADMIN</auditID><auditStatus>A</auditStatus></auditModel><smsTemplateI18Ns/><templateName>MESSAGE_ACA_CONNECT_LICENSE_DISCONNECT_OWNER</templateName></smsTemplate><templateName>MESSAGE_ACA_CONNECT_LICENSE_DISCONNECT_OWNER</templateName></notificationTemplate>
<notificationTemplate><resId>10082</resId><serviceProviderCode>MUNI1</serviceProviderCode><auditModel><auditDate>2016-06-07T10:03:41-07:00</auditDate><auditID>ADMIN</auditID><auditStatus>A</auditStatus></auditModel><description>unknown usage</description><emailTemplate><resId>10082</resId><serviceProviderCode>MUNI1</serviceProviderCode><auditModel><auditDate>2013-07-28T21:00:00-07:00</auditDate><auditID>ADMIN</auditID><auditStatus>A</auditStatus></auditModel><emailTemplateI18Ns/><templateName>MESSAGE_ACA_CONNECT_LICENSE_CONNECT_OWNER</templateName></emailTemplate><isEmailSelected>Y</isEmailSelected><isReserved>Y</isReserved><isSMSSelected>Y</isSMSSelected><notificationTemplateI18NModels/><smsTemplate><resId>10082</resId><serviceProviderCode>MUNI1</serviceProviderCode><auditModel><auditDate>2013-07-28T21:00:00-07:00</auditDate><auditID>ADMIN</auditID><auditStatus>A</auditStatus></auditModel><smsTemplateI18Ns/><templateName>MESSAGE_ACA_CONNECT_LICENSE_CONNECT_OWNER</templateName></smsTemplate><templateName>MESSAGE_ACA_CONNECT_LICENSE_CONNECT_OWNER</templateName></notificationTemplate>
<notificationTemplate><resId>10083</resId><serviceProviderCode>MUNI1</serviceProviderCode><auditModel><auditDate>2016-06-07T10:03:34-07:00</auditDate><auditID>ADMIN</auditID><auditStatus>A</auditStatus></auditModel><description>unknown usage</description><emailTemplate><resId>10083</resId><serviceProviderCode>MUNI1</serviceProviderCode><auditModel><auditDate>2013-07-28T21:00:00-07:00</auditDate><auditID>ADMIN</auditID><auditStatus>A</auditStatus></auditModel><emailTemplateI18Ns/><templateName>MESSAGE_ACA_CONNECT_LICENSE_APPROVE_OWNER</templateName></emailTemplate><isEmailSelected>Y</isEmailSelected><isReserved>Y</isReserved><isSMSSelected>Y</isSMSSelected><notificationTemplateI18NModels/><smsTemplate><resId>10083</resId><serviceProviderCode>MUNI1</serviceProviderCode><auditModel><auditDate>2013-07-28T21:00:00-07:00</auditDate><auditID>ADMIN</auditID><auditStatus>A</auditStatus></auditModel><smsTemplateI18Ns/><templateName>MESSAGE_ACA_CONNECT_LICENSE_APPROVE_OWNER</templateName></smsTemplate><templateName>MESSAGE_ACA_CONNECT_LICENSE_APPROVE_OWNER</templateName></notificationTemplate>
<notificationTemplate><resId>10084</resId><serviceProviderCode>MUNI1</serviceProviderCode><auditModel><auditDate>2016-06-07T08:17:27-07:00</auditDate><auditID>ADMIN</auditID><auditStatus>A</auditStatus></auditModel><description>unknown usage</description><emailTemplate><resId>10084</resId><serviceProviderCode>MUNI1</serviceProviderCode><auditModel><auditDate>2016-06-07T08:16:51-07:00</auditDate><auditID>ADMIN</auditID><auditStatus>A</auditStatus></auditModel><contentText>&lt;font face="Courier New"&gt;AA_MESSAGE_THRESHOLD_NOTIFICATION&lt;/font&gt;</contentText><displayAsAlert>N</displayAsAlert><displayInACA>N</displayInACA><emailTemplateI18Ns/><priority>Normal</priority><templateName>AA_MESSAGE_THRESHOLD_NOTIFICATION</templateName><title>AA_MESSAGE_THRESHOLD_NOTIFICATION</title></emailTemplate><isEmailSelected>Y</isEmailSelected><isReserved>Y</isReserved><isSMSSelected>Y</isSMSSelected><notificationTemplateI18NModels/><smsTemplate><resId>10084</resId><serviceProviderCode>MUNI1</serviceProviderCode><auditModel><auditDate>2013-07-28T21:00:00-07:00</auditDate><auditID>ADMIN</auditID><auditStatus>A</auditStatus></auditModel><smsTemplateI18Ns/><templateName>AA_MESSAGE_THRESHOLD_NOTIFICATION</templateName></smsTemplate><templateName>AA_MESSAGE_THRESHOLD_NOTIFICATION</templateName></notificationTemplate>
<notificationTemplate><resId>10085</resId><serviceProviderCode>MUNI1</serviceProviderCode><auditModel><auditDate>2016-06-07T08:17:21-07:00</auditDate><auditID>ADMIN</auditID><auditStatus>A</auditStatus></auditModel><description>unknown usage</description><emailTemplate><resId>10085</resId><serviceProviderCode>MUNI1</serviceProviderCode><auditModel><auditDate>2016-06-07T06:21:45-07:00</auditDate><auditID>ADMIN</auditID><auditStatus>A</auditStatus></auditModel><contentText>&lt;p&gt;$$InspectorFullName$$&lt;/p&gt;
&lt;p&gt;$$CustomId$$&lt;br /&gt;&amp;nbsp;&lt;br /&gt;$$PermitId1$$&lt;/p&gt;
&lt;p&gt;$$PermitId2$$&lt;/p&gt;
&lt;p&gt;$$PermitId3$$&lt;br /&gt;&amp;nbsp;&lt;br /&gt;$$InspectionType$$&lt;br /&gt;&amp;nbsp;&lt;br /&gt;$$InspectionStatus$$&lt;br /&gt;&amp;nbsp;&lt;br /&gt;$$InspectionDate$$&lt;br /&gt;&amp;nbsp;&lt;br /&gt;$$InspectionTime$$&lt;br /&gt;&amp;nbsp;&lt;br /&gt;$$InspectionAddress$$&lt;/p&gt;
&lt;p&gt;$$RequestedComments$$&lt;br /&gt;&amp;nbsp;&lt;br /&gt;$$InspectionEndTime$$&lt;/p&gt;
&lt;p&gt;&amp;nbsp;&lt;/p&gt;</contentText><displayAsAlert>N</displayAsAlert><displayInACA>N</displayInACA><emailTemplateI18Ns/><from></from><priority>Normal</priority><templateName>AA_MESSAGE_INSPECTION_STATUS_CHANGE</templateName><title>AA_MESSAGE_INSPECTION_STATUS_CHANGE</title></emailTemplate><isEmailSelected>Y</isEmailSelected><isReserved>Y</isReserved><isSMSSelected>Y</isSMSSelected><notificationTemplateI18NModels/><smsTemplate><resId>10085</resId><serviceProviderCode>MUNI1</serviceProviderCode><auditModel><auditDate>2013-07-28T21:00:00-07:00</auditDate><auditID>ADMIN</auditID><auditStatus>A</auditStatus></auditModel><smsTemplateI18Ns/><templateName>AA_MESSAGE_INSPECTION_STATUS_CHANGE</templateName></smsTemplate><templateName>AA_MESSAGE_INSPECTION_STATUS_CHANGE</templateName></notificationTemplate>
<notificationTemplate><resId>10086</resId><serviceProviderCode>MUNI1</serviceProviderCode><auditModel><auditDate>2016-06-07T10:03:46-07:00</auditDate><auditID>ADMIN</auditID><auditStatus>A</auditStatus></auditModel><description>unknown usage</description><isEmailSelected>Y</isEmailSelected><isReserved>Y</isReserved><isSMSSelected>Y</isSMSSelected><notificationTemplateI18NModels/><templateName>MESSAGE_ACA_CONNECT_LICENSE_CONNECT_USER</templateName></notificationTemplate>
<notificationTemplate><resId>10087</resId><serviceProviderCode>MUNI1</serviceProviderCode><auditModel><auditDate>2016-06-07T10:04:01-07:00</auditDate><auditID>ADMIN</auditID><auditStatus>A</auditStatus></auditModel><description>unknown usage</description><isEmailSelected>Y</isEmailSelected><isReserved>Y</isReserved><isSMSSelected>Y</isSMSSelected><notificationTemplateI18NModels/><templateName>MESSAGE_ACA_CONNECT_LICENSE_DISCONNECT_USER</templateName></notificationTemplate>
<notificationTemplate><resId>10088</resId><serviceProviderCode>MUNI1</serviceProviderCode><auditModel><auditDate>2016-06-07T09:36:06-07:00</auditDate><auditID>ADMIN</auditID><auditStatus>A</auditStatus></auditModel><description>Email to public user when association to license has been rejected</description><isEmailSelected>Y</isEmailSelected><isReserved>Y</isReserved><isSMSSelected>Y</isSMSSelected><notificationTemplateI18NModels/><templateName>MESSAGE_ACA_CONNECT_LICENSE_REJECT_USER</templateName></notificationTemplate>
<notificationTemplate><resId>10089</resId><serviceProviderCode>MUNI1</serviceProviderCode><auditModel><auditDate>2016-06-07T09:35:53-07:00</auditDate><auditID>ADMIN</auditID><auditStatus>A</auditStatus></auditModel><description>Email to public user when association to license has been approved</description><isEmailSelected>Y</isEmailSelected><isReserved>Y</isReserved><isSMSSelected>Y</isSMSSelected><notificationTemplateI18NModels/><templateName>MESSAGE_ACA_CONNECT_LICENSE_APPROVE_USER</templateName></notificationTemplate>
<notificationTemplate><resId>10090</resId><serviceProviderCode>MUNI1</serviceProviderCode><auditModel><auditDate>2016-06-07T05:30:23-07:00</auditDate><auditID>ADMIN</auditID><auditStatus>A</auditStatus></auditModel><description>Email sent when inspection is resulted</description><emailTemplate><resId>10090</resId><serviceProviderCode>MUNI1</serviceProviderCode><auditModel><auditDate>2016-06-07T07:21:34-07:00</auditDate><auditID>ADMIN</auditID><auditStatus>A</auditStatus></auditModel><contentText>&lt;p&gt;&amp;nbsp;&lt;/p&gt;
&lt;p&gt;The notice is&amp;nbsp;to inform you that&amp;nbsp;an inspection&amp;nbsp;result at address&amp;nbsp;$PERMITADDR$ (Parcel#:&amp;nbsp;$PERMITPARCEL$).&amp;nbsp; Details are below:&lt;/p&gt;
&lt;p&gt;Inspection: $INSPITEM$&lt;/p&gt;
&lt;p&gt;Date: $$COMPLETEDATE$&lt;/p&gt;
&lt;p&gt;Result: $INSPRESULT$&lt;/p&gt;
&lt;p&gt;&lt;font face="Courier New"&gt;**MESSAGE_NOTICE_RESULT_INSPECTION**&lt;/font&gt;&lt;/p&gt;</contentText><displayAsAlert>N</displayAsAlert><displayInACA>N</displayInACA><emailTemplateI18Ns/><priority>Normal</priority><templateName>MESSAGE_NOTICE_RESULT_INSPECTION</templateName><title>An Inspection result has posted for $PERMITID$$</title></emailTemplate><isEmailSelected>Y</isEmailSelected><isReserved>Y</isReserved><isSMSSelected>Y</isSMSSelected><notificationTemplateI18NModels/><smsTemplate><resId>10090</resId><serviceProviderCode>MUNI1</serviceProviderCode><auditModel><auditDate>2013-07-28T21:00:00-07:00</auditDate><auditID>ADMIN</auditID><auditStatus>A</auditStatus></auditModel><smsTemplateI18Ns/><templateName>MESSAGE_NOTICE_RESULT_INSPECTION</templateName></smsTemplate><templateName>MESSAGE_NOTICE_RESULT_INSPECTION</templateName></notificationTemplate>
<notificationTemplate><resId>10091</resId><serviceProviderCode>MUNI1</serviceProviderCode><acaConfig refId="1@StandardChoiceModel"><name>ACA_CONFIGS</name><serviceProviderCode>MUNI1</serviceProviderCode><auditModel><auditDate>2016-06-09T16:52:14.813-07:00</auditDate><auditID>ADMIN</auditID><auditStatus>A</auditStatus></auditModel><description></description><standardChoiceValueModels><standardChoiceValue refId="2@StandardChoiceValueModel"><sequenceNBR>2381</sequenceNBR><serviceProviderCode>MUNI1</serviceProviderCode><auditModel><auditDate>2016-06-09T16:52:14.817-07:00</auditDate><auditID>ADMIN</auditID><auditStatus>A</auditStatus></auditModel><description>html;htm;mht;mhtml</description><standardChoiceName>ACA_CONFIGS</standardChoiceName><standardChoiceValueI18NModels/><value>ACA_EDMS_DISALLOWED_FILE_TYPES</value></standardChoiceValue><standardChoiceValue refId="3@StandardChoiceValueModel"><sequenceNBR>2378</sequenceNBR><serviceProviderCode>MUNI1</serviceProviderCode><auditModel><auditDate>2016-06-09T16:52:14.817-07:00</auditDate><auditID>ADMIN</auditID><auditStatus>A</auditStatus></auditModel><description>http://aca.demo.accela.com/CitizenAccess/Admin/Default.aspx</description><standardChoiceName>ACA_CONFIGS</standardChoiceName><standardChoiceValueI18NModels/><value>ACA_SITE</value></standardChoiceValue><standardChoiceValue refId="4@StandardChoiceValueModel"><sequenceNBR>3051</sequenceNBR><serviceProviderCode>MUNI1</serviceProviderCode><auditModel><auditDate>2016-06-10T06:54:01.150-07:00</auditDate><auditID>Admin</auditID><auditStatus>A</auditStatus></auditModel><sortOrder>0</sortOrder><standardChoiceName>ACA_CONFIGS</standardChoiceName><standardChoiceValueI18NModels/><value>AGENCY_NAME</value></standardChoiceValue><standardChoiceValue refId="5@StandardChoiceValueModel"><sequenceNBR>2142</sequenceNBR><serviceProviderCode>MUNI1</serviceProviderCode><auditModel><auditDate>2016-06-09T16:52:14.820-07:00</auditDate><auditID>ADMIN</auditID><auditStatus>A</auditStatus></auditModel><description></description><standardChoiceName>ACA_CONFIGS</standardChoiceName><standardChoiceValueI18NModels/><value>ALL_USER_SCHEDULE_INSPECTION_ENABLED</value></standardChoiceValue><standardChoiceValue refId="6@StandardChoiceValueModel"><sequenceNBR>2182</sequenceNBR><serviceProviderCode>MUNI1</serviceProviderCode><auditModel><auditDate>2016-06-10T06:54:01.150-07:00</auditDate><auditID>ADMIN</auditID><auditStatus>A</auditStatus></auditModel><description>Y</description><sortOrder>0</sortOrder><standardChoiceName>ACA_CONFIGS</standardChoiceName><standardChoiceValueI18NModels/><value>ALLOW_EXPORTING_TO_CSV</value></standardChoiceValue><standardChoiceValue refId="7@StandardChoiceValueModel"><sequenceNBR>2374</sequenceNBR><serviceProviderCode>MUNI1</serviceProviderCode><auditModel><auditDate>2016-06-09T16:52:14.820-07:00</auditDate><auditID>ADMIN</auditID><auditStatus>A</auditStatus></auditModel><description>55</description><standardChoiceName>ACA_CONFIGS</standardChoiceName><standardChoiceValueI18NModels/><value>ASI_LABEL_WIDTH</value></standardChoiceValue><standardChoiceValue refId="8@StandardChoiceValueModel"><sequenceNBR>2140</sequenceNBR><serviceProviderCode>MUNI1</serviceProviderCode><auditModel><auditDate>2016-06-09T16:52:14.820-07:00</auditDate><auditID>ADMIN</auditID><auditStatus>A</auditStatus></auditModel><description>YES</description><sortOrder>0</sortOrder><standardChoiceName>ACA_CONFIGS</standardChoiceName><standardChoiceValueI18NModels/><value>AUTO_POPULATE_STATE</value></standardChoiceValue><standardChoiceValue refId="9@StandardChoiceValueModel"><sequenceNBR>2389</sequenceNBR><serviceProviderCode>MUNI1</serviceProviderCode><auditModel><auditDate>2016-06-09T16:52:14.870-07:00</auditDate><auditID>ADMIN</auditID><auditStatus>A</auditStatus></auditModel><description>Yes</description><sortOrder>0</sortOrder><standardChoiceName>ACA_CONFIGS</standardChoiceName><standardChoiceValueI18NModels/><value>Building_DISPLAY_MAP_FOR_SELECTOBJECT</value></standardChoiceValue><standardChoiceValue refId="10@StandardChoiceValueModel"><sequenceNBR>2382</sequenceNBR><serviceProviderCode>MUNI1</serviceProviderCode><auditModel><auditDate>2016-06-09T16:52:18.913-07:00</auditDate><auditID>ADMIN</auditID><auditStatus>A</auditStatus></auditModel><description>Yes</description><sortOrder>0</sortOrder><standardChoiceName>ACA_CONFIGS</standardChoiceName><standardChoiceValueI18NModels/><value>Building_DISPLAY_MAP_FOR_SHOWOBJECT</value></standardChoiceValue><standardChoiceValue refId="11@StandardChoiceValueModel"><sequenceNBR>2379</sequenceNBR><serviceProviderCode>MUNI1</serviceProviderCode><auditModel><auditDate>2016-06-09T16:52:20.827-07:00</auditDate><auditID>ADMIN</auditID><auditStatus>A</auditStatus></auditModel><description>Yes</description><sortOrder>0</sortOrder><standardChoiceName>ACA_CONFIGS</standardChoiceName><standardChoiceValueI18NModels/><value>Building_INSPECTION_DISPLAYOPTION</value></standardChoiceValue><standardChoiceValue refId="12@StandardChoiceValueModel"><sequenceNBR>2363</sequenceNBR><serviceProviderCode>MUNI1</serviceProviderCode><auditModel><auditDate>2016-06-09T16:52:20.830-07:00</auditDate><auditID>ADMIN</auditID><auditStatus>A</auditStatus></auditModel><description>No</description><standardChoiceName>ACA_CONFIGS</standardChoiceName><standardChoiceValueI18NModels/><value>CONTINUE_SHOPPING_ENABLE</value></standardChoiceValue><standardChoiceValue refId="13@StandardChoiceValueModel"><sequenceNBR>2141</sequenceNBR><serviceProviderCode>MUNI1</serviceProviderCode><auditModel><auditDate>2016-06-09T16:52:20.833-07:00</auditDate><auditID>ADMIN</auditID><auditStatus>A</auditStatus></auditModel><description>YES</description><sortOrder>0</sortOrder><standardChoiceName>ACA_CONFIGS</standardChoiceName><standardChoiceValueI18NModels/><value>DESCRIPTION_REQUIRED_FLAG</value></standardChoiceValue><standardChoiceValue refId="14@StandardChoiceValueModel"><sequenceNBR>2143</sequenceNBR><serviceProviderCode>MUNI1</serviceProviderCode><auditModel><auditDate>2016-06-09T16:52:20.837-07:00</auditDate><auditID>ADMIN</auditID><auditStatus>A</auditStatus></auditModel><description>Yes</description><sortOrder>0</sortOrder><standardChoiceName>ACA_CONFIGS</standardChoiceName><standardChoiceValueI18NModels/><value>DISPLAY_OPTIONAL_INSPECTIONS</value></standardChoiceValue><standardChoiceValue refId="15@StandardChoiceValueModel"><sequenceNBR>3040</sequenceNBR><serviceProviderCode>MUNI1</serviceProviderCode><auditModel><auditDate>2016-06-09T16:52:20.840-07:00</auditDate><auditID>ADMIN</auditID><auditStatus>A</auditStatus></auditModel><description>Yes</description><standardChoiceName>ACA_CONFIGS</standardChoiceName><standardChoiceValueI18NModels/><value>DISPLAY_QUICK_QUERY</value></standardChoiceValue><standardChoiceValue refId="16@StandardChoiceValueModel"><sequenceNBR>2183</sequenceNBR><serviceProviderCode>MUNI1</serviceProviderCode><auditModel><auditDate>2016-06-10T06:54:01.150-07:00</auditDate><auditID>ADMIN</auditID><auditStatus>A</auditStatus></auditModel><description>NO</description><sortOrder>0</sortOrder><standardChoiceName>ACA_CONFIGS</standardChoiceName><standardChoiceValueI18NModels/><value>DISPLAY_USER_INITIALS</value></standardChoiceValue><standardChoiceValue refId="17@StandardChoiceValueModel"><sequenceNBR>2364</sequenceNBR><serviceProviderCode>MUNI1</serviceProviderCode><auditModel><auditDate>2016-06-09T16:52:20.847-07:00</auditDate><auditID>ADMIN</auditID><auditStatus>A</auditStatus></auditModel><description>2</description><sortOrder>0</sortOrder><standardChoiceName>ACA_CONFIGS</standardChoiceName><standardChoiceValueI18NModels/><value>EMAIL_USER_GROUP_OPTION</value></standardChoiceValue><standardChoiceValue refId="18@StandardChoiceValueModel"><sequenceNBR>2367</sequenceNBR><serviceProviderCode>MUNI1</serviceProviderCode><auditModel><auditDate>2016-06-09T16:52:20.850-07:00</auditDate><auditID>ADMIN</auditID><auditStatus>A</auditStatus></auditModel><description>Yes</description><sortOrder>0</sortOrder><standardChoiceName>ACA_CONFIGS</standardChoiceName><standardChoiceValueI18NModels/><value>ENABLE_ACCOUNT_VERIFICATION_EMAIL</value></standardChoiceValue><standardChoiceValue refId="19@StandardChoiceValueModel"><sequenceNBR>3043</sequenceNBR><serviceProviderCode>MUNI1</serviceProviderCode><auditModel><auditDate>2016-06-09T16:52:20.850-07:00</auditDate><auditID>ADMIN</auditID><auditStatus>A</auditStatus></auditModel><description>Yes</description><standardChoiceName>ACA_CONFIGS</standardChoiceName><standardChoiceValueI18NModels/><value>ENABLE_CUSTOMIZATION_PER_PAGE</value></standardChoiceValue><standardChoiceValue refId="20@StandardChoiceValueModel"><sequenceNBR>3042</sequenceNBR><serviceProviderCode>MUNI1</serviceProviderCode><auditModel><auditDate>2016-06-09T16:52:20.853-07:00</auditDate><auditID>ADMIN</auditID><auditStatus>A</auditStatus></auditModel><description>YES</description><standardChoiceName>ACA_CONFIGS</standardChoiceName><standardChoiceValueI18NModels/><value>ENABLE_SYNCHRONOUS_UPLOAD</value></standardChoiceValue><standardChoiceValue refId="21@StandardChoiceValueModel"><sequenceNBR>2373</sequenceNBR><serviceProviderCode>MUNI1</serviceProviderCode><auditModel><auditDate>2016-06-09T16:52:20.860-07:00</auditDate><auditID>ADMIN</auditID><auditStatus>A</auditStatus></auditModel><description>No</description><sortOrder>0</sortOrder><standardChoiceName>ACA_CONFIGS</standardChoiceName><standardChoiceValueI18NModels/><value>Enforcement_DISPLAY_MAP_FOR_SELECTOBJECT</value></standardChoiceValue><standardChoiceValue refId="22@StandardChoiceValueModel"><sequenceNBR>2372</sequenceNBR><serviceProviderCode>MUNI1</serviceProviderCode><auditModel><auditDate>2016-06-09T16:52:20.860-07:00</auditDate><auditID>ADMIN</auditID><auditStatus>A</auditStatus></auditModel><description>Yes</description><sortOrder>0</sortOrder><standardChoiceName>ACA_CONFIGS</standardChoiceName><standardChoiceValueI18NModels/><value>Enforcement_DISPLAY_MAP_FOR_SHOWOBJECT</value></standardChoiceValue><standardChoiceValue refId="23@StandardChoiceValueModel"><sequenceNBR>2376</sequenceNBR><serviceProviderCode>MUNI1</serviceProviderCode><auditModel><auditDate>2016-06-09T16:52:20.863-07:00</auditDate><auditID>ADMIN</auditID><auditStatus>A</auditStatus></auditModel><description>Yes</description><sortOrder>0</sortOrder><standardChoiceName>ACA_CONFIGS</standardChoiceName><standardChoiceValueI18NModels/><value>Enforcement_INSPECTION_DISPLAYOPTION</value></standardChoiceValue><standardChoiceValue refId="24@StandardChoiceValueModel"><sequenceNBR>3049</sequenceNBR><serviceProviderCode>MUNI1</serviceProviderCode><auditModel><auditDate>2016-06-10T06:54:01.150-07:00</auditDate><auditID>Admin</auditID><auditStatus>A</auditStatus></auditModel><sortOrder>0</sortOrder><standardChoiceName>ACA_CONFIGS</standardChoiceName><standardChoiceValueI18NModels/><value>GIS_GROUP</value></standardChoiceValue><standardChoiceValue refId="25@StandardChoiceValueModel"><sequenceNBR>2175</sequenceNBR><serviceProviderCode>MUNI1</serviceProviderCode><auditModel><auditDate>2016-06-10T06:54:01.133-07:00</auditDate><auditID>ADMIN</auditID><auditStatus>A</auditStatus></auditModel><sortOrder>0</sortOrder><standardChoiceName>ACA_CONFIGS</standardChoiceName><standardChoiceValueI18NModels/><value>GIS_PORTLET_URL</value></standardChoiceValue><standardChoiceValue refId="26@StandardChoiceValueModel"><sequenceNBR>3048</sequenceNBR><serviceProviderCode>MUNI1</serviceProviderCode><auditModel><auditDate>2016-06-10T06:54:01.150-07:00</auditDate><auditID>Admin</auditID><auditStatus>A</auditStatus></auditModel><sortOrder>0</sortOrder><standardChoiceName>ACA_CONFIGS</standardChoiceName><standardChoiceValueI18NModels/><value>GIS_SERVICE_ID</value></standardChoiceValue><standardChoiceValue refId="27@StandardChoiceValueModel"><sequenceNBR>2144</sequenceNBR><serviceProviderCode>MUNI1</serviceProviderCode><auditModel><auditDate>2016-06-09T16:52:20.870-07:00</auditDate><auditID>ADMIN</auditID><auditStatus>A</auditStatus></auditModel><description></description><sortOrder>0</sortOrder><standardChoiceName>ACA_CONFIGS</standardChoiceName><standardChoiceValueI18NModels/><value>INSPECTION_CALENDAR_NAME</value></standardChoiceValue><standardChoiceValue refId="28@StandardChoiceValueModel"><sequenceNBR>2139</sequenceNBR><serviceProviderCode>MUNI1</serviceProviderCode><auditModel><auditDate>2016-06-09T16:52:20.877-07:00</auditDate><auditID>ADMIN</auditID><auditStatus>A</auditStatus></auditModel><description>YES</description><sortOrder>0</sortOrder><standardChoiceName>ACA_CONFIGS</standardChoiceName><standardChoiceValueI18NModels/><value>JOB_VALUE_ENABLED</value></standardChoiceValue><standardChoiceValue refId="29@StandardChoiceValueModel"><sequenceNBR>3050</sequenceNBR><serviceProviderCode>MUNI1</serviceProviderCode><auditModel><auditDate>2016-06-10T06:54:01.150-07:00</auditDate><auditID>Admin</auditID><auditStatus>A</auditStatus></auditModel><sortOrder>0</sortOrder><standardChoiceName>ACA_CONFIGS</standardChoiceName><standardChoiceValueI18NModels/><value>LEGISLATIVE_MANAGEMENT_URL</value></standardChoiceValue><standardChoiceValue refId="30@StandardChoiceValueModel"><sequenceNBR>2388</sequenceNBR><serviceProviderCode>MUNI1</serviceProviderCode><auditModel><auditDate>2016-06-09T16:52:20.890-07:00</auditDate><auditID>ADMIN</auditID><auditStatus>I</auditStatus></auditModel><description>No</description><sortOrder>0</sortOrder><standardChoiceName>ACA_CONFIGS</standardChoiceName><standardChoiceValueI18NModels/><value>Licenses_DISPLAY_MAP_FOR_SELECTOBJECT</value></standardChoiceValue><standardChoiceValue refId="31@StandardChoiceValueModel"><sequenceNBR>2365</sequenceNBR><serviceProviderCode>MUNI1</serviceProviderCode><auditModel><auditDate>2016-06-09T16:52:20.893-07:00</auditDate><auditID>ADMIN</auditID><auditStatus>A</auditStatus></auditModel><description>Yes</description><sortOrder>0</sortOrder><standardChoiceName>ACA_CONFIGS</standardChoiceName><standardChoiceValueI18NModels/><value>Licenses_DISPLAY_MAP_FOR_SHOWOBJECT</value></standardChoiceValue><standardChoiceValue refId="32@StandardChoiceValueModel"><sequenceNBR>2362</sequenceNBR><serviceProviderCode>MUNI1</serviceProviderCode><auditModel><auditDate>2016-06-09T16:52:20.893-07:00</auditDate><auditID>ADMIN</auditID><auditStatus>A</auditStatus></auditModel><description>Yes</description><sortOrder>0</sortOrder><standardChoiceName>ACA_CONFIGS</standardChoiceName><standardChoiceValueI18NModels/><value>Licenses_INSPECTION_DISPLAYOPTION</value></standardChoiceValue><standardChoiceValue refId="33@StandardChoiceValueModel"><sequenceNBR>3047</sequenceNBR><serviceProviderCode>MUNI1</serviceProviderCode><auditModel><auditDate>2016-06-10T06:54:01.150-07:00</auditDate><auditID>Admin</auditID><auditStatus>A</auditStatus></auditModel><sortOrder>0</sortOrder><standardChoiceName>ACA_CONFIGS</standardChoiceName><standardChoiceValueI18NModels/><value>NEW_GIS_PORTLET_URL</value></standardChoiceValue><standardChoiceValue refId="34@StandardChoiceValueModel"><sequenceNBR>2377</sequenceNBR><serviceProviderCode>MUNI1</serviceProviderCode><auditModel><auditDate>2016-06-09T16:52:20.897-07:00</auditDate><auditID>ADMIN</auditID><auditStatus>A</auditStatus></auditModel><description>ServiceRequest, Enforcement</description><standardChoiceName>ACA_CONFIGS</standardChoiceName><standardChoiceValueI18NModels/><value>NO_SAVEANDRESUMELATER_BUTTON_MODULE</value></standardChoiceValue><standardChoiceValue refId="35@StandardChoiceValueModel"><sequenceNBR>2180</sequenceNBR><serviceProviderCode>MUNI1</serviceProviderCode><auditModel><auditDate>2016-06-10T06:54:01.150-07:00</auditDate><auditID>ADMIN</auditID><auditStatus>A</auditStatus></auditModel><sortOrder>0</sortOrder><standardChoiceName>ACA_CONFIGS</standardChoiceName><standardChoiceValueI18NModels/><value>OFFICIAL_WEBSITE_URL</value></standardChoiceValue><standardChoiceValue refId="36@StandardChoiceValueModel"><sequenceNBR>2136</sequenceNBR><serviceProviderCode>MUNI1</serviceProviderCode><auditModel><auditDate>2016-06-09T16:52:20.900-07:00</auditDate><auditID>ADMIN</auditID><auditStatus>A</auditStatus></auditModel><description>YES</description><sortOrder>0</sortOrder><standardChoiceName>ACA_CONFIGS</standardChoiceName><standardChoiceValueI18NModels/><value>PA_EMAIL_VERIFICATION</value></standardChoiceValue><standardChoiceValue refId="37@StandardChoiceValueModel"><sequenceNBR>2383</sequenceNBR><serviceProviderCode>MUNI1</serviceProviderCode><auditModel><auditDate>2016-06-09T16:52:20.900-07:00</auditDate><auditID>ADMIN</auditID><auditStatus>I</auditStatus></auditModel><description>No</description><sortOrder>0</sortOrder><standardChoiceName>ACA_CONFIGS</standardChoiceName><standardChoiceValueI18NModels/><value>Permits_DISPLAY_MAP_FOR_SELECTOBJECT</value></standardChoiceValue><standardChoiceValue refId="38@StandardChoiceValueModel"><sequenceNBR>2368</sequenceNBR><serviceProviderCode>MUNI1</serviceProviderCode><auditModel><auditDate>2016-06-09T16:52:20.900-07:00</auditDate><auditID>ADMIN</auditID><auditStatus>I</auditStatus></auditModel><description>No</description><sortOrder>0</sortOrder><standardChoiceName>ACA_CONFIGS</standardChoiceName><standardChoiceValueI18NModels/><value>Permits_DISPLAY_MAP_FOR_SHOWOBJECT</value></standardChoiceValue><standardChoiceValue refId="39@StandardChoiceValueModel"><sequenceNBR>2370</sequenceNBR><serviceProviderCode>MUNI1</serviceProviderCode><auditModel><auditDate>2016-06-09T16:52:20.900-07:00</auditDate><auditID>ADMIN</auditID><auditStatus>A</auditStatus></auditModel><description>Yes</description><sortOrder>0</sortOrder><standardChoiceName>ACA_CONFIGS</standardChoiceName><standardChoiceValueI18NModels/><value>Permits_INSPECTION_DISPLAYOPTION</value></standardChoiceValue><standardChoiceValue refId="40@StandardChoiceValueModel"><sequenceNBR>2386</sequenceNBR><serviceProviderCode>MUNI1</serviceProviderCode><auditModel><auditDate>2016-06-09T16:52:20.903-07:00</auditDate><auditID>ADMIN</auditID><auditStatus>I</auditStatus></auditModel><description>No</description><sortOrder>0</sortOrder><standardChoiceName>ACA_CONFIGS</standardChoiceName><standardChoiceValueI18NModels/><value>Planning_DISPLAY_MAP_FOR_SELECTOBJECT</value></standardChoiceValue><standardChoiceValue refId="41@StandardChoiceValueModel"><sequenceNBR>2369</sequenceNBR><serviceProviderCode>MUNI1</serviceProviderCode><auditModel><auditDate>2016-06-09T16:52:20.903-07:00</auditDate><auditID>ADMIN</auditID><auditStatus>A</auditStatus></auditModel><description>Yes</description><sortOrder>0</sortOrder><standardChoiceName>ACA_CONFIGS</standardChoiceName><standardChoiceValueI18NModels/><value>Planning_DISPLAY_MAP_FOR_SHOWOBJECT</value></standardChoiceValue><standardChoiceValue refId="42@StandardChoiceValueModel"><sequenceNBR>2380</sequenceNBR><serviceProviderCode>MUNI1</serviceProviderCode><auditModel><auditDate>2016-06-09T16:52:20.907-07:00</auditDate><auditID>ADMIN</auditID><auditStatus>A</auditStatus></auditModel><description>Yes</description><sortOrder>0</sortOrder><standardChoiceName>ACA_CONFIGS</standardChoiceName><standardChoiceValueI18NModels/><value>Planning_INSPECTION_DISPLAYOPTION</value></standardChoiceValue><standardChoiceValue refId="43@StandardChoiceValueModel"><sequenceNBR>2385</sequenceNBR><serviceProviderCode>MUNI1</serviceProviderCode><auditModel><auditDate>2016-06-09T16:52:20.907-07:00</auditDate><auditID>ADMIN</auditID><auditStatus>I</auditStatus></auditModel><description></description><sortOrder>0</sortOrder><standardChoiceName>ACA_CONFIGS</standardChoiceName><standardChoiceValueI18NModels/><value>PURGE_EXPIRED_ACCOUNT_INTERVAL</value></standardChoiceValue><standardChoiceValue refId="44@StandardChoiceValueModel"><sequenceNBR>2384</sequenceNBR><serviceProviderCode>MUNI1</serviceProviderCode><auditModel><auditDate>2016-06-09T16:52:20.910-07:00</auditDate><auditID>ADMIN</auditID><auditStatus>I</auditStatus></auditModel><description>N</description><sortOrder>0</sortOrder><standardChoiceName>ACA_CONFIGS</standardChoiceName><standardChoiceValueI18NModels/><value>REGISTRATION_LICENSE_ENABLED</value></standardChoiceValue><standardChoiceValue refId="45@StandardChoiceValueModel"><sequenceNBR>2184</sequenceNBR><serviceProviderCode>MUNI1</serviceProviderCode><auditModel><auditDate>2016-06-10T06:54:01.150-07:00</auditDate><auditID>ADMIN</auditID><auditStatus>A</auditStatus></auditModel><description>No</description><sortOrder>0</sortOrder><standardChoiceName>ACA_CONFIGS</standardChoiceName><standardChoiceValueI18NModels/><value>REMOVE_PAY_FEE</value></standardChoiceValue><standardChoiceValue refId="46@StandardChoiceValueModel"><sequenceNBR>2387</sequenceNBR><serviceProviderCode>MUNI1</serviceProviderCode><auditModel><auditDate>2016-06-09T16:52:20.913-07:00</auditDate><auditID>ADMIN</auditID><auditStatus>A</auditStatus></auditModel><description>No</description><sortOrder>0</sortOrder><standardChoiceName>ACA_CONFIGS</standardChoiceName><standardChoiceValueI18NModels/><value>ServiceRequest_DISPLAY_MAP_FOR_SELECTOBJECT</value></standardChoiceValue><standardChoiceValue refId="47@StandardChoiceValueModel"><sequenceNBR>2366</sequenceNBR><serviceProviderCode>MUNI1</serviceProviderCode><auditModel><auditDate>2016-06-09T16:52:20.913-07:00</auditDate><auditID>ADMIN</auditID><auditStatus>A</auditStatus></auditModel><description>Yes</description><sortOrder>0</sortOrder><standardChoiceName>ACA_CONFIGS</standardChoiceName><standardChoiceValueI18NModels/><value>ServiceRequest_DISPLAY_MAP_FOR_SHOWOBJECT</value></standardChoiceValue><standardChoiceValue refId="48@StandardChoiceValueModel"><sequenceNBR>2371</sequenceNBR><serviceProviderCode>MUNI1</serviceProviderCode><auditModel><auditDate>2016-06-09T16:52:20.917-07:00</auditDate><auditID>ADMIN</auditID><auditStatus>A</auditStatus></auditModel><description>No</description><sortOrder>0</sortOrder><standardChoiceName>ACA_CONFIGS</standardChoiceName><standardChoiceValueI18NModels/><value>ServiceRequest_INSPECTION_DISPLAYOPTION</value></standardChoiceValue><standardChoiceValue refId="49@StandardChoiceValueModel"><sequenceNBR>3055</sequenceNBR><serviceProviderCode>MUNI1</serviceProviderCode><auditModel><auditDate>2016-06-10T06:54:01.163-07:00</auditDate><auditID>Admin</auditID><auditStatus>A</auditStatus></auditModel><sortOrder>0</sortOrder><standardChoiceName>ACA_CONFIGS</standardChoiceName><standardChoiceValueI18NModels/><value>STD_ITEM_ROWM_API_BASE_URL</value></standardChoiceValue><standardChoiceValue refId="50@StandardChoiceValueModel"><sequenceNBR>3054</sequenceNBR><serviceProviderCode>MUNI1</serviceProviderCode><auditModel><auditDate>2016-06-10T06:54:01.163-07:00</auditDate><auditID>Admin</auditID><auditStatus>A</auditStatus></auditModel><sortOrder>0</sortOrder><standardChoiceName>ACA_CONFIGS</standardChoiceName><standardChoiceValueI18NModels/><value>STD_ITEM_ROWM_BROWSE_BASE_URL</value></standardChoiceValue><standardChoiceValue refId="51@StandardChoiceValueModel"><sequenceNBR>3052</sequenceNBR><serviceProviderCode>MUNI1</serviceProviderCode><auditModel><auditDate>2016-06-10T06:54:01.163-07:00</auditDate><auditID>Admin</auditID><auditStatus>A</auditStatus></auditModel><description>No</description><sortOrder>0</sortOrder><standardChoiceName>ACA_CONFIGS</standardChoiceName><standardChoiceValueI18NModels/><value>STD_ITEM_ROWM_ENABLE_MAINMENU</value></standardChoiceValue><standardChoiceValue refId="52@StandardChoiceValueModel"><sequenceNBR>3053</sequenceNBR><serviceProviderCode>MUNI1</serviceProviderCode><auditModel><auditDate>2016-06-10T06:54:01.163-07:00</auditDate><auditID>Admin</auditID><auditStatus>A</auditStatus></auditModel><description>No</description><sortOrder>0</sortOrder><standardChoiceName>ACA_CONFIGS</standardChoiceName><standardChoiceValueI18NModels/><value>STD_ITEM_ROWM_ENABLE_RECORD_DETAIL</value></standardChoiceValue><standardChoiceValue refId="53@StandardChoiceValueModel"><sequenceNBR>2189</sequenceNBR><serviceProviderCode>MUNI1</serviceProviderCode><auditModel><auditDate>2016-06-10T06:54:01.163-07:00</auditDate><auditID>ADMIN</auditID><auditStatus>A</auditStatus></auditModel><description>Yes</description><sortOrder>0</sortOrder><standardChoiceName>ACA_CONFIGS</standardChoiceName><standardChoiceValueI18NModels/><value>SUPPORT_DECIMAL_QUANTITY</value></standardChoiceValue><standardChoiceValue refId="54@StandardChoiceValueModel"><sequenceNBR>2134</sequenceNBR><serviceProviderCode>MUNI1</serviceProviderCode><auditModel><auditDate>2016-06-09T16:52:20.923-07:00</auditDate><auditID>ADMIN</auditID><auditStatus>A</auditStatus></auditModel><description>120</description><sortOrder>0</sortOrder><standardChoiceName>ACA_CONFIGS</standardChoiceName><standardChoiceValueI18NModels/><value>TRANSACTION_LOG_INTERVAL</value></standardChoiceValue><standardChoiceValue refId="55@StandardChoiceValueModel"><sequenceNBR>2146</sequenceNBR><serviceProviderCode>MUNI1</serviceProviderCode><auditModel><auditDate>2016-06-09T16:52:20.927-07:00</auditDate><auditID>ADMIN</auditID><auditStatus>A</auditStatus></auditModel><description>admin</description><standardChoiceName>ACA_CONFIGS</standardChoiceName><standardChoiceValueI18NModels/><value>V360_WEB_ACTION_PASSWORD</value></standardChoiceValue><standardChoiceValue refId="56@StandardChoiceValueModel"><sequenceNBR>3041</sequenceNBR><serviceProviderCode>MUNI1</serviceProviderCode><auditModel><auditDate>2016-06-09T16:52:20.927-07:00</auditDate><auditID>ADMIN</auditID><auditStatus>A</auditStatus></auditModel><description>http://av.demo.accela.com/portlets/</description><standardChoiceName>ACA_CONFIGS</standardChoiceName><standardChoiceValueI18NModels/><value>V360_WEB_ACTION_URL</value></standardChoiceValue><standardChoiceValue refId="57@StandardChoiceValueModel"><sequenceNBR>2145</sequenceNBR><serviceProviderCode>MUNI1</serviceProviderCode><auditModel><auditDate>2016-06-09T16:52:20.927-07:00</auditDate><auditID>ADMIN</auditID><auditStatus>A</auditStatus></auditModel><description>admin</description><standardChoiceName>ACA_CONFIGS</standardChoiceName><standardChoiceValueI18NModels/><value>V360_WEB_ACTION_USERNAME</value></standardChoiceValue></standardChoiceValueModels><type>SystemSwitch</type><valueSize>0</valueSize></acaConfig><auditModel><auditDate>2013-05-20T09:27:09-07:00</auditDate><auditID>ACA Admin</auditID><auditStatus>A</auditStatus></auditModel><description>Citizen User Verification Account E-mail: This e-mail is sent to users when they register for an account. The e-mail includes a link that directs users to a login page where they verify account registration.</description><emailTemplate><resId>10091</resId><serviceProviderCode>MUNI1</serviceProviderCode><auditModel><auditDate>2016-06-07T10:52:18-07:00</auditDate><auditID>ADMIN</auditID><auditStatus>A</auditStatus></auditModel><contentText>&lt;p&gt;Thank you for registering for an account on the new Citizen Portal.&amp;nbsp; Please click the Activation Link below to confirm your email address and activate your account.&lt;/p&gt;
&lt;p&gt;&lt;span&gt;&lt;span&gt;&lt;a href="http://aca.demo.accela.com/CitizenAccess/Account/PreAccountVerification.aspx?uuid=$$UUID$$ "&gt;Activation Link&lt;/a&gt;&lt;/span&gt;&lt;/span&gt;&lt;br /&gt;&lt;/p&gt;
&lt;p&gt;&amp;nbsp;&lt;/p&gt;
&lt;p&gt;&lt;font face="Courier New"&gt;ACA_MESSAGE_ACCOUNT_VERIFICATION_BY_HYPERLINK&lt;/font&gt;&lt;/p&gt;</contentText><displayAsAlert>N</displayAsAlert><displayInACA>N</displayInACA><emailTemplateI18Ns/><priority>Normal</priority><templateName>ACA_MESSAGE_ACCOUNT_VERIFICATION_BY_HYPERLINK</templateName><title>Citizen Portal Verification Required</title></emailTemplate><isEmailSelected>Y</isEmailSelected><isReserved>Y</isReserved><isSMSSelected>Y</isSMSSelected><name>ACA_CONFIGS</name><notificationTemplateI18NModels/><templateName>ACA_MESSAGE_ACCOUNT_VERIFICATION_BY_HYPERLINK</templateName></notificationTemplate>
</list>