<?xml version="1.0" encoding="UTF-8" standalone="yes"?>
<list  version="8.0.0" minorVersion="15" exportUser="ADMIN" exportDateTime="03/30/2016 08:30 PM" description="null"><reFilterLevel><levelID>53217</levelID><levelName>Building</levelName><levelType>MODULE</levelType><serviceProviderCode>BPTDEV</serviceProviderCode><auditModel><auditDate>2015-07-09T16:59:48-06:00</auditDate><auditID>ADMIN</auditID><auditStatus>A</auditStatus></auditModel><refFilterView><serviceProviderCode>BPTDEV</serviceProviderCode><filterLevelID>53217</filterLevelID><auditModel><auditDate>2015-07-09T15:59:48-06:00</auditDate><auditID>ADMIN</auditID><auditStatus>A</auditStatus></auditModel><contractNumber>5</contractNumber><displayColumnsNumber>99</displayColumnsNumber><expandNumber>30</expandNumber><filterDescription>Record List - BLD</filterDescription><filterName>Record List - BLD</filterName><filterViewElements><filterViewElement><serviceProviderCode>BPTDEV</serviceProviderCode><filterLevelID>53217</filterLevelID><viewID>111</viewID><viewElementID>4</viewElementID><auditModel><auditDate>2015-07-09T16:59:48-06:00</auditDate><auditID>ADMIN</auditID><auditStatus>A</auditStatus></auditModel><displayOrder>2</displayOrder><displayWidth>100</displayWidth><filterViewElementI18NModels/><inputWidth>0</inputWidth><isRequired>N</isRequired><labelID>cap.caplist.statusgroupcode.label</labelID><labelWidth>0</labelWidth><sortOrder>4</sortOrder><unitWidth>0</unitWidth><viewElementDataType>STRING</viewElementDataType><viewElementHeight>0</viewElementHeight><viewElementTabIndex>0</viewElementTabIndex></filterViewElement><filterViewElement><serviceProviderCode>BPTDEV</serviceProviderCode><filterLevelID>53217</filterLevelID><viewID>111</viewID><viewElementID>5</viewElementID><auditModel><auditDate>2015-07-09T16:59:48-06:00</auditDate><auditID>ADMIN</auditID><auditStatus>A</auditStatus></auditModel><displayOrder>4</displayOrder><displayWidth>100</displayWidth><filterViewElementI18NModels/><inputWidth>0</inputWidth><isRequired>N</isRequired><labelID>cap.caplist.filedate.label</labelID><labelWidth>0</labelWidth><sortOrder>5</sortOrder><unitWidth>0</unitWidth><viewElementDataType>DATE</viewElementDataType><viewElementHeight>0</viewElementHeight><viewElementTabIndex>0</viewElementTabIndex><viewElementType>DatePickerField</viewElementType></filterViewElement><filterViewElement><serviceProviderCode>BPTDEV</serviceProviderCode><filterLevelID>53217</filterLevelID><viewID>111</viewID><viewElementID>7</viewElementID><auditModel><auditDate>2015-07-09T16:59:48-06:00</auditDate><auditID>ADMIN</auditID><auditStatus>A</auditStatus></auditModel><displayOrder>8</displayOrder><displayWidth>120</displayWidth><filterViewElementI18NModels/><inputWidth>0</inputWidth><isRequired>N</isRequired><labelID>cap.caplist.street.label</labelID><labelWidth>0</labelWidth><sortOrder>7</sortOrder><unitWidth>0</unitWidth><viewElementDataType>STRING</viewElementDataType><viewElementHeight>0</viewElementHeight><viewElementTabIndex>0</viewElementTabIndex></filterViewElement><filterViewElement><serviceProviderCode>BPTDEV</serviceProviderCode><filterLevelID>53217</filterLevelID><viewID>111</viewID><viewElementID>16</viewElementID><auditModel><auditDate>2015-07-09T16:59:48-06:00</auditDate><auditID>ADMIN</auditID><auditStatus>A</auditStatus></auditModel><displayOrder>1</displayOrder><displayWidth>120</displayWidth><filterViewElementI18NModels/><inputWidth>0</inputWidth><isRequired>N</isRequired><labelID>Record #</labelID><labelWidth>0</labelWidth><sortOrder>16</sortOrder><unitWidth>0</unitWidth><viewElementDataType>STRING</viewElementDataType><viewElementHeight>0</viewElementHeight><viewElementTabIndex>0</viewElementTabIndex></filterViewElement><filterViewElement><serviceProviderCode>BPTDEV</serviceProviderCode><filterLevelID>53217</filterLevelID><viewID>111</viewID><viewElementID>27</viewElementID><auditModel><auditDate>2015-07-09T16:59:48-06:00</auditDate><auditID>ADMIN</auditID><auditStatus>A</auditStatus></auditModel><displayOrder>5</displayOrder><displayWidth>80</displayWidth><filterViewElementI18NModels/><inputWidth>0</inputWidth><isRequired>N</isRequired><labelID>pa.caplist.expirationdate.lable</labelID><labelWidth>0</labelWidth><sortOrder>27</sortOrder><unitWidth>0</unitWidth><viewElementDataType>DATE</viewElementDataType><viewElementHeight>0</viewElementHeight><viewElementTabIndex>0</viewElementTabIndex><viewElementType>DatePickerField</viewElementType></filterViewElement><filterViewElement><serviceProviderCode>BPTDEV</serviceProviderCode><filterLevelID>53217</filterLevelID><viewID>111</viewID><viewElementID>28</viewElementID><auditModel><auditDate>2015-07-09T16:59:48-06:00</auditDate><auditID>ADMIN</auditID><auditStatus>A</auditStatus></auditModel><displayOrder>7</displayOrder><displayWidth>80</displayWidth><filterViewElementI18NModels/><inputWidth>0</inputWidth><isRequired>N</isRequired><labelID>Street #</labelID><labelWidth>0</labelWidth><sortOrder>28</sortOrder><unitWidth>0</unitWidth><viewElementDataType>NUMBER_INT</viewElementDataType><viewElementHeight>0</viewElementHeight><viewElementTabIndex>0</viewElementTabIndex></filterViewElement><filterViewElement><serviceProviderCode>BPTDEV</serviceProviderCode><filterLevelID>53217</filterLevelID><viewID>111</viewID><viewElementID>30</viewElementID><auditModel><auditDate>2015-07-09T16:59:48-06:00</auditDate><auditID>ADMIN</auditID><auditStatus>A</auditStatus></auditModel><displayOrder>9</displayOrder><displayWidth>40</displayWidth><filterViewElementI18NModels/><inputWidth>0</inputWidth><isRequired>N</isRequired><labelID>Type</labelID><labelWidth>0</labelWidth><sortOrder>30</sortOrder><unitWidth>0</unitWidth><viewElementDataType>STRING</viewElementDataType><viewElementHeight>0</viewElementHeight><viewElementTabIndex>0</viewElementTabIndex></filterViewElement><filterViewElement><serviceProviderCode>BPTDEV</serviceProviderCode><filterLevelID>53217</filterLevelID><viewID>111</viewID><viewElementID>35</viewElementID><auditModel><auditDate>2015-07-09T16:59:48-06:00</auditDate><auditID>ADMIN</auditID><auditStatus>A</auditStatus></auditModel><displayOrder>10</displayOrder><displayWidth>60</displayWidth><filterViewElementI18NModels/><inputWidth>0</inputWidth><isRequired>N</isRequired><labelID>Unit #</labelID><labelWidth>0</labelWidth><sortOrder>12</sortOrder><unitWidth>0</unitWidth><viewElementDataType>STRING</viewElementDataType><viewElementHeight>0</viewElementHeight><viewElementTabIndex>0</viewElementTabIndex></filterViewElement><filterViewElement><serviceProviderCode>BPTDEV</serviceProviderCode><filterLevelID>53217</filterLevelID><viewID>111</viewID><viewElementID>69</viewElementID><auditModel><auditDate>2015-07-09T16:59:48-06:00</auditDate><auditID>ADMIN</auditID><auditStatus>A</auditStatus></auditModel><displayOrder>11</displayOrder><displayWidth>100</displayWidth><filterViewElementI18NModels/><inputWidth>0</inputWidth><isRequired>N</isRequired><labelID>cap.caplist.creator.label</labelID><labelWidth>0</labelWidth><sortOrder>69</sortOrder><unitWidth>0</unitWidth><viewElementDataType>STRING</viewElementDataType><viewElementHeight>0</viewElementHeight><viewElementTabIndex>0</viewElementTabIndex></filterViewElement><filterViewElement><serviceProviderCode>BPTDEV</serviceProviderCode><filterLevelID>53217</filterLevelID><viewID>111</viewID><viewElementID>70</viewElementID><auditModel><auditDate>2015-07-09T16:59:48-06:00</auditDate><auditID>ADMIN</auditID><auditStatus>A</auditStatus></auditModel><displayOrder>6</displayOrder><displayWidth>180</displayWidth><filterViewElementI18NModels/><inputWidth>0</inputWidth><isRequired>N</isRequired><labelID>cap.capdetail.specialText.label</labelID><labelWidth>0</labelWidth><sortOrder>70</sortOrder><unitWidth>0</unitWidth><viewElementDataType>STRING</viewElementDataType><viewElementHeight>0</viewElementHeight><viewElementTabIndex>0</viewElementTabIndex></filterViewElement><filterViewElement><serviceProviderCode>BPTDEV</serviceProviderCode><filterLevelID>53217</filterLevelID><viewID>111</viewID><viewElementID>121</viewElementID><auditModel><auditDate>2015-07-09T16:59:48-06:00</auditDate><auditID>ADMIN</auditID><auditStatus>A</auditStatus></auditModel><displayOrder>3</displayOrder><displayWidth>180</displayWidth><filterViewElementI18NModels/><inputWidth>0</inputWidth><isRequired>N</isRequired><labelID>Record Type</labelID><labelWidth>0</labelWidth><sortOrder>3</sortOrder><unitWidth>0</unitWidth><viewElementDataType>STRING</viewElementDataType><viewElementHeight>0</viewElementHeight><viewElementTabIndex>0</viewElementTabIndex></filterViewElement></filterViewElements><filterViewI18Ns/><gfilterAttributes/><resId>0</resId><selectType>1</selectType><sortOrder>16 D,   ,   </sortOrder><viewID>111</viewID><viewLayout></viewLayout></refFilterView></reFilterLevel>
<reFilterLevel><levelID>53283</levelID><levelName>Building</levelName><levelType>MODULE</levelType><serviceProviderCode>BPTDEV</serviceProviderCode><auditModel><auditDate>2015-10-26T18:44:45-06:00</auditDate><auditID>ADMIN</auditID><auditStatus>A</auditStatus></auditModel><refFilterView><serviceProviderCode>BPTDEV</serviceProviderCode><filterLevelID>53283</filterLevelID><auditModel><auditDate>2015-10-26T17:44:45-06:00</auditDate><auditID>ADMIN</auditID><auditStatus>A</auditStatus></auditModel><contractNumber>0</contractNumber><displayColumnsNumber>1</displayColumnsNumber><expandNumber>0</expandNumber><filterDescription>Single Entry Applicant Form</filterDescription><filterName>Single Entry Applicant Form_BLD</filterName><filterViewElements><filterViewElement><serviceProviderCode>BPTDEV</serviceProviderCode><filterLevelID>53283</filterLevelID><viewID>121</viewID><viewElementID>1</viewElementID><auditModel><auditDate>2015-10-26T18:44:45-06:00</auditDate><auditID>ADMIN</auditID><auditStatus>A</auditStatus></auditModel><displayOrder>7</displayOrder><displayWidth>106</displayWidth><filterViewElementI18NModels/><inputWidth>0</inputWidth><isRequired>Y</isRequired><labelID>contact.contactform.firstname.label</labelID><labelWidth>0</labelWidth><sortOrder>1</sortOrder><unitWidth>0</unitWidth><viewElementDataType>STRING</viewElementDataType><viewElementHeight>17</viewElementHeight><viewElementTabIndex>0</viewElementTabIndex></filterViewElement><filterViewElement><serviceProviderCode>BPTDEV</serviceProviderCode><filterLevelID>53283</filterLevelID><viewID>121</viewID><viewElementID>2</viewElementID><auditModel><auditDate>2015-10-26T18:44:45-06:00</auditDate><auditID>ADMIN</auditID><auditStatus>A</auditStatus></auditModel><displayOrder>6</displayOrder><displayWidth>154</displayWidth><filterViewElementI18NModels/><inputWidth>0</inputWidth><isRequired>Y</isRequired><labelID>contact.contactform.lastname.label</labelID><labelWidth>0</labelWidth><sortOrder>2</sortOrder><unitWidth>0</unitWidth><viewElementDataType>STRING</viewElementDataType><viewElementHeight>17</viewElementHeight><viewElementTabIndex>0</viewElementTabIndex></filterViewElement><filterViewElement><serviceProviderCode>BPTDEV</serviceProviderCode><filterLevelID>53283</filterLevelID><viewID>121</viewID><viewElementID>3</viewElementID><auditModel><auditDate>2015-10-26T18:44:45-06:00</auditDate><auditID>ADMIN</auditID><auditStatus>A</auditStatus></auditModel><displayOrder>1</displayOrder><displayWidth>190</displayWidth><filterViewElementI18NModels/><inputWidth>0</inputWidth><isRequired>Y</isRequired><labelID>contact.contactform.contactype.label</labelID><labelWidth>0</labelWidth><sortOrder>3</sortOrder><unitWidth>0</unitWidth><viewElementDataType>STRING</viewElementDataType><viewElementHeight>17</viewElementHeight><viewElementTabIndex>0</viewElementTabIndex><viewElementType>select</viewElementType></filterViewElement><filterViewElement><serviceProviderCode>BPTDEV</serviceProviderCode><filterLevelID>53283</filterLevelID><viewID>121</viewID><viewElementID>4</viewElementID><auditModel><auditDate>2015-10-26T18:44:45-06:00</auditDate><auditID>ADMIN</auditID><auditStatus>A</auditStatus></auditModel><displayOrder>12</displayOrder><displayWidth>166</displayWidth><filterViewElementI18NModels/><inputWidth>0</inputWidth><isRequired>N</isRequired><labelID>contact.contactform.relationship.label</labelID><labelWidth>0</labelWidth><sortOrder>6</sortOrder><unitWidth>0</unitWidth><viewElementDataType>STRING</viewElementDataType><viewElementHeight>17</viewElementHeight><viewElementTabIndex>0</viewElementTabIndex><viewElementType>select</viewElementType></filterViewElement><filterViewElement><serviceProviderCode>BPTDEV</serviceProviderCode><filterLevelID>53283</filterLevelID><viewID>121</viewID><viewElementID>9</viewElementID><auditModel><auditDate>2015-10-26T18:44:45-06:00</auditDate><auditID>ADMIN</auditID><auditStatus>A</auditStatus></auditModel><displayOrder>5</displayOrder><displayWidth>166</displayWidth><filterViewElementI18NModels/><inputWidth>0</inputWidth><isRequired>N</isRequired><labelID>Home Phone</labelID><labelWidth>0</labelWidth><sortOrder>9</sortOrder><unitWidth>0</unitWidth><viewElementDataType>STRING_PHONENUMBER</viewElementDataType><viewElementHeight>17</viewElementHeight><viewElementMask>(XXX)XXX-XXXX</viewElementMask><viewElementTabIndex>0</viewElementTabIndex></filterViewElement><filterViewElement><serviceProviderCode>BPTDEV</serviceProviderCode><filterLevelID>53283</filterLevelID><viewID>121</viewID><viewElementID>10</viewElementID><auditModel><auditDate>2015-10-26T18:44:45-06:00</auditDate><auditID>ADMIN</auditID><auditStatus>A</auditStatus></auditModel><displayOrder>4</displayOrder><displayWidth>166</displayWidth><filterViewElementI18NModels/><inputWidth>0</inputWidth><isRequired>N</isRequired><labelID>Mobile Phone</labelID><labelWidth>0</labelWidth><sortOrder>10</sortOrder><unitWidth>0</unitWidth><viewElementDataType>STRING_PHONENUMBER</viewElementDataType><viewElementHeight>17</viewElementHeight><viewElementMask>(XXX)XXX-XXXX</viewElementMask><viewElementTabIndex>0</viewElementTabIndex></filterViewElement><filterViewElement><serviceProviderCode>BPTDEV</serviceProviderCode><filterLevelID>53283</filterLevelID><viewID>121</viewID><viewElementID>11</viewElementID><auditModel><auditDate>2015-10-26T18:44:45-06:00</auditDate><auditID>ADMIN</auditID><auditStatus>A</auditStatus></auditModel><displayOrder>3</displayOrder><displayWidth>358</displayWidth><filterViewElementI18NModels/><inputWidth>0</inputWidth><isRequired>N</isRequired><labelID>contact.contactform.email.label</labelID><labelWidth>0</labelWidth><sortOrder>11</sortOrder><unitWidth>0</unitWidth><viewElementDataType>STRING</viewElementDataType><viewElementHeight>17</viewElementHeight><viewElementTabIndex>0</viewElementTabIndex></filterViewElement><filterViewElement><serviceProviderCode>BPTDEV</serviceProviderCode><filterLevelID>53283</filterLevelID><viewID>121</viewID><viewElementID>13</viewElementID><auditModel><auditDate>2015-10-26T18:44:45-06:00</auditDate><auditID>ADMIN</auditID><auditStatus>A</auditStatus></auditModel><displayOrder>11</displayOrder><displayWidth>166</displayWidth><filterViewElementI18NModels/><inputWidth>0</inputWidth><isRequired>N</isRequired><labelID>contact.contactform.preferredChannel.label</labelID><labelWidth>0</labelWidth><sortOrder>15</sortOrder><unitWidth>0</unitWidth><viewElementDataType>STRING</viewElementDataType><viewElementHeight>17</viewElementHeight><viewElementTabIndex>0</viewElementTabIndex><viewElementType>select</viewElementType></filterViewElement><filterViewElement><serviceProviderCode>BPTDEV</serviceProviderCode><filterLevelID>53283</filterLevelID><viewID>121</viewID><viewElementID>14</viewElementID><auditModel><auditDate>2015-10-26T18:44:45-06:00</auditDate><auditID>ADMIN</auditID><auditStatus>A</auditStatus></auditModel><displayOrder>2</displayOrder><displayWidth>358</displayWidth><filterViewElementI18NModels/><inputWidth>0</inputWidth><isRequired>Y</isRequired><labelID>contact.contactform.orgname.label</labelID><labelWidth>0</labelWidth><sortOrder>14</sortOrder><unitWidth>0</unitWidth><viewElementDataType>STRING</viewElementDataType><viewElementHeight>17</viewElementHeight><viewElementTabIndex>0</viewElementTabIndex></filterViewElement><filterViewElement><serviceProviderCode>BPTDEV</serviceProviderCode><filterLevelID>53283</filterLevelID><viewID>121</viewID><viewElementID>19</viewElementID><auditModel><auditDate>2015-10-26T18:44:45-06:00</auditDate><auditID>ADMIN</auditID><auditStatus>A</auditStatus></auditModel><displayOrder>9</displayOrder><displayWidth>94</displayWidth><filterViewElementI18NModels/><inputWidth>0</inputWidth><isRequired>N</isRequired><labelID>contact.contactform.middlename.label</labelID><labelWidth>0</labelWidth><sortOrder>21</sortOrder><unitWidth>0</unitWidth><viewElementDataType>STRING</viewElementDataType><viewElementHeight>17</viewElementHeight><viewElementTabIndex>0</viewElementTabIndex></filterViewElement><filterViewElement><serviceProviderCode>BPTDEV</serviceProviderCode><filterLevelID>53283</filterLevelID><viewID>121</viewID><viewElementID>23</viewElementID><auditModel><auditDate>2015-10-26T18:44:45-06:00</auditDate><auditID>ADMIN</auditID><auditStatus>A</auditStatus></auditModel><displayOrder>8</displayOrder><displayWidth>58</displayWidth><filterViewElementI18NModels/><inputWidth>0</inputWidth><isRequired>N</isRequired><labelID>contact.contactform.primary.label</labelID><labelWidth>0</labelWidth><sortOrder>23</sortOrder><unitWidth>0</unitWidth><viewElementDataType>STRING</viewElementDataType><viewElementHeight>17</viewElementHeight><viewElementTabIndex>0</viewElementTabIndex></filterViewElement><filterViewElement><serviceProviderCode>BPTDEV</serviceProviderCode><filterLevelID>53283</filterLevelID><viewID>121</viewID><viewElementID>24</viewElementID><auditModel><auditDate>2015-10-26T18:44:45-06:00</auditDate><auditID>ADMIN</auditID><auditStatus>A</auditStatus></auditModel><displayOrder>10</displayOrder><displayWidth>166</displayWidth><filterViewElementI18NModels/><inputWidth>0</inputWidth><isRequired>N</isRequired><labelID>Business Phone</labelID><labelWidth>0</labelWidth><sortOrder>29</sortOrder><unitWidth>0</unitWidth><viewElementDataType>STRING_PHONENUMBER</viewElementDataType><viewElementHeight>17</viewElementHeight><viewElementMask>(XXX)XXX-XXXX</viewElementMask><viewElementTabIndex>0</viewElementTabIndex></filterViewElement></filterViewElements><filterViewI18Ns/><gfilterAttributes/><resId>0</resId><selectType>1</selectType><sortOrder>   ,   ,   </sortOrder><viewID>121</viewID><viewLayout>&lt;table cellSpacing=0 cellPadding=0&gt;&lt;tbody&gt;&lt;tr&gt;&lt;td width=12 height=12&gt;&lt;/td&gt;&lt;td width=12 height=12&gt;&lt;/td&gt;&lt;td width=12 height=12&gt;&lt;/td&gt;&lt;td width=12 height=12&gt;&lt;/td&gt;&lt;td width=12 height=12&gt;&lt;/td&gt;&lt;td width=12 height=12&gt;&lt;/td&gt;&lt;td width=12 height=12&gt;&lt;/td&gt;&lt;td width=12 height=12&gt;&lt;/td&gt;&lt;td width=12 height=12&gt;&lt;/td&gt;&lt;td width=12 height=12&gt;&lt;/td&gt;&lt;td width=12 height=12&gt;&lt;/td&gt;&lt;td width=12 height=12&gt;&lt;/td&gt;&lt;td width=12 height=12&gt;&lt;/td&gt;&lt;td width=12 height=12&gt;&lt;/td&gt;&lt;td width=12 height=12&gt;&lt;/td&gt;&lt;td width=12 height=12&gt;&lt;/td&gt;&lt;td width=12 height=12&gt;&lt;/td&gt;&lt;td width=12 height=12&gt;&lt;/td&gt;&lt;td width=12 height=12&gt;&lt;/td&gt;&lt;td width=12 height=12&gt;&lt;/td&gt;&lt;td width=12 height=12&gt;&lt;/td&gt;&lt;td width=12 height=12&gt;&lt;/td&gt;&lt;td width=12 height=12&gt;&lt;/td&gt;&lt;td width=12 height=12&gt;&lt;/td&gt;&lt;td width=12 height=12&gt;&lt;/td&gt;&lt;td width=12 height=12&gt;&lt;/td&gt;&lt;td width=12 height=12&gt;&lt;/td&gt;&lt;td width=12 height=12&gt;&lt;/td&gt;&lt;td width=12 height=12&gt;&lt;/td&gt;&lt;td width=12 height=12&gt;&lt;/td&gt;&lt;td width=12 height=12&gt;&lt;/td&gt;&lt;td width=12 height=12&gt;&lt;/td&gt;&lt;td width=12 height=12&gt;&lt;/td&gt;&lt;td width=12 height=12&gt;&lt;/td&gt;&lt;td width=12 height=12&gt;&lt;/td&gt;&lt;td width=12 height=12&gt;&lt;/td&gt;&lt;td width=12 height=12&gt;&lt;/td&gt;&lt;td width=12 height=12&gt;&lt;/td&gt;&lt;td width=12 height=12&gt;&lt;/td&gt;&lt;td width=12 height=12&gt;&lt;/td&gt;&lt;td width=12 height=12&gt;&lt;/td&gt;&lt;td width=12 height=12&gt;&lt;/td&gt;&lt;td width=12 height=12&gt;&lt;/td&gt;&lt;td width=12 height=12&gt;&lt;/td&gt;&lt;td width=12 height=12&gt;&lt;/td&gt;&lt;td width=12 height=12&gt;&lt;/td&gt;&lt;td width=12 height=12&gt;&lt;/td&gt;&lt;td width=12 height=12&gt;&lt;/td&gt;&lt;td width=12 height=12&gt;&lt;/td&gt;&lt;td width=12 height=12&gt;&lt;/td&gt;&lt;td colspan="14" rowspan="2" class="inputfieldlabel"&gt;$_   Single Entry Applicant Form$&lt;/td&gt;&lt;td width=12 height=12&gt;&lt;/td&gt;&lt;/tr&gt;&lt;tr&gt;&lt;td colspan="16" rowspan="3"&gt;$__3$&lt;/td&gt;&lt;td colspan="14" rowspan="3"&gt;$__4$&lt;/td&gt;&lt;td width=12 height=12&gt;&lt;/td&gt;&lt;td colspan="5" rowspan="3"&gt;$__23$&lt;/td&gt;&lt;td width=12 height=12&gt;&lt;/td&gt;&lt;td width=12 height=12&gt;&lt;/td&gt;&lt;td width=12 height=12&gt;&lt;/td&gt;&lt;td width=12 height=12&gt;&lt;/td&gt;&lt;td width=12 height=12&gt;&lt;/td&gt;&lt;td width=12 height=12&gt;&lt;/td&gt;&lt;td width=12 height=12&gt;&lt;/td&gt;&lt;td width=12 height=12&gt;&lt;/td&gt;&lt;td width=12 height=12&gt;&lt;/td&gt;&lt;td width=12 height=12&gt;&lt;/td&gt;&lt;td width=12 height=12&gt;&lt;/td&gt;&lt;td width=12 height=12&gt;&lt;/td&gt;&lt;td width=12 height=12&gt;&lt;/td&gt;&lt;td width=12 height=12&gt;&lt;/td&gt;&lt;td width=12 height=12&gt;&lt;/td&gt;&lt;/tr&gt;&lt;tr&gt;&lt;td width=12 height=12&gt;&lt;/td&gt;&lt;td width=12 height=12&gt;&lt;/td&gt;&lt;td width=12 height=12&gt;&lt;/td&gt;&lt;td width=12 height=12&gt;&lt;/td&gt;&lt;td width=12 height=12&gt;&lt;/td&gt;&lt;td width=12 height=12&gt;&lt;/td&gt;&lt;td width=12 height=12&gt;&lt;/td&gt;&lt;td width=12 height=12&gt;&lt;/td&gt;&lt;td width=12 height=12&gt;&lt;/td&gt;&lt;td width=12 height=12&gt;&lt;/td&gt;&lt;td width=12 height=12&gt;&lt;/td&gt;&lt;td width=12 height=12&gt;&lt;/td&gt;&lt;td width=12 height=12&gt;&lt;/td&gt;&lt;td width=12 height=12&gt;&lt;/td&gt;&lt;td width=12 height=12&gt;&lt;/td&gt;&lt;td width=12 height=12&gt;&lt;/td&gt;&lt;td width=12 height=12&gt;&lt;/td&gt;&lt;td width=12 height=12&gt;&lt;/td&gt;&lt;td width=12 height=12&gt;&lt;/td&gt;&lt;td width=12 height=12&gt;&lt;/td&gt;&lt;td width=12 height=12&gt;&lt;/td&gt;&lt;td width=12 height=12&gt;&lt;/td&gt;&lt;td width=12 height=12&gt;&lt;/td&gt;&lt;td width=12 height=12&gt;&lt;/td&gt;&lt;td width=12 height=12&gt;&lt;/td&gt;&lt;td width=12 height=12&gt;&lt;/td&gt;&lt;td width=12 height=12&gt;&lt;/td&gt;&lt;td width=12 height=12&gt;&lt;/td&gt;&lt;td width=12 height=12&gt;&lt;/td&gt;&lt;td width=12 height=12&gt;&lt;/td&gt;&lt;/tr&gt;&lt;tr&gt;&lt;td width=12 height=12&gt;&lt;/td&gt;&lt;td width=12 height=12&gt;&lt;/td&gt;&lt;td width=12 height=12&gt;&lt;/td&gt;&lt;td width=12 height=12&gt;&lt;/td&gt;&lt;td width=12 height=12&gt;&lt;/td&gt;&lt;td width=12 height=12&gt;&lt;/td&gt;&lt;td width=12 height=12&gt;&lt;/td&gt;&lt;td width=12 height=12&gt;&lt;/td&gt;&lt;td width=12 height=12&gt;&lt;/td&gt;&lt;td width=12 height=12&gt;&lt;/td&gt;&lt;td width=12 height=12&gt;&lt;/td&gt;&lt;td width=12 height=12&gt;&lt;/td&gt;&lt;td width=12 height=12&gt;&lt;/td&gt;&lt;td width=12 height=12&gt;&lt;/td&gt;&lt;td width=12 height=12&gt;&lt;/td&gt;&lt;td width=12 height=12&gt;&lt;/td&gt;&lt;td width=12 height=12&gt;&lt;/td&gt;&lt;td width=12 height=12&gt;&lt;/td&gt;&lt;td width=12 height=12&gt;&lt;/td&gt;&lt;td width=12 height=12&gt;&lt;/td&gt;&lt;td width=12 height=12&gt;&lt;/td&gt;&lt;td width=12 height=12&gt;&lt;/td&gt;&lt;td width=12 height=12&gt;&lt;/td&gt;&lt;td width=12 height=12&gt;&lt;/td&gt;&lt;td width=12 height=12&gt;&lt;/td&gt;&lt;td width=12 height=12&gt;&lt;/td&gt;&lt;td width=12 height=12&gt;&lt;/td&gt;&lt;td width=12 height=12&gt;&lt;/td&gt;&lt;td width=12 height=12&gt;&lt;/td&gt;&lt;td width=12 height=12&gt;&lt;/td&gt;&lt;/tr&gt;&lt;tr&gt;&lt;td width=12 height=12&gt;&lt;/td&gt;&lt;td width=12 height=12&gt;&lt;/td&gt;&lt;td width=12 height=12&gt;&lt;/td&gt;&lt;td width=12 height=12&gt;&lt;/td&gt;&lt;td width=12 height=12&gt;&lt;/td&gt;&lt;td width=12 height=12&gt;&lt;/td&gt;&lt;td width=12 height=12&gt;&lt;/td&gt;&lt;td width=12 height=12&gt;&lt;/td&gt;&lt;td width=12 height=12&gt;&lt;/td&gt;&lt;td width=12 height=12&gt;&lt;/td&gt;&lt;td width=12 height=12&gt;&lt;/td&gt;&lt;td width=12 height=12&gt;&lt;/td&gt;&lt;td width=12 height=12&gt;&lt;/td&gt;&lt;td width=12 height=12&gt;&lt;/td&gt;&lt;td width=12 height=12&gt;&lt;/td&gt;&lt;td width=12 height=12&gt;&lt;/td&gt;&lt;td width=12 height=12&gt;&lt;/td&gt;&lt;td width=12 height=12&gt;&lt;/td&gt;&lt;td width=12 height=12&gt;&lt;/td&gt;&lt;td width=12 height=12&gt;&lt;/td&gt;&lt;td width=12 height=12&gt;&lt;/td&gt;&lt;td width=12 height=12&gt;&lt;/td&gt;&lt;td width=12 height=12&gt;&lt;/td&gt;&lt;td width=12 height=12&gt;&lt;/td&gt;&lt;td width=12 height=12&gt;&lt;/td&gt;&lt;td width=12 height=12&gt;&lt;/td&gt;&lt;td width=12 height=12&gt;&lt;/td&gt;&lt;td width=12 height=12&gt;&lt;/td&gt;&lt;td width=12 height=12&gt;&lt;/td&gt;&lt;td width=12 height=12&gt;&lt;/td&gt;&lt;td width=12 height=12&gt;&lt;/td&gt;&lt;td colspan="14" rowspan="3"&gt;$__9$&lt;/td&gt;&lt;td width=12 height=12&gt;&lt;/td&gt;&lt;td width=12 height=12&gt;&lt;/td&gt;&lt;td width=12 height=12&gt;&lt;/td&gt;&lt;td width=12 height=12&gt;&lt;/td&gt;&lt;td width=12 height=12&gt;&lt;/td&gt;&lt;td width=12 height=12&gt;&lt;/td&gt;&lt;td width=12 height=12&gt;&lt;/td&gt;&lt;td width=12 height=12&gt;&lt;/td&gt;&lt;td width=12 height=12&gt;&lt;/td&gt;&lt;td width=12 height=12&gt;&lt;/td&gt;&lt;td width=12 height=12&gt;&lt;/td&gt;&lt;td width=12 height=12&gt;&lt;/td&gt;&lt;td width=12 height=12&gt;&lt;/td&gt;&lt;td width=12 height=12&gt;&lt;/td&gt;&lt;td width=12 height=12&gt;&lt;/td&gt;&lt;td width=12 height=12&gt;&lt;/td&gt;&lt;td width=12 height=12&gt;&lt;/td&gt;&lt;td width=12 height=12&gt;&lt;/td&gt;&lt;td width=12 height=12&gt;&lt;/td&gt;&lt;td width=12 height=12&gt;&lt;/td&gt;&lt;/tr&gt;&lt;tr&gt;&lt;td colspan="9" rowspan="3"&gt;$__1$&lt;/td&gt;&lt;td colspan="8" rowspan="3"&gt;$__19$&lt;/td&gt;&lt;td colspan="13" rowspan="3"&gt;$__2$&lt;/td&gt;&lt;td width=12 height=12&gt;&lt;/td&gt;&lt;td width=12 height=12&gt;&lt;/td&gt;&lt;td width=12 height=12&gt;&lt;/td&gt;&lt;td width=12 height=12&gt;&lt;/td&gt;&lt;td width=12 height=12&gt;&lt;/td&gt;&lt;td width=12 height=12&gt;&lt;/td&gt;&lt;td width=12 height=12&gt;&lt;/td&gt;&lt;td width=12 height=12&gt;&lt;/td&gt;&lt;td width=12 height=12&gt;&lt;/td&gt;&lt;td width=12 height=12&gt;&lt;/td&gt;&lt;td width=12 height=12&gt;&lt;/td&gt;&lt;td width=12 height=12&gt;&lt;/td&gt;&lt;td width=12 height=12&gt;&lt;/td&gt;&lt;td width=12 height=12&gt;&lt;/td&gt;&lt;td width=12 height=12&gt;&lt;/td&gt;&lt;td width=12 height=12&gt;&lt;/td&gt;&lt;td width=12 height=12&gt;&lt;/td&gt;&lt;td width=12 height=12&gt;&lt;/td&gt;&lt;td width=12 height=12&gt;&lt;/td&gt;&lt;td width=12 height=12&gt;&lt;/td&gt;&lt;td width=12 height=12&gt;&lt;/td&gt;&lt;/tr&gt;&lt;tr&gt;&lt;td width=12 height=12&gt;&lt;/td&gt;&lt;td width=12 height=12&gt;&lt;/td&gt;&lt;td width=12 height=12&gt;&lt;/td&gt;&lt;td width=12 height=12&gt;&lt;/td&gt;&lt;td width=12 height=12&gt;&lt;/td&gt;&lt;td width=12 height=12&gt;&lt;/td&gt;&lt;td width=12 height=12&gt;&lt;/td&gt;&lt;td width=12 height=12&gt;&lt;/td&gt;&lt;td width=12 height=12&gt;&lt;/td&gt;&lt;td width=12 height=12&gt;&lt;/td&gt;&lt;td width=12 height=12&gt;&lt;/td&gt;&lt;td width=12 height=12&gt;&lt;/td&gt;&lt;td width=12 height=12&gt;&lt;/td&gt;&lt;td width=12 height=12&gt;&lt;/td&gt;&lt;td width=12 height=12&gt;&lt;/td&gt;&lt;td width=12 height=12&gt;&lt;/td&gt;&lt;td width=12 height=12&gt;&lt;/td&gt;&lt;td width=12 height=12&gt;&lt;/td&gt;&lt;td width=12 height=12&gt;&lt;/td&gt;&lt;td width=12 height=12&gt;&lt;/td&gt;&lt;td width=12 height=12&gt;&lt;/td&gt;&lt;/tr&gt;&lt;tr&gt;&lt;td width=12 height=12&gt;&lt;/td&gt;&lt;td colspan="14" rowspan="3"&gt;$__10$&lt;/td&gt;&lt;td width=12 height=12&gt;&lt;/td&gt;&lt;td width=12 height=12&gt;&lt;/td&gt;&lt;td width=12 height=12&gt;&lt;/td&gt;&lt;td width=12 height=12&gt;&lt;/td&gt;&lt;td width=12 height=12&gt;&lt;/td&gt;&lt;td width=12 height=12&gt;&lt;/td&gt;&lt;td width=12 height=12&gt;&lt;/td&gt;&lt;td width=12 height=12&gt;&lt;/td&gt;&lt;td width=12 height=12&gt;&lt;/td&gt;&lt;td width=12 height=12&gt;&lt;/td&gt;&lt;td width=12 height=12&gt;&lt;/td&gt;&lt;td width=12 height=12&gt;&lt;/td&gt;&lt;td width=12 height=12&gt;&lt;/td&gt;&lt;td width=12 height=12&gt;&lt;/td&gt;&lt;td width=12 height=12&gt;&lt;/td&gt;&lt;td width=12 height=12&gt;&lt;/td&gt;&lt;td width=12 height=12&gt;&lt;/td&gt;&lt;td width=12 height=12&gt;&lt;/td&gt;&lt;td width=12 height=12&gt;&lt;/td&gt;&lt;td width=12 height=12&gt;&lt;/td&gt;&lt;/tr&gt;&lt;tr&gt;&lt;td width=12 height=12&gt;&lt;/td&gt;&lt;td width=12 height=12&gt;&lt;/td&gt;&lt;td width=12 height=12&gt;&lt;/td&gt;&lt;td width=12 height=12&gt;&lt;/td&gt;&lt;td width=12 height=12&gt;&lt;/td&gt;&lt;td width=12 height=12&gt;&lt;/td&gt;&lt;td width=12 height=12&gt;&lt;/td&gt;&lt;td width=12 height=12&gt;&lt;/td&gt;&lt;td width=12 height=12&gt;&lt;/td&gt;&lt;td width=12 height=12&gt;&lt;/td&gt;&lt;td width=12 height=12&gt;&lt;/td&gt;&lt;td width=12 height=12&gt;&lt;/td&gt;&lt;td width=12 height=12&gt;&lt;/td&gt;&lt;td width=12 height=12&gt;&lt;/td&gt;&lt;td width=12 height=12&gt;&lt;/td&gt;&lt;td width=12 height=12&gt;&lt;/td&gt;&lt;td width=12 height=12&gt;&lt;/td&gt;&lt;td width=12 height=12&gt;&lt;/td&gt;&lt;td width=12 height=12&gt;&lt;/td&gt;&lt;td width=12 height=12&gt;&lt;/td&gt;&lt;td width=12 height=12&gt;&lt;/td&gt;&lt;td width=12 height=12&gt;&lt;/td&gt;&lt;td width=12 height=12&gt;&lt;/td&gt;&lt;td width=12 height=12&gt;&lt;/td&gt;&lt;td width=12 height=12&gt;&lt;/td&gt;&lt;td width=12 height=12&gt;&lt;/td&gt;&lt;td width=12 height=12&gt;&lt;/td&gt;&lt;td width=12 height=12&gt;&lt;/td&gt;&lt;td width=12 height=12&gt;&lt;/td&gt;&lt;td width=12 height=12&gt;&lt;/td&gt;&lt;td width=12 height=12&gt;&lt;/td&gt;&lt;td width=12 height=12&gt;&lt;/td&gt;&lt;td width=12 height=12&gt;&lt;/td&gt;&lt;td width=12 height=12&gt;&lt;/td&gt;&lt;td width=12 height=12&gt;&lt;/td&gt;&lt;td width=12 height=12&gt;&lt;/td&gt;&lt;td width=12 height=12&gt;&lt;/td&gt;&lt;td width=12 height=12&gt;&lt;/td&gt;&lt;td width=12 height=12&gt;&lt;/td&gt;&lt;td width=12 height=12&gt;&lt;/td&gt;&lt;td width=12 height=12&gt;&lt;/td&gt;&lt;td width=12 height=12&gt;&lt;/td&gt;&lt;td width=12 height=12&gt;&lt;/td&gt;&lt;td width=12 height=12&gt;&lt;/td&gt;&lt;td width=12 height=12&gt;&lt;/td&gt;&lt;td width=12 height=12&gt;&lt;/td&gt;&lt;td width=12 height=12&gt;&lt;/td&gt;&lt;td width=12 height=12&gt;&lt;/td&gt;&lt;td width=12 height=12&gt;&lt;/td&gt;&lt;td width=12 height=12&gt;&lt;/td&gt;&lt;td width=12 height=12&gt;&lt;/td&gt;&lt;/tr&gt;&lt;tr&gt;&lt;td colspan="30" rowspan="3"&gt;$__14$&lt;/td&gt;&lt;td width=12 height=12&gt;&lt;/td&gt;&lt;td width=12 height=12&gt;&lt;/td&gt;&lt;td width=12 height=12&gt;&lt;/td&gt;&lt;td width=12 height=12&gt;&lt;/td&gt;&lt;td width=12 height=12&gt;&lt;/td&gt;&lt;td width=12 height=12&gt;&lt;/td&gt;&lt;td width=12 height=12&gt;&lt;/td&gt;&lt;td width=12 height=12&gt;&lt;/td&gt;&lt;td width=12 height=12&gt;&lt;/td&gt;&lt;td width=12 height=12&gt;&lt;/td&gt;&lt;td width=12 height=12&gt;&lt;/td&gt;&lt;td width=12 height=12&gt;&lt;/td&gt;&lt;td width=12 height=12&gt;&lt;/td&gt;&lt;td width=12 height=12&gt;&lt;/td&gt;&lt;td width=12 height=12&gt;&lt;/td&gt;&lt;td width=12 height=12&gt;&lt;/td&gt;&lt;td width=12 height=12&gt;&lt;/td&gt;&lt;td width=12 height=12&gt;&lt;/td&gt;&lt;td width=12 height=12&gt;&lt;/td&gt;&lt;td width=12 height=12&gt;&lt;/td&gt;&lt;td width=12 height=12&gt;&lt;/td&gt;&lt;/tr&gt;&lt;tr&gt;&lt;td width=12 height=12&gt;&lt;/td&gt;&lt;td colspan="14" rowspan="3"&gt;$__24$&lt;/td&gt;&lt;td width=12 height=12&gt;&lt;/td&gt;&lt;td width=12 height=12&gt;&lt;/td&gt;&lt;td width=12 height=12&gt;&lt;/td&gt;&lt;td width=12 height=12&gt;&lt;/td&gt;&lt;td width=12 height=12&gt;&lt;/td&gt;&lt;td width=12 height=12&gt;&lt;/td&gt;&lt;td width=12 height=12&gt;&lt;/td&gt;&lt;td width=12 height=12&gt;&lt;/td&gt;&lt;td width=12 height=12&gt;&lt;/td&gt;&lt;td width=12 height=12&gt;&lt;/td&gt;&lt;td width=12 height=12&gt;&lt;/td&gt;&lt;td width=12 height=12&gt;&lt;/td&gt;&lt;td width=12 height=12&gt;&lt;/td&gt;&lt;td width=12 height=12&gt;&lt;/td&gt;&lt;td width=12 height=12&gt;&lt;/td&gt;&lt;td width=12 height=12&gt;&lt;/td&gt;&lt;td width=12 height=12&gt;&lt;/td&gt;&lt;td width=12 height=12&gt;&lt;/td&gt;&lt;td width=12 height=12&gt;&lt;/td&gt;&lt;td width=12 height=12&gt;&lt;/td&gt;&lt;/tr&gt;&lt;tr&gt;&lt;td width=12 height=12&gt;&lt;/td&gt;&lt;td width=12 height=12&gt;&lt;/td&gt;&lt;td width=12 height=12&gt;&lt;/td&gt;&lt;td width=12 height=12&gt;&lt;/td&gt;&lt;td width=12 height=12&gt;&lt;/td&gt;&lt;td width=12 height=12&gt;&lt;/td&gt;&lt;td width=12 height=12&gt;&lt;/td&gt;&lt;td width=12 height=12&gt;&lt;/td&gt;&lt;td width=12 height=12&gt;&lt;/td&gt;&lt;td width=12 height=12&gt;&lt;/td&gt;&lt;td width=12 height=12&gt;&lt;/td&gt;&lt;td width=12 height=12&gt;&lt;/td&gt;&lt;td width=12 height=12&gt;&lt;/td&gt;&lt;td width=12 height=12&gt;&lt;/td&gt;&lt;td width=12 height=12&gt;&lt;/td&gt;&lt;td width=12 height=12&gt;&lt;/td&gt;&lt;td width=12 height=12&gt;&lt;/td&gt;&lt;td width=12 height=12&gt;&lt;/td&gt;&lt;td width=12 height=12&gt;&lt;/td&gt;&lt;td width=12 height=12&gt;&lt;/td&gt;&lt;td width=12 height=12&gt;&lt;/td&gt;&lt;/tr&gt;&lt;tr&gt;&lt;td width=12 height=12&gt;&lt;/td&gt;&lt;td width=12 height=12&gt;&lt;/td&gt;&lt;td width=12 height=12&gt;&lt;/td&gt;&lt;td width=12 height=12&gt;&lt;/td&gt;&lt;td width=12 height=12&gt;&lt;/td&gt;&lt;td width=12 height=12&gt;&lt;/td&gt;&lt;td width=12 height=12&gt;&lt;/td&gt;&lt;td width=12 height=12&gt;&lt;/td&gt;&lt;td width=12 height=12&gt;&lt;/td&gt;&lt;td width=12 height=12&gt;&lt;/td&gt;&lt;td width=12 height=12&gt;&lt;/td&gt;&lt;td width=12 height=12&gt;&lt;/td&gt;&lt;td width=12 height=12&gt;&lt;/td&gt;&lt;td width=12 height=12&gt;&lt;/td&gt;&lt;td width=12 height=12&gt;&lt;/td&gt;&lt;td width=12 height=12&gt;&lt;/td&gt;&lt;td width=12 height=12&gt;&lt;/td&gt;&lt;td width=12 height=12&gt;&lt;/td&gt;&lt;td width=12 height=12&gt;&lt;/td&gt;&lt;td width=12 height=12&gt;&lt;/td&gt;&lt;td width=12 height=12&gt;&lt;/td&gt;&lt;td width=12 height=12&gt;&lt;/td&gt;&lt;td width=12 height=12&gt;&lt;/td&gt;&lt;td width=12 height=12&gt;&lt;/td&gt;&lt;td width=12 height=12&gt;&lt;/td&gt;&lt;td width=12 height=12&gt;&lt;/td&gt;&lt;td width=12 height=12&gt;&lt;/td&gt;&lt;td width=12 height=12&gt;&lt;/td&gt;&lt;td width=12 height=12&gt;&lt;/td&gt;&lt;td width=12 height=12&gt;&lt;/td&gt;&lt;td width=12 height=12&gt;&lt;/td&gt;&lt;td width=12 height=12&gt;&lt;/td&gt;&lt;td width=12 height=12&gt;&lt;/td&gt;&lt;td width=12 height=12&gt;&lt;/td&gt;&lt;td width=12 height=12&gt;&lt;/td&gt;&lt;td width=12 height=12&gt;&lt;/td&gt;&lt;td width=12 height=12&gt;&lt;/td&gt;&lt;td width=12 height=12&gt;&lt;/td&gt;&lt;td width=12 height=12&gt;&lt;/td&gt;&lt;td width=12 height=12&gt;&lt;/td&gt;&lt;td width=12 height=12&gt;&lt;/td&gt;&lt;td width=12 height=12&gt;&lt;/td&gt;&lt;td width=12 height=12&gt;&lt;/td&gt;&lt;td width=12 height=12&gt;&lt;/td&gt;&lt;td width=12 height=12&gt;&lt;/td&gt;&lt;td width=12 height=12&gt;&lt;/td&gt;&lt;td width=12 height=12&gt;&lt;/td&gt;&lt;td width=12 height=12&gt;&lt;/td&gt;&lt;td width=12 height=12&gt;&lt;/td&gt;&lt;td width=12 height=12&gt;&lt;/td&gt;&lt;td width=12 height=12&gt;&lt;/td&gt;&lt;/tr&gt;&lt;tr&gt;&lt;td colspan="30" rowspan="3"&gt;$__11$&lt;/td&gt;&lt;td width=12 height=12&gt;&lt;/td&gt;&lt;td colspan="14" rowspan="3"&gt;$__13$&lt;/td&gt;&lt;td width=12 height=12&gt;&lt;/td&gt;&lt;td width=12 height=12&gt;&lt;/td&gt;&lt;td width=12 height=12&gt;&lt;/td&gt;&lt;td width=12 height=12&gt;&lt;/td&gt;&lt;td width=12 height=12&gt;&lt;/td&gt;&lt;td width=12 height=12&gt;&lt;/td&gt;&lt;td width=12 height=12&gt;&lt;/td&gt;&lt;td width=12 height=12&gt;&lt;/td&gt;&lt;td width=12 height=12&gt;&lt;/td&gt;&lt;td width=12 height=12&gt;&lt;/td&gt;&lt;td width=12 height=12&gt;&lt;/td&gt;&lt;td width=12 height=12&gt;&lt;/td&gt;&lt;td width=12 height=12&gt;&lt;/td&gt;&lt;td width=12 height=12&gt;&lt;/td&gt;&lt;td width=12 height=12&gt;&lt;/td&gt;&lt;td width=12 height=12&gt;&lt;/td&gt;&lt;td width=12 height=12&gt;&lt;/td&gt;&lt;td width=12 height=12&gt;&lt;/td&gt;&lt;td width=12 height=12&gt;&lt;/td&gt;&lt;td width=12 height=12&gt;&lt;/td&gt;&lt;/tr&gt;&lt;tr&gt;&lt;td width=12 height=12&gt;&lt;/td&gt;&lt;td width=12 height=12&gt;&lt;/td&gt;&lt;td width=12 height=12&gt;&lt;/td&gt;&lt;td width=12 height=12&gt;&lt;/td&gt;&lt;td width=12 height=12&gt;&lt;/td&gt;&lt;td width=12 height=12&gt;&lt;/td&gt;&lt;td width=12 height=12&gt;&lt;/td&gt;&lt;td width=12 height=12&gt;&lt;/td&gt;&lt;td width=12 height=12&gt;&lt;/td&gt;&lt;td width=12 height=12&gt;&lt;/td&gt;&lt;td width=12 height=12&gt;&lt;/td&gt;&lt;td width=12 height=12&gt;&lt;/td&gt;&lt;td width=12 height=12&gt;&lt;/td&gt;&lt;td width=12 height=12&gt;&lt;/td&gt;&lt;td width=12 height=12&gt;&lt;/td&gt;&lt;td width=12 height=12&gt;&lt;/td&gt;&lt;td width=12 height=12&gt;&lt;/td&gt;&lt;td width=12 height=12&gt;&lt;/td&gt;&lt;td width=12 height=12&gt;&lt;/td&gt;&lt;td width=12 height=12&gt;&lt;/td&gt;&lt;td width=12 height=12&gt;&lt;/td&gt;&lt;/tr&gt;&lt;tr&gt;&lt;td width=12 height=12&gt;&lt;/td&gt;&lt;td width=12 height=12&gt;&lt;/td&gt;&lt;td width=12 height=12&gt;&lt;/td&gt;&lt;td width=12 height=12&gt;&lt;/td&gt;&lt;td width=12 height=12&gt;&lt;/td&gt;&lt;td width=12 height=12&gt;&lt;/td&gt;&lt;td width=12 height=12&gt;&lt;/td&gt;&lt;td width=12 height=12&gt;&lt;/td&gt;&lt;td width=12 height=12&gt;&lt;/td&gt;&lt;td width=12 height=12&gt;&lt;/td&gt;&lt;td width=12 height=12&gt;&lt;/td&gt;&lt;td width=12 height=12&gt;&lt;/td&gt;&lt;td width=12 height=12&gt;&lt;/td&gt;&lt;td width=12 height=12&gt;&lt;/td&gt;&lt;td width=12 height=12&gt;&lt;/td&gt;&lt;td width=12 height=12&gt;&lt;/td&gt;&lt;td width=12 height=12&gt;&lt;/td&gt;&lt;td width=12 height=12&gt;&lt;/td&gt;&lt;td width=12 height=12&gt;&lt;/td&gt;&lt;td width=12 height=12&gt;&lt;/td&gt;&lt;td width=12 height=12&gt;&lt;/td&gt;&lt;/tr&gt;&lt;/tbody&gt;&lt;/table&gt;</viewLayout></refFilterView></reFilterLevel>
<reFilterLevel><levelID>64581</levelID><levelName>Building</levelName><levelType>MODULE</levelType><serviceProviderCode>BPTDEV</serviceProviderCode><auditModel><auditDate>2016-03-10T16:35:38-07:00</auditDate><auditID>ADMIN</auditID><auditStatus>A</auditStatus></auditModel><refFilterView><serviceProviderCode>BPTDEV</serviceProviderCode><filterLevelID>64581</filterLevelID><auditModel><auditDate>2016-03-10T15:35:38-07:00</auditDate><auditID>ADMIN</auditID><auditStatus>A</auditStatus></auditModel><contractNumber>0</contractNumber><displayColumnsNumber>1</displayColumnsNumber><expandNumber>0</expandNumber><filterDescription>Record Detail Form</filterDescription><filterName>Record Detail Form-BLD</filterName><filterViewElements><filterViewElement><serviceProviderCode>BPTDEV</serviceProviderCode><filterLevelID>64581</filterLevelID><viewID>112</viewID><viewElementID>2</viewElementID><auditModel><auditDate>2016-03-10T16:35:38-07:00</auditDate><auditID>ADMIN</auditID><auditStatus>A</auditStatus></auditModel><displayOrder>6</displayOrder><displayWidth>322</displayWidth><filterViewElementI18NModels/><inputWidth>0</inputWidth><isRequired>N</isRequired><labelID>Type</labelID><labelWidth>0</labelWidth><sortOrder>2</sortOrder><unitWidth>0</unitWidth><viewElementDataType>STRING</viewElementDataType><viewElementHeight>17</viewElementHeight><viewElementTabIndex>0</viewElementTabIndex><viewElementType>text</viewElementType></filterViewElement><filterViewElement><serviceProviderCode>BPTDEV</serviceProviderCode><filterLevelID>64581</filterLevelID><viewID>112</viewID><viewElementID>3</viewElementID><auditModel><auditDate>2016-03-10T16:35:38-07:00</auditDate><auditID>ADMIN</auditID><auditStatus>A</auditStatus></auditModel><displayOrder>4</displayOrder><displayWidth>154</displayWidth><filterViewElementI18NModels/><inputWidth>0</inputWidth><isRequired>N</isRequired><labelID>cap.caplist.statusgroupcode.label</labelID><labelWidth>0</labelWidth><sortOrder>3</sortOrder><unitWidth>0</unitWidth><viewElementDataType>STRING</viewElementDataType><viewElementHeight>17</viewElementHeight><viewElementTabIndex>0</viewElementTabIndex><viewElementType>select</viewElementType></filterViewElement><filterViewElement><serviceProviderCode>BPTDEV</serviceProviderCode><filterLevelID>64581</filterLevelID><viewID>112</viewID><viewElementID>7</viewElementID><auditModel><auditDate>2016-03-10T16:35:38-07:00</auditDate><auditID>ADMIN</auditID><auditStatus>A</auditStatus></auditModel><displayOrder>10</displayOrder><displayWidth>117</displayWidth><filterViewElementI18NModels/><inputWidth>0</inputWidth><isRequired>N</isRequired><labelID>cap.caplist.filedate.label</labelID><labelWidth>0</labelWidth><sortOrder>7</sortOrder><unitWidth>0</unitWidth><viewElementDataType>DATE</viewElementDataType><viewElementHeight>17</viewElementHeight><viewElementTabIndex>0</viewElementTabIndex><viewElementType>DatePickerField</viewElementType></filterViewElement><filterViewElement><serviceProviderCode>BPTDEV</serviceProviderCode><filterLevelID>64581</filterLevelID><viewID>112</viewID><viewElementID>8</viewElementID><auditModel><auditDate>2016-03-10T16:35:38-07:00</auditDate><auditID>ADMIN</auditID><auditStatus>A</auditStatus></auditModel><displayOrder>15</displayOrder><displayWidth>94</displayWidth><filterViewElementI18NModels/><inputWidth>0</inputWidth><isRequired>N</isRequired><labelID>cap.caplist.totalJobCost.label</labelID><labelWidth>0</labelWidth><sortOrder>8</sortOrder><unitWidth>0</unitWidth><viewElementDataType>NUMBER_DOUBLE</viewElementDataType><viewElementHeight>17</viewElementHeight><viewElementTabIndex>0</viewElementTabIndex><viewElementType>number</viewElementType></filterViewElement><filterViewElement><serviceProviderCode>BPTDEV</serviceProviderCode><filterLevelID>64581</filterLevelID><viewID>112</viewID><viewElementID>10</viewElementID><auditModel><auditDate>2016-03-10T16:35:38-07:00</auditDate><auditID>ADMIN</auditID><auditStatus>A</auditStatus></auditModel><displayOrder>2</displayOrder><displayWidth>142</displayWidth><filterViewElementI18NModels/><inputWidth>0</inputWidth><isRequired>N</isRequired><labelID>cap.caplist.asgndept.label</labelID><labelWidth>0</labelWidth><sortOrder>10</sortOrder><unitWidth>0</unitWidth><viewElementDataType>STRING</viewElementDataType><viewElementHeight>17</viewElementHeight><viewElementTabIndex>0</viewElementTabIndex><viewElementType>select</viewElementType></filterViewElement><filterViewElement><serviceProviderCode>BPTDEV</serviceProviderCode><filterLevelID>64581</filterLevelID><viewID>112</viewID><viewElementID>11</viewElementID><auditModel><auditDate>2016-03-10T16:35:38-07:00</auditDate><auditID>ADMIN</auditID><auditStatus>A</auditStatus></auditModel><displayOrder>1</displayOrder><displayWidth>142</displayWidth><filterViewElementI18NModels/><inputWidth>0</inputWidth><isRequired>N</isRequired><labelID>cap.caplist.asgnStaff.label</labelID><labelWidth>0</labelWidth><sortOrder>11</sortOrder><unitWidth>0</unitWidth><viewElementDataType>STRING</viewElementDataType><viewElementHeight>17</viewElementHeight><viewElementTabIndex>0</viewElementTabIndex><viewElementType>select</viewElementType></filterViewElement><filterViewElement><serviceProviderCode>BPTDEV</serviceProviderCode><filterLevelID>64581</filterLevelID><viewID>112</viewID><viewElementID>20</viewElementID><auditModel><auditDate>2016-03-10T16:35:38-07:00</auditDate><auditID>ADMIN</auditID><auditStatus>A</auditStatus></auditModel><displayOrder>3</displayOrder><displayWidth>742</displayWidth><filterViewElementI18NModels/><inputWidth>0</inputWidth><isRequired>N</isRequired><labelID>Description</labelID><labelWidth>0</labelWidth><sortOrder>20</sortOrder><unitWidth>0</unitWidth><viewElementDataType>STRING</viewElementDataType><viewElementHeight>65</viewElementHeight><viewElementTabIndex>0</viewElementTabIndex><viewElementType>textarea</viewElementType></filterViewElement><filterViewElement><serviceProviderCode>BPTDEV</serviceProviderCode><filterLevelID>64581</filterLevelID><viewID>112</viewID><viewElementID>39</viewElementID><auditModel><auditDate>2016-03-10T16:35:38-07:00</auditDate><auditID>ADMIN</auditID><auditStatus>A</auditStatus></auditModel><displayOrder>11</displayOrder><displayWidth>514</displayWidth><filterViewElementI18NModels/><inputWidth>0</inputWidth><isRequired>N</isRequired><labelID>cap.capdetail.specialText.label</labelID><labelWidth>0</labelWidth><sortOrder>39</sortOrder><unitWidth>0</unitWidth><viewElementDataType>STRING</viewElementDataType><viewElementHeight>17</viewElementHeight><viewElementTabIndex>0</viewElementTabIndex><viewElementType>text</viewElementType></filterViewElement><filterViewElement><serviceProviderCode>BPTDEV</serviceProviderCode><filterLevelID>64581</filterLevelID><viewID>112</viewID><viewElementID>40</viewElementID><auditModel><auditDate>2016-03-10T16:35:38-07:00</auditDate><auditID>ADMIN</auditID><auditStatus>A</auditStatus></auditModel><displayOrder>5</displayOrder><displayWidth>118</displayWidth><filterViewElementI18NModels/><inputWidth>0</inputWidth><isRequired>N</isRequired><labelID>Record #</labelID><labelWidth>0</labelWidth><sortOrder>40</sortOrder><unitWidth>0</unitWidth><viewElementDataType>STRING</viewElementDataType><viewElementHeight>17</viewElementHeight><viewElementTabIndex>0</viewElementTabIndex><viewElementType>text</viewElementType></filterViewElement><filterViewElement><serviceProviderCode>BPTDEV</serviceProviderCode><filterLevelID>64581</filterLevelID><viewID>112</viewID><viewElementID>42</viewElementID><auditModel><auditDate>2016-03-10T16:35:38-07:00</auditDate><auditID>ADMIN</auditID><auditStatus>A</auditStatus></auditModel><displayOrder>9</displayOrder><displayWidth>106</displayWidth><filterViewElementI18NModels/><inputWidth>0</inputWidth><isRequired>N</isRequired><labelID>Total Invoiced</labelID><labelWidth>0</labelWidth><sortOrder>42</sortOrder><unitWidth>0</unitWidth><viewElementDataType>NUMBER_DOUBLE</viewElementDataType><viewElementHeight>17</viewElementHeight><viewElementTabIndex>0</viewElementTabIndex><viewElementType>currency</viewElementType></filterViewElement><filterViewElement><serviceProviderCode>BPTDEV</serviceProviderCode><filterLevelID>64581</filterLevelID><viewID>112</viewID><viewElementID>43</viewElementID><auditModel><auditDate>2016-03-10T16:35:38-07:00</auditDate><auditID>ADMIN</auditID><auditStatus>A</auditStatus></auditModel><displayOrder>8</displayOrder><displayWidth>82</displayWidth><filterViewElementI18NModels/><inputWidth>0</inputWidth><isRequired>N</isRequired><labelID>Total Paid</labelID><labelWidth>0</labelWidth><sortOrder>43</sortOrder><unitWidth>0</unitWidth><viewElementDataType>NUMBER_DOUBLE</viewElementDataType><viewElementHeight>17</viewElementHeight><viewElementTabIndex>0</viewElementTabIndex><viewElementType>currency</viewElementType></filterViewElement><filterViewElement><serviceProviderCode>BPTDEV</serviceProviderCode><filterLevelID>64581</filterLevelID><viewID>112</viewID><viewElementID>44</viewElementID><auditModel><auditDate>2016-03-10T16:35:38-07:00</auditDate><auditID>ADMIN</auditID><auditStatus>A</auditStatus></auditModel><displayOrder>7</displayOrder><displayWidth>94</displayWidth><filterViewElementI18NModels/><inputWidth>0</inputWidth><isRequired>N</isRequired><labelID>cap.caplist.balance.label</labelID><labelWidth>0</labelWidth><sortOrder>44</sortOrder><unitWidth>0</unitWidth><viewElementDataType>NUMBER_DOUBLE</viewElementDataType><viewElementHeight>17</viewElementHeight><viewElementTabIndex>0</viewElementTabIndex><viewElementType>currency</viewElementType></filterViewElement><filterViewElement><serviceProviderCode>BPTDEV</serviceProviderCode><filterLevelID>64581</filterLevelID><viewID>112</viewID><viewElementID>82</viewElementID><auditModel><auditDate>2016-03-10T16:35:38-07:00</auditDate><auditID>ADMIN</auditID><auditStatus>A</auditStatus></auditModel><displayOrder>12</displayOrder><displayWidth>106</displayWidth><filterViewElementI18NModels/><inputWidth>0</inputWidth><isRequired>N</isRequired><labelID>cap.data.dataform.initiatedProduct.label</labelID><labelWidth>0</labelWidth><sortOrder>3</sortOrder><unitWidth>0</unitWidth><viewElementDataType>STRING</viewElementDataType><viewElementHeight>17</viewElementHeight><viewElementTabIndex>0</viewElementTabIndex><viewElementType>Initiated by Product</viewElementType></filterViewElement><filterViewElement><serviceProviderCode>BPTDEV</serviceProviderCode><filterLevelID>64581</filterLevelID><viewID>112</viewID><viewElementID>84</viewElementID><auditModel><auditDate>2016-03-10T16:35:38-07:00</auditDate><auditID>ADMIN</auditID><auditStatus>A</auditStatus></auditModel><displayOrder>13</displayOrder><displayWidth>154</displayWidth><filterViewElementI18NModels/><inputWidth>0</inputWidth><isRequired>N</isRequired><labelID>ACA Certification Accepted</labelID><labelWidth>0</labelWidth><sortOrder>84</sortOrder><unitWidth>0</unitWidth><viewElementDataType>STRING</viewElementDataType><viewElementHeight>17</viewElementHeight><viewElementTabIndex>0</viewElementTabIndex></filterViewElement><filterViewElement><serviceProviderCode>BPTDEV</serviceProviderCode><filterLevelID>64581</filterLevelID><viewID>112</viewID><viewElementID>85</viewElementID><auditModel><auditDate>2016-03-10T16:35:38-07:00</auditDate><auditID>ADMIN</auditID><auditStatus>A</auditStatus></auditModel><displayOrder>14</displayOrder><displayWidth>93</displayWidth><filterViewElementI18NModels/><inputWidth>0</inputWidth><isRequired>N</isRequired><labelID>cap.capdetail.certification.date.label</labelID><labelWidth>0</labelWidth><sortOrder>85</sortOrder><unitWidth>0</unitWidth><viewElementDataType>DATE</viewElementDataType><viewElementHeight>17</viewElementHeight><viewElementTabIndex>0</viewElementTabIndex><viewElementType>DatePickerField</viewElementType></filterViewElement></filterViewElements><filterViewI18Ns/><gfilterAttributes/><resId>34610</resId><selectType>1</selectType><sortOrder>   ,   ,   </sortOrder><viewID>112</viewID><viewLayout>&lt;table cellSpacing=0 cellPadding=0&gt;&lt;tbody&gt;&lt;tr&gt;&lt;td colspan="10" rowspan="3"&gt;$__40$&lt;/td&gt;&lt;td colspan="12" rowspan="3"&gt;$__7$&lt;/td&gt;&lt;td colspan="13" rowspan="3"&gt;$__3$&lt;/td&gt;&lt;td colspan="27" rowspan="3"&gt;$__2$&lt;/td&gt;&lt;td width=12 height=12&gt;&lt;/td&gt;&lt;/tr&gt;&lt;tr&gt;&lt;td width=12 height=12&gt;&lt;/td&gt;&lt;/tr&gt;&lt;tr&gt;&lt;td width=12 height=12&gt;&lt;/td&gt;&lt;/tr&gt;&lt;tr&gt;&lt;td colspan="43" rowspan="3"&gt;$__39$&lt;/td&gt;&lt;td width=12 height=12&gt;&lt;/td&gt;&lt;td width=12 height=12&gt;&lt;/td&gt;&lt;td width=12 height=12&gt;&lt;/td&gt;&lt;td width=12 height=12&gt;&lt;/td&gt;&lt;td width=12 height=12&gt;&lt;/td&gt;&lt;td width=12 height=12&gt;&lt;/td&gt;&lt;td width=12 height=12&gt;&lt;/td&gt;&lt;td width=12 height=12&gt;&lt;/td&gt;&lt;td width=12 height=12&gt;&lt;/td&gt;&lt;td width=12 height=12&gt;&lt;/td&gt;&lt;td width=12 height=12&gt;&lt;/td&gt;&lt;td width=12 height=12&gt;&lt;/td&gt;&lt;td width=12 height=12&gt;&lt;/td&gt;&lt;td width=12 height=12&gt;&lt;/td&gt;&lt;td width=12 height=12&gt;&lt;/td&gt;&lt;td width=12 height=12&gt;&lt;/td&gt;&lt;td width=12 height=12&gt;&lt;/td&gt;&lt;td width=12 height=12&gt;&lt;/td&gt;&lt;td width=12 height=12&gt;&lt;/td&gt;&lt;td width=12 height=12&gt;&lt;/td&gt;&lt;/tr&gt;&lt;tr&gt;&lt;td width=12 height=12&gt;&lt;/td&gt;&lt;td width=12 height=12&gt;&lt;/td&gt;&lt;td width=12 height=12&gt;&lt;/td&gt;&lt;td width=12 height=12&gt;&lt;/td&gt;&lt;td width=12 height=12&gt;&lt;/td&gt;&lt;td width=12 height=12&gt;&lt;/td&gt;&lt;td width=12 height=12&gt;&lt;/td&gt;&lt;td width=12 height=12&gt;&lt;/td&gt;&lt;td width=12 height=12&gt;&lt;/td&gt;&lt;td width=12 height=12&gt;&lt;/td&gt;&lt;td width=12 height=12&gt;&lt;/td&gt;&lt;td width=12 height=12&gt;&lt;/td&gt;&lt;td width=12 height=12&gt;&lt;/td&gt;&lt;td width=12 height=12&gt;&lt;/td&gt;&lt;td width=12 height=12&gt;&lt;/td&gt;&lt;td width=12 height=12&gt;&lt;/td&gt;&lt;td width=12 height=12&gt;&lt;/td&gt;&lt;td width=12 height=12&gt;&lt;/td&gt;&lt;td width=12 height=12&gt;&lt;/td&gt;&lt;td width=12 height=12&gt;&lt;/td&gt;&lt;/tr&gt;&lt;tr&gt;&lt;td width=12 height=12&gt;&lt;/td&gt;&lt;td width=12 height=12&gt;&lt;/td&gt;&lt;td width=12 height=12&gt;&lt;/td&gt;&lt;td width=12 height=12&gt;&lt;/td&gt;&lt;td width=12 height=12&gt;&lt;/td&gt;&lt;td width=12 height=12&gt;&lt;/td&gt;&lt;td width=12 height=12&gt;&lt;/td&gt;&lt;td width=12 height=12&gt;&lt;/td&gt;&lt;td width=12 height=12&gt;&lt;/td&gt;&lt;td width=12 height=12&gt;&lt;/td&gt;&lt;td width=12 height=12&gt;&lt;/td&gt;&lt;td width=12 height=12&gt;&lt;/td&gt;&lt;td width=12 height=12&gt;&lt;/td&gt;&lt;td width=12 height=12&gt;&lt;/td&gt;&lt;td width=12 height=12&gt;&lt;/td&gt;&lt;td width=12 height=12&gt;&lt;/td&gt;&lt;td width=12 height=12&gt;&lt;/td&gt;&lt;td width=12 height=12&gt;&lt;/td&gt;&lt;td width=12 height=12&gt;&lt;/td&gt;&lt;td width=12 height=12&gt;&lt;/td&gt;&lt;/tr&gt;&lt;tr&gt;&lt;td colspan="62" rowspan="7"&gt;$__20$&lt;/td&gt;&lt;td width=12 height=12&gt;&lt;/td&gt;&lt;/tr&gt;&lt;tr&gt;&lt;td width=12 height=12&gt;&lt;/td&gt;&lt;/tr&gt;&lt;tr&gt;&lt;td width=12 height=12&gt;&lt;/td&gt;&lt;/tr&gt;&lt;tr&gt;&lt;td width=12 height=12&gt;&lt;/td&gt;&lt;/tr&gt;&lt;tr&gt;&lt;td width=12 height=12&gt;&lt;/td&gt;&lt;/tr&gt;&lt;tr&gt;&lt;td width=12 height=12&gt;&lt;/td&gt;&lt;/tr&gt;&lt;tr&gt;&lt;td width=12 height=12&gt;&lt;/td&gt;&lt;/tr&gt;&lt;tr&gt;&lt;td width=12 height=12&gt;&lt;/td&gt;&lt;td width=12 height=12&gt;&lt;/td&gt;&lt;td width=12 height=12&gt;&lt;/td&gt;&lt;td width=12 height=12&gt;&lt;/td&gt;&lt;td width=12 height=12&gt;&lt;/td&gt;&lt;td width=12 height=12&gt;&lt;/td&gt;&lt;td width=12 height=12&gt;&lt;/td&gt;&lt;td width=12 height=12&gt;&lt;/td&gt;&lt;td width=12 height=12&gt;&lt;/td&gt;&lt;td width=12 height=12&gt;&lt;/td&gt;&lt;td width=12 height=12&gt;&lt;/td&gt;&lt;td width=12 height=12&gt;&lt;/td&gt;&lt;td width=12 height=12&gt;&lt;/td&gt;&lt;td width=12 height=12&gt;&lt;/td&gt;&lt;td width=12 height=12&gt;&lt;/td&gt;&lt;td width=12 height=12&gt;&lt;/td&gt;&lt;td width=12 height=12&gt;&lt;/td&gt;&lt;td width=12 height=12&gt;&lt;/td&gt;&lt;td width=12 height=12&gt;&lt;/td&gt;&lt;td width=12 height=12&gt;&lt;/td&gt;&lt;td width=12 height=12&gt;&lt;/td&gt;&lt;td width=12 height=12&gt;&lt;/td&gt;&lt;td width=12 height=12&gt;&lt;/td&gt;&lt;td width=12 height=12&gt;&lt;/td&gt;&lt;td width=12 height=12&gt;&lt;/td&gt;&lt;td width=12 height=12&gt;&lt;/td&gt;&lt;td width=12 height=12&gt;&lt;/td&gt;&lt;td width=12 height=12&gt;&lt;/td&gt;&lt;td width=12 height=12&gt;&lt;/td&gt;&lt;td width=12 height=12&gt;&lt;/td&gt;&lt;td width=12 height=12&gt;&lt;/td&gt;&lt;td width=12 height=12&gt;&lt;/td&gt;&lt;td width=12 height=12&gt;&lt;/td&gt;&lt;td width=12 height=12&gt;&lt;/td&gt;&lt;td width=12 height=12&gt;&lt;/td&gt;&lt;td width=12 height=12&gt;&lt;/td&gt;&lt;td width=12 height=12&gt;&lt;/td&gt;&lt;td width=12 height=12&gt;&lt;/td&gt;&lt;td width=12 height=12&gt;&lt;/td&gt;&lt;td width=12 height=12&gt;&lt;/td&gt;&lt;td width=12 height=12&gt;&lt;/td&gt;&lt;td width=12 height=12&gt;&lt;/td&gt;&lt;td width=12 height=12&gt;&lt;/td&gt;&lt;td width=12 height=12&gt;&lt;/td&gt;&lt;td width=12 height=12&gt;&lt;/td&gt;&lt;td width=12 height=12&gt;&lt;/td&gt;&lt;td width=12 height=12&gt;&lt;/td&gt;&lt;td width=12 height=12&gt;&lt;/td&gt;&lt;td width=12 height=12&gt;&lt;/td&gt;&lt;td width=12 height=12&gt;&lt;/td&gt;&lt;td width=12 height=12&gt;&lt;/td&gt;&lt;td width=12 height=12&gt;&lt;/td&gt;&lt;td width=12 height=12&gt;&lt;/td&gt;&lt;td width=12 height=12&gt;&lt;/td&gt;&lt;td width=12 height=12&gt;&lt;/td&gt;&lt;td width=12 height=12&gt;&lt;/td&gt;&lt;td width=12 height=12&gt;&lt;/td&gt;&lt;td width=12 height=12&gt;&lt;/td&gt;&lt;td width=12 height=12&gt;&lt;/td&gt;&lt;td width=12 height=12&gt;&lt;/td&gt;&lt;td width=12 height=12&gt;&lt;/td&gt;&lt;td width=12 height=12&gt;&lt;/td&gt;&lt;td width=12 height=12&gt;&lt;/td&gt;&lt;/tr&gt;&lt;tr&gt;&lt;td colspan="9" rowspan="3"&gt;$__42$&lt;/td&gt;&lt;td colspan="7" rowspan="3"&gt;$__43$&lt;/td&gt;&lt;td colspan="8" rowspan="3"&gt;$__44$&lt;/td&gt;&lt;td colspan="8" rowspan="3"&gt;$__8$&lt;/td&gt;&lt;td colspan="12" rowspan="3"&gt;$__10$&lt;/td&gt;&lt;td colspan="12" rowspan="3"&gt;$__11$&lt;/td&gt;&lt;td width=12 height=12&gt;&lt;/td&gt;&lt;td width=12 height=12&gt;&lt;/td&gt;&lt;td width=12 height=12&gt;&lt;/td&gt;&lt;td width=12 height=12&gt;&lt;/td&gt;&lt;td width=12 height=12&gt;&lt;/td&gt;&lt;td width=12 height=12&gt;&lt;/td&gt;&lt;td width=12 height=12&gt;&lt;/td&gt;&lt;/tr&gt;&lt;tr&gt;&lt;td width=12 height=12&gt;&lt;/td&gt;&lt;td width=12 height=12&gt;&lt;/td&gt;&lt;td width=12 height=12&gt;&lt;/td&gt;&lt;td width=12 height=12&gt;&lt;/td&gt;&lt;td width=12 height=12&gt;&lt;/td&gt;&lt;td width=12 height=12&gt;&lt;/td&gt;&lt;td width=12 height=12&gt;&lt;/td&gt;&lt;/tr&gt;&lt;tr&gt;&lt;td width=12 height=12&gt;&lt;/td&gt;&lt;td width=12 height=12&gt;&lt;/td&gt;&lt;td width=12 height=12&gt;&lt;/td&gt;&lt;td width=12 height=12&gt;&lt;/td&gt;&lt;td width=12 height=12&gt;&lt;/td&gt;&lt;td width=12 height=12&gt;&lt;/td&gt;&lt;td width=12 height=12&gt;&lt;/td&gt;&lt;/tr&gt;&lt;tr&gt;&lt;td width=12 height=12&gt;&lt;/td&gt;&lt;td width=12 height=12&gt;&lt;/td&gt;&lt;td width=12 height=12&gt;&lt;/td&gt;&lt;td width=12 height=12&gt;&lt;/td&gt;&lt;td width=12 height=12&gt;&lt;/td&gt;&lt;td width=12 height=12&gt;&lt;/td&gt;&lt;td width=12 height=12&gt;&lt;/td&gt;&lt;td width=12 height=12&gt;&lt;/td&gt;&lt;td width=12 height=12&gt;&lt;/td&gt;&lt;td width=12 height=12&gt;&lt;/td&gt;&lt;td width=12 height=12&gt;&lt;/td&gt;&lt;td width=12 height=12&gt;&lt;/td&gt;&lt;td width=12 height=12&gt;&lt;/td&gt;&lt;td width=12 height=12&gt;&lt;/td&gt;&lt;td width=12 height=12&gt;&lt;/td&gt;&lt;td width=12 height=12&gt;&lt;/td&gt;&lt;td width=12 height=12&gt;&lt;/td&gt;&lt;td width=12 height=12&gt;&lt;/td&gt;&lt;td width=12 height=12&gt;&lt;/td&gt;&lt;td width=12 height=12&gt;&lt;/td&gt;&lt;td width=12 height=12&gt;&lt;/td&gt;&lt;td width=12 height=12&gt;&lt;/td&gt;&lt;td width=12 height=12&gt;&lt;/td&gt;&lt;td width=12 height=12&gt;&lt;/td&gt;&lt;td width=12 height=12&gt;&lt;/td&gt;&lt;td width=12 height=12&gt;&lt;/td&gt;&lt;td width=12 height=12&gt;&lt;/td&gt;&lt;td width=12 height=12&gt;&lt;/td&gt;&lt;td width=12 height=12&gt;&lt;/td&gt;&lt;td width=12 height=12&gt;&lt;/td&gt;&lt;td width=12 height=12&gt;&lt;/td&gt;&lt;td width=12 height=12&gt;&lt;/td&gt;&lt;td width=12 height=12&gt;&lt;/td&gt;&lt;td width=12 height=12&gt;&lt;/td&gt;&lt;td width=12 height=12&gt;&lt;/td&gt;&lt;td width=12 height=12&gt;&lt;/td&gt;&lt;td width=12 height=12&gt;&lt;/td&gt;&lt;td width=12 height=12&gt;&lt;/td&gt;&lt;td width=12 height=12&gt;&lt;/td&gt;&lt;td width=12 height=12&gt;&lt;/td&gt;&lt;td width=12 height=12&gt;&lt;/td&gt;&lt;td width=12 height=12&gt;&lt;/td&gt;&lt;td width=12 height=12&gt;&lt;/td&gt;&lt;td width=12 height=12&gt;&lt;/td&gt;&lt;td width=12 height=12&gt;&lt;/td&gt;&lt;td width=12 height=12&gt;&lt;/td&gt;&lt;td width=12 height=12&gt;&lt;/td&gt;&lt;td width=12 height=12&gt;&lt;/td&gt;&lt;td width=12 height=12&gt;&lt;/td&gt;&lt;td width=12 height=12&gt;&lt;/td&gt;&lt;td width=12 height=12&gt;&lt;/td&gt;&lt;td width=12 height=12&gt;&lt;/td&gt;&lt;td width=12 height=12&gt;&lt;/td&gt;&lt;td width=12 height=12&gt;&lt;/td&gt;&lt;td width=12 height=12&gt;&lt;/td&gt;&lt;td width=12 height=12&gt;&lt;/td&gt;&lt;td width=12 height=12&gt;&lt;/td&gt;&lt;td width=12 height=12&gt;&lt;/td&gt;&lt;td width=12 height=12&gt;&lt;/td&gt;&lt;td width=12 height=12&gt;&lt;/td&gt;&lt;td width=12 height=12&gt;&lt;/td&gt;&lt;td width=12 height=12&gt;&lt;/td&gt;&lt;td width=12 height=12&gt;&lt;/td&gt;&lt;/tr&gt;&lt;tr&gt;&lt;td colspan="9" rowspan="3"&gt;$__82$&lt;/td&gt;&lt;td width=12 height=12&gt;&lt;/td&gt;&lt;td colspan="13" rowspan="3"&gt;$__84$&lt;/td&gt;&lt;td width=12 height=12&gt;&lt;/td&gt;&lt;td colspan="10" rowspan="3"&gt;$__85$&lt;/td&gt;&lt;td width=12 height=12&gt;&lt;/td&gt;&lt;td width=12 height=12&gt;&lt;/td&gt;&lt;td width=12 height=12&gt;&lt;/td&gt;&lt;td width=12 height=12&gt;&lt;/td&gt;&lt;td width=12 height=12&gt;&lt;/td&gt;&lt;td width=12 height=12&gt;&lt;/td&gt;&lt;td width=12 height=12&gt;&lt;/td&gt;&lt;td width=12 height=12&gt;&lt;/td&gt;&lt;td width=12 height=12&gt;&lt;/td&gt;&lt;td width=12 height=12&gt;&lt;/td&gt;&lt;td width=12 height=12&gt;&lt;/td&gt;&lt;td width=12 height=12&gt;&lt;/td&gt;&lt;td width=12 height=12&gt;&lt;/td&gt;&lt;td width=12 height=12&gt;&lt;/td&gt;&lt;td width=12 height=12&gt;&lt;/td&gt;&lt;td width=12 height=12&gt;&lt;/td&gt;&lt;td width=12 height=12&gt;&lt;/td&gt;&lt;td width=12 height=12&gt;&lt;/td&gt;&lt;td width=12 height=12&gt;&lt;/td&gt;&lt;td width=12 height=12&gt;&lt;/td&gt;&lt;td width=12 height=12&gt;&lt;/td&gt;&lt;td width=12 height=12&gt;&lt;/td&gt;&lt;td width=12 height=12&gt;&lt;/td&gt;&lt;td width=12 height=12&gt;&lt;/td&gt;&lt;td width=12 height=12&gt;&lt;/td&gt;&lt;td width=12 height=12&gt;&lt;/td&gt;&lt;td width=12 height=12&gt;&lt;/td&gt;&lt;td width=12 height=12&gt;&lt;/td&gt;&lt;td width=12 height=12&gt;&lt;/td&gt;&lt;/tr&gt;&lt;tr&gt;&lt;td width=12 height=12&gt;&lt;/td&gt;&lt;td width=12 height=12&gt;&lt;/td&gt;&lt;td width=12 height=12&gt;&lt;/td&gt;&lt;td width=12 height=12&gt;&lt;/td&gt;&lt;td width=12 height=12&gt;&lt;/td&gt;&lt;td width=12 height=12&gt;&lt;/td&gt;&lt;td width=12 height=12&gt;&lt;/td&gt;&lt;td width=12 height=12&gt;&lt;/td&gt;&lt;td width=12 height=12&gt;&lt;/td&gt;&lt;td width=12 height=12&gt;&lt;/td&gt;&lt;td width=12 height=12&gt;&lt;/td&gt;&lt;td width=12 height=12&gt;&lt;/td&gt;&lt;td width=12 height=12&gt;&lt;/td&gt;&lt;td width=12 height=12&gt;&lt;/td&gt;&lt;td width=12 height=12&gt;&lt;/td&gt;&lt;td width=12 height=12&gt;&lt;/td&gt;&lt;td width=12 height=12&gt;&lt;/td&gt;&lt;td width=12 height=12&gt;&lt;/td&gt;&lt;td width=12 height=12&gt;&lt;/td&gt;&lt;td width=12 height=12&gt;&lt;/td&gt;&lt;td width=12 height=12&gt;&lt;/td&gt;&lt;td width=12 height=12&gt;&lt;/td&gt;&lt;td width=12 height=12&gt;&lt;/td&gt;&lt;td width=12 height=12&gt;&lt;/td&gt;&lt;td width=12 height=12&gt;&lt;/td&gt;&lt;td width=12 height=12&gt;&lt;/td&gt;&lt;td width=12 height=12&gt;&lt;/td&gt;&lt;td width=12 height=12&gt;&lt;/td&gt;&lt;td width=12 height=12&gt;&lt;/td&gt;&lt;td width=12 height=12&gt;&lt;/td&gt;&lt;td width=12 height=12&gt;&lt;/td&gt;&lt;/tr&gt;&lt;tr&gt;&lt;td width=12 height=12&gt;&lt;/td&gt;&lt;td width=12 height=12&gt;&lt;/td&gt;&lt;td width=12 height=12&gt;&lt;/td&gt;&lt;td width=12 height=12&gt;&lt;/td&gt;&lt;td width=12 height=12&gt;&lt;/td&gt;&lt;td width=12 height=12&gt;&lt;/td&gt;&lt;td width=12 height=12&gt;&lt;/td&gt;&lt;td width=12 height=12&gt;&lt;/td&gt;&lt;td width=12 height=12&gt;&lt;/td&gt;&lt;td width=12 height=12&gt;&lt;/td&gt;&lt;td width=12 height=12&gt;&lt;/td&gt;&lt;td width=12 height=12&gt;&lt;/td&gt;&lt;td width=12 height=12&gt;&lt;/td&gt;&lt;td width=12 height=12&gt;&lt;/td&gt;&lt;td width=12 height=12&gt;&lt;/td&gt;&lt;td width=12 height=12&gt;&lt;/td&gt;&lt;td width=12 height=12&gt;&lt;/td&gt;&lt;td width=12 height=12&gt;&lt;/td&gt;&lt;td width=12 height=12&gt;&lt;/td&gt;&lt;td width=12 height=12&gt;&lt;/td&gt;&lt;td width=12 height=12&gt;&lt;/td&gt;&lt;td width=12 height=12&gt;&lt;/td&gt;&lt;td width=12 height=12&gt;&lt;/td&gt;&lt;td width=12 height=12&gt;&lt;/td&gt;&lt;td width=12 height=12&gt;&lt;/td&gt;&lt;td width=12 height=12&gt;&lt;/td&gt;&lt;td width=12 height=12&gt;&lt;/td&gt;&lt;td width=12 height=12&gt;&lt;/td&gt;&lt;td width=12 height=12&gt;&lt;/td&gt;&lt;td width=12 height=12&gt;&lt;/td&gt;&lt;td width=12 height=12&gt;&lt;/td&gt;&lt;/tr&gt;&lt;/tbody&gt;&lt;/table&gt;</viewLayout></refFilterView></reFilterLevel>
</list>