<?xml version="1.0" encoding="UTF-8" standalone="yes"?>
<list  version="8.0.0" minorVersion="12" exportUser="ADMIN" exportDateTime="06/14/2016 01:21 PM" description="null"><agencyEvent><eventName>TimeAccountingAddAfter</eventName><serviceProviderCode>ATOM</serviceProviderCode><auditModel><auditDate>2016-06-06T22:30:43-07:00</auditDate><auditID>ADMIN</auditID><auditStatus>A</auditStatus></auditModel><event><name>TimeAccountingAddAfter</name><auditModel><auditDate>2008-12-04T09:47:43-08:00</auditDate><auditID>ADMIN</auditID><auditStatus>A</auditStatus></auditModel><description>The After script trigger will execute when time accounting entries are about to be added.</description></event><scriptName>TimeAccountingAddAfter</scriptName><udf1>MASTER SCRIPT - 8.0.0.0.0</udf1></agencyEvent>
<agencyEvent><eventName>SetPaymentReceiveAfter</eventName><serviceProviderCode>ATOM</serviceProviderCode><auditModel><auditDate>2016-06-06T22:30:43-07:00</auditDate><auditID>ADMIN</auditID><auditStatus>A</auditStatus></auditModel><event><name>SetPaymentReceiveAfter</name><auditModel><auditDate>2015-01-30T08:40:59-08:00</auditDate><auditID>ADMIN</auditID><auditStatus>A</auditStatus></auditModel><description>This event occurs after Set Payment allocation is recorded.</description></event><scriptName>SetPaymentReceiveAfter</scriptName><udf1>MASTER SCRIPT - 8.0.0.0.0</udf1></agencyEvent>
<agencyEvent><eventName>SetPaymentReceiveBefore</eventName><serviceProviderCode>ATOM</serviceProviderCode><auditModel><auditDate>2016-06-06T22:30:43-07:00</auditDate><auditID>ADMIN</auditID><auditStatus>A</auditStatus></auditModel><event><name>SetPaymentReceiveBefore</name><auditModel><auditDate>2015-01-30T08:40:59-08:00</auditDate><auditID>ADMIN</auditID><auditStatus>A</auditStatus></auditModel><description>This event occurs before Set Payment allocation is recorded.</description></event><scriptName>SetPaymentReceiveBefore</scriptName><udf1>MASTER SCRIPT - 8.0.0.0.0</udf1></agencyEvent>
<agencyEvent><eventName>TimeAccountingDeleteAfter</eventName><serviceProviderCode>ATOM</serviceProviderCode><auditModel><auditDate>2016-06-06T22:30:43-07:00</auditDate><auditID>ADMIN</auditID><auditStatus>A</auditStatus></auditModel><event><name>TimeAccountingDeleteAfter</name><auditModel><auditDate>2008-12-04T09:47:43-08:00</auditDate><auditID>ADMIN</auditID><auditStatus>A</auditStatus></auditModel><description>The After script trigger will execute when time accounting entries are about to be removed.</description></event><scriptName>TimeAccountingDeleteAfter</scriptName><udf1>MASTER SCRIPT - 8.0.0.0.0</udf1></agencyEvent>
<agencyEvent><eventName>TimeAccountingUpdateAfter</eventName><serviceProviderCode>ATOM</serviceProviderCode><auditModel><auditDate>2016-06-06T22:30:43-07:00</auditDate><auditID>ADMIN</auditID><auditStatus>A</auditStatus></auditModel><event><name>TimeAccountingUpdateAfter</name><auditModel><auditDate>2008-12-04T09:47:43-08:00</auditDate><auditID>ADMIN</auditID><auditStatus>A</auditStatus></auditModel><description>The After script trigger will execute when time accounting entries are about to be updated.</description></event><scriptName>TimeAccountingUpdateAfter</scriptName><udf1>MASTER SCRIPT - 8.0.0.0.0</udf1></agencyEvent>
<agencyEvent><eventName>V360InspectionResultSubmitAfter</eventName><serviceProviderCode>ATOM</serviceProviderCode><auditModel><auditDate>2016-06-06T22:30:43-07:00</auditDate><auditID>ADMIN</auditID><auditStatus>A</auditStatus></auditModel><event><name>V360InspectionResultSubmitAfter</name><auditModel><auditDate>2008-02-16T19:36:39-08:00</auditDate><auditID>ADMIN</auditID><auditStatus>A</auditStatus></auditModel><description>This event occurs after result inspection.</description></event><scriptName>V360InspectionResultSubmitAfter</scriptName><udf1>MASTER SCRIPT - 8.0.0.0.0</udf1></agencyEvent>
<agencyEvent><eventName>V360InspectionResultSubmitBefore</eventName><serviceProviderCode>ATOM</serviceProviderCode><auditModel><auditDate>2016-06-06T22:30:43-07:00</auditDate><auditID>ADMIN</auditID><auditStatus>A</auditStatus></auditModel><event><name>V360InspectionResultSubmitBefore</name><auditModel><auditDate>2008-02-16T19:36:39-08:00</auditDate><auditID>ADMIN</auditID><auditStatus>A</auditStatus></auditModel><description>This event occurs before result inspection.</description></event><scriptName>V360InspectionResultSubmitBefore</scriptName><udf1>MASTER SCRIPT - 8.0.0.0.0</udf1></agencyEvent>
<agencyEvent><eventName>V360ParcelAddAfter</eventName><serviceProviderCode>ATOM</serviceProviderCode><auditModel><auditDate>2016-06-06T22:30:43-07:00</auditDate><auditID>ADMIN</auditID><auditStatus>A</auditStatus></auditModel><event><name>V360ParcelAddAfter</name><auditModel><auditDate>2008-02-16T19:36:59-08:00</auditDate><auditID>ADMIN</auditID><auditStatus>A</auditStatus></auditModel><description>V360ParcelAddAfter</description></event><scriptName>V360ParcelAddAfter</scriptName><udf1>MASTER SCRIPT - 8.0.0.0.0</udf1></agencyEvent>
<agencyEvent><eventName>VoidPaymentAfter</eventName><serviceProviderCode>ATOM</serviceProviderCode><auditModel><auditDate>2016-06-06T22:30:43-07:00</auditDate><auditID>ADMIN</auditID><auditStatus>A</auditStatus></auditModel><event><name>VoidPaymentAfter</name><auditModel><auditDate>2011-02-17T17:45:28-08:00</auditDate><auditID>ADMIN</auditID><auditStatus>A</auditStatus></auditModel><description>This event occurs after void payment.</description></event><scriptName>VoidPaymentAfter</scriptName><udf1>MASTER SCRIPT - 8.0.0.0.0</udf1></agencyEvent>
<agencyEvent><eventName>VoidPaymentBefore</eventName><serviceProviderCode>ATOM</serviceProviderCode><auditModel><auditDate>2016-06-06T22:30:43-07:00</auditDate><auditID>ADMIN</auditID><auditStatus>A</auditStatus></auditModel><event><name>VoidPaymentBefore</name><auditModel><auditDate>2011-02-17T17:45:28-08:00</auditDate><auditID>ADMIN</auditID><auditStatus>A</auditStatus></auditModel><description>This event occurs before void payment.</description></event><scriptName>VoidPaymentBefore</scriptName><udf1>MASTER SCRIPT - 8.0.0.0.0</udf1></agencyEvent>
<agencyEvent><eventName>WorkflowTaskUpdateAfter</eventName><serviceProviderCode>ATOM</serviceProviderCode><auditModel><auditDate>2016-06-06T22:30:43-07:00</auditDate><auditID>ADMIN</auditID><auditStatus>A</auditStatus></auditModel><event><name>WorkflowTaskUpdateAfter</name><auditModel><auditDate>2002-03-15T14:09:29-08:00</auditDate><auditID>ACCELA</auditID><auditStatus>A</auditStatus></auditModel><description>This event occurs after a workflow task is updated.</description></event><scriptName>WorkflowTaskUpdateAfter</scriptName><udf1>MASTER SCRIPT - 8.0.0.0.0</udf1></agencyEvent>
<agencyEvent><eventName>ApplicationSubmitBefore</eventName><serviceProviderCode>ATOM</serviceProviderCode><auditModel><auditDate>2016-06-07T12:09:13-07:00</auditDate><auditID>ADMIN</auditID><auditStatus>A</auditStatus></auditModel><event><name>ApplicationSubmitBefore</name><auditModel><auditDate>2002-03-15T14:09:20-08:00</auditDate><auditID>ACCELA</auditID><auditStatus>A</auditStatus></auditModel><description>This event occurs before an application is created.</description></event><scriptName>ApplicationSubmitBefore</scriptName><udf1>MASTER SCRIPT - 8.0.0.0.0</udf1></agencyEvent>
<agencyEvent><eventName>RenewalInfoUpdateAfter</eventName><serviceProviderCode>ATOM</serviceProviderCode><auditModel><auditDate>2016-06-06T22:30:43-07:00</auditDate><auditID>ADMIN</auditID><auditStatus>A</auditStatus></auditModel><event><name>RenewalInfoUpdateAfter</name><auditModel><auditDate>2004-01-16T13:26:41-08:00</auditDate><auditID>ADMIN</auditID><auditStatus>A</auditStatus></auditModel><description>This event occurs after the permit printout is created.</description></event><scriptName>RenewalInfoUpdateAfter</scriptName><udf1>MASTER SCRIPT - 8.0.0.0.0</udf1></agencyEvent>
<agencyEvent><eventName>WorkflowTaskUpdateBefore</eventName><serviceProviderCode>ATOM</serviceProviderCode><auditModel><auditDate>2016-06-06T22:30:43-07:00</auditDate><auditID>ADMIN</auditID><auditStatus>A</auditStatus></auditModel><event><name>WorkflowTaskUpdateBefore</name><auditModel><auditDate>2002-03-15T14:09:30-08:00</auditDate><auditID>ACCELA</auditID><auditStatus>A</auditStatus></auditModel><description>This event occurs before a workflow task is updated.</description></event><scriptName>WorkflowTaskUpdateBefore</scriptName><udf1>MASTER SCRIPT - 8.0.0.0.0</udf1></agencyEvent>
<agencyEvent><eventName>AdditionalInfoUpdateAfter</eventName><serviceProviderCode>ATOM</serviceProviderCode><auditModel><auditDate>2016-06-06T22:30:43-07:00</auditDate><auditID>ADMIN</auditID><auditStatus>A</auditStatus></auditModel><event><name>AdditionalInfoUpdateAfter</name><auditModel><auditDate>2006-12-06T11:35:10-08:00</auditDate><auditID>ADMIN</auditID><auditStatus>A</auditStatus></auditModel><description>This event occurs after a Additional Info is updated.</description></event><scriptName>AdditionalInfoUpdateAfter</scriptName><udf1>MASTER SCRIPT - 8.0.0.0.0</udf1></agencyEvent>
<agencyEvent><eventName>AdditionalInfoUpdateBefore</eventName><serviceProviderCode>ATOM</serviceProviderCode><auditModel><auditDate>2016-06-06T22:30:43-07:00</auditDate><auditID>ADMIN</auditID><auditStatus>A</auditStatus></auditModel><event><name>AdditionalInfoUpdateBefore</name><auditModel><auditDate>2006-12-06T11:35:09-08:00</auditDate><auditID>ADMIN</auditID><auditStatus>A</auditStatus></auditModel><description>This event occurs before updating additional info</description></event><scriptName>AdditionalInfoUpdateBefore</scriptName><udf1>MASTER SCRIPT - 8.0.0.0.0</udf1></agencyEvent>
<agencyEvent><eventName>ApplicationConditionAddAfter</eventName><serviceProviderCode>ATOM</serviceProviderCode><auditModel><auditDate>2016-06-06T22:30:43-07:00</auditDate><auditID>ADMIN</auditID><auditStatus>A</auditStatus></auditModel><event><name>ApplicationConditionAddAfter</name><auditModel><auditDate>2008-02-16T19:49:49-08:00</auditDate><auditID>ACCELA</auditID><auditStatus>A</auditStatus></auditModel><description>This event occurs after an application condition task is added.</description></event><scriptName>ApplicationConditionAddAfter</scriptName><udf1>MASTER SCRIPT - 8.0.0.0.0</udf1></agencyEvent>
<agencyEvent><eventName>ApplicationConditionDeleteBefore</eventName><serviceProviderCode>ATOM</serviceProviderCode><auditModel><auditDate>2016-06-06T22:30:43-07:00</auditDate><auditID>ADMIN</auditID><auditStatus>A</auditStatus></auditModel><event><name>ApplicationConditionDeleteBefore</name><auditModel><auditDate>2008-02-16T19:49:49-08:00</auditDate><auditID>ACCELA</auditID><auditStatus>A</auditStatus></auditModel><description>This event occurs before an application condition task is deleted.</description></event><scriptName>ApplicationConditionDeleteBefore</scriptName><udf1>MASTER SCRIPT - 8.0.0.0.0</udf1></agencyEvent>
<agencyEvent><eventName>ApplicationConditionUpdateAfter</eventName><serviceProviderCode>ATOM</serviceProviderCode><auditModel><auditDate>2016-06-06T22:30:43-07:00</auditDate><auditID>ADMIN</auditID><auditStatus>A</auditStatus></auditModel><event><name>ApplicationConditionUpdateAfter</name><auditModel><auditDate>2006-12-06T11:33:05-08:00</auditDate><auditID>ADMIN</auditID><auditStatus>A</auditStatus></auditModel><description>This event occurs after an application condition task is updated.</description></event><scriptName>ApplicationConditionUpdateAfter</scriptName><udf1>MASTER SCRIPT - 8.0.0.0.0</udf1></agencyEvent>
<agencyEvent><eventName>ApplicationConditionUpdateBefore</eventName><serviceProviderCode>ATOM</serviceProviderCode><auditModel><auditDate>2016-06-06T22:30:43-07:00</auditDate><auditID>ADMIN</auditID><auditStatus>A</auditStatus></auditModel><event><name>ApplicationConditionUpdateBefore</name><auditModel><auditDate>2008-02-16T19:49:49-08:00</auditDate><auditID>ACCELA</auditID><auditStatus>A</auditStatus></auditModel><description>This event occurs before an application condition task is updated.</description></event><scriptName>ApplicationConditionUpdateBefore</scriptName><udf1>MASTER SCRIPT - 8.0.0.0.0</udf1></agencyEvent>
<agencyEvent><eventName>ApplicationSpecificInfoUpdateAfter</eventName><serviceProviderCode>ATOM</serviceProviderCode><auditModel><auditDate>2016-06-06T22:30:43-07:00</auditDate><auditID>ADMIN</auditID><auditStatus>A</auditStatus></auditModel><event><name>ApplicationSpecificInfoUpdateAfter</name><auditModel><auditDate>2002-12-08T23:40:54-08:00</auditDate><auditID>ADMIN</auditID><auditStatus>A</auditStatus></auditModel><description>This event occurs after an Application Specific Information is updated.</description></event><scriptName>ApplicationSpecificInfoUpdateAfter</scriptName><udf1>MASTER SCRIPT - 8.0.0.0.0</udf1></agencyEvent>
<agencyEvent><eventName>ApplicationSpecificInfoUpdateBefore</eventName><serviceProviderCode>ATOM</serviceProviderCode><auditModel><auditDate>2016-06-06T22:30:43-07:00</auditDate><auditID>ADMIN</auditID><auditStatus>A</auditStatus></auditModel><event><name>ApplicationSpecificInfoUpdateBefore</name><auditModel><auditDate>2002-12-08T23:41:40-08:00</auditDate><auditID>ADMIN</auditID><auditStatus>A</auditStatus></auditModel><description>This event occurs before an Application Specific Information is updated.</description></event><scriptName>ApplicationSpecificInfoUpdateBefore</scriptName><udf1>MASTER SCRIPT - 8.0.0.0.0</udf1></agencyEvent>
<agencyEvent><eventName>ApplicationStatusUpdateAfter</eventName><serviceProviderCode>ATOM</serviceProviderCode><auditModel><auditDate>2016-06-06T22:30:43-07:00</auditDate><auditID>ADMIN</auditID><auditStatus>A</auditStatus></auditModel><event><name>ApplicationStatusUpdateAfter</name><auditModel><auditDate>2004-06-09T17:52:51-07:00</auditDate><auditID>ADMIN</auditID><auditStatus>A</auditStatus></auditModel><description>Add a history record after updating the app status.</description></event><scriptName>ApplicationStatusUpdateAfter</scriptName><udf1>MASTER SCRIPT - 8.0.0.0.0</udf1></agencyEvent>
<agencyEvent><eventName>ApplicationStatusUpdateBefore</eventName><serviceProviderCode>ATOM</serviceProviderCode><auditModel><auditDate>2016-06-06T22:30:43-07:00</auditDate><auditID>ADMIN</auditID><auditStatus>A</auditStatus></auditModel><event><name>ApplicationStatusUpdateBefore</name><auditModel><auditDate>2009-11-09T15:28:59-08:00</auditDate><auditID>ADMIN</auditID><auditStatus>A</auditStatus></auditModel><description>This event occurs before an Application Status is updated.</description></event><scriptName>ApplicationStatusUpdateBefore</scriptName><udf1>MASTER SCRIPT - 8.0.0.0.0</udf1></agencyEvent>
<agencyEvent><eventName>ApplicationSubmitAfter</eventName><serviceProviderCode>ATOM</serviceProviderCode><auditModel><auditDate>2016-06-07T13:32:32-07:00</auditDate><auditID>ADMIN</auditID><auditStatus>A</auditStatus></auditModel><event><name>ApplicationSubmitAfter</name><auditModel><auditDate>2002-03-15T14:09:19-08:00</auditDate><auditID>ACCELA</auditID><auditStatus>A</auditStatus></auditModel><description>This event occurs after an application is created.</description></event><scriptName>ApplicationSubmitAfter</scriptName><udf1>MASTER SCRIPT - 8.0.0.0.0</udf1></agencyEvent>
<agencyEvent><eventName>CapSetProcessing</eventName><serviceProviderCode>ATOM</serviceProviderCode><auditModel><auditDate>2016-06-06T22:30:43-07:00</auditDate><auditID>ADMIN</auditID><auditStatus>A</auditStatus></auditModel><scriptName>CapSetProcessing</scriptName><udf1>MASTER SCRIPT - 8.0.0.0.0</udf1></agencyEvent>
<agencyEvent><eventName>ContactAddAfter</eventName><serviceProviderCode>ATOM</serviceProviderCode><auditModel><auditDate>2016-06-06T22:30:43-07:00</auditDate><auditID>ADMIN</auditID><auditStatus>A</auditStatus></auditModel><event><name>ContactAddAfter</name><auditModel><auditDate>2004-01-16T09:29:51-08:00</auditDate><auditID>ADMIN</auditID><auditStatus>A</auditStatus></auditModel><description>This event occurs after a contact is added.</description></event><scriptName>ContactAddAfter</scriptName><udf1>MASTER SCRIPT - 8.0.0.0.0</udf1></agencyEvent>
<agencyEvent><eventName>ContactAddBefore</eventName><serviceProviderCode>ATOM</serviceProviderCode><auditModel><auditDate>2016-06-06T22:30:43-07:00</auditDate><auditID>ADMIN</auditID><auditStatus>A</auditStatus></auditModel><event><name>ContactAddBefore</name><auditModel><auditDate>2004-01-16T09:13:58-08:00</auditDate><auditID>ADMIN</auditID><auditStatus>A</auditStatus></auditModel><description>ContactAddBefore</description></event><scriptName>ContactAddBefore</scriptName><udf1>MASTER SCRIPT - 8.0.0.0.0</udf1></agencyEvent>
<agencyEvent><eventName>ContactEditAfter</eventName><serviceProviderCode>ATOM</serviceProviderCode><auditModel><auditDate>2016-06-06T22:30:43-07:00</auditDate><auditID>ADMIN</auditID><auditStatus>A</auditStatus></auditModel><event><name>ContactEditAfter</name><auditModel><auditDate>2004-01-16T09:30:29-08:00</auditDate><auditID>ADMIN</auditID><auditStatus>A</auditStatus></auditModel><description>This event occurs after a contact is edited.</description></event><scriptName>ContactEditAfter</scriptName><udf1>MASTER SCRIPT - 8.0.0.0.0</udf1></agencyEvent>
<agencyEvent><eventName>ContactEditBefore</eventName><serviceProviderCode>ATOM</serviceProviderCode><auditModel><auditDate>2016-06-06T22:30:43-07:00</auditDate><auditID>ADMIN</auditID><auditStatus>A</auditStatus></auditModel><event><name>ContactEditBefore</name><auditModel><auditDate>2004-01-16T09:14:14-08:00</auditDate><auditID>ADMIN</auditID><auditStatus>A</auditStatus></auditModel><description>ContactEditBefore</description></event><scriptName>ContactEditBefore</scriptName><udf1>MASTER SCRIPT - 8.0.0.0.0</udf1></agencyEvent>
<agencyEvent><eventName>ContactRemoveAfter</eventName><serviceProviderCode>ATOM</serviceProviderCode><auditModel><auditDate>2016-06-06T22:30:43-07:00</auditDate><auditID>ADMIN</auditID><auditStatus>A</auditStatus></auditModel><event><name>ContactRemoveAfter</name><auditModel><auditDate>2003-08-18T08:45:41-07:00</auditDate><auditID>ADMIN</auditID><auditStatus>A</auditStatus></auditModel><description>This event occurs after a contact is removed.</description></event><scriptName>ContactRemoveAfter</scriptName><udf1>MASTER SCRIPT - 8.0.0.0.0</udf1></agencyEvent>
<agencyEvent><eventName>ContactRemoveBefore</eventName><serviceProviderCode>ATOM</serviceProviderCode><auditModel><auditDate>2016-06-06T22:30:43-07:00</auditDate><auditID>ADMIN</auditID><auditStatus>A</auditStatus></auditModel><event><name>ContactRemoveBefore</name><auditModel><auditDate>2004-01-16T14:02:04-08:00</auditDate><auditID>ADMIN</auditID><auditStatus>A</auditStatus></auditModel><description>This event occurs before a contact is removed.</description></event><scriptName>ContactRemoveBefore</scriptName><udf1>MASTER SCRIPT - 8.0.0.0.0</udf1></agencyEvent>
<agencyEvent><eventName>ConvertToRealCapAfter</eventName><serviceProviderCode>ATOM</serviceProviderCode><auditModel><auditDate>2016-06-06T22:30:43-07:00</auditDate><auditID>ADMIN</auditID><auditStatus>A</auditStatus></auditModel><scriptName>ConvertToRealCapAfter</scriptName><udf1>MASTER SCRIPT - 8.0.0.0.0</udf1></agencyEvent>
<agencyEvent><eventName>DocumentUploadAfter</eventName><serviceProviderCode>ATOM</serviceProviderCode><auditModel><auditDate>2016-06-06T22:30:43-07:00</auditDate><auditID>ADMIN</auditID><auditStatus>A</auditStatus></auditModel><event><name>DocumentUploadAfter</name><auditModel><auditDate>2009-11-09T15:27:56-08:00</auditDate><auditID>ADMIN</auditID><auditStatus>A</auditStatus></auditModel><description>This event occurs after document upload.</description></event><scriptName>DocumentUploadAfter</scriptName><udf1>MASTER SCRIPT - 8.0.0.0.0</udf1></agencyEvent>
<agencyEvent><eventName>DocumentUploadBefore</eventName><serviceProviderCode>ATOM</serviceProviderCode><auditModel><auditDate>2016-06-06T22:30:43-07:00</auditDate><auditID>ADMIN</auditID><auditStatus>A</auditStatus></auditModel><event><name>DocumentUploadBefore</name><auditModel><auditDate>2009-11-09T15:27:56-08:00</auditDate><auditID>ADMIN</auditID><auditStatus>A</auditStatus></auditModel><description>This event occurs before document upload.</description></event><scriptName>DocumentUploadBefore</scriptName><udf1>MASTER SCRIPT - 8.0.0.0.0</udf1></agencyEvent>
<agencyEvent><eventName>FeeAssessAfter</eventName><serviceProviderCode>ATOM</serviceProviderCode><auditModel><auditDate>2016-06-06T22:30:43-07:00</auditDate><auditID>ADMIN</auditID><auditStatus>A</auditStatus></auditModel><event><name>FeeAssessAfter</name><auditModel><auditDate>2002-12-08T18:12:32-08:00</auditDate><auditID>ACCELA</auditID><auditStatus>A</auditStatus></auditModel><description>This event occurs after the application fee is assessed.</description></event><scriptName>FeeAssessAfter</scriptName><udf1>MASTER SCRIPT - 8.0.0.0.0</udf1></agencyEvent>
<agencyEvent><eventName>FeeAssessBefore</eventName><serviceProviderCode>ATOM</serviceProviderCode><auditModel><auditDate>2016-06-06T22:30:43-07:00</auditDate><auditID>ADMIN</auditID><auditStatus>A</auditStatus></auditModel><event><name>FeeAssessBefore</name><auditModel><auditDate>2002-12-08T18:12:32-08:00</auditDate><auditID>ACCELA</auditID><auditStatus>A</auditStatus></auditModel><description>This event occurs before the application fee is assessed.</description></event><scriptName>FeeAssessBefore</scriptName><udf1>MASTER SCRIPT - 8.0.0.0.0</udf1></agencyEvent>
<agencyEvent><eventName>InspectionMultipleScheduleAfter</eventName><serviceProviderCode>ATOM</serviceProviderCode><auditModel><auditDate>2016-06-06T22:30:43-07:00</auditDate><auditID>ADMIN</auditID><auditStatus>A</auditStatus></auditModel><event><name>InspectionMultipleScheduleAfter</name><auditModel><auditDate>2009-11-09T15:45:08-08:00</auditDate><auditID>ADMIN</auditID><auditStatus>A</auditStatus></auditModel><description>This event occurs after one or multiple inspections are scheduled for Manage Inspection.</description></event><scriptName>InspectionMultipleScheduleAfter</scriptName><udf1>MASTER SCRIPT - 8.0.0.0.0</udf1></agencyEvent>
<agencyEvent><eventName>InspectionMultipleScheduleBefore</eventName><serviceProviderCode>ATOM</serviceProviderCode><auditModel><auditDate>2016-06-06T22:30:43-07:00</auditDate><auditID>ADMIN</auditID><auditStatus>A</auditStatus></auditModel><event><name>InspectionMultipleScheduleBefore</name><auditModel><auditDate>2009-11-09T15:45:08-08:00</auditDate><auditID>ADMIN</auditID><auditStatus>A</auditStatus></auditModel><description>This event occurs before one or multiple inspections are scheduled for Manage Inspection.</description></event><scriptName>InspectionMultipleScheduleBefore</scriptName><udf1>MASTER SCRIPT - 8.0.0.0.0</udf1></agencyEvent>
<agencyEvent><eventName>InspectionResultModifyAfter</eventName><serviceProviderCode>ATOM</serviceProviderCode><auditModel><auditDate>2016-06-06T22:30:43-07:00</auditDate><auditID>ADMIN</auditID><auditStatus>A</auditStatus></auditModel><event><name>InspectionResultModifyAfter</name><auditModel><auditDate>2002-03-15T14:09:21-08:00</auditDate><auditID>ACCELA</auditID><auditStatus>A</auditStatus></auditModel><description>This event occurs after inspection result is modified.</description></event><scriptName>InspectionResultModifyAfter</scriptName><udf1>MASTER SCRIPT - 8.0.0.0.0</udf1></agencyEvent>
<agencyEvent><eventName>InspectionResultModifyBefore</eventName><serviceProviderCode>ATOM</serviceProviderCode><auditModel><auditDate>2016-06-06T22:30:43-07:00</auditDate><auditID>ADMIN</auditID><auditStatus>A</auditStatus></auditModel><event><name>InspectionResultModifyBefore</name><auditModel><auditDate>2003-08-18T14:54:56-07:00</auditDate><auditID>ADMIN</auditID><auditStatus>A</auditStatus></auditModel><description>This event occurs before inspection result is modified.</description></event><scriptName>InspectionResultModifyBefore</scriptName><udf1>MASTER SCRIPT - 8.0.0.0.0</udf1></agencyEvent>
<agencyEvent><eventName>InspectionResultSubmitAfter</eventName><serviceProviderCode>ATOM</serviceProviderCode><auditModel><auditDate>2016-06-06T22:30:43-07:00</auditDate><auditID>ADMIN</auditID><auditStatus>A</auditStatus></auditModel><event><name>InspectionResultSubmitAfter</name><auditModel><auditDate>2002-03-15T14:09:23-08:00</auditDate><auditID>ACCELA</auditID><auditStatus>A</auditStatus></auditModel><description>This event occurs after inspection result is entered.</description></event><scriptName>InspectionResultSubmitAfter</scriptName><udf1>MASTER SCRIPT - 8.0.0.0.0</udf1></agencyEvent>
<agencyEvent><eventName>InspectionResultSubmitBefore</eventName><serviceProviderCode>ATOM</serviceProviderCode><auditModel><auditDate>2016-06-06T22:30:43-07:00</auditDate><auditID>ADMIN</auditID><auditStatus>A</auditStatus></auditModel><event><name>InspectionResultSubmitBefore</name><auditModel><auditDate>2003-08-18T14:30:42-07:00</auditDate><auditID>ADMIN</auditID><auditStatus>A</auditStatus></auditModel><description>This event occurs before inspection result is entered.</description></event><scriptName>InspectionResultSubmitBefore</scriptName><udf1>MASTER SCRIPT - 8.0.0.0.0</udf1></agencyEvent>
<agencyEvent><eventName>InspectionScheduleAfter</eventName><serviceProviderCode>ATOM</serviceProviderCode><auditModel><auditDate>2016-06-06T22:30:43-07:00</auditDate><auditID>ADMIN</auditID><auditStatus>A</auditStatus></auditModel><event><name>InspectionScheduleAfter</name><auditModel><auditDate>2002-03-15T14:09:32-08:00</auditDate><auditID>ACCELA</auditID><auditStatus>A</auditStatus></auditModel><description>This event occurs after one or multiple inspections are scheduled.</description></event><scriptName>InspectionScheduleAfter</scriptName><udf1>MASTER SCRIPT - 8.0.0.0.0</udf1></agencyEvent>
<agencyEvent><eventName>InspectionScheduleBefore</eventName><serviceProviderCode>ATOM</serviceProviderCode><auditModel><auditDate>2016-06-06T22:30:43-07:00</auditDate><auditID>ADMIN</auditID><auditStatus>A</auditStatus></auditModel><event><name>InspectionScheduleBefore</name><auditModel><auditDate>2002-03-15T14:09:33-08:00</auditDate><auditID>ACCELA</auditID><auditStatus>A</auditStatus></auditModel><description>This event occurs before one or multiple inspections are scheduled.</description></event><scriptName>InspectionScheduleBefore</scriptName><udf1>MASTER SCRIPT - 8.0.0.0.0</udf1></agencyEvent>
<agencyEvent><eventName>InvoiceFeeAfter</eventName><serviceProviderCode>ATOM</serviceProviderCode><auditModel><auditDate>2016-06-06T22:30:43-07:00</auditDate><auditID>ADMIN</auditID><auditStatus>A</auditStatus></auditModel><event><name>InvoiceFeeAfter</name><auditModel><auditDate>2006-12-06T11:33:17-08:00</auditDate><auditID>ADMIN</auditID><auditStatus>A</auditStatus></auditModel><description>This event occurs after invoicing fee(manually or automatically)</description></event><scriptName>InvoiceFeeAfter</scriptName><udf1>MASTER SCRIPT - 8.0.0.0.0</udf1></agencyEvent>
<agencyEvent><eventName>LicProfLookupSubmitAfter</eventName><serviceProviderCode>ATOM</serviceProviderCode><auditModel><auditDate>2016-06-06T22:30:43-07:00</auditDate><auditID>ADMIN</auditID><auditStatus>A</auditStatus></auditModel><scriptName>LicProfLookupSubmitAfter</scriptName><udf1>MASTER SCRIPT - 8.0.0.0.0</udf1></agencyEvent>
<agencyEvent><eventName>LicProfLookupSubmitBefore</eventName><serviceProviderCode>ATOM</serviceProviderCode><auditModel><auditDate>2016-06-06T22:30:43-07:00</auditDate><auditID>ADMIN</auditID><auditStatus>A</auditStatus></auditModel><scriptName>LicProfLookupSubmitBefore</scriptName><udf1>MASTER SCRIPT - 8.0.0.0.0</udf1></agencyEvent>
<agencyEvent><eventName>LicProfUpdateAfter</eventName><serviceProviderCode>ATOM</serviceProviderCode><auditModel><auditDate>2016-06-06T22:30:43-07:00</auditDate><auditID>ADMIN</auditID><auditStatus>A</auditStatus></auditModel><event><name>LicProfUpdateAfter</name><auditModel><auditDate>2008-12-04T09:52:53-08:00</auditDate><auditID>ADMIN</auditID><auditStatus>A</auditStatus></auditModel><description>This event occurs after update a license professional.</description></event><scriptName>LicProfUpdateAfter</scriptName><udf1>MASTER SCRIPT - 8.0.0.0.0</udf1></agencyEvent>
<agencyEvent><eventName>LicProfUpdateBefore</eventName><serviceProviderCode>ATOM</serviceProviderCode><auditModel><auditDate>2016-06-06T22:30:43-07:00</auditDate><auditID>ADMIN</auditID><auditStatus>A</auditStatus></auditModel><event><name>LicProfUpdateBefore</name><auditModel><auditDate>2006-12-06T11:35:09-08:00</auditDate><auditID>ADMIN</auditID><auditStatus>A</auditStatus></auditModel><description>This event occurs before update a license professional</description></event><scriptName>LicProfUpdateBefore</scriptName><udf1>MASTER SCRIPT - 8.0.0.0.0</udf1></agencyEvent>
<agencyEvent><eventName>ParcelAddAfter</eventName><serviceProviderCode>ATOM</serviceProviderCode><auditModel><auditDate>2016-06-06T22:30:43-07:00</auditDate><auditID>ADMIN</auditID><auditStatus>A</auditStatus></auditModel><event><name>ParcelAddAfter</name><auditModel><auditDate>2004-01-16T12:06:06-08:00</auditDate><auditID>ADMIN</auditID><auditStatus>A</auditStatus></auditModel><description>ParcelAddAfter</description></event><scriptName>ParcelAddAfter</scriptName><udf1>MASTER SCRIPT - 8.0.0.0.0</udf1></agencyEvent>
<agencyEvent><eventName>ParcelAddBefore</eventName><serviceProviderCode>ATOM</serviceProviderCode><auditModel><auditDate>2016-06-06T22:30:43-07:00</auditDate><auditID>ADMIN</auditID><auditStatus>A</auditStatus></auditModel><event><name>ParcelAddBefore</name><auditModel><auditDate>2004-01-16T12:02:31-08:00</auditDate><auditID>ADMIN</auditID><auditStatus>A</auditStatus></auditModel><description>ParcelAddBefore</description></event><scriptName>ParcelAddBefore</scriptName><udf1>MASTER SCRIPT - 8.0.0.0.0</udf1></agencyEvent>
<agencyEvent><eventName>ParcelUpdateAfter</eventName><serviceProviderCode>ATOM</serviceProviderCode><auditModel><auditDate>2016-06-06T22:30:43-07:00</auditDate><auditID>ADMIN</auditID><auditStatus>A</auditStatus></auditModel><event><name>ParcelUpdateAfter</name><auditModel><auditDate>2004-01-16T12:05:26-08:00</auditDate><auditID>ADMIN</auditID><auditStatus>A</auditStatus></auditModel><description>ParcelUpdateAfter</description></event><scriptName>ParcelUpdateAfter</scriptName><udf1>MASTER SCRIPT - 8.0.0.0.0</udf1></agencyEvent>
<agencyEvent><eventName>PaymentApplyAfter</eventName><serviceProviderCode>ATOM</serviceProviderCode><auditModel><auditDate>2016-06-06T22:30:43-07:00</auditDate><auditID>ADMIN</auditID><auditStatus>A</auditStatus></auditModel><event><name>PaymentApplyAfter</name><auditModel><auditDate>2015-01-30T08:39:46-08:00</auditDate><auditID>ADMIN</auditID><auditStatus>A</auditStatus></auditModel><description>This event occurs after payment apply submit.</description></event><scriptName>PaymentApplyAfter</scriptName><udf1>MASTER SCRIPT - 8.0.0.0.0</udf1></agencyEvent>
<agencyEvent><eventName>PaymentApplyBefore</eventName><serviceProviderCode>ATOM</serviceProviderCode><auditModel><auditDate>2016-06-06T22:30:43-07:00</auditDate><auditID>ADMIN</auditID><auditStatus>A</auditStatus></auditModel><event><name>PaymentApplyBefore</name><auditModel><auditDate>2015-01-30T08:39:46-08:00</auditDate><auditID>ADMIN</auditID><auditStatus>A</auditStatus></auditModel><description>This event occurs before payment apply submit.</description></event><scriptName>PaymentApplyBefore</scriptName><udf1>MASTER SCRIPT - 8.0.0.0.0</udf1></agencyEvent>
<agencyEvent><eventName>PaymentProcessingAfter</eventName><serviceProviderCode>ATOM</serviceProviderCode><auditModel><auditDate>2016-06-06T22:30:43-07:00</auditDate><auditID>ADMIN</auditID><auditStatus>A</auditStatus></auditModel><event><name>PaymentProcessingAfter</name><auditModel><auditDate>2012-02-16T09:51:41-08:00</auditDate><auditID>ADMIN</auditID><auditStatus>A</auditStatus></auditModel><description>This event occurs after do pay in payment processing portlet.</description></event><scriptName>PaymentProcessingAfter</scriptName><udf1>MASTER SCRIPT - 8.0.0.0.0</udf1></agencyEvent>
<agencyEvent><eventName>PaymentProcessingBefore</eventName><serviceProviderCode>ATOM</serviceProviderCode><auditModel><auditDate>2016-06-06T22:30:43-07:00</auditDate><auditID>ADMIN</auditID><auditStatus>A</auditStatus></auditModel><event><name>PaymentProcessingBefore</name><auditModel><auditDate>2012-02-16T09:51:41-08:00</auditDate><auditID>ADMIN</auditID><auditStatus>A</auditStatus></auditModel><description>This event occurs before do pay in payment processing portlet.</description></event><scriptName>PaymentProcessingBefore</scriptName><udf1>MASTER SCRIPT - 8.0.0.0.0</udf1></agencyEvent>
<agencyEvent><eventName>PaymentReceiveAfter</eventName><serviceProviderCode>ATOM</serviceProviderCode><auditModel><auditDate>2016-06-06T22:30:43-07:00</auditDate><auditID>ADMIN</auditID><auditStatus>A</auditStatus></auditModel><event><name>PaymentReceiveAfter</name><auditModel><auditDate>2002-03-15T14:09:24-08:00</auditDate><auditID>ACCELA</auditID><auditStatus>A</auditStatus></auditModel><description>This event occurs after payment allocation is recorded.</description></event><scriptName>PaymentReceiveAfter</scriptName><udf1>MASTER SCRIPT - 8.0.0.0.0</udf1></agencyEvent>
<agencyEvent><eventName>PaymentReceiveBefore</eventName><serviceProviderCode>ATOM</serviceProviderCode><auditModel><auditDate>2016-06-06T22:30:43-07:00</auditDate><auditID>ADMIN</auditID><auditStatus>A</auditStatus></auditModel><event><name>PaymentReceiveBefore</name><auditModel><auditDate>2002-03-15T14:09:26-08:00</auditDate><auditID>ACCELA</auditID><auditStatus>A</auditStatus></auditModel><description>This event occurs before payment allocation is recorded.</description></event><scriptName>PaymentReceiveBefore</scriptName><udf1>MASTER SCRIPT - 8.0.0.0.0</udf1></agencyEvent>
</list>