<?xml version="1.0" encoding="UTF-8" standalone="yes"?>
<list  version="8.0.0" minorVersion="15" exportUser="ADMIN" exportDateTime="03/30/2016 08:15 PM" description="null"><applicationStatusGroup><appStatusGroupCode>BLD_GENERAL</appStatusGroupCode><serviceProviderCode>BPTDEV</serviceProviderCode><appStatusGroupModels><appStatusGroupModel refId="1@AppStatusGroupModel"><serviceProviderCode>BPTDEV</serviceProviderCode><appStatusGroupCode>BLD_GENERAL</appStatusGroupCode><status>CofO Issued</status><appStatusGroupI18Ns/><auditModel><auditDate>2013-03-27T09:18:40-06:00</auditDate><auditID>ADMIN</auditID><auditStatus>A</auditStatus></auditModel><statusType>COMPLETE</statusType></appStatusGroupModel><appStatusGroupModel refId="2@AppStatusGroupModel"><serviceProviderCode>BPTDEV</serviceProviderCode><appStatusGroupCode>BLD_GENERAL</appStatusGroupCode><status>Expired</status><appStatusGroupI18Ns/><auditModel><auditDate>2013-05-07T17:21:32-06:00</auditDate><auditID>ADMIN</auditID><auditStatus>A</auditStatus></auditModel><statusType>CLOSED</statusType></appStatusGroupModel><appStatusGroupModel refId="3@AppStatusGroupModel"><serviceProviderCode>BPTDEV</serviceProviderCode><appStatusGroupCode>BLD_GENERAL</appStatusGroupCode><status>Finaled</status><appStatusGroupI18Ns/><auditModel><auditDate>2013-03-27T09:18:56-06:00</auditDate><auditID>ADMIN</auditID><auditStatus>A</auditStatus></auditModel><statusType>COMPLETE</statusType></appStatusGroupModel><appStatusGroupModel refId="4@AppStatusGroupModel"><serviceProviderCode>BPTDEV</serviceProviderCode><appStatusGroupCode>BLD_GENERAL</appStatusGroupCode><status>Inspection Phase</status><appStatusGroupI18Ns/><auditModel><auditDate>2013-03-27T09:19:10-06:00</auditDate><auditID>ADMIN</auditID><auditStatus>A</auditStatus></auditModel><statusType>OPEN</statusType></appStatusGroupModel><appStatusGroupModel refId="5@AppStatusGroupModel"><serviceProviderCode>BPTDEV</serviceProviderCode><appStatusGroupCode>BLD_GENERAL</appStatusGroupCode><status>Issued</status><appStatusGroupI18Ns/><auditModel><auditDate>2013-03-27T09:19:27-06:00</auditDate><auditID>ADMIN</auditID><auditStatus>A</auditStatus></auditModel><statusType>OPEN</statusType></appStatusGroupModel><appStatusGroupModel refId="6@AppStatusGroupModel"><serviceProviderCode>BPTDEV</serviceProviderCode><appStatusGroupCode>BLD_GENERAL</appStatusGroupCode><status>Pending</status><appStatusGroupI18Ns/><auditModel><auditDate>2013-03-14T09:27:07-06:00</auditDate><auditID>ADMIN</auditID><auditStatus>A</auditStatus></auditModel><statusType>OPEN</statusType></appStatusGroupModel><appStatusGroupModel refId="7@AppStatusGroupModel"><serviceProviderCode>BPTDEV</serviceProviderCode><appStatusGroupCode>BLD_GENERAL</appStatusGroupCode><status>Plan Review</status><appStatusGroupI18Ns/><auditModel><auditDate>2013-03-27T09:19:32-06:00</auditDate><auditID>ADMIN</auditID><auditStatus>A</auditStatus></auditModel><statusType>OPEN</statusType></appStatusGroupModel><appStatusGroupModel refId="8@AppStatusGroupModel"><serviceProviderCode>BPTDEV</serviceProviderCode><appStatusGroupCode>BLD_GENERAL</appStatusGroupCode><status>Ready to Issue</status><appStatusGroupI18Ns/><auditModel><auditDate>2013-03-27T09:19:40-06:00</auditDate><auditID>ADMIN</auditID><auditStatus>A</auditStatus></auditModel><statusType>OPEN</statusType></appStatusGroupModel><appStatusGroupModel refId="9@AppStatusGroupModel"><serviceProviderCode>BPTDEV</serviceProviderCode><appStatusGroupCode>BLD_GENERAL</appStatusGroupCode><status>Revisions Required</status><appStatusGroupI18Ns/><auditModel><auditDate>2013-03-27T09:19:47-06:00</auditDate><auditID>ADMIN</auditID><auditStatus>A</auditStatus></auditModel><statusType>OPEN</statusType></appStatusGroupModel><appStatusGroupModel refId="10@AppStatusGroupModel"><serviceProviderCode>BPTDEV</serviceProviderCode><appStatusGroupCode>BLD_GENERAL</appStatusGroupCode><status>Revoked</status><appStatusGroupI18Ns/><auditModel><auditDate>2013-03-27T09:20:07-06:00</auditDate><auditID>ADMIN</auditID><auditStatus>A</auditStatus></auditModel><statusType>CLOSED</statusType></appStatusGroupModel><appStatusGroupModel refId="11@AppStatusGroupModel"><serviceProviderCode>BPTDEV</serviceProviderCode><appStatusGroupCode>BLD_GENERAL</appStatusGroupCode><status>Stop Work</status><appStatusGroupI18Ns/><auditModel><auditDate>2013-04-04T18:46:41-06:00</auditDate><auditID>ADMIN</auditID><auditStatus>A</auditStatus></auditModel><statusType>INCOMPLETE</statusType></appStatusGroupModel><appStatusGroupModel refId="12@AppStatusGroupModel"><serviceProviderCode>BPTDEV</serviceProviderCode><appStatusGroupCode>BLD_GENERAL</appStatusGroupCode><status>Submitted</status><appStatusGroupI18Ns/><auditModel><auditDate>2013-03-27T09:23:37-06:00</auditDate><auditID>ADMIN</auditID><auditStatus>A</auditStatus></auditModel><statusType>OPEN</statusType></appStatusGroupModel><appStatusGroupModel refId="13@AppStatusGroupModel"><serviceProviderCode>BPTDEV</serviceProviderCode><appStatusGroupCode>BLD_GENERAL</appStatusGroupCode><status>TCO Issued</status><appStatusGroupI18Ns/><auditModel><auditDate>2013-03-27T09:23:48-06:00</auditDate><auditID>ADMIN</auditID><auditStatus>A</auditStatus></auditModel><statusType>OPEN</statusType></appStatusGroupModel><appStatusGroupModel refId="14@AppStatusGroupModel"><serviceProviderCode>BPTDEV</serviceProviderCode><appStatusGroupCode>BLD_GENERAL</appStatusGroupCode><status>Void</status><appStatusGroupI18Ns/><auditModel><auditDate>2013-03-27T09:24:01-06:00</auditDate><auditID>ADMIN</auditID><auditStatus>A</auditStatus></auditModel><statusType>CLOSED</statusType></appStatusGroupModel><appStatusGroupModel refId="15@AppStatusGroupModel"><serviceProviderCode>BPTDEV</serviceProviderCode><appStatusGroupCode>BLD_GENERAL</appStatusGroupCode><status>Withdrawn</status><appStatusGroupI18Ns/><auditModel><auditDate>2013-03-27T09:24:12-06:00</auditDate><auditID>ADMIN</auditID><auditStatus>A</auditStatus></auditModel><statusType>CLOSED</statusType></appStatusGroupModel></appStatusGroupModels></applicationStatusGroup>
</list>