<?xml version="1.0" encoding="UTF-8" standalone="yes"?>
<list  version="8.0.0" minorVersion="15" exportUser="ADMIN" exportDateTime="03/30/2016 08:15 PM" description="null"><checklistGroup><guideGroup>Mechanical</guideGroup><serviceProviderCode>BPTDEV</serviceProviderCode><guideSheetGroupModels><guideSheetGroupModel><serviceProviderCode>BPTDEV</serviceProviderCode><guideGroup>Mechanical</guideGroup><guideType>MECHANICAL FINAL</guideType><auditModel><auditDate>2013-04-05T13:25:20-06:00</auditDate><auditID>ADMIN</auditID><auditStatus>A</auditStatus></auditModel><guideAutoCreate>N</guideAutoCreate><guideItemDisplayOrder>1</guideItemDisplayOrder><guideSheetGroupI18ns/></guideSheetGroupModel><guideSheetGroupModel><serviceProviderCode>BPTDEV</serviceProviderCode><guideGroup>Mechanical</guideGroup><guideType>MECHANICAL ROUGH</guideType><auditModel><auditDate>2013-04-05T13:25:20-06:00</auditDate><auditID>ADMIN</auditID><auditStatus>A</auditStatus></auditModel><guideAutoCreate>N</guideAutoCreate><guideItemDisplayOrder>2</guideItemDisplayOrder><guideSheetGroupI18ns/></guideSheetGroupModel></guideSheetGroupModels></checklistGroup>
<checklistGroup><guideGroup>Plumbing</guideGroup><serviceProviderCode>BPTDEV</serviceProviderCode><guideSheetGroupModels><guideSheetGroupModel><serviceProviderCode>BPTDEV</serviceProviderCode><guideGroup>Plumbing</guideGroup><guideType>PLUMBING FINAL</guideType><auditModel><auditDate>2013-04-05T13:25:36-06:00</auditDate><auditID>ADMIN</auditID><auditStatus>A</auditStatus></auditModel><guideAutoCreate>N</guideAutoCreate><guideItemDisplayOrder>1</guideItemDisplayOrder><guideSheetGroupI18ns/></guideSheetGroupModel><guideSheetGroupModel><serviceProviderCode>BPTDEV</serviceProviderCode><guideGroup>Plumbing</guideGroup><guideType>PLUMBING ROUGH</guideType><auditModel><auditDate>2013-04-05T13:25:36-06:00</auditDate><auditID>ADMIN</auditID><auditStatus>A</auditStatus></auditModel><guideAutoCreate>N</guideAutoCreate><guideItemDisplayOrder>2</guideItemDisplayOrder><guideSheetGroupI18ns/></guideSheetGroupModel></guideSheetGroupModels></checklistGroup>
<checklistGroup><guideGroup>Site</guideGroup><serviceProviderCode>BPTDEV</serviceProviderCode><guideSheetGroupModels><guideSheetGroupModel><serviceProviderCode>BPTDEV</serviceProviderCode><guideGroup>Site</guideGroup><guideType>SITE WORK</guideType><auditModel><auditDate>2013-04-05T13:25:53-06:00</auditDate><auditID>ADMIN</auditID><auditStatus>A</auditStatus></auditModel><guideAutoCreate>N</guideAutoCreate><guideItemDisplayOrder>1</guideItemDisplayOrder><guideSheetGroupI18ns/></guideSheetGroupModel></guideSheetGroupModels></checklistGroup>
<checklistGroup><guideGroup>Structural</guideGroup><serviceProviderCode>BPTDEV</serviceProviderCode><guideSheetGroupModels><guideSheetGroupModel><serviceProviderCode>BPTDEV</serviceProviderCode><guideGroup>Structural</guideGroup><guideType>FINAL EXTERIOR FINISH</guideType><auditModel><auditDate>2013-04-05T13:26:32-06:00</auditDate><auditID>ADMIN</auditID><auditStatus>A</auditStatus></auditModel><guideAutoCreate>N</guideAutoCreate><guideItemDisplayOrder>4</guideItemDisplayOrder><guideSheetGroupI18ns/></guideSheetGroupModel><guideSheetGroupModel><serviceProviderCode>BPTDEV</serviceProviderCode><guideGroup>Structural</guideGroup><guideType>FINAL INTERIOR FINISH</guideType><auditModel><auditDate>2013-04-05T13:26:32-06:00</auditDate><auditID>ADMIN</auditID><auditStatus>A</auditStatus></auditModel><guideAutoCreate>N</guideAutoCreate><guideItemDisplayOrder>3</guideItemDisplayOrder><guideSheetGroupI18ns/></guideSheetGroupModel><guideSheetGroupModel><serviceProviderCode>BPTDEV</serviceProviderCode><guideGroup>Structural</guideGroup><guideType>FOUNDATION</guideType><auditModel><auditDate>2013-04-05T13:26:32-06:00</auditDate><auditID>ADMIN</auditID><auditStatus>A</auditStatus></auditModel><guideAutoCreate>N</guideAutoCreate><guideItemDisplayOrder>1</guideItemDisplayOrder><guideSheetGroupI18ns/></guideSheetGroupModel><guideSheetGroupModel><serviceProviderCode>BPTDEV</serviceProviderCode><guideGroup>Structural</guideGroup><guideType>ROUGH FRAMING</guideType><auditModel><auditDate>2013-04-05T13:26:32-06:00</auditDate><auditID>ADMIN</auditID><auditStatus>A</auditStatus></auditModel><guideAutoCreate>N</guideAutoCreate><guideItemDisplayOrder>2</guideItemDisplayOrder><guideSheetGroupI18ns/></guideSheetGroupModel></guideSheetGroupModels></checklistGroup>
<checklistGroup><guideGroup>Electrical</guideGroup><serviceProviderCode>BPTDEV</serviceProviderCode><guideSheetGroupModels><guideSheetGroupModel><serviceProviderCode>BPTDEV</serviceProviderCode><guideGroup>Electrical</guideGroup><guideType>ELECTRICAL ROUGH</guideType><auditModel><auditDate>2013-04-05T13:24:57-06:00</auditDate><auditID>ADMIN</auditID><auditStatus>A</auditStatus></auditModel><guideAutoCreate>N</guideAutoCreate><guideItemDisplayOrder>2</guideItemDisplayOrder><guideSheetGroupI18ns/></guideSheetGroupModel></guideSheetGroupModels></checklistGroup>
</list>