<?xml version="1.0" encoding="UTF-8" standalone="yes"?>
<list  version="8.0.0" minorVersion="15" exportUser="ADMIN" exportDateTime="03/30/2016 08:15 PM" description="null"><standardCommentGroup><commentType>BUILDING REVIEW</commentType><serviceProviderCode>BPTDEV</serviceProviderCode><standardCommentModels><standardCommentModel><serviceProviderCode>BPTDEV</serviceProviderCode><commentType>BUILDING REVIEW</commentType><documentId>300.10</documentId><auditModel><auditDate>2011-03-15T10:20:41-06:00</auditDate><auditID>JWATTERS</auditID><auditStatus>A</auditStatus></auditModel><commentName>Construction Without a Permit</commentName><comments>Any person who shall attempt to erect. construct, alter, repair. demolish or move 0 structure, make a change in occupancy, or install or alter any equipment which is regulated by this code without a valid permit issued by the Codes Official shall be guilty of a misdemeanor punishable by a fine of $250 for the first offense, $500 for the second offense and $1000 for the third and succeeding offenses. Each day that construction continues after due notice has been served the party in violation shall be subject to the fine for the applicable offense</comments><standardCommentI18Ns/></standardCommentModel><standardCommentModel><serviceProviderCode>BPTDEV</serviceProviderCode><commentType>BUILDING REVIEW</commentType><documentId>300.9</documentId><auditModel><auditDate>2011-03-15T10:06:51-06:00</auditDate><auditID>JWATTERS</auditID><auditStatus>A</auditStatus></auditModel><commentName>Withholding of Permits</commentName><comments>Whenever the Code Official shall find that any person, agent, firm or corporation whether as owner lessee or occupant is in violation of the provisions of this code or of the rules and regulations of any other department or agency in connection with the erection, or repair of buildings, structures, lands, or equipment then or therein" may refuse to grant any further permits or  inspections until all violations have been corrected and approved.</comments><standardCommentI18Ns/></standardCommentModel><standardCommentModel><serviceProviderCode>BPTDEV</serviceProviderCode><commentType>BUILDING REVIEW</commentType><documentId>301.10.1</documentId><auditModel><auditDate>2011-03-15T10:07:35-06:00</auditDate><auditID>JWATTERS</auditID><auditStatus>A</auditStatus></auditModel><commentName>Temporary Occupancy</commentName><comments>Upon request of the holder of a permit, a temporary certificate of occupancy shall be issued before completion of the entire work covered by the permit, provided that such portion or portions shall be occupied safely prior to full completion of the structure without endangering life or public welfare. An expiration date shall he included on the temporary certificate of occupancy after which the certificate is no longer valid. Any occupancy permitted to continue during the work shall be discontinued within 30 days after completion of the work unless a certificate of occupancy is issued by the Code Official or a partial occupancy permit is issued in accordance with Section 1113.1</comments><standardCommentI18Ns/></standardCommentModel><standardCommentModel><serviceProviderCode>BPTDEV</serviceProviderCode><commentType>BUILDING REVIEW</commentType><documentId>301.2.1</documentId><auditModel><auditDate>2011-03-15T10:08:51-06:00</auditDate><auditID>JWATTERS</auditID><auditStatus>A</auditStatus></auditModel><commentName>Wind Limitations</commentName><comments>Buildings and portions thereof shall be limited by wind speed, as defined in Table 301.2(1), and construction methods in accordance with this code. Basic wind speeds shall be determined from Figure 301.2(4). Where different construction methods and structural materials are used for various portions of a building, the applicable requirements of this section for each portion shall apply. Where loads for wall coverings, curtain walls, roof coverings, exterior windows, skylights, garage doors and exterior doors are not otherwise specified, the loads listed in Table 301.2(2) adjusted for height and exposure using Table 301.2(3) shall be used to determine design load performance requirements for wall coverings, curtain walls, roof coverings, exterior windows, skylights, garage doors and exterior doors. Asphalt shingles shall be designed for wind speeds in accordance with Section R905.2.6. Wind speeds for localities in special wind regions, near mountainous terrain, and near gorges shall be based on elevation. Areas at 4,000 feet in elevation or higher shall use 110 V mph (48.4 m/s) and areas under 4,000 feet in elevation shall use 90 V mph (39.6 m/s). Gorge areas shall be based on the highest recorded speed per locality or in accordance with local jurisdiction requirements determined in accordance with Section 6.5.4 of ASCE 7.</comments><standardCommentI18Ns/></standardCommentModel><standardCommentModel><serviceProviderCode>BPTDEV</serviceProviderCode><commentType>BUILDING REVIEW</commentType><documentId>302.12.7</documentId><auditModel><auditDate>2011-03-15T10:11:08-06:00</auditDate><auditID>JWATTERS</auditID><auditStatus>A</auditStatus></auditModel><commentName>Lateral Supports</commentName><comments>For bracing units located along the eaves, the vertical distance from the outside edge of the top wall plate to the roof sheathing above shall not exceed 9.25 inches (235 mm) at the location of a bracing unit unless lateral support is provided in accordance with Section 302.10.8.1.</comments><standardCommentI18Ns/></standardCommentModel><standardCommentModel><serviceProviderCode>BPTDEV</serviceProviderCode><commentType>BUILDING REVIEW</commentType><documentId>302.13.2</documentId><auditModel><auditDate>2011-03-15T10:11:52-06:00</auditDate><auditID>JWATTERS</auditID><auditStatus>A</auditStatus></auditModel><commentName>Window Sills</commentName><comments>In Occupancy Groups R-2 and R-3, one- and two-family and multiple-family dwellings, where the opening of the sill portion of an operable window is located more than 72 inches (1829 mm) above the finished grade or other surface below, the lowest part of the clear opening of the window shall be at a height not less than 18 inches (457 mm) above the finished floor surface of the room in which the window is located. Glazing between the floor and a height of 18 inches (457 mm) shall be fixed or have openings through which a 4-inch (102 mm) diameter sphere cannot pass.</comments><standardCommentI18Ns/></standardCommentModel><standardCommentModel><serviceProviderCode>BPTDEV</serviceProviderCode><commentType>BUILDING REVIEW</commentType><documentId>302.2.8.1</documentId><auditModel><auditDate>2011-03-15T10:09:36-06:00</auditDate><auditID>JWATTERS</auditID><auditStatus>A</auditStatus></auditModel><commentName>Connections to Roof Framing</commentName><comments>Top plates of exterior braced wall panels shall be attached to rafters or roof trusses above in accordance with Table 602.3(1) and this section. Where required by this section, blocking between rafters or roof trusses shall be attached to top plates of braced wall panels and to rafters and roof trusses in accordance with Table 602.3(1). A continuous band, rim, or header joist or roof truss parallel to the braced wall panels shall be permitted to replace the blocking required by this section. Blocking shall not be required over openings in continuously sheathed braced wall lines. In addition to the requirements of this section, lateral support shall be provided for rafters and ceiling joists in accordance with Section R802.8 and for trusses in accordance with Section 802.10.3. Roof ventilation shall be provided in accordance with Section 806.1.</comments><standardCommentI18Ns/></standardCommentModel><standardCommentModel><serviceProviderCode>BPTDEV</serviceProviderCode><commentType>BUILDING REVIEW</commentType><documentId>302.2.8.3</documentId><auditModel><auditDate>2011-03-15T10:10:35-06:00</auditDate><auditID>JWATTERS</auditID><auditStatus>A</auditStatus></auditModel><commentName>Roof Trusses</commentName><comments>For wind speeds of 100 mph (45 m/s) or greater, where the distance from the top of the braced wall panel to the top of the rafters or roof trusses is 15.25 inches (387 mm) or less, blocking between rafters or roof trusses shall be provided above the braced wall panel in accordance with Figure 302.10.8.1(1).</comments><standardCommentI18Ns/></standardCommentModel><standardCommentModel><serviceProviderCode>BPTDEV</serviceProviderCode><commentType>BUILDING REVIEW</commentType><documentId>304.2.5</documentId><auditModel><auditDate>2011-03-15T10:12:31-06:00</auditDate><auditID>JWATTERS</auditID><auditStatus>A</auditStatus></auditModel><commentName>Accessibility Requirements</commentName><comments>All portions of the buildings proposed for change of occupancy and all alterations to existing buildings shall conform to the applicable accessibility provisions of Section 304.11.</comments><standardCommentI18Ns/></standardCommentModel><standardCommentModel><serviceProviderCode>BPTDEV</serviceProviderCode><commentType>BUILDING REVIEW</commentType><documentId>305.09.02</documentId><auditModel><auditDate>2011-07-13T15:15:11-06:00</auditDate><auditID>JWATTERS</auditID><auditStatus>A</auditStatus></auditModel><commentName>District "H" Off-Street Parking</commentName><comments>District "H" exempt from parking requirements. No off-street parking shall be required for development in the "H" district.</comments><standardCommentI18Ns/></standardCommentModel><standardCommentModel><serviceProviderCode>BPTDEV</serviceProviderCode><commentType>BUILDING REVIEW</commentType><documentId>305.09.1</documentId><auditModel><auditDate>2011-07-13T15:14:03-06:00</auditDate><auditID>JWATTERS</auditID><auditStatus>A</auditStatus></auditModel><commentName>Off-Street Parking</commentName><comments>Minimum Parking Requirements: The following table establishes the minimum parking requirements for uses located in residential zoned property or within 250 feet of one- or two-family zoned property. For all other uses, no minimum parking spaces shall be required. &#xD;
&#xD;
Maximum Parking Requirements: The maximum number of parking spaces shall not exceed 125 percent of the minimum parking requirement for all uses listed in the table set out below. Parking in excess of the maximum shall be allowed by meeting the requirement of one tree above the minimum required under chapter 6, article 3, for every additional ten parking spaces beginning with the first additional parking space and for each ten spaces thereafter</comments><standardCommentI18Ns/></standardCommentModel><standardCommentModel><serviceProviderCode>BPTDEV</serviceProviderCode><commentType>BUILDING REVIEW</commentType><documentId>306.4.4</documentId><auditModel><auditDate>2011-03-15T10:03:46-06:00</auditDate><auditID>JWATTERS</auditID><auditStatus>A</auditStatus></auditModel><commentName>Permit Expiration</commentName><comments>Every permit issued by the building official under the provisions of this code shall expire by limitation and become null and void if the building or work authorized by such permit is not commenced within 180 days from the date of such permit, or if the building or work authorized by such permit is suspended or abandoned at any time after the work is commenced for a period of 180 days. Before such work can be recommended, a new permit shall be first obtained to do so, and the fee therefor shall be one half the amount required for a new permit for such work, provided no changes have been made or will be made in the original plans and specifications for such work, and provided further that such suspension or abandonment has not exceeded one year. In order to renew action on a permit after expiration, the permittee shall pay a new full permit fee.</comments><standardCommentI18Ns/></standardCommentModel><standardCommentModel><serviceProviderCode>BPTDEV</serviceProviderCode><commentType>BUILDING REVIEW</commentType><documentId>308.1.11</documentId><auditModel><auditDate>2011-03-15T10:05:18-06:00</auditDate><auditID>JWATTERS</auditID><auditStatus>A</auditStatus></auditModel><commentName>Exit Stairway Doors</commentName><comments>Exit doors into exit stairway enclosures shall be maintained unlocked from the stairway side on at least every incremental fifth floor level and bear a sign stating "ACCESS ONTO FLOOR THIS LEVEL." All other stairway doors into the related exit stairway enclosure may be mechanically or electrically locked from the stairway side. Approved key box required by Section 506.1 of the Fire Code shall contain keys to all stairway doors for fire department access.</comments><standardCommentI18Ns/></standardCommentModel><standardCommentModel><serviceProviderCode>BPTDEV</serviceProviderCode><commentType>BUILDING REVIEW</commentType><documentId>311.4.3</documentId><auditModel><auditDate>2011-03-15T10:15:33-06:00</auditDate><auditID>JWATTERS</auditID><auditStatus>A</auditStatus></auditModel><commentName>Stairway Walking Surface</commentName><comments>The walking surface of treads and landings of stairways shall be level  or sloped no steeper than one unit vertical in 48 inches horizontal (two-percent slope).</comments><standardCommentI18Ns/></standardCommentModel><standardCommentModel><serviceProviderCode>BPTDEV</serviceProviderCode><commentType>BUILDING REVIEW</commentType><documentId>311.7.4.1</documentId><auditModel><auditDate>2011-03-15T10:14:17-06:00</auditDate><auditID>JWATTERS</auditID><auditStatus>A</auditStatus></auditModel><commentName>Riser Height</commentName><comments>The maximum riser height shall be 8-1/4 inches (210 mm). The riser shall be measured vertically between the leading edges of the adjacent treads. The greatest riser height within any flight of stairs shall not exceed the smallest by more than 3/8 inch (9.5 mm).</comments><standardCommentI18Ns/></standardCommentModel><standardCommentModel><serviceProviderCode>BPTDEV</serviceProviderCode><commentType>BUILDING REVIEW</commentType><documentId>311.7.4.2</documentId><auditModel><auditDate>2011-03-15T10:14:55-06:00</auditDate><auditID>JWATTERS</auditID><auditStatus>A</auditStatus></auditModel><commentName>Tread Depth</commentName><comments>The minimum tread depth shall be 9 inches (229 mm). The tread depth shall be measured horizontally between the vertical planes of the foremost projection of adjacent treads and at a right angle to the tread¿s leading edge. The greatest tread depth within any flight of stairs shall not exceed the smallest by more than 3/8 inch (9.5 mm). Consistently shaped winders at the walkline shall be allowed within the same flight of stairs as rectangular treads and do not have to be within 3/8 inch (9.5 mm) of the rectangular tread depth. Winder treads shall have a minimum tread depth of 10 inches (254 mm) measured between the vertical planes of the foremost projection of adjacent treads at the intersection with the walkline. Winder treads shall have a minimum tread depth of 6 inches (152 mm) at any point within the clear width of the stair. Within any flight of stairs, the largest winder tread depth at the walkline shall not exceed the smallest winder tread by more than 3/8 inch (9.5 mm).</comments><standardCommentI18Ns/></standardCommentModel><standardCommentModel><serviceProviderCode>BPTDEV</serviceProviderCode><commentType>BUILDING REVIEW</commentType><documentId>318.2.2.1</documentId><auditModel><auditDate>2011-03-15T10:13:05-06:00</auditDate><auditID>JWATTERS</auditID><auditStatus>A</auditStatus></auditModel><commentName>Seismic Design Category</commentName><comments>Alternate determination of seismic design category. The Seismic Design Categories and corresponding Short Period Design Spectral Response Accelerations, SDS shown in Figure R301.2(2) are based on soil Site Class D, as defined in Section 1613.5.2 of the International Building Code. If soil conditions are other than Site Class D, the Short Period Design Spectral Response Accelerations, SDS, for a site can be determined according to Section 1613.5 of the International Building Code. The value of SDS determined according to Section 1613.5 of the International Building Code is permitted to be used to set the seismic design category according to Table R301.2.2.1.1, and to interpolate between values in Tables R602.10.3(3), R603.7 and other seismic design requirements of this code.</comments><standardCommentI18Ns/></standardCommentModel><standardCommentModel><serviceProviderCode>BPTDEV</serviceProviderCode><commentType>BUILDING REVIEW</commentType><documentId>318.2.2.2</documentId><auditModel><auditDate>2011-03-15T10:13:48-06:00</auditDate><auditID>JWATTERS</auditID><auditStatus>A</auditStatus></auditModel><commentName>Seismic Design Exterior Stone or Veneer</commentName><comments>For all buildings in Seismic Design Categories A, B and C, exterior stone or masonry veneer, as specified in Table R703.7(1), with a backing of wood or steel framing shall be permitted to the height specified in Table R703.7(1) above a noncombustible foundation.</comments><standardCommentI18Ns/></standardCommentModel><standardCommentModel><serviceProviderCode>BPTDEV</serviceProviderCode><commentType>BUILDING REVIEW</commentType><documentId>CORRECTIONS REQUIRED</documentId><auditModel><auditDate>2011-03-15T10:02:47-06:00</auditDate><auditID>JWATTERS</auditID><auditStatus>A</auditStatus></auditModel><commentName>CORRECTIONS REQUIRED</commentName><comments>The building plans submitted for review is incomplete.  The missing or inconsistent items are listed below.  Please correct and resubmit.</comments><standardCommentI18Ns/></standardCommentModel><standardCommentModel><serviceProviderCode>BPTDEV</serviceProviderCode><commentType>BUILDING REVIEW</commentType><documentId>EXPEDITE ELIGIBLE</documentId><auditModel><auditDate>2011-03-15T10:00:55-06:00</auditDate><auditID>JWATTERS</auditID><auditStatus>A</auditStatus></auditModel><commentName>EXPEDITE ELIGIBLE</commentName><comments>Your application has been reviewed and is eligible for an Expedited Review.  An additional cost of $35.00 must be paid to begin the expedited review process.</comments><standardCommentI18Ns/></standardCommentModel><standardCommentModel><serviceProviderCode>BPTDEV</serviceProviderCode><commentType>BUILDING REVIEW</commentType><documentId>INSUFFICENT APPLICATION</documentId><auditModel><auditDate>2011-03-15T10:01:21-06:00</auditDate><auditID>JWATTERS</auditID><auditStatus>A</auditStatus></auditModel><commentName>INSUFFICENT APPLICATION</commentName><comments>The application packet submitted has been reviewed and required forms and/or plans are missing.  The missing items are listed below.  Your application will be held until receiving the required items.  If receipt of said items are not received within 10 working days, the application will be voided. You can upload your missing items at our new Citizen Access web site at www.accela.com</comments><standardCommentI18Ns/></standardCommentModel><standardCommentModel><serviceProviderCode>BPTDEV</serviceProviderCode><commentType>BUILDING REVIEW</commentType><documentId>MINOR CORRECTIONS</documentId><auditModel><auditDate>2011-03-15T10:03:09-06:00</auditDate><auditID>JWATTERS</auditID><auditStatus>A</auditStatus></auditModel><commentName>MINOR CORRECTIONS</commentName><comments>Minor correction noted during structure plan review.  Compliance will be verified by building inspector.</comments><standardCommentI18Ns/></standardCommentModel><standardCommentModel><serviceProviderCode>BPTDEV</serviceProviderCode><commentType>BUILDING REVIEW</commentType><documentId>SUFFICIENT APPLICATION</documentId><auditModel><auditDate>2011-03-15T10:02:18-06:00</auditDate><auditID>JWATTERS</auditID><auditStatus>A</auditStatus></auditModel><commentName>SUFFICIENT APPLICATION</commentName><comments>The application packet, including required forms and plans, has been found to be sufficient.  The packet has been distributed to the various departments for their review. You can track comments on line at http://aca.accela.com/aca_demo</comments><standardCommentI18Ns/></standardCommentModel></standardCommentModels></standardCommentGroup>
<standardCommentGroup><commentType>ELECTRICAL INSPECTIONS</commentType><serviceProviderCode>BPTDEV</serviceProviderCode><standardCommentModels><standardCommentModel><serviceProviderCode>BPTDEV</serviceProviderCode><commentType>ELECTRICAL INSPECTIONS</commentType><documentId>320.090</documentId><auditModel><auditDate>2011-03-15T11:18:09-06:00</auditDate><auditID>JWATTERS</auditID><auditStatus>A</auditStatus></auditModel><commentName>Not Ready</commentName><comments>Construction area not ready for inspection.  Reschedule of inspection is required.</comments><standardCommentI18Ns/></standardCommentModel><standardCommentModel><serviceProviderCode>BPTDEV</serviceProviderCode><commentType>ELECTRICAL INSPECTIONS</commentType><documentId>320.100</documentId><auditModel><auditDate>2011-03-15T11:16:32-06:00</auditDate><auditID>JWATTERS</auditID><auditStatus>A</auditStatus></auditModel><commentName>T-Pole Meter Height</commentName><comments>Meter height is required to be within 48" to 66"</comments><standardCommentI18Ns/></standardCommentModel><standardCommentModel><serviceProviderCode>BPTDEV</serviceProviderCode><commentType>ELECTRICAL INSPECTIONS</commentType><documentId>320.110</documentId><auditModel><auditDate>2011-03-15T11:17:05-06:00</auditDate><auditID>JWATTERS</auditID><auditStatus>A</auditStatus></auditModel><commentName>T-Pole Wire Size</commentName><comments>Minimum wire size #8CU or #6AL</comments><standardCommentI18Ns/></standardCommentModel><standardCommentModel><serviceProviderCode>BPTDEV</serviceProviderCode><commentType>ELECTRICAL INSPECTIONS</commentType><documentId>320.120</documentId><auditModel><auditDate>2011-03-15T11:17:29-06:00</auditDate><auditID>JWATTERS</auditID><auditStatus>A</auditStatus></auditModel><commentName>T-Pole Distance</commentName><comments>Pole can be no further than 30 feet from structure.</comments><standardCommentI18Ns/></standardCommentModel><standardCommentModel><serviceProviderCode>BPTDEV</serviceProviderCode><commentType>ELECTRICAL INSPECTIONS</commentType><documentId>320.130</documentId><auditModel><auditDate>2011-03-15T11:18:41-06:00</auditDate><auditID>JWATTERS</auditID><auditStatus>A</auditStatus></auditModel><commentName>Staple Wire</commentName><comments>Staple wire within 8" of box for single gang plastic boxes? (no clamp needed) - [370-17(c)ex]</comments><standardCommentI18Ns/></standardCommentModel><standardCommentModel><serviceProviderCode>BPTDEV</serviceProviderCode><commentType>ELECTRICAL INSPECTIONS</commentType><documentId>320.140</documentId><auditModel><auditDate>2011-03-15T11:19:21-06:00</auditDate><auditID>JWATTERS</auditID><auditStatus>A</auditStatus></auditModel><commentName>Receptacle Placement</commentName><comments>Receptacles - Are receptacles located so that no point along the floor line of the room is more than 6' away from an outlet? - [210-52(a)]</comments><standardCommentI18Ns/></standardCommentModel></standardCommentModels></standardCommentGroup>
<standardCommentGroup><commentType>ELECTRICAL REVIEW</commentType><serviceProviderCode>BPTDEV</serviceProviderCode><standardCommentModels><standardCommentModel><serviceProviderCode>BPTDEV</serviceProviderCode><commentType>ELECTRICAL REVIEW</commentType><documentId>320.1.2</documentId><auditModel><auditDate>2011-03-15T10:35:58-06:00</auditDate><auditID>JWATTERS</auditID><auditStatus>A</auditStatus></auditModel><commentName>Temporary Power</commentName><comments>The building official shall give permission to energize the electrical service equipment of a one- or two-family dwelling unit when all of the following requirements have been approved:&#xD;
&#xD;
1. The service wiring and equipment, including the meter socket enclosure, shall be installed and the service wiring terminated.&#xD;
2. The grounding electrode system shall be installed and terminated.&#xD;
3. At least one receptacle outlet on a ground fault protected circuit shall be installed and the circuit wiring terminated.&#xD;
4. Service equipment covers shall be installed.&#xD;
5. The building roof covering shall be installed.&#xD;
6. Temporary electrical service equipment shall be suitable for wet locations unless the interior is dry and protected from the weather.</comments><standardCommentI18Ns/></standardCommentModel><standardCommentModel><serviceProviderCode>BPTDEV</serviceProviderCode><commentType>ELECTRICAL REVIEW</commentType><documentId>320.2.7</documentId><auditModel><auditDate>2011-03-15T10:36:55-06:00</auditDate><auditID>JWATTERS</auditID><auditStatus>A</auditStatus></auditModel><commentName>Emergency Power</commentName><comments>Emergency power shall be provided in accordance with Section 327.11 for Group I-2 occupancies licensed by the State as a hospital, nursing or hospice facility. Emergency power shall be provided for doors in Group I-3 occupancies in accordance with Section 320.4.2.</comments><standardCommentI18Ns/></standardCommentModel><standardCommentModel><serviceProviderCode>BPTDEV</serviceProviderCode><commentType>ELECTRICAL REVIEW</commentType><documentId>320.4.1</documentId><auditModel><auditDate>2011-03-15T10:37:24-06:00</auditDate><auditID>JWATTERS</auditID><auditStatus>A</auditStatus></auditModel><commentName>Circuit Labeling</commentName><comments>Every circuit and circuit modification shall be legibly identified as to its clear, evident and specific purpose or use in sufficient detail on a directory located on the face or inside of the electrical panel doors.</comments><standardCommentI18Ns/></standardCommentModel><standardCommentModel><serviceProviderCode>BPTDEV</serviceProviderCode><commentType>ELECTRICAL REVIEW</commentType><documentId>320.4.10</documentId><auditModel><auditDate>2011-03-15T10:50:33-06:00</auditDate><auditID>JWATTERS</auditID><auditStatus>A</auditStatus></auditModel><commentName>Heating and Cooling Equipment</commentName><comments>Heating and Cooling Equipment.  One separate, individual branch circuit for central heating equipment is required</comments><standardCommentI18Ns/></standardCommentModel><standardCommentModel><serviceProviderCode>BPTDEV</serviceProviderCode><commentType>ELECTRICAL REVIEW</commentType><documentId>320.4.2</documentId><auditModel><auditDate>2011-03-15T10:38:04-06:00</auditDate><auditID>JWATTERS</auditID><auditStatus>A</auditStatus></auditModel><commentName>Ground-Fault Circuit-Interrupter (GFCI)</commentName><comments>Ground-fault circuit-interrupter (GFCI) protection shall be provided for all 125-volt, 15 and 20 amp receptacle outlets installed outdoors, in boathouses, garages, unfinished accessory buildings, crawl spaces at or below grade level, unfinished basements, bathrooms, at kitchen countertops and within 6¿ of the outside edge of the sink in laundry rooms, utility rooms, and at wet-bars.</comments><standardCommentI18Ns/></standardCommentModel><standardCommentModel><serviceProviderCode>BPTDEV</serviceProviderCode><commentType>ELECTRICAL REVIEW</commentType><documentId>320.4.3</documentId><auditModel><auditDate>2011-03-15T10:38:43-06:00</auditDate><auditID>JWATTERS</auditID><auditStatus>A</auditStatus></auditModel><commentName>Exterior Receptacles</commentName><comments>At least one receptacle, accessible at grade level and no more than 6.5' above grade, shall be installed at the front and back of a dwelling and shall have covers that are weatherproof whether or not an attachment plug is inserted.</comments><standardCommentI18Ns/></standardCommentModel><standardCommentModel><serviceProviderCode>BPTDEV</serviceProviderCode><commentType>ELECTRICAL REVIEW</commentType><documentId>320.4.5</documentId><auditModel><auditDate>2011-03-15T10:47:17-06:00</auditDate><auditID>JWATTERS</auditID><auditStatus>A</auditStatus></auditModel><commentName>Kitchen Circuits</commentName><comments>A kitchen should have a separate circuit for each appliance with a motor.  A minimum of two receptacle circuits in the area above the counter top.  An electric range, cook top, or oven must be wired to a dedicated 240-volt circuit.</comments><standardCommentI18Ns/></standardCommentModel><standardCommentModel><serviceProviderCode>BPTDEV</serviceProviderCode><commentType>ELECTRICAL REVIEW</commentType><documentId>320.4.5.1</documentId><auditModel><auditDate>2011-03-15T10:47:52-06:00</auditDate><auditID>JWATTERS</auditID><auditStatus>A</auditStatus></auditModel><commentName>Kitchen Receptacles</commentName><comments>Kitchen receptacles require two 20-amp circuits</comments><standardCommentI18Ns/></standardCommentModel><standardCommentModel><serviceProviderCode>BPTDEV</serviceProviderCode><commentType>ELECTRICAL REVIEW</commentType><documentId>320.4.6</documentId><auditModel><auditDate>2011-03-15T10:48:44-06:00</auditDate><auditID>JWATTERS</auditID><auditStatus>A</auditStatus></auditModel><commentName>Bedroom Outlets</commentName><comments>Arc-fault protection of bedroom outlets. All branch circuits that supply 120-volt, single phase, 15- and 20-ampere outlets installed in bedrooms shall be protected by a combination type arc-fault circuit interrupter installed to provide protection of the branch circuit.</comments><standardCommentI18Ns/></standardCommentModel><standardCommentModel><serviceProviderCode>BPTDEV</serviceProviderCode><commentType>ELECTRICAL REVIEW</commentType><documentId>320.4.7</documentId><auditModel><auditDate>2011-03-15T10:49:18-06:00</auditDate><auditID>JWATTERS</auditID><auditStatus>A</auditStatus></auditModel><commentName>Hallway Outlets</commentName><comments>A hallway over 10 feet long is required to have an outlet for general purpose. Three-way switches are required for the two ends of the hallway. If there are more doors throughout the hallway, say a bedroom or two, then you may want to add addition four-way switches to the circuit outside the door of each room.</comments><standardCommentI18Ns/></standardCommentModel><standardCommentModel><serviceProviderCode>BPTDEV</serviceProviderCode><commentType>ELECTRICAL REVIEW</commentType><documentId>320.4.9</documentId><auditModel><auditDate>2011-03-15T10:49:44-06:00</auditDate><auditID>JWATTERS</auditID><auditStatus>A</auditStatus></auditModel><commentName>Garage Outlets</commentName><comments>Garages require a separate circuit for at least one outlet. This is outlet must be a GFCI outlet connected to a GFCI breaker.</comments><standardCommentI18Ns/></standardCommentModel></standardCommentModels></standardCommentGroup>
<standardCommentGroup><commentType>ELEVATOR REVIEWS</commentType><serviceProviderCode>BPTDEV</serviceProviderCode><standardCommentModels><standardCommentModel><serviceProviderCode>BPTDEV</serviceProviderCode><commentType>ELEVATOR REVIEWS</commentType><documentId>360.1</documentId><auditModel><auditDate>2011-03-15T10:52:11-06:00</auditDate><auditID>JWATTERS</auditID><auditStatus>A</auditStatus></auditModel><commentName>General Provisions</commentName><comments>The provisions of COMAR 09.12.81 (Elevator Safety), COMAR 09. 12.82 (Elevators and Rescue Litters), and COMAR. 09.12.83 (Safety Requirements for Personnel Hoists) shall govern the design, construction, installation, maintenance, and operation of all elevators, dumbwaiters, escalators, moving walks, and special hoisting and conveying equipment hereafter operated, installed, relocated or altered in all building and structures.</comments><standardCommentI18Ns/></standardCommentModel><standardCommentModel><serviceProviderCode>BPTDEV</serviceProviderCode><commentType>ELEVATOR REVIEWS</commentType><documentId>360.2</documentId><auditModel><auditDate>2011-03-15T10:52:55-06:00</auditDate><auditID>JWATTERS</auditID><auditStatus>A</auditStatus></auditModel><commentName>Shaft Enclosure Opening Protection</commentName><comments>Openings other than those provided for elevator doors in new vertical shaft enclosures constructed of one-hour fire-resistive construction shall be equipped with approved fire assemblies having a fire-protection rating of not less than one (1) hour. Openings other than those provided for elevator doors in existing vertical shaft enclosures shall be equipped with approved twenty-minute-rated fire assemblies, one and three-quarters-inch (44 mm) solid wood doors or the equivalent thereto. Doors shall be either self-closing or automatic closing and latching</comments><standardCommentI18Ns/></standardCommentModel><standardCommentModel><serviceProviderCode>BPTDEV</serviceProviderCode><commentType>ELEVATOR REVIEWS</commentType><documentId>360.3</documentId><auditModel><auditDate>2011-03-15T10:53:25-06:00</auditDate><auditID>JWATTERS</auditID><auditStatus>A</auditStatus></auditModel><commentName>Elevator Lobbies</commentName><comments>All elevators on all floors shall open into elevator lobbies that are separated from the remainder of the building as is required for corridor construction in the Building Code, unless the building is protected throughout by a sprinkler system.</comments><standardCommentI18Ns/></standardCommentModel><standardCommentModel><serviceProviderCode>BPTDEV</serviceProviderCode><commentType>ELEVATOR REVIEWS</commentType><documentId>360.4</documentId><auditModel><auditDate>2011-07-14T07:21:04-06:00</auditDate><auditID>JWATTERS</auditID><auditStatus>A</auditStatus></auditModel><commentName>Dampers Integral to the Building Envelope.</commentName><comments>Stair, elevator shaft vents, and other dampers integral to the building envelope shall be equipped with motorized dampers with a maximum leakage rate of three (3) cfm/ft2 [5.1 L/s m2] at one-inch water gauge (w.g.) (250 Pa) when tested in accordance with AMCA 500</comments><standardCommentI18Ns/></standardCommentModel><standardCommentModel><serviceProviderCode>BPTDEV</serviceProviderCode><commentType>ELEVATOR REVIEWS</commentType><documentId>360.5</documentId><auditModel><auditDate>2011-07-14T07:23:19-06:00</auditDate><auditID>JWATTERS</auditID><auditStatus>A</auditStatus></auditModel><commentName>Automatic Elevator Recall System</commentName><comments>Elevators shall be equipped with an approved automatic recall system as required by Section 360.5.2</comments><standardCommentI18Ns/></standardCommentModel><standardCommentModel><serviceProviderCode>BPTDEV</serviceProviderCode><commentType>ELEVATOR REVIEWS</commentType><documentId>360.6</documentId><auditModel><auditDate>2011-07-14T07:24:18-06:00</auditDate><auditID>JWATTERS</auditID><auditStatus>A</auditStatus></auditModel><commentName>Elevator Shaft Ventilation</commentName><comments>Elevator shaft enclosures that extend to the roof shall be vented to the outside with vents whose area shall not be less than three and one-half (3½) percent of the area of the elevator shaft, with a minimum of three (3) square feet (0.28 m2) per elevator. &#xD;
&#xD;
Exception: Where energy conservation or hoistway pressurization requires that the vents be normally closed, automatic venting by actuation of an elevator lobby detector or power failure may be accepted.</comments><standardCommentI18Ns/></standardCommentModel><standardCommentModel><serviceProviderCode>BPTDEV</serviceProviderCode><commentType>ELEVATOR REVIEWS</commentType><documentId>360.7</documentId><auditModel><auditDate>2011-07-14T07:26:28-06:00</auditDate><auditID>JWATTERS</auditID><auditStatus>A</auditStatus></auditModel><commentName>Vertical Shaft Sprinklers</commentName><comments>Vertical shaft enclosures may be of nonrated construction for required exit stairway enclosures. Vertical shaft enclosures of openings in floors provided for elevators, escalators and supplemental stairways shall not be required, provided such openings are protected by an approved curtain board and water curtain sprinkler system, as per NFPA 13 requirements.</comments><standardCommentI18Ns/></standardCommentModel><standardCommentModel><serviceProviderCode>BPTDEV</serviceProviderCode><commentType>ELEVATOR REVIEWS</commentType><documentId>360.8</documentId><auditModel><auditDate>2011-07-14T07:29:08-06:00</auditDate><auditID>JWATTERS</auditID><auditStatus>A</auditStatus></auditModel><commentName>Standby Power</commentName><comments>Standby power for elevators shall be provided as set forth in Section 3003.1.</comments><standardCommentI18Ns/></standardCommentModel><standardCommentModel><serviceProviderCode>BPTDEV</serviceProviderCode><commentType>ELEVATOR REVIEWS</commentType><documentId>360.9</documentId><auditModel><auditDate>2011-07-14T07:25:28-06:00</auditDate><auditID>JWATTERS</auditID><auditStatus>A</auditStatus></auditModel><commentName>Posting of Emergency Plan and Exit Plans</commentName><comments>Copies of the emergency plan and exiting plans (including elevator and stairway placarding) shall be posted in accordance with Section 404 of the Fire Code in locations approved by the chief.</comments><standardCommentI18Ns/></standardCommentModel></standardCommentModels></standardCommentGroup>
<standardCommentGroup><commentType>MECHANICAL REVIEW</commentType><serviceProviderCode>BPTDEV</serviceProviderCode><standardCommentModels><standardCommentModel><serviceProviderCode>BPTDEV</serviceProviderCode><commentType>MECHANICAL REVIEW</commentType><documentId>340.1</documentId><auditModel><auditDate>2011-07-14T07:40:03-06:00</auditDate><auditID>JWATTERS</auditID><auditStatus>A</auditStatus></auditModel><commentName>Duct Sealing</commentName><comments>All ducts, air handlers, filter boxes and building cavities used as ducts shall be sealed. Joints and seams shall comply with Section M1601.4.1 of the International Residential Code. Verification of compliance with this section shall be in accordance with either Section N1103.2.2.1 or Section N1103.2.2.2.</comments><standardCommentI18Ns/></standardCommentModel><standardCommentModel><serviceProviderCode>BPTDEV</serviceProviderCode><commentType>MECHANICAL REVIEW</commentType><documentId>340.2</documentId><auditModel><auditDate>2011-07-14T07:40:34-06:00</auditDate><auditID>JWATTERS</auditID><auditStatus>A</auditStatus></auditModel><commentName>Leak Testing</commentName><comments>Post-construction test: Leakage to outdoors shall be less than or equal to 8 cfm (3.78 L/s) per 100 ft2 (9.29 m2) of conditioned floor area or a total leakage less than or equal to 12 cfm (5.66 L/s) per 100 ft2 (9.29 m2) of conditioned floor area when tested at a pressure differential of 0.1 inch w.g. (25 Pa) across the entire system, including the manufacturer¿s air handler end closure. All register boots shall be taped or otherwise sealed during the test.</comments><standardCommentI18Ns/></standardCommentModel><standardCommentModel><serviceProviderCode>BPTDEV</serviceProviderCode><commentType>MECHANICAL REVIEW</commentType><documentId>341.1</documentId><auditModel><auditDate>2011-07-14T07:32:37-06:00</auditDate><auditID>JWATTERS</auditID><auditStatus>A</auditStatus></auditModel><commentName>Ventilation</commentName><comments>a.  A ventilation system shall be provided that will provide at least the minimum air circulation and fresh air supply requirements of the Mechanical Code, in each room without opening any windows, door or other opening to the exterior. Openable windows or doors will not be counted for compliance with the fresh air provisions. Fresh air must be brought in through the HVAC system. &#xD;
&#xD;
b.  Window and/or through-the-wall ventilation or air-conditioning units shall not be used.&#xD;
&#xD;
c.  All vent ducts connecting the interior space to the outdoors shall contain at least a ten-foot length of internal sound-absorbing duct lining. Each duct shall be provided with a ninety-degree (right angle) bend in the duct such that there is no direct line-of-sight through the duct from the venting cross-section to the room-opening cross-section. Residential bathroom vents discharging at an eave vent need only to have two (2) ninety-degree (right angle) bends. &#xD;
&#xD;
d.  Kitchen cooktop vent hoods shall be the non-ducted recirculating type with no ducted connection to the exterior</comments><standardCommentI18Ns/></standardCommentModel><standardCommentModel><serviceProviderCode>BPTDEV</serviceProviderCode><commentType>MECHANICAL REVIEW</commentType><documentId>341.2</documentId><auditModel><auditDate>2011-07-14T07:33:31-06:00</auditDate><auditID>JWATTERS</auditID><auditStatus>A</auditStatus></auditModel><commentName>Manual HVAC Shutoff</commentName><comments>Heating, ventilating and air-conditioning systems shall be equipped with manual shutoff controls installed at an approved location when required by the fire department.</comments><standardCommentI18Ns/></standardCommentModel><standardCommentModel><serviceProviderCode>BPTDEV</serviceProviderCode><commentType>MECHANICAL REVIEW</commentType><documentId>342.1</documentId><auditModel><auditDate>2011-07-14T07:38:34-06:00</auditDate><auditID>JWATTERS</auditID><auditStatus>A</auditStatus></auditModel><commentName>Exhaust Duct Length</commentName><comments>The maximum length of the exhaust duct shall be 35 feet (10 668 mm) from the connection to the transition duct from the dryer to the outlet terminal. Where fittings are used the maximum length of the exhaust duct shall be reduced in accordance with Table 342.4.4.1.</comments><standardCommentI18Ns/></standardCommentModel><standardCommentModel><serviceProviderCode>BPTDEV</serviceProviderCode><commentType>MECHANICAL REVIEW</commentType><documentId>343.1</documentId><auditModel><auditDate>2011-07-14T07:37:25-06:00</auditDate><auditID>JWATTERS</auditID><auditStatus>A</auditStatus></auditModel><commentName>Required Heating in Dwelling Units</commentName><comments>Heating facilities shall be required in every dwelling unit or portion thereof which is to be rented, leased or let on terms, either expressed or implied, to furnish heat to the occupants thereof. The heating facilities shall be capable of maintaining the room temperature at 65°F (18°C) during the period from October 15 to May 1 during the hours between 6:30 a.m. and 10:30 p.m. of each day and not less than 60°F (16°C) during other hours when measured at a point three feet (914 mm) above the floor and three feet (914 mm) from the exterior walls. The capability of the heating system shall be based on the outside design temperature required for the locality by this code.</comments><standardCommentI18Ns/></standardCommentModel><standardCommentModel><serviceProviderCode>BPTDEV</serviceProviderCode><commentType>MECHANICAL REVIEW</commentType><documentId>343.3</documentId><auditModel><auditDate>2011-03-15T10:29:43-06:00</auditDate><auditID>JWATTERS</auditID><auditStatus>A</auditStatus></auditModel><commentName>Outdoor Airflow Rate</commentName><comments>Ventilation systems shall be designed to have the capacity to supply the minimum outdoor airflow rate determined in accordance with this section. The occupant load utilized for design of the ventilation system shall not be less than the number determined from the estimated maximum occupant load rate indicated in Table 343.3. Ventilation rates for occupancies not represented in Table 343.3 shall be those for a listed occupancy classification that is most similar in terms of occupant density, activities and building construction; or shall be determined by an approved engineering analysis. The ventilation system shall be designed to supply the required rate of ventilation air continuously during the period the building is occupied, except as otherwise stated in other provisions of the code.</comments><standardCommentI18Ns/></standardCommentModel><standardCommentModel><serviceProviderCode>BPTDEV</serviceProviderCode><commentType>MECHANICAL REVIEW</commentType><documentId>343.4</documentId><auditModel><auditDate>2011-07-14T07:30:57-06:00</auditDate><auditID>JWATTERS</auditID><auditStatus>A</auditStatus></auditModel><commentName>HVAC Energy Efficiency Inspections</commentName><comments>Inspections shall be made to determine compliance with the Energy Code and shall include, but not be limited to, inspections for: envelope insulation R and U values, fenestration U value, duct system R value, and HVAC and water-heating equipment efficiency.</comments><standardCommentI18Ns/></standardCommentModel><standardCommentModel><serviceProviderCode>BPTDEV</serviceProviderCode><commentType>MECHANICAL REVIEW</commentType><documentId>344.1</documentId><auditModel><auditDate>2011-07-14T07:36:00-06:00</auditDate><auditID>JWATTERS</auditID><auditStatus>A</auditStatus></auditModel><commentName>Boiler Control Requirements</commentName><comments>The power supply to the electrical control system for boilers shall be from a two-wire branch circuit that has a grounded conductor, or from an isolation transformer with a two-wire secondary. Where an isolation transformer is provided, one (1) conductor of the secondary winding shall be grounded. Control voltage shall not exceed one hundred fifty (150) volts nominal, line to line. Control and limit devices shall interrupt the ungrounded side of the circuit. A means of manually disconnecting the control circuit shall be provided and controls shall be arranged so that when deenergized, the burner shall be inoperative. Such disconnecting means shall be capable of being locked in the off position and shall be provided with ready access.</comments><standardCommentI18Ns/></standardCommentModel><standardCommentModel><serviceProviderCode>BPTDEV</serviceProviderCode><commentType>MECHANICAL REVIEW</commentType><documentId>344.2</documentId><auditModel><auditDate>2011-07-14T07:42:43-06:00</auditDate><auditID>JWATTERS</auditID><auditStatus>A</auditStatus></auditModel><commentName>Boiler Room Construction</commentName><comments>Every room containing a boiler, central heating plant or hot-water supply boiler in a multi-family dwelling shall be separated from the rest of building or structure by not less than one-hour fire-resistive occupancy separation; except that a separation shall not be required for such rooms with equipment serving only one (1) dwelling unit.</comments><standardCommentI18Ns/></standardCommentModel></standardCommentModels></standardCommentGroup>
<standardCommentGroup><commentType>PLUMBING REVIEW</commentType><serviceProviderCode>BPTDEV</serviceProviderCode><standardCommentModels><standardCommentModel><serviceProviderCode>BPTDEV</serviceProviderCode><commentType>PLUMBING REVIEW</commentType><documentId>352.2</documentId><auditModel><auditDate>2011-03-15T10:30:27-06:00</auditDate><auditID>JWATTERS</auditID><auditStatus>A</auditStatus></auditModel><commentName>Tracer Wire</commentName><comments>Nonmetallic sanitary sewer piping that discharges to public systems shall be locatable. An insulated copper tracer wire, 18 AWG minimum in size and suitable for direct burial or an equivalent product, shall be utilized. The wire shall be installed in the same trench as the sewer within 12 inches (305 mm) of the pipe and shall be installed from within five feet of the building wall to the point where the building sewer intersects with the public system. At a minimum, one end of the wire shall terminate above grade in an accessible location that is resistant to physical damage, such as with a cleanout or at the building wall.</comments><standardCommentI18Ns/></standardCommentModel><standardCommentModel><serviceProviderCode>BPTDEV</serviceProviderCode><commentType>PLUMBING REVIEW</commentType><documentId>352.3</documentId><auditModel><auditDate>2011-03-15T10:31:06-06:00</auditDate><auditID>JWATTERS</auditID><auditStatus>A</auditStatus></auditModel><commentName>Connections to Drainage System</commentName><comments>All plumbing fixtures, drains, appurtenances and appliances used to receive or discharge liquid wastes or sewage shall be directly connected to the sanitary drainage system of the building or premises, in accordance with the requirements of this code. This section shall not be construed to prevent indirect waste systems required by Chapter 8.</comments><standardCommentI18Ns/></standardCommentModel><standardCommentModel><serviceProviderCode>BPTDEV</serviceProviderCode><commentType>PLUMBING REVIEW</commentType><documentId>352.4.1</documentId><auditModel><auditDate>2011-03-15T10:31:47-06:00</auditDate><auditID>JWATTERS</auditID><auditStatus>A</auditStatus></auditModel><commentName>Water Distribution Design</commentName><comments>The design of the water distribution system, including any reclaimed water distribution systems governed by the state Water Reclamation and Reuse Regulation (9 VAC 25-740), shall conform to accepted engineering practice. Methods utilized to determine pipe sizes shall be approved.</comments><standardCommentI18Ns/></standardCommentModel><standardCommentModel><serviceProviderCode>BPTDEV</serviceProviderCode><commentType>PLUMBING REVIEW</commentType><documentId>352.4.2</documentId><auditModel><auditDate>2011-03-15T10:32:37-06:00</auditDate><auditID>JWATTERS</auditID><auditStatus>A</auditStatus></auditModel><commentName>Gray Water Pipe ID</commentName><comments>The color of the pipe identification shall be discernable and consistent throughout the building.  The color purple shall be used to identify rain and gray water distribution systems.</comments><standardCommentI18Ns/></standardCommentModel><standardCommentModel><serviceProviderCode>BPTDEV</serviceProviderCode><commentType>PLUMBING REVIEW</commentType><documentId>352.4.3</documentId><auditModel><auditDate>2011-03-15T10:34:32-06:00</auditDate><auditID>JWATTERS</auditID><auditStatus>A</auditStatus></auditModel><commentName>Gray Water Collection Reservoir</commentName><comments>Gray water shall be collected in an approved reservoir constructed of durable, nonabsorbent and corrosion-resistant materials. The reservoir shall be a closed vessel. Access openings shall be provided to allow inspection and cleaning of the reservoir interior.</comments><standardCommentI18Ns/></standardCommentModel><standardCommentModel><serviceProviderCode>BPTDEV</serviceProviderCode><commentType>PLUMBING REVIEW</commentType><documentId>353.4</documentId><auditModel><auditDate>2011-03-15T10:33:30-06:00</auditDate><auditID>JWATTERS</auditID><auditStatus>A</auditStatus></auditModel><commentName>Residential Water Heaters</commentName><comments>Water heaters installed in residential occupancies shall be sized in accordance with Table 353. The use of a more energy efficient water heater with a smaller storage capacity is allowed as per the requirements of the note located at the bottom of Table 353.</comments><standardCommentI18Ns/></standardCommentModel><standardCommentModel><serviceProviderCode>BPTDEV</serviceProviderCode><commentType>PLUMBING REVIEW</commentType><documentId>353.8</documentId><auditModel><auditDate>2011-03-15T10:35:11-06:00</auditDate><auditID>JWATTERS</auditID><auditStatus>A</auditStatus></auditModel><commentName>Interceptor Traps</commentName><comments>When the interceptor traps or house trailer site traps are installed at the same time as a building sewer on any lot, no sewer permit shall be required for the connection of any such trap to an appropriate inlet fitting provided in the building sewer by the permittee constructing such sewer.</comments><standardCommentI18Ns/></standardCommentModel></standardCommentModels></standardCommentGroup>
<standardCommentGroup><commentType>STREETS</commentType><serviceProviderCode>BPTDEV</serviceProviderCode><standardCommentModels><standardCommentModel><serviceProviderCode>BPTDEV</serviceProviderCode><commentType>STREETS</commentType><documentId>500.18</documentId><auditModel><auditDate>2011-07-13T15:46:13-06:00</auditDate><auditID>JWATTERS</auditID><auditStatus>A</auditStatus></auditModel><commentName>Expressway Arterial Design</commentName><comments>An expressway arterial is a higher order arterial street designed to carry high volumes of through and interstate traffic, having grade separations at selected intersections with other Expressways and arterial streets. At-grade separations, entrance/exit ramps, and frontage roads provide traffic interchange with cross streets. Design criteria is generally greater than that of principal arterials and is established by state and federal highway authorities. Some expressway systems also function with HOV lanes and as toll road facilities controlled by the North Texas Tollway Authority. &#xD;
&#xD;
Only a few facilities of this type will be constructed, therefore utilization and location shall be approved by the city council during the planning phase of the street system. &#xD;
&#xD;
Average daily traffic volumes. Average traffic capacities on expressways are generally between sixty thousand (60,000) to two hundred thousand (200,000) vehicles per day. &#xD;
&#xD;
Right-of-way and roadway design standards shall be determined by state and Federal Roadway Design Standards</comments><standardCommentI18Ns/></standardCommentModel><standardCommentModel><serviceProviderCode>BPTDEV</serviceProviderCode><commentType>STREETS</commentType><documentId>500.18.2</documentId><auditModel><auditDate>2011-07-13T15:47:19-06:00</auditDate><auditID>JWATTERS</auditID><auditStatus>A</auditStatus></auditModel><commentName>Principal Arterial Design</commentName><comments>The principal arterial street system serves the major centers of activity of a metropolitan area, the highest traffic volume corridors, and the longest trip desires. The principal arterial system carries a high proportion of the total urban area travel on a minimum of mileage. This system is integrated, both internally and between major outlying areas. The arterial street system should carry the major portion of trips entering and leaving the urban area, as well as the majority of through movements desiring to bypass the central city. In addition, significant intra-area travel, such as between central business districts and outlying residential areas, between major inner city communities, and between major suburban centers are served by this class of facility. Frequently the principal arterial system carries important intra-urban as well as inter-city bus routes. &#xD;
&#xD;
Average daily traffic volumes. Average traffic capacities on principal arterials are normally between thirty thousand (30,000) to forty-five thousand (45,000) vehicles per day and upwards to fifty thousand (50,000) vehicles per day on regional arterials. &#xD;
&#xD;
Right-of-way and roadway design standards. See table of geometric street Design Standards.</comments><standardCommentI18Ns/></standardCommentModel><standardCommentModel><serviceProviderCode>BPTDEV</serviceProviderCode><commentType>STREETS</commentType><documentId>500.18.3</documentId><auditModel><auditDate>2011-07-13T15:48:26-06:00</auditDate><auditID>JWATTERS</auditID><auditStatus>A</auditStatus></auditModel><commentName>Major Arterial Design</commentName><comments>The major arterial street system connects with the principal arterial system to accommodate trips of moderate length with a lower level of travel mobility and a higher level of land access. The major arterial street system distributes trips to geographical areas and serves major commercial and industrial districts. Such facilities may carry local bus routes and provide inter-community continuity, but should not penetrate identifiable neighborhoods. &#xD;
&#xD;
Average daily traffic volumes. Average traffic capacities on major arterials are generally in the area of fifteen thousand (15,000) to thirty-five thousand (35,000) vehicles per day. &#xD;
&#xD;
Right-of-way and roadway design standards. See table of geometric street design standards</comments><standardCommentI18Ns/></standardCommentModel><standardCommentModel><serviceProviderCode>BPTDEV</serviceProviderCode><commentType>STREETS</commentType><documentId>500.18.4</documentId><auditModel><auditDate>2011-07-13T15:49:43-06:00</auditDate><auditID>JWATTERS</auditID><auditStatus>A</auditStatus></auditModel><commentName>Collector Street Design</commentName><comments>The collector street system differs from the arterial systems in that facilities on the collector system may penetrate neighborhoods, distributing trips from the arterials through the neighborhood area to the ultimate destination such as a park, elementary, or middle school, which may be on a residential street or a collector street. Conversely, the collector street also collects traffic from residential streets in the neighborhood and channels it into the arterial systems. In some cases, due to the design of the overall street system, a minor amount of through traffic may be carried on some collector streets. &#xD;
&#xD;
The collector provides for both land access service and local traffic movements within residential neighborhoods, commercial areas, and industrial areas. &#xD;
&#xD;
Street layout shall provide for the continuation of collector streets in areas between Arterial streets and should not be more than one-half (½) mile in length. Such facilities may contain the collector portion of some bus routes. &#xD;
&#xD;
Average daily traffic volumes. Average traffic volumes on collector streets should not exceed five thousand (5,000) vehicles per day in residential areas, and eight thousand (8,000) vehicles per day in commercial or industrial areas. &#xD;
&#xD;
Right-of-way and roadway design standards.  Residential collectors (C): See table of geometric street design standards.  Commercial collectors: See table of geometric street design standards.</comments><standardCommentI18Ns/></standardCommentModel></standardCommentModels></standardCommentGroup>
<standardCommentGroup><commentType>TEMPORARY STRUCTURES</commentType><serviceProviderCode>BPTDEV</serviceProviderCode><standardCommentModels><standardCommentModel><serviceProviderCode>BPTDEV</serviceProviderCode><commentType>TEMPORARY STRUCTURES</commentType><documentId>309.1.1</documentId><auditModel><auditDate>2011-03-15T10:56:58-06:00</auditDate><auditID>JWATTERS</auditID><auditStatus>A</auditStatus></auditModel><commentName>Temporary Structure Permits</commentName><comments>All temporary structures that cover an area in excess of 750 sq. ft. shall not be erected, operated, or maintained for any purpose without obtaining a permit from the Code Official</comments><standardCommentI18Ns/></standardCommentModel><standardCommentModel><serviceProviderCode>BPTDEV</serviceProviderCode><commentType>TEMPORARY STRUCTURES</commentType><documentId>309.1.2</documentId><auditModel><auditDate>2011-03-15T10:56:18-06:00</auditDate><auditID>JWATTERS</auditID><auditStatus>A</auditStatus></auditModel><commentName>Authorization</commentName><comments>The building official is authorized to issue a permit for temporary structures and temporary uses. Such permits shall be limited as to time of service as specified in Section 300.3.</comments><standardCommentI18Ns/></standardCommentModel><standardCommentModel><serviceProviderCode>BPTDEV</serviceProviderCode><commentType>TEMPORARY STRUCTURES</commentType><documentId>309.1.3</documentId><auditModel><auditDate>2011-03-15T10:56:05-06:00</auditDate><auditID>JWATTERS</auditID><auditStatus>A</auditStatus></auditModel><commentName>Conformance</commentName><comments>Temporary structures and uses shall conform to the structural strength, fire safety, means of egress, accessibility, light, ventilation, energy and sanitary requirements of this code, as deemed appropriate by the building official and Fire Chief, as necessary to ensure the public health, safety and general welfare.</comments><standardCommentI18Ns/></standardCommentModel><standardCommentModel><serviceProviderCode>BPTDEV</serviceProviderCode><commentType>TEMPORARY STRUCTURES</commentType><documentId>309.1.8</documentId><auditModel><auditDate>2011-03-15T10:57:23-06:00</auditDate><auditID>JWATTERS</auditID><auditStatus>A</auditStatus></auditModel><commentName>Temporary Certificate of Occupancy</commentName><comments>Certificate of Occupancy. A Temporary Certificate of Occupancy for a period up to but not to exceed twenty-four (24) months</comments><standardCommentI18Ns/></standardCommentModel></standardCommentModels></standardCommentGroup>
</list>