<?xml version="1.0" encoding="UTF-8" standalone="yes"?>
<list  version="8.0.0" minorVersion="15" exportUser="ADMIN" exportDateTime="03/30/2016 08:15 PM" description="null"><condition><conditionNbr>17</conditionNbr><serviceProviderCode>BPTDEV</serviceProviderCode><auditModel><auditDate>2013-03-12T08:29:09-06:00</auditDate><auditID>ADMIN</auditID><auditStatus>A</auditStatus></auditModel><conditionApproveFlag>N</conditionApproveFlag><conditionComment>As-Built Plans are required for all construction that has been altered from approved plans during the construction phase.</conditionComment><conditionDesc>As Built Plans</conditionDesc><conditionGroup>Building</conditionGroup><conditionInspectionRelationModels/><conditionPermissionModels><ConditionPermission><policySeq>2987</policySeq><serviceProviderCode>BPTDEV</serviceProviderCode><data1>17</data1><levelData>400</levelData><levelType>Group</levelType><policyName>STDCondSec</policyName><recDate>2013-06-20T15:13:00-06:00</recDate><recFulNam>ADMIN</recFulNam><recStatus>A</recStatus><rightGranted>F</rightGranted><status>E</status><userGropModel refId="1@VirtualUserGroupModel"><moduleName>Permits</moduleName><serviceProviderCode>BPTDEV</serviceProviderCode><userGroup>PermitsAdmin</userGroup></userGropModel></ConditionPermission><ConditionPermission><policySeq>2988</policySeq><serviceProviderCode>BPTDEV</serviceProviderCode><data1>17</data1><levelData>561</levelData><levelType>Group</levelType><policyName>STDCondSec</policyName><recDate>2013-06-20T15:13:00-06:00</recDate><recFulNam>ADMIN</recFulNam><recStatus>A</recStatus><rightGranted>F</rightGranted><status>E</status><userGropModel refId="2@VirtualUserGroupModel"><moduleName>Permits</moduleName><serviceProviderCode>BPTDEV</serviceProviderCode><userGroup>PermitsAgencyAdmin</userGroup></userGropModel></ConditionPermission><ConditionPermission><policySeq>2989</policySeq><serviceProviderCode>BPTDEV</serviceProviderCode><data1>17</data1><levelData>551</levelData><levelType>Group</levelType><policyName>STDCondSec</policyName><recDate>2013-06-20T15:13:00-06:00</recDate><recFulNam>ADMIN</recFulNam><recStatus>A</recStatus><rightGranted>F</rightGranted><status>E</status><userGropModel refId="3@VirtualUserGroupModel"><moduleName>Permits</moduleName><serviceProviderCode>BPTDEV</serviceProviderCode><userGroup>PermitsDaily</userGroup></userGropModel></ConditionPermission><ConditionPermission><policySeq>761</policySeq><serviceProviderCode>BPTDEV</serviceProviderCode><data1>17</data1><levelData>361</levelData><levelType>Group</levelType><policyName>STDCondSec</policyName><recDate>2012-02-12T20:14:12-07:00</recDate><recFulNam>ADMIN</recFulNam><recStatus>A</recStatus><rightGranted>F</rightGranted><status>E</status><userGropModel refId="4@VirtualUserGroupModel"><moduleName>Building</moduleName><serviceProviderCode>BPTDEV</serviceProviderCode><userGroup>BuildingAdmin</userGroup></userGropModel></ConditionPermission><ConditionPermission><policySeq>287969</policySeq><serviceProviderCode>BPTDEV</serviceProviderCode><data1>17</data1><levelData>701</levelData><levelType>Group</levelType><policyName>STDCondSec</policyName><recDate>2015-06-16T15:21:20-06:00</recDate><recFulNam>ADMIN</recFulNam><recStatus>A</recStatus><rightGranted>F</rightGranted><status>E</status><userGropModel refId="5@VirtualUserGroupModel"><moduleName>Building</moduleName><serviceProviderCode>BPTDEV</serviceProviderCode><userGroup>BuildingAgencyAdmin</userGroup></userGropModel></ConditionPermission><ConditionPermission><policySeq>287976</policySeq><serviceProviderCode>BPTDEV</serviceProviderCode><data1>17</data1><levelData>703</levelData><levelType>Group</levelType><policyName>STDCondSec</policyName><recDate>2015-06-16T15:21:20-06:00</recDate><recFulNam>ADMIN</recFulNam><recStatus>A</recStatus><rightGranted>F</rightGranted><status>E</status><userGropModel refId="6@VirtualUserGroupModel"><moduleName>Building</moduleName><serviceProviderCode>BPTDEV</serviceProviderCode><userGroup>BuildingDaily</userGroup></userGropModel></ConditionPermission></conditionPermissionModels><conditionType>Building Permit</conditionType><conditionWorkflowRelationModels/><displayConditionNotice>Y</displayConditionNotice><displayNoticeOnACA>Y</displayNoticeOnACA><displayNoticeOnACAFee>N</displayNoticeOnACAFee><impactCode>Notice</impactCode><includeInConditionName>Y</includeInConditionName><includeInShortDescription>Y</includeInShortDescription><inheritable>N</inheritable><isPermissionSelected>Y</isPermissionSelected><isRecordTypesSelected>Y</isRecordTypesSelected><isWorkflowSelected>Y</isWorkflowSelected><longDescripton>As-Built Plans are required for all construction that has been altered from approved plans during the construction phase</longDescripton><templateAttributes/></condition>
<condition><conditionNbr>18</conditionNbr><serviceProviderCode>BPTDEV</serviceProviderCode><auditModel><auditDate>2013-03-12T08:29:09-06:00</auditDate><auditID>ADMIN</auditID><auditStatus>A</auditStatus></auditModel><conditionApproveFlag>N</conditionApproveFlag><conditionComment>Minor revisions noted on plans.  Items to be correct during construction</conditionComment><conditionDesc>Field Review of Minor Revisions</conditionDesc><conditionGroup>Building</conditionGroup><conditionInspectionRelationModels/><conditionPermissionModels><ConditionPermission><policySeq>2992</policySeq><serviceProviderCode>BPTDEV</serviceProviderCode><data1>18</data1><levelData>551</levelData><levelType>Group</levelType><policyName>STDCondSec</policyName><recDate>2013-06-20T15:13:18-06:00</recDate><recFulNam>ADMIN</recFulNam><recStatus>A</recStatus><rightGranted>F</rightGranted><status>E</status><userGropModel refId="1@VirtualUserGroupModel"><moduleName>Permits</moduleName><serviceProviderCode>BPTDEV</serviceProviderCode><userGroup>PermitsDaily</userGroup></userGropModel></ConditionPermission><ConditionPermission><policySeq>2990</policySeq><serviceProviderCode>BPTDEV</serviceProviderCode><data1>18</data1><levelData>400</levelData><levelType>Group</levelType><policyName>STDCondSec</policyName><recDate>2013-06-20T15:13:18-06:00</recDate><recFulNam>ADMIN</recFulNam><recStatus>A</recStatus><rightGranted>F</rightGranted><status>E</status><userGropModel refId="2@VirtualUserGroupModel"><moduleName>Permits</moduleName><serviceProviderCode>BPTDEV</serviceProviderCode><userGroup>PermitsAdmin</userGroup></userGropModel></ConditionPermission><ConditionPermission><policySeq>2991</policySeq><serviceProviderCode>BPTDEV</serviceProviderCode><data1>18</data1><levelData>561</levelData><levelType>Group</levelType><policyName>STDCondSec</policyName><recDate>2013-06-20T15:13:18-06:00</recDate><recFulNam>ADMIN</recFulNam><recStatus>A</recStatus><rightGranted>F</rightGranted><status>E</status><userGropModel refId="3@VirtualUserGroupModel"><moduleName>Permits</moduleName><serviceProviderCode>BPTDEV</serviceProviderCode><userGroup>PermitsAgencyAdmin</userGroup></userGropModel></ConditionPermission><ConditionPermission><policySeq>763</policySeq><serviceProviderCode>BPTDEV</serviceProviderCode><data1>18</data1><levelData>361</levelData><levelType>Group</levelType><policyName>STDCondSec</policyName><recDate>2012-02-12T20:14:49-07:00</recDate><recFulNam>ADMIN</recFulNam><recStatus>A</recStatus><rightGranted>F</rightGranted><status>E</status><userGropModel refId="4@VirtualUserGroupModel"><moduleName>Building</moduleName><serviceProviderCode>BPTDEV</serviceProviderCode><userGroup>BuildingAdmin</userGroup></userGropModel></ConditionPermission><ConditionPermission><policySeq>287970</policySeq><serviceProviderCode>BPTDEV</serviceProviderCode><data1>18</data1><levelData>701</levelData><levelType>Group</levelType><policyName>STDCondSec</policyName><recDate>2015-06-16T15:21:20-06:00</recDate><recFulNam>ADMIN</recFulNam><recStatus>A</recStatus><rightGranted>F</rightGranted><status>E</status><userGropModel refId="5@VirtualUserGroupModel"><moduleName>Building</moduleName><serviceProviderCode>BPTDEV</serviceProviderCode><userGroup>BuildingAgencyAdmin</userGroup></userGropModel></ConditionPermission><ConditionPermission><policySeq>287977</policySeq><serviceProviderCode>BPTDEV</serviceProviderCode><data1>18</data1><levelData>703</levelData><levelType>Group</levelType><policyName>STDCondSec</policyName><recDate>2015-06-16T15:21:20-06:00</recDate><recFulNam>ADMIN</recFulNam><recStatus>A</recStatus><rightGranted>F</rightGranted><status>E</status><userGropModel refId="6@VirtualUserGroupModel"><moduleName>Building</moduleName><serviceProviderCode>BPTDEV</serviceProviderCode><userGroup>BuildingDaily</userGroup></userGropModel></ConditionPermission></conditionPermissionModels><conditionType>Building Permit</conditionType><conditionWorkflowRelationModels/><displayConditionNotice>Y</displayConditionNotice><displayNoticeOnACA>Y</displayNoticeOnACA><displayNoticeOnACAFee>N</displayNoticeOnACAFee><impactCode>Notice</impactCode><includeInConditionName>Y</includeInConditionName><includeInShortDescription>Y</includeInShortDescription><inheritable>N</inheritable><isPermissionSelected>Y</isPermissionSelected><isRecordTypesSelected>Y</isRecordTypesSelected><isWorkflowSelected>Y</isWorkflowSelected><longDescripton>Minor revisions noted on plans.  Items to be correct during construction and approved/denied by the assigned Inspector.</longDescripton><templateAttributes/></condition>
<condition><conditionNbr>19</conditionNbr><serviceProviderCode>BPTDEV</serviceProviderCode><auditModel><auditDate>2013-03-12T08:29:26-06:00</auditDate><auditID>ADMIN</auditID><auditStatus>A</auditStatus></auditModel><conditionApproveFlag>N</conditionApproveFlag><conditionComment>Property and/or structure is noted as Historic.  Approval from the Historic Commission is required prior to Issuing the permit.</conditionComment><conditionDesc>Historic Commission Approval Required</conditionDesc><conditionGroup>Building</conditionGroup><conditionInspectionRelationModels/><conditionPermissionModels><ConditionPermission><policySeq>3002</policySeq><serviceProviderCode>BPTDEV</serviceProviderCode><data1>19</data1><levelData>400</levelData><levelType>Group</levelType><policyName>STDCondSec</policyName><recDate>2013-06-20T15:14:37-06:00</recDate><recFulNam>ADMIN</recFulNam><recStatus>A</recStatus><rightGranted>F</rightGranted><status>E</status><userGropModel refId="1@VirtualUserGroupModel"><moduleName>Permits</moduleName><serviceProviderCode>BPTDEV</serviceProviderCode><userGroup>PermitsAdmin</userGroup></userGropModel></ConditionPermission><ConditionPermission><policySeq>3003</policySeq><serviceProviderCode>BPTDEV</serviceProviderCode><data1>19</data1><levelData>561</levelData><levelType>Group</levelType><policyName>STDCondSec</policyName><recDate>2013-06-20T15:14:37-06:00</recDate><recFulNam>ADMIN</recFulNam><recStatus>A</recStatus><rightGranted>F</rightGranted><status>E</status><userGropModel refId="2@VirtualUserGroupModel"><moduleName>Permits</moduleName><serviceProviderCode>BPTDEV</serviceProviderCode><userGroup>PermitsAgencyAdmin</userGroup></userGropModel></ConditionPermission><ConditionPermission><policySeq>3004</policySeq><serviceProviderCode>BPTDEV</serviceProviderCode><data1>19</data1><levelData>551</levelData><levelType>Group</levelType><policyName>STDCondSec</policyName><recDate>2013-06-20T15:14:37-06:00</recDate><recFulNam>ADMIN</recFulNam><recStatus>A</recStatus><rightGranted>F</rightGranted><status>E</status><userGropModel refId="3@VirtualUserGroupModel"><moduleName>Permits</moduleName><serviceProviderCode>BPTDEV</serviceProviderCode><userGroup>PermitsDaily</userGroup></userGropModel></ConditionPermission><ConditionPermission><policySeq>771</policySeq><serviceProviderCode>BPTDEV</serviceProviderCode><data1>19</data1><levelData>361</levelData><levelType>Group</levelType><policyName>STDCondSec</policyName><recDate>2012-02-12T20:18:15-07:00</recDate><recFulNam>ADMIN</recFulNam><recStatus>A</recStatus><rightGranted>F</rightGranted><status>E</status><userGropModel refId="4@VirtualUserGroupModel"><moduleName>Building</moduleName><serviceProviderCode>BPTDEV</serviceProviderCode><userGroup>BuildingAdmin</userGroup></userGropModel></ConditionPermission><ConditionPermission><policySeq>287971</policySeq><serviceProviderCode>BPTDEV</serviceProviderCode><data1>19</data1><levelData>701</levelData><levelType>Group</levelType><policyName>STDCondSec</policyName><recDate>2015-06-16T15:21:20-06:00</recDate><recFulNam>ADMIN</recFulNam><recStatus>A</recStatus><rightGranted>F</rightGranted><status>E</status><userGropModel refId="5@VirtualUserGroupModel"><moduleName>Building</moduleName><serviceProviderCode>BPTDEV</serviceProviderCode><userGroup>BuildingAgencyAdmin</userGroup></userGropModel></ConditionPermission><ConditionPermission><policySeq>287978</policySeq><serviceProviderCode>BPTDEV</serviceProviderCode><data1>19</data1><levelData>703</levelData><levelType>Group</levelType><policyName>STDCondSec</policyName><recDate>2015-06-16T15:21:20-06:00</recDate><recFulNam>ADMIN</recFulNam><recStatus>A</recStatus><rightGranted>F</rightGranted><status>E</status><userGropModel refId="6@VirtualUserGroupModel"><moduleName>Building</moduleName><serviceProviderCode>BPTDEV</serviceProviderCode><userGroup>BuildingDaily</userGroup></userGropModel></ConditionPermission></conditionPermissionModels><conditionType>Building Plans</conditionType><conditionWorkflowRelationModels/><displayConditionNotice>Y</displayConditionNotice><displayNoticeOnACA>Y</displayNoticeOnACA><displayNoticeOnACAFee>N</displayNoticeOnACAFee><impactCode>Notice</impactCode><includeInConditionName>Y</includeInConditionName><includeInShortDescription>Y</includeInShortDescription><inheritable>N</inheritable><isPermissionSelected>Y</isPermissionSelected><isRecordTypesSelected>Y</isRecordTypesSelected><isWorkflowSelected>Y</isWorkflowSelected><longDescripton>Exterior Repairs, alterations and additions necessary for the preservation, restoration, rehabilitation or continued use of a building or structure may not be made without the approval of the City¿s Historic Commission.  Please contact the Planning Dept. for more information</longDescripton><templateAttributes/></condition>
<condition><conditionNbr>20</conditionNbr><serviceProviderCode>BPTDEV</serviceProviderCode><auditModel><auditDate>2013-03-12T08:29:09-06:00</auditDate><auditID>ADMIN</auditID><auditStatus>A</auditStatus></auditModel><conditionApproveFlag>N</conditionApproveFlag><conditionComment>Certificate of Occupancy or HOLD due to recorded building code violations.  Please contact the Building Dept. for details</conditionComment><conditionDesc>Hold CO</conditionDesc><conditionGroup>Building</conditionGroup><conditionInspectionRelationModels/><conditionPermissionModels><ConditionPermission><policySeq>2993</policySeq><serviceProviderCode>BPTDEV</serviceProviderCode><data1>20</data1><levelData>400</levelData><levelType>Group</levelType><policyName>STDCondSec</policyName><recDate>2013-06-20T15:13:37-06:00</recDate><recFulNam>ADMIN</recFulNam><recStatus>A</recStatus><rightGranted>F</rightGranted><status>E</status><userGropModel refId="1@VirtualUserGroupModel"><moduleName>Permits</moduleName><serviceProviderCode>BPTDEV</serviceProviderCode><userGroup>PermitsAdmin</userGroup></userGropModel></ConditionPermission><ConditionPermission><policySeq>2994</policySeq><serviceProviderCode>BPTDEV</serviceProviderCode><data1>20</data1><levelData>561</levelData><levelType>Group</levelType><policyName>STDCondSec</policyName><recDate>2013-06-20T15:13:37-06:00</recDate><recFulNam>ADMIN</recFulNam><recStatus>A</recStatus><rightGranted>F</rightGranted><status>E</status><userGropModel refId="2@VirtualUserGroupModel"><moduleName>Permits</moduleName><serviceProviderCode>BPTDEV</serviceProviderCode><userGroup>PermitsAgencyAdmin</userGroup></userGropModel></ConditionPermission><ConditionPermission><policySeq>2995</policySeq><serviceProviderCode>BPTDEV</serviceProviderCode><data1>20</data1><levelData>551</levelData><levelType>Group</levelType><policyName>STDCondSec</policyName><recDate>2013-06-20T15:13:37-06:00</recDate><recFulNam>ADMIN</recFulNam><recStatus>A</recStatus><rightGranted>F</rightGranted><status>E</status><userGropModel refId="3@VirtualUserGroupModel"><moduleName>Permits</moduleName><serviceProviderCode>BPTDEV</serviceProviderCode><userGroup>PermitsDaily</userGroup></userGropModel></ConditionPermission><ConditionPermission><policySeq>765</policySeq><serviceProviderCode>BPTDEV</serviceProviderCode><data1>20</data1><levelData>361</levelData><levelType>Group</levelType><policyName>STDCondSec</policyName><recDate>2012-02-12T20:15:34-07:00</recDate><recFulNam>ADMIN</recFulNam><recStatus>A</recStatus><rightGranted>F</rightGranted><status>E</status><userGropModel refId="4@VirtualUserGroupModel"><moduleName>Building</moduleName><serviceProviderCode>BPTDEV</serviceProviderCode><userGroup>BuildingAdmin</userGroup></userGropModel></ConditionPermission><ConditionPermission><policySeq>287972</policySeq><serviceProviderCode>BPTDEV</serviceProviderCode><data1>20</data1><levelData>701</levelData><levelType>Group</levelType><policyName>STDCondSec</policyName><recDate>2015-06-16T15:21:20-06:00</recDate><recFulNam>ADMIN</recFulNam><recStatus>A</recStatus><rightGranted>F</rightGranted><status>E</status><userGropModel refId="5@VirtualUserGroupModel"><moduleName>Building</moduleName><serviceProviderCode>BPTDEV</serviceProviderCode><userGroup>BuildingAgencyAdmin</userGroup></userGropModel></ConditionPermission><ConditionPermission><policySeq>287979</policySeq><serviceProviderCode>BPTDEV</serviceProviderCode><data1>20</data1><levelData>703</levelData><levelType>Group</levelType><policyName>STDCondSec</policyName><recDate>2015-06-16T15:21:20-06:00</recDate><recFulNam>ADMIN</recFulNam><recStatus>A</recStatus><rightGranted>F</rightGranted><status>E</status><userGropModel refId="6@VirtualUserGroupModel"><moduleName>Building</moduleName><serviceProviderCode>BPTDEV</serviceProviderCode><userGroup>BuildingDaily</userGroup></userGropModel></ConditionPermission></conditionPermissionModels><conditionType>Building Permit</conditionType><conditionWorkflowRelationModels/><displayConditionNotice>Y</displayConditionNotice><displayNoticeOnACA>Y</displayNoticeOnACA><displayNoticeOnACAFee>N</displayNoticeOnACAFee><impactCode>Hold</impactCode><includeInConditionName>Y</includeInConditionName><includeInShortDescription>Y</includeInShortDescription><inheritable>N</inheritable><isPermissionSelected>Y</isPermissionSelected><isRecordTypesSelected>Y</isRecordTypesSelected><isWorkflowSelected>Y</isWorkflowSelected><longDescripton>Certificate of Occupancy or HOLD due to recorded building code violations.  Please contact the Building Dept. for details</longDescripton><templateAttributes/></condition>
<condition><conditionNbr>21</conditionNbr><serviceProviderCode>BPTDEV</serviceProviderCode><auditModel><auditDate>2013-03-12T08:29:09-06:00</auditDate><auditID>ADMIN</auditID><auditStatus>A</auditStatus></auditModel><conditionApproveFlag>N</conditionApproveFlag><conditionComment>Stop Work applied to open permit due to infraction with one or more of the current building codes.</conditionComment><conditionDesc>Stop Work Order</conditionDesc><conditionGroup>Building</conditionGroup><conditionInspectionRelationModels/><conditionPermissionModels><ConditionPermission><policySeq>2996</policySeq><serviceProviderCode>BPTDEV</serviceProviderCode><data1>21</data1><levelData>400</levelData><levelType>Group</levelType><policyName>STDCondSec</policyName><recDate>2013-06-20T15:13:57-06:00</recDate><recFulNam>ADMIN</recFulNam><recStatus>A</recStatus><rightGranted>F</rightGranted><status>E</status><userGropModel refId="1@VirtualUserGroupModel"><moduleName>Permits</moduleName><serviceProviderCode>BPTDEV</serviceProviderCode><userGroup>PermitsAdmin</userGroup></userGropModel></ConditionPermission><ConditionPermission><policySeq>2997</policySeq><serviceProviderCode>BPTDEV</serviceProviderCode><data1>21</data1><levelData>561</levelData><levelType>Group</levelType><policyName>STDCondSec</policyName><recDate>2013-06-20T15:13:57-06:00</recDate><recFulNam>ADMIN</recFulNam><recStatus>A</recStatus><rightGranted>F</rightGranted><status>E</status><userGropModel refId="2@VirtualUserGroupModel"><moduleName>Permits</moduleName><serviceProviderCode>BPTDEV</serviceProviderCode><userGroup>PermitsAgencyAdmin</userGroup></userGropModel></ConditionPermission><ConditionPermission><policySeq>2998</policySeq><serviceProviderCode>BPTDEV</serviceProviderCode><data1>21</data1><levelData>551</levelData><levelType>Group</levelType><policyName>STDCondSec</policyName><recDate>2013-06-20T15:13:57-06:00</recDate><recFulNam>ADMIN</recFulNam><recStatus>A</recStatus><rightGranted>F</rightGranted><status>E</status><userGropModel refId="3@VirtualUserGroupModel"><moduleName>Permits</moduleName><serviceProviderCode>BPTDEV</serviceProviderCode><userGroup>PermitsDaily</userGroup></userGropModel></ConditionPermission><ConditionPermission><policySeq>767</policySeq><serviceProviderCode>BPTDEV</serviceProviderCode><data1>21</data1><levelData>361</levelData><levelType>Group</levelType><policyName>STDCondSec</policyName><recDate>2012-02-12T20:16:42-07:00</recDate><recFulNam>ADMIN</recFulNam><recStatus>A</recStatus><rightGranted>F</rightGranted><status>E</status><userGropModel refId="4@VirtualUserGroupModel"><moduleName>Building</moduleName><serviceProviderCode>BPTDEV</serviceProviderCode><userGroup>BuildingAdmin</userGroup></userGropModel></ConditionPermission><ConditionPermission><policySeq>287973</policySeq><serviceProviderCode>BPTDEV</serviceProviderCode><data1>21</data1><levelData>701</levelData><levelType>Group</levelType><policyName>STDCondSec</policyName><recDate>2015-06-16T15:21:20-06:00</recDate><recFulNam>ADMIN</recFulNam><recStatus>A</recStatus><rightGranted>F</rightGranted><status>E</status><userGropModel refId="5@VirtualUserGroupModel"><moduleName>Building</moduleName><serviceProviderCode>BPTDEV</serviceProviderCode><userGroup>BuildingAgencyAdmin</userGroup></userGropModel></ConditionPermission><ConditionPermission><policySeq>287980</policySeq><serviceProviderCode>BPTDEV</serviceProviderCode><data1>21</data1><levelData>703</levelData><levelType>Group</levelType><policyName>STDCondSec</policyName><recDate>2015-06-16T15:21:20-06:00</recDate><recFulNam>ADMIN</recFulNam><recStatus>A</recStatus><rightGranted>F</rightGranted><status>E</status><userGropModel refId="6@VirtualUserGroupModel"><moduleName>Building</moduleName><serviceProviderCode>BPTDEV</serviceProviderCode><userGroup>BuildingDaily</userGroup></userGropModel></ConditionPermission></conditionPermissionModels><conditionType>Building Permit</conditionType><conditionWorkflowRelationModels/><displayConditionNotice>Y</displayConditionNotice><displayNoticeOnACA>Y</displayNoticeOnACA><displayNoticeOnACAFee>N</displayNoticeOnACAFee><impactCode>Lock</impactCode><includeInConditionName>Y</includeInConditionName><includeInShortDescription>Y</includeInShortDescription><inheritable>N</inheritable><isPermissionSelected>Y</isPermissionSelected><isRecordTypesSelected>Y</isRecordTypesSelected><isWorkflowSelected>Y</isWorkflowSelected><longDescripton>Stop Work applied to open permit due to infraction with one or more of the current building codes.</longDescripton><templateAttributes/></condition>
<condition><conditionNbr>22</conditionNbr><serviceProviderCode>BPTDEV</serviceProviderCode><auditModel><auditDate>2013-03-12T08:29:09-06:00</auditDate><auditID>ADMIN</auditID><auditStatus>A</auditStatus></auditModel><conditionApproveFlag>N</conditionApproveFlag><conditionComment>Prior to construction, the Applicant shall contact Underground Service Alert to field locate existing utility lines.</conditionComment><conditionDesc>Utility Locate</conditionDesc><conditionGroup>Building</conditionGroup><conditionInspectionRelationModels/><conditionPermissionModels><ConditionPermission><policySeq>2999</policySeq><serviceProviderCode>BPTDEV</serviceProviderCode><data1>22</data1><levelData>400</levelData><levelType>Group</levelType><policyName>STDCondSec</policyName><recDate>2013-06-20T15:14:17-06:00</recDate><recFulNam>ADMIN</recFulNam><recStatus>A</recStatus><rightGranted>F</rightGranted><status>E</status><userGropModel refId="1@VirtualUserGroupModel"><moduleName>Permits</moduleName><serviceProviderCode>BPTDEV</serviceProviderCode><userGroup>PermitsAdmin</userGroup></userGropModel></ConditionPermission><ConditionPermission><policySeq>3000</policySeq><serviceProviderCode>BPTDEV</serviceProviderCode><data1>22</data1><levelData>561</levelData><levelType>Group</levelType><policyName>STDCondSec</policyName><recDate>2013-06-20T15:14:17-06:00</recDate><recFulNam>ADMIN</recFulNam><recStatus>A</recStatus><rightGranted>F</rightGranted><status>E</status><userGropModel refId="2@VirtualUserGroupModel"><moduleName>Permits</moduleName><serviceProviderCode>BPTDEV</serviceProviderCode><userGroup>PermitsAgencyAdmin</userGroup></userGropModel></ConditionPermission><ConditionPermission><policySeq>3001</policySeq><serviceProviderCode>BPTDEV</serviceProviderCode><data1>22</data1><levelData>551</levelData><levelType>Group</levelType><policyName>STDCondSec</policyName><recDate>2013-06-20T15:14:17-06:00</recDate><recFulNam>ADMIN</recFulNam><recStatus>A</recStatus><rightGranted>F</rightGranted><status>E</status><userGropModel refId="3@VirtualUserGroupModel"><moduleName>Permits</moduleName><serviceProviderCode>BPTDEV</serviceProviderCode><userGroup>PermitsDaily</userGroup></userGropModel></ConditionPermission><ConditionPermission><policySeq>769</policySeq><serviceProviderCode>BPTDEV</serviceProviderCode><data1>22</data1><levelData>361</levelData><levelType>Group</levelType><policyName>STDCondSec</policyName><recDate>2012-02-12T20:17:05-07:00</recDate><recFulNam>ADMIN</recFulNam><recStatus>A</recStatus><rightGranted>F</rightGranted><status>E</status><userGropModel refId="4@VirtualUserGroupModel"><moduleName>Building</moduleName><serviceProviderCode>BPTDEV</serviceProviderCode><userGroup>BuildingAdmin</userGroup></userGropModel></ConditionPermission><ConditionPermission><policySeq>287974</policySeq><serviceProviderCode>BPTDEV</serviceProviderCode><data1>22</data1><levelData>701</levelData><levelType>Group</levelType><policyName>STDCondSec</policyName><recDate>2015-06-16T15:21:20-06:00</recDate><recFulNam>ADMIN</recFulNam><recStatus>A</recStatus><rightGranted>F</rightGranted><status>E</status><userGropModel refId="5@VirtualUserGroupModel"><moduleName>Building</moduleName><serviceProviderCode>BPTDEV</serviceProviderCode><userGroup>BuildingAgencyAdmin</userGroup></userGropModel></ConditionPermission><ConditionPermission><policySeq>287981</policySeq><serviceProviderCode>BPTDEV</serviceProviderCode><data1>22</data1><levelData>703</levelData><levelType>Group</levelType><policyName>STDCondSec</policyName><recDate>2015-06-16T15:21:20-06:00</recDate><recFulNam>ADMIN</recFulNam><recStatus>A</recStatus><rightGranted>F</rightGranted><status>E</status><userGropModel refId="6@VirtualUserGroupModel"><moduleName>Building</moduleName><serviceProviderCode>BPTDEV</serviceProviderCode><userGroup>BuildingDaily</userGroup></userGropModel></ConditionPermission></conditionPermissionModels><conditionType>Building Permit</conditionType><conditionWorkflowRelationModels/><displayConditionNotice>Y</displayConditionNotice><displayNoticeOnACA>Y</displayNoticeOnACA><displayNoticeOnACAFee>N</displayNoticeOnACAFee><impactCode>Notice</impactCode><includeInConditionName>Y</includeInConditionName><includeInShortDescription>Y</includeInShortDescription><inheritable>N</inheritable><isPermissionSelected>Y</isPermissionSelected><isRecordTypesSelected>Y</isRecordTypesSelected><isWorkflowSelected>Y</isWorkflowSelected><longDescripton>Prior to construction, the Applicant shall contact Underground Service Alert to field locate existing utility lines.</longDescripton><templateAttributes/></condition>
</list>