<?xml version="1.0" encoding="UTF-8" standalone="yes"?>
<list  version="8.0.0" minorVersion="15" exportUser="ADMIN" exportDateTime="03/30/2016 08:15 PM" description="null"><standardCommentGroup refId="1@StandardCommentGroupModel"><serviceProviderCode>BPTDEV</serviceProviderCode><groupName>Building Department</groupName><auditModel><auditDate>2011-03-15T00:00:00-06:00</auditDate><auditID>ADMIN</auditID><auditStatus>A</auditStatus></auditModel><commentTypeModels/><commentTypeModels/><commentTypeModels/><isChecklistSelected>Y</isChecklistSelected><isCommentTypeSelected>Y</isCommentTypeSelected><isInspectionSelected>Y</isInspectionSelected><isRecordTypeSelected>Y</isRecordTypeSelected><isWorkflowSelected>Y</isWorkflowSelected><commentTypeModels/><standardCommentGroupI18Ns/><commentTypeModels/></standardCommentGroup>
</list>