<?xml version="1.0" encoding="UTF-8" standalone="yes"?>
<list  version="8.0.0" minorVersion="15" exportUser="ADMIN" exportDateTime="03/30/2016 08:15 PM" description="null"><workflow><parentProcessID>0</parentProcessID><serviceProviderCode>BPTDEV</serviceProviderCode><stepNumber>0</stepNumber><workflowName>BLD_COMM</workflowName><isSubProcessSelected>Y</isSubProcessSelected><processCode>BLD_COMM</processCode><refProcessRelationI18NModels/><recDate>2014-05-27T16:56:23-06:00</recDate><recFulNam>Accela Administrator</recFulNam><recStatus>A</recStatus><relationSeqId>2</relationSeqId><subProcessModels/><taskActivation>A</taskActivation></workflow>
<workflow><parentProcessID>0</parentProcessID><serviceProviderCode>BPTDEV</serviceProviderCode><stepNumber>0</stepNumber><workflowName>BLD_DEMO</workflowName><isSubProcessSelected>Y</isSubProcessSelected><processCode>BLD_DEMO</processCode><refProcessRelationI18NModels/><recDate>2014-05-27T17:00:18-06:00</recDate><recFulNam>Accela Administrator</recFulNam><recStatus>A</recStatus><relationSeqId>7</relationSeqId><subProcessModels/><taskActivation>A</taskActivation></workflow>
<workflow><parentProcessID>0</parentProcessID><serviceProviderCode>BPTDEV</serviceProviderCode><stepNumber>0</stepNumber><workflowName>BLD_EXPRESS</workflowName><isSubProcessSelected>Y</isSubProcessSelected><moduleName>Permits</moduleName><processCode>BLD_EXPRESS</processCode><refProcessRelationI18NModels/><recDate>2014-05-19T12:08:00-06:00</recDate><recFulNam>Accela Administrator</recFulNam><recStatus>A</recStatus><relationSeqId>12733</relationSeqId><resId>233</resId><subProcessModels/><taskActivation>I</taskActivation></workflow>
<workflow><parentProcessID>0</parentProcessID><serviceProviderCode>BPTDEV</serviceProviderCode><stepNumber>0</stepNumber><workflowName>BLD_GRADING</workflowName><isSubProcessSelected>Y</isSubProcessSelected><processCode>BLD_GRADING</processCode><refProcessRelationI18NModels/><recDate>2014-05-27T17:03:10-06:00</recDate><recFulNam>Accela Administrator</recFulNam><recStatus>A</recStatus><relationSeqId>12682</relationSeqId><resId>182</resId><subProcessModels/></workflow>
<workflow><parentProcessID>0</parentProcessID><serviceProviderCode>BPTDEV</serviceProviderCode><stepNumber>0</stepNumber><workflowName>BLD_OTC</workflowName><isSubProcessSelected>Y</isSubProcessSelected><processCode>BLD_COUNTER</processCode><refProcessRelationI18NModels/><recDate>2014-05-27T16:55:40-06:00</recDate><recFulNam>Accela Administrator</recFulNam><recStatus>A</recStatus><relationSeqId>5</relationSeqId><subProcessModels/></workflow>
<workflow><parentProcessID>0</parentProcessID><serviceProviderCode>BPTDEV</serviceProviderCode><stepNumber>0</stepNumber><workflowName>BLD_RES</workflowName><isSubProcessSelected>Y</isSubProcessSelected><processCode>BLD_RES</processCode><refProcessRelationI18NModels/><recDate>2014-05-27T17:11:22-06:00</recDate><recFulNam>Accela Administrator</recFulNam><recStatus>A</recStatus><relationSeqId>3</relationSeqId><subProcessModels/><taskActivation>A</taskActivation></workflow>
<workflow><parentProcessID>0</parentProcessID><serviceProviderCode>BPTDEV</serviceProviderCode><stepNumber>0</stepNumber><workflowName>BLD_SIGN</workflowName><isSubProcessSelected>Y</isSubProcessSelected><processCode>BLD_SIGN</processCode><refProcessRelationI18NModels/><recDate>2014-05-27T17:10:44-06:00</recDate><recFulNam>Accela Administrator</recFulNam><recStatus>A</recStatus><relationSeqId>10</relationSeqId><subProcessModels/><taskActivation>A</taskActivation></workflow>
<workflow><parentProcessID>0</parentProcessID><serviceProviderCode>BPTDEV</serviceProviderCode><stepNumber>0</stepNumber><workflowName>BLD_TRADE</workflowName><isSubProcessSelected>Y</isSubProcessSelected><processCode>BLD_TRADE</processCode><refProcessRelationI18NModels/><recDate>2014-05-27T17:13:40-06:00</recDate><recFulNam>Accela Administrator</recFulNam><recStatus>A</recStatus><relationSeqId>6</relationSeqId><subProcessModels/></workflow>
</list>