<?xml version="1.0" encoding="UTF-8" standalone="yes"?>
<list  version="8.0.0" minorVersion="22" exportUser="ADMIN" exportDateTime="09/05/2016 03:57 PM" description="null"><agencyEvent><eventName>AdditionalInfoUpdateAfter</eventName><serviceProviderCode>ARLINGTONCO</serviceProviderCode><auditModel><auditDate>2016-06-07T01:30:43-04:00</auditDate><auditID>ADMIN</auditID><auditStatus>A</auditStatus></auditModel><event><name>AdditionalInfoUpdateAfter</name><auditModel><auditDate>2006-12-15T17:50:45-05:00</auditDate><auditID>ADMIN</auditID><auditStatus>A</auditStatus></auditModel><description>This event occurs after a Additional Info is updated.</description></event><scriptName>AdditionalInfoUpdateAfter</scriptName><udf1>MASTER SCRIPT - 8.0.1.0.0</udf1></agencyEvent>
<agencyEvent><eventName>AdditionalInfoUpdateBefore</eventName><serviceProviderCode>ARLINGTONCO</serviceProviderCode><auditModel><auditDate>2016-06-07T01:30:43-04:00</auditDate><auditID>ADMIN</auditID><auditStatus>A</auditStatus></auditModel><event><name>AdditionalInfoUpdateBefore</name><auditModel><auditDate>2006-12-15T17:50:41-05:00</auditDate><auditID>ADMIN</auditID><auditStatus>A</auditStatus></auditModel><description>This event occurs before updating additional info</description></event><scriptName>AdditionalInfoUpdateBefore</scriptName><udf1>MASTER SCRIPT - 8.0.1.0.0</udf1></agencyEvent>
<agencyEvent><eventName>ApplicationConditionAddAfter</eventName><serviceProviderCode>ARLINGTONCO</serviceProviderCode><auditModel><auditDate>2016-06-07T01:30:43-04:00</auditDate><auditID>ADMIN</auditID><auditStatus>A</auditStatus></auditModel><event><name>ApplicationConditionAddAfter</name><auditModel><auditDate>2008-03-07T19:54:36-05:00</auditDate><auditID>USER1</auditID><auditStatus>A</auditStatus></auditModel><description>This event occurs after an application condition task is added.</description></event><scriptName>ApplicationConditionAddAfter</scriptName><udf1>MASTER SCRIPT - 8.0.1.0.0</udf1></agencyEvent>
<agencyEvent><eventName>ApplicationConditionDeleteBefore</eventName><serviceProviderCode>ARLINGTONCO</serviceProviderCode><auditModel><auditDate>2016-06-07T01:30:43-04:00</auditDate><auditID>ADMIN</auditID><auditStatus>A</auditStatus></auditModel><event><name>ApplicationConditionDeleteBefore</name><auditModel><auditDate>2008-03-07T19:54:36-05:00</auditDate><auditID>ACCELA</auditID><auditStatus>A</auditStatus></auditModel><description>This event occurs before an application condition task is deleted.</description></event><scriptName>ApplicationConditionDeleteBefore</scriptName><udf1>MASTER SCRIPT - 8.0.1.0.0</udf1></agencyEvent>
<agencyEvent><eventName>ApplicationConditionUpdateAfter</eventName><serviceProviderCode>ARLINGTONCO</serviceProviderCode><auditModel><auditDate>2016-06-07T01:30:43-04:00</auditDate><auditID>ADMIN</auditID><auditStatus>A</auditStatus></auditModel><event><name>ApplicationConditionUpdateAfter</name><auditModel><auditDate>2005-12-16T18:15:43-05:00</auditDate><auditID>ADMIN</auditID><auditStatus>A</auditStatus></auditModel><description>This event occurs after an application condition task is updated.</description></event><scriptName>ApplicationConditionUpdateAfter</scriptName><udf1>MASTER SCRIPT - 8.0.1.0.0</udf1></agencyEvent>
<agencyEvent><eventName>ApplicationConditionUpdateBefore</eventName><serviceProviderCode>ARLINGTONCO</serviceProviderCode><auditModel><auditDate>2016-06-07T01:30:43-04:00</auditDate><auditID>ADMIN</auditID><auditStatus>A</auditStatus></auditModel><event><name>ApplicationConditionUpdateBefore</name><auditModel><auditDate>2008-03-07T19:54:36-05:00</auditDate><auditID>ACCELA</auditID><auditStatus>A</auditStatus></auditModel><description>This event occurs before an application condition task is updated.</description></event><scriptName>ApplicationConditionUpdateBefore</scriptName><udf1>MASTER SCRIPT - 8.0.1.0.0</udf1></agencyEvent>
<agencyEvent><eventName>ApplicationDetailNewBefore</eventName><serviceProviderCode>ARLINGTONCO</serviceProviderCode><auditModel><auditDate>2012-03-12T10:36:46-04:00</auditDate><auditID>ADMIN</auditID><auditStatus>A</auditStatus></auditModel><event><name>ApplicationDetailNewBefore</name><auditModel><auditDate>2006-12-15T17:50:46-05:00</auditDate><auditID>ADMIN</auditID><auditStatus>A</auditStatus></auditModel><description>This event occurs before a ApplicationDetail is created.</description></event></agencyEvent>
<agencyEvent><eventName>ApplicationDetailUpdateAfter</eventName><serviceProviderCode>ARLINGTONCO</serviceProviderCode><auditModel><auditDate>2016-09-05T16:45:11-04:00</auditDate><auditID>ADMIN</auditID><auditStatus>A</auditStatus></auditModel><event><name>ApplicationDetailUpdateAfter</name><auditModel><auditDate>2006-12-15T17:50:46-05:00</auditDate><auditID>ADMIN</auditID><auditStatus>A</auditStatus></auditModel><description>This event occurs after a ApplicationDetail is updated.</description></event><scriptName>UniversalMasterScript</scriptName><udf1>MASTER SCRIPT - 8.0.1.0.0</udf1></agencyEvent>
<agencyEvent><eventName>ApplicationSpecificInfoUpdateAfter</eventName><serviceProviderCode>ARLINGTONCO</serviceProviderCode><auditModel><auditDate>2016-06-07T01:30:43-04:00</auditDate><auditID>ADMIN</auditID><auditStatus>A</auditStatus></auditModel><event><name>ApplicationSpecificInfoUpdateAfter</name><auditModel><auditDate>2002-12-08T23:40:54-05:00</auditDate><auditID>ADMIN</auditID><auditStatus>A</auditStatus></auditModel><description>This event occurs after an Application Specific Information is updated.</description></event><scriptName>ApplicationSpecificInfoUpdateAfter</scriptName><udf1>MASTER SCRIPT - 8.0.1.0.0</udf1></agencyEvent>
<agencyEvent><eventName>ApplicationSpecificInfoUpdateBefore</eventName><serviceProviderCode>ARLINGTONCO</serviceProviderCode><auditModel><auditDate>2016-06-07T01:30:43-04:00</auditDate><auditID>ADMIN</auditID><auditStatus>A</auditStatus></auditModel><event><name>ApplicationSpecificInfoUpdateBefore</name><auditModel><auditDate>2002-12-09T01:41:40-05:00</auditDate><auditID>ADMIN</auditID><auditStatus>A</auditStatus></auditModel><description>This event occurs before an Application Specific Information is updated.</description></event><scriptName>ApplicationSpecificInfoUpdateBefore</scriptName><udf1>MASTER SCRIPT - 8.0.1.0.0</udf1></agencyEvent>
<agencyEvent><eventName>ApplicationStatusUpdateAfter</eventName><serviceProviderCode>ARLINGTONCO</serviceProviderCode><auditModel><auditDate>2016-06-07T01:30:43-04:00</auditDate><auditID>ADMIN</auditID><auditStatus>A</auditStatus></auditModel><event><name>ApplicationStatusUpdateAfter</name><auditModel><auditDate>2004-05-03T17:52:51-04:00</auditDate><auditID>ADMIN</auditID><auditStatus>A</auditStatus></auditModel><description>Add a history record after updating the app status.</description></event><scriptName>ApplicationStatusUpdateAfter</scriptName><udf1>MASTER SCRIPT - 8.0.1.0.0</udf1></agencyEvent>
<agencyEvent><eventName>ApplicationStatusUpdateBefore</eventName><serviceProviderCode>ARLINGTONCO</serviceProviderCode><auditModel><auditDate>2016-06-07T01:30:43-04:00</auditDate><auditID>ADMIN</auditID><auditStatus>A</auditStatus></auditModel><event><name>ApplicationStatusUpdateBefore</name><auditModel><auditDate>2009-01-16T22:43:03-05:00</auditDate><auditID>ADMIN</auditID><auditStatus>A</auditStatus></auditModel><description>This event occurs before an Application Status is updated.</description></event><scriptName>ApplicationStatusUpdateBefore</scriptName><udf1>MASTER SCRIPT - 8.0.1.0.0</udf1></agencyEvent>
<agencyEvent><eventName>ApplicationSubmitAfter</eventName><serviceProviderCode>ARLINGTONCO</serviceProviderCode><auditModel><auditDate>2016-06-07T16:32:32-04:00</auditDate><auditID>ADMIN</auditID><auditStatus>A</auditStatus></auditModel><event><name>ApplicationSubmitAfter</name><auditModel><auditDate>2002-03-14T15:23:14-05:00</auditDate><auditID>USER1</auditID><auditStatus>A</auditStatus></auditModel><description>This event occurs after an application is created.</description></event><scriptName>ApplicationSubmitAfter</scriptName><udf1>MASTER SCRIPT - 8.0.1.0.0</udf1></agencyEvent>
<agencyEvent><eventName>ApplicationSubmitBefore</eventName><serviceProviderCode>ARLINGTONCO</serviceProviderCode><auditModel><auditDate>2016-06-07T15:09:13-04:00</auditDate><auditID>ADMIN</auditID><auditStatus>A</auditStatus></auditModel><event><name>ApplicationSubmitBefore</name><auditModel><auditDate>2002-03-14T15:23:14-05:00</auditDate><auditID>USER1</auditID><auditStatus>A</auditStatus></auditModel><description>This event occurs before an application is created.</description></event><scriptName>ApplicationSubmitBefore</scriptName><udf1>MASTER SCRIPT - 8.0.1.0.0</udf1></agencyEvent>
<agencyEvent><eventName>ContactAddAfter</eventName><serviceProviderCode>ARLINGTONCO</serviceProviderCode><auditModel><auditDate>2016-06-07T01:30:43-04:00</auditDate><auditID>ADMIN</auditID><auditStatus>A</auditStatus></auditModel><event><name>ContactAddAfter</name><auditModel><auditDate>2004-01-14T09:29:51-05:00</auditDate><auditID>ADMIN</auditID><auditStatus>A</auditStatus></auditModel><description>This event occurs after a contact is added.</description></event><scriptName>ContactAddAfter</scriptName><udf1>MASTER SCRIPT - 8.0.1.0.0</udf1></agencyEvent>
<agencyEvent><eventName>ContactAddBefore</eventName><serviceProviderCode>ARLINGTONCO</serviceProviderCode><auditModel><auditDate>2016-06-07T01:30:43-04:00</auditDate><auditID>ADMIN</auditID><auditStatus>A</auditStatus></auditModel><event><name>ContactAddBefore</name><auditModel><auditDate>2004-01-14T09:13:58-05:00</auditDate><auditID>ADMIN</auditID><auditStatus>A</auditStatus></auditModel><description>ContactAddBefore</description></event><scriptName>ContactAddBefore</scriptName><udf1>MASTER SCRIPT - 8.0.1.0.0</udf1></agencyEvent>
<agencyEvent><eventName>ContactEditAfter</eventName><serviceProviderCode>ARLINGTONCO</serviceProviderCode><auditModel><auditDate>2016-06-07T01:30:43-04:00</auditDate><auditID>ADMIN</auditID><auditStatus>A</auditStatus></auditModel><event><name>ContactEditAfter</name><auditModel><auditDate>2004-01-14T09:30:29-05:00</auditDate><auditID>ADMIN</auditID><auditStatus>A</auditStatus></auditModel><description>This event occurs after a contact is edited.</description></event><scriptName>ContactEditAfter</scriptName><udf1>MASTER SCRIPT - 8.0.1.0.0</udf1></agencyEvent>
<agencyEvent><eventName>ContactEditBefore</eventName><serviceProviderCode>ARLINGTONCO</serviceProviderCode><auditModel><auditDate>2016-06-07T01:30:43-04:00</auditDate><auditID>ADMIN</auditID><auditStatus>A</auditStatus></auditModel><event><name>ContactEditBefore</name><auditModel><auditDate>2004-07-30T03:41:03-04:00</auditDate><auditID>ADMIN</auditID><auditStatus>A</auditStatus></auditModel><description>ContactEditBefore</description></event><scriptName>ContactEditBefore</scriptName><udf1>MASTER SCRIPT - 8.0.1.0.0</udf1></agencyEvent>
<agencyEvent><eventName>ContactRemoveAfter</eventName><serviceProviderCode>ARLINGTONCO</serviceProviderCode><auditModel><auditDate>2016-06-07T01:30:43-04:00</auditDate><auditID>ADMIN</auditID><auditStatus>A</auditStatus></auditModel><event><name>ContactRemoveAfter</name><auditModel><auditDate>2003-08-11T08:45:41-04:00</auditDate><auditID>ADMIN</auditID><auditStatus>A</auditStatus></auditModel><description>This event occurs after a contact is removed.</description></event><scriptName>ContactRemoveAfter</scriptName><udf1>MASTER SCRIPT - 8.0.1.0.0</udf1></agencyEvent>
<agencyEvent><eventName>ContactRemoveBefore</eventName><serviceProviderCode>ARLINGTONCO</serviceProviderCode><auditModel><auditDate>2016-06-07T01:30:43-04:00</auditDate><auditID>ADMIN</auditID><auditStatus>A</auditStatus></auditModel><event><name>ContactRemoveBefore</name><auditModel><auditDate>2004-01-16T14:02:04-05:00</auditDate><auditID>ADMIN</auditID><auditStatus>A</auditStatus></auditModel><description>This event occurs before a contact is removed.</description></event><scriptName>ContactRemoveBefore</scriptName><udf1>MASTER SCRIPT - 8.0.1.0.0</udf1></agencyEvent>
<agencyEvent><eventName>ConvertToRealCAPAfter</eventName><serviceProviderCode>ARLINGTONCO</serviceProviderCode><auditModel><auditDate>2016-09-05T15:44:48-04:00</auditDate><auditID>ADMIN</auditID><auditStatus>A</auditStatus></auditModel><event><name>ConvertToRealCAPAfter</name><auditModel><auditDate>2008-12-11T12:06:38-05:00</auditDate><auditID>ADMIN</auditID><auditStatus>A</auditStatus></auditModel><description>This event occurs after convert partial cap ID to real cap ID in ACA.</description></event><scriptName>ConvertToRealCapAfter</scriptName><udf1>MASTER SCRIPT - 8.0.1.0.0</udf1></agencyEvent>
<agencyEvent><eventName>DocumentUpdateAfter</eventName><serviceProviderCode>ARLINGTONCO</serviceProviderCode><auditModel><auditDate>2016-09-05T15:49:41-04:00</auditDate><auditID>ADMIN</auditID><auditStatus>A</auditStatus></auditModel><event><name>DocumentUpdateAfter</name><auditModel><auditDate>2012-04-27T23:35:16-04:00</auditDate><auditID>ACCELA</auditID><auditStatus>A</auditStatus></auditModel><description>This event occurs after update document info.</description></event><scriptName>DocumentUpdateAfter</scriptName><udf1>MASTER SCRIPT - 8.0.1.0.0</udf1></agencyEvent>
<agencyEvent><eventName>DocumentUploadAfter</eventName><serviceProviderCode>ARLINGTONCO</serviceProviderCode><auditModel><auditDate>2016-06-07T01:30:43-04:00</auditDate><auditID>ADMIN</auditID><auditStatus>A</auditStatus></auditModel><event><name>DocumentUploadAfter</name><auditModel><auditDate>2009-01-16T22:38:53-05:00</auditDate><auditID>ADMIN</auditID><auditStatus>A</auditStatus></auditModel><description>This event occurs after document upload.</description></event><scriptName>DocumentUploadAfter</scriptName><udf1>MASTER SCRIPT - 8.0.1.0.0</udf1></agencyEvent>
<agencyEvent><eventName>DocumentUploadBefore</eventName><serviceProviderCode>ARLINGTONCO</serviceProviderCode><auditModel><auditDate>2016-06-07T01:30:43-04:00</auditDate><auditID>ADMIN</auditID><auditStatus>A</auditStatus></auditModel><event><name>DocumentUploadBefore</name><auditModel><auditDate>2009-01-16T22:38:53-05:00</auditDate><auditID>ADMIN</auditID><auditStatus>A</auditStatus></auditModel><description>This event occurs before document upload.</description></event><scriptName>DocumentUploadBefore</scriptName><udf1>MASTER SCRIPT - 8.0.1.0.0</udf1></agencyEvent>
<agencyEvent><eventName>FeeAssessAfter</eventName><serviceProviderCode>ARLINGTONCO</serviceProviderCode><auditModel><auditDate>2016-06-07T01:30:43-04:00</auditDate><auditID>ADMIN</auditID><auditStatus>A</auditStatus></auditModel><event><name>FeeAssessAfter</name><auditModel><auditDate>2002-03-14T15:23:15-05:00</auditDate><auditID>USER1</auditID><auditStatus>A</auditStatus></auditModel><description>This event occurs after the application fee is assessed.</description></event><scriptName>FeeAssessAfter</scriptName><udf1>MASTER SCRIPT - 8.0.1.0.0</udf1></agencyEvent>
<agencyEvent><eventName>FeeAssessBefore</eventName><serviceProviderCode>ARLINGTONCO</serviceProviderCode><auditModel><auditDate>2016-06-07T01:30:43-04:00</auditDate><auditID>ADMIN</auditID><auditStatus>A</auditStatus></auditModel><event><name>FeeAssessBefore</name><auditModel><auditDate>2002-03-14T15:23:15-05:00</auditDate><auditID>USER1</auditID><auditStatus>A</auditStatus></auditModel><description>This event occurs before the application fee is assessed.</description></event><scriptName>FeeAssessBefore</scriptName><udf1>MASTER SCRIPT - 8.0.1.0.0</udf1></agencyEvent>
<agencyEvent><eventName>InspectionMultipleScheduleAfter</eventName><serviceProviderCode>ARLINGTONCO</serviceProviderCode><auditModel><auditDate>2016-06-07T01:30:43-04:00</auditDate><auditID>ADMIN</auditID><auditStatus>A</auditStatus></auditModel><event><name>InspectionMultipleScheduleAfter</name><auditModel><auditDate>2010-02-26T17:18:38-05:00</auditDate><auditID>ADMIN</auditID><auditStatus>A</auditStatus></auditModel><description>This event occurs after one or multiple inspections are scheduled for Manage Inspection.</description></event><scriptName>InspectionMultipleScheduleAfter</scriptName><udf1>MASTER SCRIPT - 8.0.1.0.0</udf1></agencyEvent>
<agencyEvent><eventName>InspectionMultipleScheduleBefore</eventName><serviceProviderCode>ARLINGTONCO</serviceProviderCode><auditModel><auditDate>2016-06-07T01:30:43-04:00</auditDate><auditID>ADMIN</auditID><auditStatus>A</auditStatus></auditModel><event><name>InspectionMultipleScheduleBefore</name><auditModel><auditDate>2010-02-26T17:18:38-05:00</auditDate><auditID>ADMIN</auditID><auditStatus>A</auditStatus></auditModel><description>This event occurs before one or multiple inspections are scheduled for Manage Inspection.</description></event><scriptName>InspectionMultipleScheduleBefore</scriptName><udf1>MASTER SCRIPT - 8.0.1.0.0</udf1></agencyEvent>
<agencyEvent><eventName>InspectionResultModifyAfter</eventName><serviceProviderCode>ARLINGTONCO</serviceProviderCode><auditModel><auditDate>2016-06-07T01:30:43-04:00</auditDate><auditID>ADMIN</auditID><auditStatus>A</auditStatus></auditModel><event><name>InspectionResultModifyAfter</name><auditModel><auditDate>2002-03-14T15:23:14-05:00</auditDate><auditID>USER1</auditID><auditStatus>A</auditStatus></auditModel><description>This event occurs after inspection result is modified.</description></event><scriptName>InspectionResultModifyAfter</scriptName><udf1>MASTER SCRIPT - 8.0.1.0.0</udf1></agencyEvent>
<agencyEvent><eventName>InspectionResultModifyBefore</eventName><serviceProviderCode>ARLINGTONCO</serviceProviderCode><auditModel><auditDate>2016-06-07T01:30:43-04:00</auditDate><auditID>ADMIN</auditID><auditStatus>A</auditStatus></auditModel><event><name>InspectionResultModifyBefore</name><auditModel><auditDate>2003-08-18T14:54:56-04:00</auditDate><auditID>ADMIN</auditID><auditStatus>A</auditStatus></auditModel><description>This event occurs before inspection result is modified.</description></event><scriptName>InspectionResultModifyBefore</scriptName><udf1>MASTER SCRIPT - 8.0.1.0.0</udf1></agencyEvent>
<agencyEvent><eventName>InspectionResultSubmitAfter</eventName><serviceProviderCode>ARLINGTONCO</serviceProviderCode><auditModel><auditDate>2016-06-07T01:30:43-04:00</auditDate><auditID>ADMIN</auditID><auditStatus>A</auditStatus></auditModel><event><name>InspectionResultSubmitAfter</name><auditModel><auditDate>2004-06-23T18:27:42-04:00</auditDate><auditID>ADMIN</auditID><auditStatus>A</auditStatus></auditModel><description>This event occurs after inspection result is entered.</description></event><scriptName>InspectionResultSubmitAfter</scriptName><udf1>MASTER SCRIPT - 8.0.1.0.0</udf1></agencyEvent>
<agencyEvent><eventName>InspectionResultSubmitBefore</eventName><serviceProviderCode>ARLINGTONCO</serviceProviderCode><auditModel><auditDate>2016-06-07T01:30:43-04:00</auditDate><auditID>ADMIN</auditID><auditStatus>A</auditStatus></auditModel><event><name>InspectionResultSubmitBefore</name><auditModel><auditDate>2003-07-14T14:30:42-04:00</auditDate><auditID>ADMIN</auditID><auditStatus>A</auditStatus></auditModel><description>This event occurs before inspection result is entered.</description></event><scriptName>InspectionResultSubmitBefore</scriptName><udf1>MASTER SCRIPT - 8.0.1.0.0</udf1></agencyEvent>
<agencyEvent><eventName>InspectionScheduleAfter</eventName><serviceProviderCode>ARLINGTONCO</serviceProviderCode><auditModel><auditDate>2016-06-07T01:30:43-04:00</auditDate><auditID>ADMIN</auditID><auditStatus>A</auditStatus></auditModel><event><name>InspectionScheduleAfter</name><auditModel><auditDate>2002-03-14T15:23:14-05:00</auditDate><auditID>USER1</auditID><auditStatus>A</auditStatus></auditModel><description>This event occurs after one or multiple inspections are scheduled.</description></event><scriptName>InspectionScheduleAfter</scriptName><udf1>MASTER SCRIPT - 8.0.1.0.0</udf1></agencyEvent>
<agencyEvent><eventName>InspectionScheduleBefore</eventName><serviceProviderCode>ARLINGTONCO</serviceProviderCode><auditModel><auditDate>2016-06-07T01:30:43-04:00</auditDate><auditID>ADMIN</auditID><auditStatus>A</auditStatus></auditModel><event><name>InspectionScheduleBefore</name><auditModel><auditDate>2002-03-14T15:23:15-05:00</auditDate><auditID>USER1</auditID><auditStatus>A</auditStatus></auditModel><description>This event occurs before one or multiple inspections are scheduled.</description></event><scriptName>InspectionScheduleBefore</scriptName><udf1>MASTER SCRIPT - 8.0.1.0.0</udf1></agencyEvent>
<agencyEvent><eventName>InvoiceFeeAfter</eventName><serviceProviderCode>ARLINGTONCO</serviceProviderCode><auditModel><auditDate>2016-06-07T01:30:43-04:00</auditDate><auditID>ADMIN</auditID><auditStatus>A</auditStatus></auditModel><event><name>InvoiceFeeAfter</name><auditModel><auditDate>2006-06-05T16:29:42-04:00</auditDate><auditID>ADMIN</auditID><auditStatus>A</auditStatus></auditModel><description>This event occurs after invoicing fee(manually or automatically)</description></event><scriptName>InvoiceFeeAfter</scriptName><udf1>MASTER SCRIPT - 8.0.1.0.0</udf1></agencyEvent>
<agencyEvent><eventName>LicProfUpdateAfter</eventName><serviceProviderCode>ARLINGTONCO</serviceProviderCode><auditModel><auditDate>2016-06-07T01:30:43-04:00</auditDate><auditID>ADMIN</auditID><auditStatus>A</auditStatus></auditModel><event><name>LicProfUpdateAfter</name><auditModel><auditDate>2009-11-13T13:00:16-05:00</auditDate><auditID>LLIM</auditID><auditStatus>A</auditStatus></auditModel><description>This event occurs after update a license professional.</description></event><scriptName>LicProfUpdateAfter</scriptName><udf1>MASTER SCRIPT - 8.0.1.0.0</udf1></agencyEvent>
<agencyEvent><eventName>LicProfUpdateBefore</eventName><serviceProviderCode>ARLINGTONCO</serviceProviderCode><auditModel><auditDate>2016-06-07T01:30:43-04:00</auditDate><auditID>ADMIN</auditID><auditStatus>A</auditStatus></auditModel><event><name>LicProfUpdateBefore</name><auditModel><auditDate>2006-12-15T17:50:41-05:00</auditDate><auditID>ADMIN</auditID><auditStatus>A</auditStatus></auditModel><description>This event occurs before update a license professional</description></event><scriptName>LicProfUpdateBefore</scriptName><udf1>MASTER SCRIPT - 8.0.1.0.0</udf1></agencyEvent>
<agencyEvent><eventName>ParcelAddAfter</eventName><serviceProviderCode>ARLINGTONCO</serviceProviderCode><auditModel><auditDate>2016-06-07T01:30:43-04:00</auditDate><auditID>ADMIN</auditID><auditStatus>A</auditStatus></auditModel><event><name>ParcelAddAfter</name><auditModel><auditDate>2004-01-14T12:06:06-05:00</auditDate><auditID>ADMIN</auditID><auditStatus>A</auditStatus></auditModel><description>ParcelAddAfter</description></event><scriptName>ParcelAddAfter</scriptName><udf1>MASTER SCRIPT - 8.0.1.0.0</udf1></agencyEvent>
<agencyEvent><eventName>ParcelAddBefore</eventName><serviceProviderCode>ARLINGTONCO</serviceProviderCode><auditModel><auditDate>2016-06-07T01:30:43-04:00</auditDate><auditID>ADMIN</auditID><auditStatus>A</auditStatus></auditModel><event><name>ParcelAddBefore</name><auditModel><auditDate>2004-01-14T12:02:31-05:00</auditDate><auditID>ADMIN</auditID><auditStatus>A</auditStatus></auditModel><description>ParcelAddBefore</description></event><scriptName>ParcelAddBefore</scriptName><udf1>MASTER SCRIPT - 8.0.1.0.0</udf1></agencyEvent>
<agencyEvent><eventName>ParcelUpdateAfter</eventName><serviceProviderCode>ARLINGTONCO</serviceProviderCode><auditModel><auditDate>2016-06-07T01:30:43-04:00</auditDate><auditID>ADMIN</auditID><auditStatus>A</auditStatus></auditModel><event><name>ParcelUpdateAfter</name><auditModel><auditDate>2004-01-14T12:05:26-05:00</auditDate><auditID>ADMIN</auditID><auditStatus>A</auditStatus></auditModel><description>ParcelUpdateAfter</description></event><scriptName>ParcelUpdateAfter</scriptName><udf1>MASTER SCRIPT - 8.0.1.0.0</udf1></agencyEvent>
<agencyEvent><eventName>PaymentApplyAfter</eventName><serviceProviderCode>ARLINGTONCO</serviceProviderCode><auditModel><auditDate>2016-06-07T01:30:43-04:00</auditDate><auditID>ADMIN</auditID><auditStatus>A</auditStatus></auditModel><event><name>PaymentApplyAfter</name><auditModel><auditDate>2014-10-17T00:49:37-04:00</auditDate><auditID>ADMIN</auditID><auditStatus>A</auditStatus></auditModel><description>This event occurs after payment apply submit.</description></event><scriptName>PaymentApplyAfter</scriptName><udf1>MASTER SCRIPT - 8.0.1.0.0</udf1></agencyEvent>
<agencyEvent><eventName>PaymentApplyBefore</eventName><serviceProviderCode>ARLINGTONCO</serviceProviderCode><auditModel><auditDate>2016-06-07T01:30:43-04:00</auditDate><auditID>ADMIN</auditID><auditStatus>A</auditStatus></auditModel><event><name>PaymentApplyBefore</name><auditModel><auditDate>2014-10-17T00:49:37-04:00</auditDate><auditID>ADMIN</auditID><auditStatus>A</auditStatus></auditModel><description>This event occurs before payment apply submit.</description></event><scriptName>PaymentApplyBefore</scriptName><udf1>MASTER SCRIPT - 8.0.1.0.0</udf1></agencyEvent>
<agencyEvent><eventName>PaymentProcessingAfter</eventName><serviceProviderCode>ARLINGTONCO</serviceProviderCode><auditModel><auditDate>2016-06-07T01:30:43-04:00</auditDate><auditID>ADMIN</auditID><auditStatus>A</auditStatus></auditModel><event><name>PaymentProcessingAfter</name><auditModel><auditDate>2011-05-13T22:54:11-04:00</auditDate><auditID>ADMIN</auditID><auditStatus>A</auditStatus></auditModel><description>This event occurs after do pay in payment processing portlet.</description></event><scriptName>PaymentProcessingAfter</scriptName><udf1>MASTER SCRIPT - 8.0.1.0.0</udf1></agencyEvent>
<agencyEvent><eventName>PaymentProcessingBefore</eventName><serviceProviderCode>ARLINGTONCO</serviceProviderCode><auditModel><auditDate>2016-06-07T01:30:43-04:00</auditDate><auditID>ADMIN</auditID><auditStatus>A</auditStatus></auditModel><event><name>PaymentProcessingBefore</name><auditModel><auditDate>2011-05-13T22:54:11-04:00</auditDate><auditID>ADMIN</auditID><auditStatus>A</auditStatus></auditModel><description>This event occurs before do pay in payment processing portlet.</description></event><scriptName>PaymentProcessingBefore</scriptName><udf1>MASTER SCRIPT - 8.0.1.0.0</udf1></agencyEvent>
<agencyEvent><eventName>PaymentReceiveAfter</eventName><serviceProviderCode>ARLINGTONCO</serviceProviderCode><auditModel><auditDate>2016-06-07T01:30:43-04:00</auditDate><auditID>ADMIN</auditID><auditStatus>A</auditStatus></auditModel><event><name>PaymentReceiveAfter</name><auditModel><auditDate>2002-03-14T15:23:14-05:00</auditDate><auditID>USER1</auditID><auditStatus>A</auditStatus></auditModel><description>This event occurs after payment allocation is recorded.</description></event><scriptName>PaymentReceiveAfter</scriptName><udf1>MASTER SCRIPT - 8.0.1.0.0</udf1></agencyEvent>
<agencyEvent><eventName>PaymentReceiveBefore</eventName><serviceProviderCode>ARLINGTONCO</serviceProviderCode><auditModel><auditDate>2016-06-07T01:30:43-04:00</auditDate><auditID>ADMIN</auditID><auditStatus>A</auditStatus></auditModel><event><name>PaymentReceiveBefore</name><auditModel><auditDate>2002-03-14T15:23:14-05:00</auditDate><auditID>USER1</auditID><auditStatus>A</auditStatus></auditModel><description>This event occurs before payment allocation is recorded.</description></event><scriptName>PaymentReceiveBefore</scriptName><udf1>MASTER SCRIPT - 8.0.1.0.0</udf1></agencyEvent>
<agencyEvent><eventName>RenewalInfoUpdateAfter</eventName><serviceProviderCode>ARLINGTONCO</serviceProviderCode><auditModel><auditDate>2016-06-07T01:30:43-04:00</auditDate><auditID>ADMIN</auditID><auditStatus>A</auditStatus></auditModel><event><name>RenewalInfoUpdateAfter</name><auditModel><auditDate>2006-04-06T08:57:24-04:00</auditDate><auditID>JSCHOMP</auditID><auditStatus>A</auditStatus></auditModel><description>This event occurs after the permit printout is created.</description></event><scriptName>RenewalInfoUpdateAfter</scriptName><udf1>MASTER SCRIPT - 8.0.1.0.0</udf1></agencyEvent>
<agencyEvent><eventName>SetPaymentReceiveAfter</eventName><serviceProviderCode>ARLINGTONCO</serviceProviderCode><auditModel><auditDate>2016-06-07T01:30:43-04:00</auditDate><auditID>ADMIN</auditID><auditStatus>A</auditStatus></auditModel><event><name>SetPaymentReceiveAfter</name><auditModel><auditDate>2015-01-30T00:21:12-05:00</auditDate><auditID>ADMIN</auditID><auditStatus>A</auditStatus></auditModel><description>This event occurs after Set Payment allocation is recorded.</description></event><scriptName>SetPaymentReceiveAfter</scriptName><udf1>MASTER SCRIPT - 8.0.1.0.0</udf1></agencyEvent>
<agencyEvent><eventName>SetPaymentReceiveBefore</eventName><serviceProviderCode>ARLINGTONCO</serviceProviderCode><auditModel><auditDate>2016-06-07T01:30:43-04:00</auditDate><auditID>ADMIN</auditID><auditStatus>A</auditStatus></auditModel><event><name>SetPaymentReceiveBefore</name><auditModel><auditDate>2015-01-30T00:21:12-05:00</auditDate><auditID>ADMIN</auditID><auditStatus>A</auditStatus></auditModel><description>This event occurs before Set Payment allocation is recorded.</description></event><scriptName>SetPaymentReceiveBefore</scriptName><udf1>MASTER SCRIPT - 8.0.1.0.0</udf1></agencyEvent>
<agencyEvent><eventName>TimeAccountingAddAfter</eventName><serviceProviderCode>ARLINGTONCO</serviceProviderCode><auditModel><auditDate>2016-06-07T01:30:43-04:00</auditDate><auditID>ADMIN</auditID><auditStatus>A</auditStatus></auditModel><event><name>TimeAccountingAddAfter</name><auditModel><auditDate>2008-07-18T22:25:19-04:00</auditDate><auditID>ADMIN</auditID><auditStatus>A</auditStatus></auditModel><description>The After script trigger will execute when time accounting entries are about to be added.</description></event><scriptName>TimeAccountingAddAfter</scriptName><udf1>MASTER SCRIPT - 8.0.1.0.0</udf1></agencyEvent>
<agencyEvent><eventName>TimeAccountingDeleteAfter</eventName><serviceProviderCode>ARLINGTONCO</serviceProviderCode><auditModel><auditDate>2016-06-07T01:30:43-04:00</auditDate><auditID>ADMIN</auditID><auditStatus>A</auditStatus></auditModel><event><name>TimeAccountingDeleteAfter</name><auditModel><auditDate>2008-07-18T22:25:19-04:00</auditDate><auditID>ADMIN</auditID><auditStatus>A</auditStatus></auditModel><description>The After script trigger will execute when time accounting entries are about to be removed.</description></event><scriptName>TimeAccountingDeleteAfter</scriptName><udf1>MASTER SCRIPT - 8.0.1.0.0</udf1></agencyEvent>
<agencyEvent><eventName>TimeAccountingUpdateAfter</eventName><serviceProviderCode>ARLINGTONCO</serviceProviderCode><auditModel><auditDate>2016-06-07T01:30:43-04:00</auditDate><auditID>ADMIN</auditID><auditStatus>A</auditStatus></auditModel><event><name>TimeAccountingUpdateAfter</name><auditModel><auditDate>2008-07-18T22:25:19-04:00</auditDate><auditID>ADMIN</auditID><auditStatus>A</auditStatus></auditModel><description>The After script trigger will execute when time accounting entries are about to be updated.</description></event><scriptName>TimeAccountingUpdateAfter</scriptName><udf1>MASTER SCRIPT - 8.0.1.0.0</udf1></agencyEvent>
<agencyEvent><eventName>V360InspectionResultSubmitAfter</eventName><serviceProviderCode>ARLINGTONCO</serviceProviderCode><auditModel><auditDate>2016-06-07T01:30:43-04:00</auditDate><auditID>ADMIN</auditID><auditStatus>A</auditStatus></auditModel><event><name>V360InspectionResultSubmitAfter</name><auditModel><auditDate>2007-07-26T20:41:33-04:00</auditDate><auditID>ADMIN</auditID><auditStatus>A</auditStatus></auditModel><description>This event occurs after result inspection.</description></event><scriptName>V360InspectionResultSubmitAfter</scriptName><udf1>MASTER SCRIPT - 8.0.1.0.0</udf1></agencyEvent>
<agencyEvent><eventName>V360InspectionResultSubmitBefore</eventName><serviceProviderCode>ARLINGTONCO</serviceProviderCode><auditModel><auditDate>2016-06-07T01:30:43-04:00</auditDate><auditID>ADMIN</auditID><auditStatus>A</auditStatus></auditModel><event><name>V360InspectionResultSubmitBefore</name><auditModel><auditDate>2007-07-26T20:41:32-04:00</auditDate><auditID>ADMIN</auditID><auditStatus>A</auditStatus></auditModel><description>This event occurs before result inspection.</description></event><scriptName>V360InspectionResultSubmitBefore</scriptName><udf1>MASTER SCRIPT - 8.0.1.0.0</udf1></agencyEvent>
<agencyEvent><eventName>V360ParcelAddAfter</eventName><serviceProviderCode>ARLINGTONCO</serviceProviderCode><auditModel><auditDate>2016-06-07T01:30:43-04:00</auditDate><auditID>ADMIN</auditID><auditStatus>A</auditStatus></auditModel><event><name>V360ParcelAddAfter</name><auditModel><auditDate>2007-11-02T21:23:27-04:00</auditDate><auditID>ADMIN</auditID><auditStatus>A</auditStatus></auditModel><description>V360ParcelAddAfter</description></event><scriptName>V360ParcelAddAfter</scriptName><udf1>MASTER SCRIPT - 8.0.1.0.0</udf1></agencyEvent>
<agencyEvent><eventName>VoidPaymentAfter</eventName><serviceProviderCode>ARLINGTONCO</serviceProviderCode><auditModel><auditDate>2016-06-07T01:30:43-04:00</auditDate><auditID>ADMIN</auditID><auditStatus>A</auditStatus></auditModel><event><name>VoidPaymentAfter</name><auditModel><auditDate>2011-05-13T22:43:51-04:00</auditDate><auditID>ADMIN</auditID><auditStatus>A</auditStatus></auditModel><description>This event occurs after void payment.</description></event><scriptName>VoidPaymentAfter</scriptName><udf1>MASTER SCRIPT - 8.0.1.0.0</udf1></agencyEvent>
<agencyEvent><eventName>VoidPaymentBefore</eventName><serviceProviderCode>ARLINGTONCO</serviceProviderCode><auditModel><auditDate>2016-06-07T01:30:43-04:00</auditDate><auditID>ADMIN</auditID><auditStatus>A</auditStatus></auditModel><event><name>VoidPaymentBefore</name><auditModel><auditDate>2011-05-13T22:43:51-04:00</auditDate><auditID>ADMIN</auditID><auditStatus>A</auditStatus></auditModel><description>This event occurs before void payment.</description></event><scriptName>VoidPaymentBefore</scriptName><udf1>MASTER SCRIPT - 8.0.1.0.0</udf1></agencyEvent>
<agencyEvent><eventName>WorkflowTaskUpdateAfter</eventName><serviceProviderCode>ARLINGTONCO</serviceProviderCode><auditModel><auditDate>2016-06-07T01:30:43-04:00</auditDate><auditID>ADMIN</auditID><auditStatus>A</auditStatus></auditModel><event><name>WorkflowTaskUpdateAfter</name><auditModel><auditDate>2002-03-14T15:23:14-05:00</auditDate><auditID>USER1</auditID><auditStatus>A</auditStatus></auditModel><description>This event occurs after a workflow task is updated.</description></event><scriptName>WorkflowTaskUpdateAfter</scriptName><udf1>MASTER SCRIPT - 8.0.1.0.0</udf1></agencyEvent>
<agencyEvent><eventName>WorkflowTaskUpdateBefore</eventName><serviceProviderCode>ARLINGTONCO</serviceProviderCode><auditModel><auditDate>2016-06-07T01:30:43-04:00</auditDate><auditID>ADMIN</auditID><auditStatus>A</auditStatus></auditModel><event><name>WorkflowTaskUpdateBefore</name><auditModel><auditDate>2002-03-14T15:23:14-05:00</auditDate><auditID>USER1</auditID><auditStatus>A</auditStatus></auditModel><description>This event occurs before a workflow task is updated.</description></event><scriptName>WorkflowTaskUpdateBefore</scriptName><udf1>MASTER SCRIPT - 8.0.1.0.0</udf1></agencyEvent>
</list>