<?xml version="1.0" encoding="UTF-8" standalone="yes"?>
<list  version="8.0.0" minorVersion="21" exportUser="ADMIN" exportDateTime="08/10/2016 06:25 AM" description="null"><applicationStatusGroup><appStatusGroupCode>LIC_RENTAL</appStatusGroupCode><serviceProviderCode>MUNI1</serviceProviderCode><appStatusGroupModels><appStatusGroupModel refId="1@AppStatusGroupModel"><serviceProviderCode>MUNI1</serviceProviderCode><appStatusGroupCode>LIC_RENTAL</appStatusGroupCode><status>Approved</status><appStatusGroupI18Ns/><auditModel><auditDate>2016-06-09T16:41:53.543-07:00</auditDate><auditID>ADMIN</auditID><auditStatus>A</auditStatus></auditModel><statusType>APPROVED</statusType></appStatusGroupModel><appStatusGroupModel refId="2@AppStatusGroupModel"><serviceProviderCode>MUNI1</serviceProviderCode><appStatusGroupCode>LIC_RENTAL</appStatusGroupCode><status>Denied</status><appStatusGroupI18Ns/><auditModel><auditDate>2016-06-09T16:42:07.143-07:00</auditDate><auditID>ADMIN</auditID><auditStatus>A</auditStatus></auditModel><statusType>DENIED</statusType></appStatusGroupModel><appStatusGroupModel refId="3@AppStatusGroupModel"><serviceProviderCode>MUNI1</serviceProviderCode><appStatusGroupCode>LIC_RENTAL</appStatusGroupCode><status>Open</status><appStatusGroupI18Ns/><auditModel><auditDate>2016-06-09T16:41:44.543-07:00</auditDate><auditID>ADMIN</auditID><auditStatus>A</auditStatus></auditModel><statusType>OPEN</statusType></appStatusGroupModel><appStatusGroupModel refId="4@AppStatusGroupModel"><serviceProviderCode>MUNI1</serviceProviderCode><appStatusGroupCode>LIC_RENTAL</appStatusGroupCode><status>Quarterly Report Due</status><appStatusGroupI18Ns/><auditModel><auditDate>2016-06-09T16:42:27.147-07:00</auditDate><auditID>ADMIN</auditID><auditStatus>A</auditStatus></auditModel><statusType></statusType></appStatusGroupModel></appStatusGroupModels></applicationStatusGroup>
<applicationStatusGroup><appStatusGroupCode>LIC_BUS_RENEW</appStatusGroupCode><serviceProviderCode>MUNI1</serviceProviderCode><appStatusGroupModels><appStatusGroupModel refId="1@AppStatusGroupModel"><serviceProviderCode>MUNI1</serviceProviderCode><appStatusGroupCode>LIC_BUS_RENEW</appStatusGroupCode><status>Delinquent</status><appStatusGroupI18Ns/><auditModel><auditDate>2013-11-22T09:50:25-08:00</auditDate><auditID>ADMIN</auditID><auditStatus>A</auditStatus></auditModel><statusType>OPEN</statusType></appStatusGroupModel><appStatusGroupModel refId="2@AppStatusGroupModel"><serviceProviderCode>MUNI1</serviceProviderCode><appStatusGroupCode>LIC_BUS_RENEW</appStatusGroupCode><status>Expired</status><appStatusGroupI18Ns/><auditModel><auditDate>2014-07-02T15:11:48-07:00</auditDate><auditID>ADMIN</auditID><auditStatus>D</auditStatus></auditModel><statusType>CLOSED</statusType></appStatusGroupModel><appStatusGroupModel refId="3@AppStatusGroupModel"><serviceProviderCode>MUNI1</serviceProviderCode><appStatusGroupCode>LIC_BUS_RENEW</appStatusGroupCode><status>Fees Paid</status><appStatusGroupI18Ns/><auditModel><auditDate>2014-07-17T09:55:19-07:00</auditDate><auditID>ADMIN</auditID><auditStatus>A</auditStatus></auditModel><statusType>OPEN</statusType></appStatusGroupModel><appStatusGroupModel refId="4@AppStatusGroupModel"><serviceProviderCode>MUNI1</serviceProviderCode><appStatusGroupCode>LIC_BUS_RENEW</appStatusGroupCode><status>Pending</status><appStatusGroupI18Ns/><auditModel><auditDate>2013-11-20T16:21:12-08:00</auditDate><auditID>ADMIN</auditID><auditStatus>A</auditStatus></auditModel><statusType>OPEN</statusType></appStatusGroupModel><appStatusGroupModel refId="5@AppStatusGroupModel"><serviceProviderCode>MUNI1</serviceProviderCode><appStatusGroupCode>LIC_BUS_RENEW</appStatusGroupCode><status>Renewed</status><appStatusGroupI18Ns/><auditModel><auditDate>2013-11-20T16:21:48-08:00</auditDate><auditID>ADMIN</auditID><auditStatus>A</auditStatus></auditModel><statusType>COMPLETE</statusType></appStatusGroupModel><appStatusGroupModel refId="6@AppStatusGroupModel"><serviceProviderCode>MUNI1</serviceProviderCode><appStatusGroupCode>LIC_BUS_RENEW</appStatusGroupCode><status>Revoked</status><appStatusGroupI18Ns/><auditModel><auditDate>2013-11-20T16:21:24-08:00</auditDate><auditID>ADMIN</auditID><auditStatus>A</auditStatus></auditModel><statusType>CLOSED</statusType></appStatusGroupModel><appStatusGroupModel refId="7@AppStatusGroupModel"><serviceProviderCode>MUNI1</serviceProviderCode><appStatusGroupCode>LIC_BUS_RENEW</appStatusGroupCode><status>Void</status><appStatusGroupI18Ns/><auditModel><auditDate>2013-11-20T16:22:02-08:00</auditDate><auditID>ADMIN</auditID><auditStatus>A</auditStatus></auditModel><statusType>VOID</statusType></appStatusGroupModel><appStatusGroupModel refId="8@AppStatusGroupModel"><serviceProviderCode>MUNI1</serviceProviderCode><appStatusGroupCode>LIC_BUS_RENEW</appStatusGroupCode><status>Withdrawn</status><appStatusGroupI18Ns/><auditModel><auditDate>2015-07-28T14:02:28-07:00</auditDate><auditID>ADMIN</auditID><auditStatus>A</auditStatus></auditModel><statusType>VOID</statusType></appStatusGroupModel></appStatusGroupModels></applicationStatusGroup>
</list>