<?xml version="1.0" encoding="UTF-8" standalone="yes"?>
<list  version="8.0.0" minorVersion="21" exportUser="ADMIN" exportDateTime="08/10/2016 06:25 AM" description="null"><asiGroup><appSpecInfoGroupCode>RENTAL</appSpecInfoGroupCode><r1CheckboxGroup>APPLICATION</r1CheckboxGroup><serviceProviderCode>MUNI1</serviceProviderCode><asiModels><asiModel><r1CheckboxCode>RENTAL</r1CheckboxCode><r1CheckboxDesc>Accomodations</r1CheckboxDesc><r1CheckboxGroup>APPLICATION</r1CheckboxGroup><r1CheckboxType>PROPERTY INFO</r1CheckboxType><servProvCode>MUNI1</servProvCode><asiDropdownModels/><defaultApoGisLayer></defaultApoGisLayer><displayLength>0</displayLength><locationQueryFlag>N</locationQueryFlag><maxLength>0</maxLength><r1AttributeValueReqFlag>Y</r1AttributeValueReqFlag><r1CheckboxInd>5</r1CheckboxInd><r1DisplayOrder>3</r1DisplayOrder><r1GroupDisplayOrder>1</r1GroupDisplayOrder><r1ReqFeeCalc>N</r1ReqFeeCalc><r1SearchableFlag>N</r1SearchableFlag><r1SearchableForAca>N</r1SearchableForAca><r1SupervisorEditOnlyFlag>N</r1SupervisorEditOnlyFlag><recDate>2016-05-04T10:13:39.320-07:00</recDate><recFulNam>ADMIN</recFulNam><recStatus>A</recStatus><vchDispFlag>Y</vchDispFlag></asiModel><asiModel><r1CheckboxCode>RENTAL</r1CheckboxCode><r1CheckboxDesc>Property Type</r1CheckboxDesc><r1CheckboxGroup>APPLICATION</r1CheckboxGroup><r1CheckboxType>PROPERTY INFO</r1CheckboxType><servProvCode>MUNI1</servProvCode><asiDropdownModels/><defaultApoGisLayer></defaultApoGisLayer><displayLength>0</displayLength><locationQueryFlag>N</locationQueryFlag><maxLength>0</maxLength><r1AttributeValueReqFlag>Y</r1AttributeValueReqFlag><r1CheckboxInd>5</r1CheckboxInd><r1DisplayOrder>1</r1DisplayOrder><r1GroupDisplayOrder>1</r1GroupDisplayOrder><r1ReqFeeCalc>N</r1ReqFeeCalc><r1SearchableFlag>N</r1SearchableFlag><r1SearchableForAca>Y</r1SearchableForAca><r1SupervisorEditOnlyFlag>N</r1SupervisorEditOnlyFlag><recDate>2016-05-04T10:13:39.320-07:00</recDate><recFulNam>ADMIN</recFulNam><recStatus>A</recStatus><vchDispFlag>Y</vchDispFlag></asiModel><asiModel><r1CheckboxCode>RENTAL</r1CheckboxCode><r1CheckboxDesc>Room Type</r1CheckboxDesc><r1CheckboxGroup>APPLICATION</r1CheckboxGroup><r1CheckboxType>PROPERTY INFO</r1CheckboxType><servProvCode>MUNI1</servProvCode><asiDropdownModels/><defaultApoGisLayer></defaultApoGisLayer><displayLength>0</displayLength><locationQueryFlag>N</locationQueryFlag><maxLength>0</maxLength><r1AttributeValueReqFlag>Y</r1AttributeValueReqFlag><r1CheckboxInd>5</r1CheckboxInd><r1DisplayOrder>2</r1DisplayOrder><r1GroupDisplayOrder>1</r1GroupDisplayOrder><r1ReqFeeCalc>N</r1ReqFeeCalc><r1SearchableFlag>N</r1SearchableFlag><r1SearchableForAca>N</r1SearchableForAca><r1SupervisorEditOnlyFlag>N</r1SupervisorEditOnlyFlag><recDate>2016-05-04T10:13:39.320-07:00</recDate><recFulNam>ADMIN</recFulNam><recStatus>A</recStatus><vchDispFlag>Y</vchDispFlag></asiModel><asiModel><r1CheckboxCode>RENTAL</r1CheckboxCode><r1CheckboxDesc>Bathrooms</r1CheckboxDesc><r1CheckboxGroup>APPLICATION</r1CheckboxGroup><r1CheckboxType>ROOMS AND BEDS</r1CheckboxType><servProvCode>MUNI1</servProvCode><asiDropdownModels/><defaultApoGisLayer></defaultApoGisLayer><displayLength>0</displayLength><locationQueryFlag>N</locationQueryFlag><maxLength>0</maxLength><r1AttributeValueReqFlag>Y</r1AttributeValueReqFlag><r1CheckboxInd>5</r1CheckboxInd><r1DisplayOrder>3</r1DisplayOrder><r1GroupDisplayOrder>2</r1GroupDisplayOrder><r1ReqFeeCalc>N</r1ReqFeeCalc><r1SearchableFlag>N</r1SearchableFlag><r1SearchableForAca>N</r1SearchableForAca><r1SupervisorEditOnlyFlag>N</r1SupervisorEditOnlyFlag><recDate>2016-05-04T10:13:39.320-07:00</recDate><recFulNam>ADMIN</recFulNam><recStatus>A</recStatus><vchDispFlag>Y</vchDispFlag></asiModel><asiModel><r1CheckboxCode>RENTAL</r1CheckboxCode><r1CheckboxDesc>Bedrooms</r1CheckboxDesc><r1CheckboxGroup>APPLICATION</r1CheckboxGroup><r1CheckboxType>ROOMS AND BEDS</r1CheckboxType><servProvCode>MUNI1</servProvCode><asiDropdownModels/><defaultApoGisLayer></defaultApoGisLayer><displayLength>0</displayLength><locationQueryFlag>N</locationQueryFlag><maxLength>0</maxLength><r1AttributeValueReqFlag>Y</r1AttributeValueReqFlag><r1CheckboxInd>5</r1CheckboxInd><r1DisplayOrder>1</r1DisplayOrder><r1GroupDisplayOrder>2</r1GroupDisplayOrder><r1ReqFeeCalc>N</r1ReqFeeCalc><r1SearchableFlag>N</r1SearchableFlag><r1SearchableForAca>N</r1SearchableForAca><r1SupervisorEditOnlyFlag>N</r1SupervisorEditOnlyFlag><recDate>2016-05-04T10:13:39.320-07:00</recDate><recFulNam>ADMIN</recFulNam><recStatus>A</recStatus><vchDispFlag>Y</vchDispFlag></asiModel><asiModel><r1CheckboxCode>RENTAL</r1CheckboxCode><r1CheckboxDesc>Beds</r1CheckboxDesc><r1CheckboxGroup>APPLICATION</r1CheckboxGroup><r1CheckboxType>ROOMS AND BEDS</r1CheckboxType><servProvCode>MUNI1</servProvCode><asiDropdownModels/><defaultApoGisLayer></defaultApoGisLayer><displayLength>0</displayLength><locationQueryFlag>N</locationQueryFlag><maxLength>0</maxLength><r1AttributeValueReqFlag>Y</r1AttributeValueReqFlag><r1CheckboxInd>5</r1CheckboxInd><r1DisplayOrder>2</r1DisplayOrder><r1GroupDisplayOrder>2</r1GroupDisplayOrder><r1ReqFeeCalc>N</r1ReqFeeCalc><r1SearchableFlag>N</r1SearchableFlag><r1SearchableForAca>N</r1SearchableForAca><r1SupervisorEditOnlyFlag>N</r1SupervisorEditOnlyFlag><recDate>2016-05-04T10:13:39.320-07:00</recDate><recFulNam>ADMIN</recFulNam><recStatus>A</recStatus><vchDispFlag>Y</vchDispFlag></asiModel></asiModels><asiSecurityModels/><fieldVariableMapping/><isASITSelected>Y</isASITSelected><isSecuritySelected>Y</isSecuritySelected><r1CheckboxType>PROPERTY INFO</r1CheckboxType><sharedDropDownModels><sharedDropDownModel refId="1@SharedDropDownModel"><sequenceNbr>192</sequenceNbr><serviceProviderCode>MUNI1</serviceProviderCode><auditModel><auditDate>2016-05-04T04:33:30.070-07:00</auditDate><auditID>ADMIN</auditID><auditStatus>A</auditStatus></auditModel><level1>RENTAL</level1><level2>PROPERTY INFO</level2><level3>APPLICATION</level3><level4>Property Type</level4><relationType>APPLICATION_SPECIFIC_INFO</relationType><standardChoiceName>Property Type</standardChoiceName></sharedDropDownModel><sharedDropDownModel refId="2@SharedDropDownModel"><sequenceNbr>193</sequenceNbr><serviceProviderCode>MUNI1</serviceProviderCode><auditModel><auditDate>2016-05-04T04:34:53.450-07:00</auditDate><auditID>ADMIN</auditID><auditStatus>A</auditStatus></auditModel><level1>RENTAL</level1><level2>PROPERTY INFO</level2><level3>APPLICATION</level3><level4>Room Type</level4><relationType>APPLICATION_SPECIFIC_INFO</relationType><standardChoiceName>Room Category</standardChoiceName></sharedDropDownModel><sharedDropDownModel refId="3@SharedDropDownModel"><sequenceNbr>194</sequenceNbr><serviceProviderCode>MUNI1</serviceProviderCode><auditModel><auditDate>2016-05-04T04:35:04.763-07:00</auditDate><auditID>ADMIN</auditID><auditStatus>A</auditStatus></auditModel><level1>RENTAL</level1><level2>PROPERTY INFO</level2><level3>APPLICATION</level3><level4>Accomodations</level4><relationType>APPLICATION_SPECIFIC_INFO</relationType><standardChoiceName>Capacity</standardChoiceName></sharedDropDownModel><sharedDropDownModel refId="4@SharedDropDownModel"><sequenceNbr>195</sequenceNbr><serviceProviderCode>MUNI1</serviceProviderCode><auditModel><auditDate>2016-05-04T04:37:12.190-07:00</auditDate><auditID>ADMIN</auditID><auditStatus>A</auditStatus></auditModel><level1>RENTAL</level1><level2>ROOMS AND BEDS</level2><level3>APPLICATION</level3><level4>Bedrooms</level4><relationType>APPLICATION_SPECIFIC_INFO</relationType><standardChoiceName>Bedrooms</standardChoiceName></sharedDropDownModel><sharedDropDownModel refId="5@SharedDropDownModel"><sequenceNbr>196</sequenceNbr><serviceProviderCode>MUNI1</serviceProviderCode><auditModel><auditDate>2016-05-04T04:37:26.677-07:00</auditDate><auditID>ADMIN</auditID><auditStatus>A</auditStatus></auditModel><level1>RENTAL</level1><level2>ROOMS AND BEDS</level2><level3>APPLICATION</level3><level4>Beds</level4><relationType>APPLICATION_SPECIFIC_INFO</relationType><standardChoiceName>Capacity</standardChoiceName></sharedDropDownModel><sharedDropDownModel refId="6@SharedDropDownModel"><sequenceNbr>197</sequenceNbr><serviceProviderCode>MUNI1</serviceProviderCode><auditModel><auditDate>2016-05-04T04:37:38.753-07:00</auditDate><auditID>ADMIN</auditID><auditStatus>A</auditStatus></auditModel><level1>RENTAL</level1><level2>ROOMS AND BEDS</level2><level3>APPLICATION</level3><level4>Bathrooms</level4><relationType>APPLICATION_SPECIFIC_INFO</relationType><standardChoiceName>Baths</standardChoiceName></sharedDropDownModel></sharedDropDownModels><templateLayoutConfigModels><templateLayoutConfigModel><resId>2</resId><serviceProviderCode>MUNI1</serviceProviderCode><auditModel><auditDate>2016-05-04T05:13:39.283-07:00</auditDate><auditID>ADMIN</auditID><auditStatus>A</auditStatus></auditModel><columnLayout xmlns:xsi="http://www.w3.org/2001/XMLSchema-instance" xsi:nil="true"/><configLevel>TEMPLATENAME</configLevel><entityType>ASI</entityType><fieldName>N/A</fieldName><templateCode>RENTAL</templateCode><templateLayoutConfigI18NModels/><templateType>PROPERTY INFO</templateType></templateLayoutConfigModel><templateLayoutConfigModel><resId>3</resId><serviceProviderCode>MUNI1</serviceProviderCode><auditModel><auditDate>2016-05-04T05:13:18.517-07:00</auditDate><auditID>ADMIN</auditID><auditStatus>A</auditStatus></auditModel><columnLayout xmlns:xsi="http://www.w3.org/2001/XMLSchema-instance" xsi:nil="true"/><configLevel>TEMPLATENAME</configLevel><entityType>ASI</entityType><fieldName>N/A</fieldName><templateCode>RENTAL</templateCode><templateLayoutConfigI18NModels/><templateType>ROOMS AND BEDS</templateType></templateLayoutConfigModel></templateLayoutConfigModels></asiGroup>
<asiGroup><appSpecInfoGroupCode>STR_QRE</appSpecInfoGroupCode><r1CheckboxGroup>APPLICATION</r1CheckboxGroup><serviceProviderCode>MUNI1</serviceProviderCode><asiModels><asiModel><r1CheckboxCode>STR_QRE</r1CheckboxCode><r1CheckboxDesc>How many guests stayed this quarter?</r1CheckboxDesc><r1CheckboxGroup>APPLICATION</r1CheckboxGroup><r1CheckboxType>QUARTERLY REPORT DETAILS</r1CheckboxType><servProvCode>MUNI1</servProvCode><asiDropdownModels/><defaultApoGisLayer></defaultApoGisLayer><displayLength>0</displayLength><locationQueryFlag>N</locationQueryFlag><maxLength>0</maxLength><r1AttributeValueReqFlag>Y</r1AttributeValueReqFlag><r1CheckboxInd>4</r1CheckboxInd><r1DisplayOrder>2</r1DisplayOrder><r1ReqFeeCalc>N</r1ReqFeeCalc><r1SearchableFlag>N</r1SearchableFlag><r1SearchableForAca>N</r1SearchableForAca><r1SupervisorEditOnlyFlag>N</r1SupervisorEditOnlyFlag><recDate>2016-06-10T14:32:19.857-07:00</recDate><recFulNam>ADMIN</recFulNam><recStatus>A</recStatus><vchDispFlag>Y</vchDispFlag></asiModel><asiModel><r1CheckboxCode>STR_QRE</r1CheckboxCode><r1CheckboxDesc>How many total days did you have guests?</r1CheckboxDesc><r1CheckboxGroup>APPLICATION</r1CheckboxGroup><r1CheckboxType>QUARTERLY REPORT DETAILS</r1CheckboxType><servProvCode>MUNI1</servProvCode><asiDropdownModels/><defaultApoGisLayer></defaultApoGisLayer><displayLength>0</displayLength><locationQueryFlag>N</locationQueryFlag><maxLength>0</maxLength><r1AttributeValueReqFlag>Y</r1AttributeValueReqFlag><r1CheckboxInd>4</r1CheckboxInd><r1DisplayOrder>3</r1DisplayOrder><r1ReqFeeCalc>N</r1ReqFeeCalc><r1SearchableFlag>N</r1SearchableFlag><r1SearchableForAca>N</r1SearchableForAca><r1SupervisorEditOnlyFlag>N</r1SupervisorEditOnlyFlag><recDate>2016-06-10T14:32:19.857-07:00</recDate><recFulNam>ADMIN</recFulNam><recStatus>A</recStatus><vchDispFlag>Y</vchDispFlag></asiModel><asiModel><r1CheckboxCode>STR_QRE</r1CheckboxCode><r1CheckboxDesc>Quarter Ending</r1CheckboxDesc><r1CheckboxGroup>APPLICATION</r1CheckboxGroup><r1CheckboxType>QUARTERLY REPORT DETAILS</r1CheckboxType><servProvCode>MUNI1</servProvCode><asiDropdownModels/><defaultApoGisLayer></defaultApoGisLayer><displayLength>0</displayLength><locationQueryFlag>N</locationQueryFlag><maxLength>0</maxLength><r1AttributeValueReqFlag>Y</r1AttributeValueReqFlag><r1CheckboxInd>2</r1CheckboxInd><r1DisplayOrder>1</r1DisplayOrder><r1ReqFeeCalc>N</r1ReqFeeCalc><r1SearchableFlag>N</r1SearchableFlag><r1SearchableForAca>N</r1SearchableForAca><r1SupervisorEditOnlyFlag>N</r1SupervisorEditOnlyFlag><recDate>2016-06-10T14:32:19.857-07:00</recDate><recFulNam>ADMIN</recFulNam><recStatus>A</recStatus><vchDispFlag>Y</vchDispFlag></asiModel><asiModel><r1CheckboxCode>STR_QRE</r1CheckboxCode><r1CheckboxDesc>What was your total collected dollars during the quarter?</r1CheckboxDesc><r1CheckboxGroup>APPLICATION</r1CheckboxGroup><r1CheckboxType>QUARTERLY REPORT DETAILS</r1CheckboxType><servProvCode>MUNI1</servProvCode><asiDropdownModels/><defaultApoGisLayer></defaultApoGisLayer><displayLength>0</displayLength><locationQueryFlag>N</locationQueryFlag><maxLength>0</maxLength><r1AttributeValueReqFlag>Y</r1AttributeValueReqFlag><r1CheckboxInd>4</r1CheckboxInd><r1DisplayOrder>4</r1DisplayOrder><r1ReqFeeCalc>N</r1ReqFeeCalc><r1SearchableFlag>N</r1SearchableFlag><r1SearchableForAca>N</r1SearchableForAca><r1SupervisorEditOnlyFlag>N</r1SupervisorEditOnlyFlag><recDate>2016-06-10T14:32:19.857-07:00</recDate><recFulNam>ADMIN</recFulNam><recStatus>A</recStatus><vchDispFlag>Y</vchDispFlag></asiModel></asiModels><asiSecurityModels/><fieldVariableMapping/><isASITSelected>Y</isASITSelected><isSecuritySelected>Y</isSecuritySelected><r1CheckboxType>QUARTERLY REPORT DETAILS</r1CheckboxType><sharedDropDownModels/><templateLayoutConfigModels><templateLayoutConfigModel><resId>22</resId><serviceProviderCode>MUNI1</serviceProviderCode><auditModel><auditDate>2016-06-10T09:32:52.023-07:00</auditDate><auditID>ADMIN</auditID><auditStatus>A</auditStatus></auditModel><columnArrangement>Horizontal</columnArrangement><columnLayout>2</columnLayout><configLevel>TEMPLATENAME</configLevel><entityType>ASI</entityType><fieldName>N/A</fieldName><labelDisplay>TOP</labelDisplay><templateCode>STR_QRE</templateCode><templateLayoutConfigI18NModels/><templateType>QUARTERLY REPORT DETAILS</templateType></templateLayoutConfigModel></templateLayoutConfigModels></asiGroup>
<asiGroup><appSpecInfoGroupCode>LIC_SERV_REN</appSpecInfoGroupCode><r1CheckboxGroup>APPLICATION</r1CheckboxGroup><serviceProviderCode>MUNI1</serviceProviderCode><asiModels><asiModel><r1CheckboxCode>LIC_SERV_REN</r1CheckboxCode><r1CheckboxDesc>Gross Annual Sales</r1CheckboxDesc><r1CheckboxGroup>APPLICATION</r1CheckboxGroup><r1CheckboxType>BASIC BUSINESS INFORMATION</r1CheckboxType><servProvCode>MUNI1</servProvCode><asiDropdownModels/><displayLength>0</displayLength><maxLength>0</maxLength><r1AttributeValueReqFlag>Y</r1AttributeValueReqFlag><r1CheckboxDescAlt>Enter your gross annual sales for the past year</r1CheckboxDescAlt><r1CheckboxInd>4</r1CheckboxInd><r1DisplayOrder>60</r1DisplayOrder><r1GroupDisplayOrder>20</r1GroupDisplayOrder><r1ReqFeeCalc>N</r1ReqFeeCalc><r1SearchableFlag>N</r1SearchableFlag><r1SearchableForAca>N</r1SearchableForAca><r1SupervisorEditOnlyFlag>N</r1SupervisorEditOnlyFlag><recDate>2014-03-31T14:27:50-07:00</recDate><recFulNam>ADMIN</recFulNam><recStatus>A</recStatus><vchDispFlag>Y</vchDispFlag></asiModel><asiModel><r1CheckboxCode>LIC_SERV_REN</r1CheckboxCode><r1CheckboxDesc>Number of Employees</r1CheckboxDesc><r1CheckboxGroup>APPLICATION</r1CheckboxGroup><r1CheckboxType>BASIC BUSINESS INFORMATION</r1CheckboxType><servProvCode>MUNI1</servProvCode><asiDropdownModels/><displayLength>0</displayLength><maxLength>0</maxLength><r1AttributeValueReqFlag>Y</r1AttributeValueReqFlag><r1CheckboxDescAlt>Enter the number of Employees</r1CheckboxDescAlt><r1CheckboxInd>4</r1CheckboxInd><r1DisplayOrder>50</r1DisplayOrder><r1GroupDisplayOrder>20</r1GroupDisplayOrder><r1ReqFeeCalc>N</r1ReqFeeCalc><r1SearchableFlag>N</r1SearchableFlag><r1SearchableForAca>N</r1SearchableForAca><r1SupervisorEditOnlyFlag>N</r1SupervisorEditOnlyFlag><recDate>2014-03-31T14:27:50-07:00</recDate><recFulNam>ADMIN</recFulNam><recStatus>A</recStatus><vchDispFlag>Y</vchDispFlag></asiModel><asiModel><r1CheckboxCode>LIC_SERV_REN</r1CheckboxCode><r1CheckboxDesc>Bio-Hazardous Materials or Waste</r1CheckboxDesc><r1CheckboxGroup>APPLICATION</r1CheckboxGroup><r1CheckboxType>BUSINESS ACTIVITY INFORMATION</r1CheckboxType><servProvCode>MUNI1</servProvCode><asiDropdownModels/><displayLength>0</displayLength><locationQueryFlag>N</locationQueryFlag><maxLength>0</maxLength><r1AttributeValueReqFlag>Y</r1AttributeValueReqFlag><r1CheckboxDescAlt>Does the Business manage or produce Bio-Hazardous Materials or Waste?</r1CheckboxDescAlt><r1CheckboxInd>3</r1CheckboxInd><r1DisplayOrder>110</r1DisplayOrder><r1GroupDisplayOrder>30</r1GroupDisplayOrder><r1ReqFeeCalc>N</r1ReqFeeCalc><r1SearchableFlag>Y</r1SearchableFlag><r1SearchableForAca>N</r1SearchableForAca><r1SupervisorEditOnlyFlag>N</r1SupervisorEditOnlyFlag><recDate>2014-03-03T10:54:10-08:00</recDate><recFulNam>ADMIN</recFulNam><recStatus>A</recStatus><vchDispFlag>Y</vchDispFlag></asiModel><asiModel><r1CheckboxCode>LIC_SERV_REN</r1CheckboxCode><r1CheckboxDesc>Use, Store or Transport Chemicals</r1CheckboxDesc><r1CheckboxGroup>APPLICATION</r1CheckboxGroup><r1CheckboxType>BUSINESS ACTIVITY INFORMATION</r1CheckboxType><servProvCode>MUNI1</servProvCode><asiDropdownModels/><displayLength>0</displayLength><locationQueryFlag>N</locationQueryFlag><maxLength>0</maxLength><r1AttributeValueReqFlag>Y</r1AttributeValueReqFlag><r1CheckboxDescAlt>Does the Business use, store or transport Chemicals (New or Waste)?</r1CheckboxDescAlt><r1CheckboxInd>3</r1CheckboxInd><r1DisplayOrder>120</r1DisplayOrder><r1GroupDisplayOrder>30</r1GroupDisplayOrder><r1ReqFeeCalc>N</r1ReqFeeCalc><r1SearchableFlag>Y</r1SearchableFlag><r1SearchableForAca>N</r1SearchableForAca><r1SupervisorEditOnlyFlag>N</r1SupervisorEditOnlyFlag><recDate>2014-03-03T10:54:10-08:00</recDate><recFulNam>ADMIN</recFulNam><recStatus>A</recStatus><vchDispFlag>Y</vchDispFlag></asiModel><asiModel><r1CheckboxCode>LIC_SERV_REN</r1CheckboxCode><r1CheckboxDesc>Business Square Footage</r1CheckboxDesc><r1CheckboxGroup>APPLICATION</r1CheckboxGroup><r1CheckboxType>BUSINESS LOCATION INFORMATION</r1CheckboxType><servProvCode>MUNI1</servProvCode><asiDropdownModels/><displayLength>0</displayLength><locationQueryFlag>N</locationQueryFlag><maxLength>0</maxLength><r1AttributeValueReqFlag>N</r1AttributeValueReqFlag><r1CheckboxDescAlt>Enter the Size of the Building or Area </r1CheckboxDescAlt><r1CheckboxInd>4</r1CheckboxInd><r1DisplayOrder>20</r1DisplayOrder><r1GroupDisplayOrder>40</r1GroupDisplayOrder><r1ReqFeeCalc>N</r1ReqFeeCalc><r1SearchableFlag>N</r1SearchableFlag><r1SearchableForAca>N</r1SearchableForAca><r1SupervisorEditOnlyFlag>N</r1SupervisorEditOnlyFlag><recDate>2014-03-03T10:54:10-08:00</recDate><recFulNam>ADMIN</recFulNam><recStatus>A</recStatus><vchDispFlag>Y</vchDispFlag></asiModel><asiModel><r1CheckboxCode>LIC_SERV_REN</r1CheckboxCode><r1CheckboxDesc>Property Owner</r1CheckboxDesc><r1CheckboxGroup>APPLICATION</r1CheckboxGroup><r1CheckboxType>BUSINESS LOCATION INFORMATION</r1CheckboxType><servProvCode>MUNI1</servProvCode><asiDropdownModels/><displayLength>0</displayLength><locationQueryFlag>N</locationQueryFlag><maxLength>0</maxLength><r1AttributeValueReqFlag>Y</r1AttributeValueReqFlag><r1CheckboxDescAlt>Do you or the Business own the Property?</r1CheckboxDescAlt><r1CheckboxInd>3</r1CheckboxInd><r1DisplayOrder>10</r1DisplayOrder><r1GroupDisplayOrder>40</r1GroupDisplayOrder><r1ReqFeeCalc>N</r1ReqFeeCalc><r1SearchableFlag>N</r1SearchableFlag><r1SearchableForAca>N</r1SearchableForAca><r1SupervisorEditOnlyFlag>N</r1SupervisorEditOnlyFlag><recDate>2014-03-03T10:54:10-08:00</recDate><recFulNam>ADMIN</recFulNam><recStatus>A</recStatus><vchDispFlag>Y</vchDispFlag></asiModel><asiModel><r1CheckboxCode>LIC_SERV_REN</r1CheckboxCode><r1CheckboxDesc>Property Zoning</r1CheckboxDesc><r1CheckboxGroup>APPLICATION</r1CheckboxGroup><r1CheckboxType>BUSINESS LOCATION INFORMATION</r1CheckboxType><servProvCode>MUNI1</servProvCode><asiDropdownModels/><displayLength>0</displayLength><locationQueryFlag>N</locationQueryFlag><maxLength>0</maxLength><r1AttributeValueReqFlag>N</r1AttributeValueReqFlag><r1CheckboxInd>1</r1CheckboxInd><r1DisplayOrder>30</r1DisplayOrder><r1GroupDisplayOrder>40</r1GroupDisplayOrder><r1ReqFeeCalc>N</r1ReqFeeCalc><r1SearchableFlag>N</r1SearchableFlag><r1SearchableForAca>N</r1SearchableForAca><r1SupervisorEditOnlyFlag>N</r1SupervisorEditOnlyFlag><recDate>2014-03-03T10:54:10-08:00</recDate><recFulNam>ADMIN</recFulNam><recStatus>A</recStatus><vchDispFlag>N</vchDispFlag></asiModel><asiModel><r1CheckboxCode>LIC_SERV_REN</r1CheckboxCode><r1CheckboxDesc>Business Activity Code (NAICS)</r1CheckboxDesc><r1CheckboxGroup>APPLICATION</r1CheckboxGroup><r1CheckboxType>GENERAL INFORMATION</r1CheckboxType><servProvCode>MUNI1</servProvCode><asiDropdownModels/><displayLength>0</displayLength><locationQueryFlag>N</locationQueryFlag><maxLength>0</maxLength><r1AttributeValueReqFlag>N</r1AttributeValueReqFlag><r1CheckboxInd>1</r1CheckboxInd><r1DisplayOrder>50</r1DisplayOrder><r1GroupDisplayOrder>10</r1GroupDisplayOrder><r1ReqFeeCalc>N</r1ReqFeeCalc><r1SearchableFlag>N</r1SearchableFlag><r1SearchableForAca>N</r1SearchableForAca><r1SupervisorEditOnlyFlag>N</r1SupervisorEditOnlyFlag><recDate>2014-03-03T10:54:10-08:00</recDate><recFulNam>ADMIN</recFulNam><recStatus>A</recStatus><vchDispFlag>Y</vchDispFlag></asiModel><asiModel><r1CheckboxCode>LIC_SERV_REN</r1CheckboxCode><r1CheckboxDesc>Business Open Date</r1CheckboxDesc><r1CheckboxGroup>APPLICATION</r1CheckboxGroup><r1CheckboxType>GENERAL INFORMATION</r1CheckboxType><servProvCode>MUNI1</servProvCode><asiDropdownModels/><displayLength>0</displayLength><locationQueryFlag>N</locationQueryFlag><maxLength>0</maxLength><r1AttributeValueReqFlag>Y</r1AttributeValueReqFlag><r1CheckboxDescAlt>Enter the Date the Business Opened</r1CheckboxDescAlt><r1CheckboxInd>2</r1CheckboxInd><r1DisplayOrder>70</r1DisplayOrder><r1GroupDisplayOrder>10</r1GroupDisplayOrder><r1ReqFeeCalc>N</r1ReqFeeCalc><r1SearchableFlag>Y</r1SearchableFlag><r1SearchableForAca>N</r1SearchableForAca><r1SupervisorEditOnlyFlag>N</r1SupervisorEditOnlyFlag><recDate>2014-03-03T10:54:10-08:00</recDate><recFulNam>ADMIN</recFulNam><recStatus>A</recStatus><vchDispFlag>Y</vchDispFlag></asiModel><asiModel><r1CheckboxCode>LIC_SERV_REN</r1CheckboxCode><r1CheckboxDesc>Business Ownership Type</r1CheckboxDesc><r1CheckboxGroup>APPLICATION</r1CheckboxGroup><r1CheckboxType>GENERAL INFORMATION</r1CheckboxType><servProvCode>MUNI1</servProvCode><asiDropdownModels/><displayLength>0</displayLength><locationQueryFlag>N</locationQueryFlag><maxLength>0</maxLength><r1AttributeValueReqFlag>Y</r1AttributeValueReqFlag><r1CheckboxInd>5</r1CheckboxInd><r1DisplayOrder>10</r1DisplayOrder><r1GroupDisplayOrder>10</r1GroupDisplayOrder><r1ReqFeeCalc>N</r1ReqFeeCalc><r1SearchableFlag>Y</r1SearchableFlag><r1SearchableForAca>N</r1SearchableForAca><r1SupervisorEditOnlyFlag>N</r1SupervisorEditOnlyFlag><recDate>2014-03-03T10:54:10-08:00</recDate><recFulNam>ADMIN</recFulNam><recStatus>A</recStatus><vchDispFlag>Y</vchDispFlag></asiModel><asiModel><r1CheckboxCode>LIC_SERV_REN</r1CheckboxCode><r1CheckboxDesc>Description of Business</r1CheckboxDesc><r1CheckboxGroup>APPLICATION</r1CheckboxGroup><r1CheckboxType>GENERAL INFORMATION</r1CheckboxType><servProvCode>MUNI1</servProvCode><asiDropdownModels/><displayLength>45</displayLength><locationQueryFlag>N</locationQueryFlag><maxLength>0</maxLength><r1AttributeValueReqFlag>Y</r1AttributeValueReqFlag><r1CheckboxInd>6</r1CheckboxInd><r1DisplayOrder>60</r1DisplayOrder><r1GroupDisplayOrder>10</r1GroupDisplayOrder><r1ReqFeeCalc>N</r1ReqFeeCalc><r1SearchableFlag>N</r1SearchableFlag><r1SearchableForAca>N</r1SearchableForAca><r1SupervisorEditOnlyFlag>N</r1SupervisorEditOnlyFlag><recDate>2014-03-03T10:54:10-08:00</recDate><recFulNam>ADMIN</recFulNam><recStatus>A</recStatus><vchDispFlag>Y</vchDispFlag></asiModel><asiModel><r1CheckboxCode>LIC_SERV_REN</r1CheckboxCode><r1CheckboxDesc>Doing Business As (DBA) Name</r1CheckboxDesc><r1CheckboxGroup>APPLICATION</r1CheckboxGroup><r1CheckboxType>GENERAL INFORMATION</r1CheckboxType><servProvCode>MUNI1</servProvCode><asiDropdownModels/><displayLength>0</displayLength><locationQueryFlag>N</locationQueryFlag><maxLength>0</maxLength><r1AttributeValueReqFlag>Y</r1AttributeValueReqFlag><r1CheckboxInd>1</r1CheckboxInd><r1DisplayOrder>30</r1DisplayOrder><r1GroupDisplayOrder>10</r1GroupDisplayOrder><r1ReqFeeCalc>N</r1ReqFeeCalc><r1SearchableFlag>Y</r1SearchableFlag><r1SearchableForAca>N</r1SearchableForAca><r1SupervisorEditOnlyFlag>N</r1SupervisorEditOnlyFlag><recDate>2014-03-03T10:54:10-08:00</recDate><recFulNam>ADMIN</recFulNam><recStatus>A</recStatus><vchDispFlag>Y</vchDispFlag></asiModel><asiModel><r1CheckboxCode>LIC_SERV_REN</r1CheckboxCode><r1CheckboxDesc>Female Owned</r1CheckboxDesc><r1CheckboxGroup>APPLICATION</r1CheckboxGroup><r1CheckboxType>GENERAL INFORMATION</r1CheckboxType><servProvCode>MUNI1</servProvCode><asiDropdownModels/><displayLength>0</displayLength><locationQueryFlag>N</locationQueryFlag><maxLength>0</maxLength><r1AttributeValueReqFlag>Y</r1AttributeValueReqFlag><r1CheckboxInd>3</r1CheckboxInd><r1DisplayOrder>80</r1DisplayOrder><r1GroupDisplayOrder>10</r1GroupDisplayOrder><r1ReqFeeCalc>N</r1ReqFeeCalc><r1SearchableFlag>Y</r1SearchableFlag><r1SearchableForAca>N</r1SearchableForAca><r1SupervisorEditOnlyFlag>N</r1SupervisorEditOnlyFlag><recDate>2014-03-03T10:54:10-08:00</recDate><recFulNam>ADMIN</recFulNam><recStatus>A</recStatus><vchDispFlag>Y</vchDispFlag></asiModel><asiModel><r1CheckboxCode>LIC_SERV_REN</r1CheckboxCode><r1CheckboxDesc>Legal Business Name</r1CheckboxDesc><r1CheckboxGroup>APPLICATION</r1CheckboxGroup><r1CheckboxType>GENERAL INFORMATION</r1CheckboxType><servProvCode>MUNI1</servProvCode><asiDropdownModels/><displayLength>0</displayLength><locationQueryFlag>N</locationQueryFlag><maxLength>0</maxLength><r1AttributeValueReqFlag>Y</r1AttributeValueReqFlag><r1CheckboxInd>1</r1CheckboxInd><r1DisplayOrder>20</r1DisplayOrder><r1GroupDisplayOrder>10</r1GroupDisplayOrder><r1ReqFeeCalc>N</r1ReqFeeCalc><r1SearchableFlag>Y</r1SearchableFlag><r1SearchableForAca>N</r1SearchableForAca><r1SupervisorEditOnlyFlag>N</r1SupervisorEditOnlyFlag><recDate>2014-03-03T10:54:10-08:00</recDate><recFulNam>ADMIN</recFulNam><recStatus>A</recStatus><vchDispFlag>Y</vchDispFlag></asiModel><asiModel><r1CheckboxCode>LIC_SERV_REN</r1CheckboxCode><r1CheckboxDesc>Minority Owned</r1CheckboxDesc><r1CheckboxGroup>APPLICATION</r1CheckboxGroup><r1CheckboxType>GENERAL INFORMATION</r1CheckboxType><servProvCode>MUNI1</servProvCode><asiDropdownModels/><displayLength>0</displayLength><locationQueryFlag>N</locationQueryFlag><maxLength>0</maxLength><r1AttributeValueReqFlag>Y</r1AttributeValueReqFlag><r1CheckboxInd>3</r1CheckboxInd><r1DisplayOrder>90</r1DisplayOrder><r1GroupDisplayOrder>10</r1GroupDisplayOrder><r1ReqFeeCalc>N</r1ReqFeeCalc><r1SearchableFlag>Y</r1SearchableFlag><r1SearchableForAca>N</r1SearchableForAca><r1SupervisorEditOnlyFlag>N</r1SupervisorEditOnlyFlag><recDate>2014-03-03T10:54:10-08:00</recDate><recFulNam>ADMIN</recFulNam><recStatus>A</recStatus><vchDispFlag>Y</vchDispFlag></asiModel><asiModel><r1CheckboxCode>LIC_SERV_REN</r1CheckboxCode><r1CheckboxDesc>Non-Profit Business</r1CheckboxDesc><r1CheckboxGroup>APPLICATION</r1CheckboxGroup><r1CheckboxType>GENERAL INFORMATION</r1CheckboxType><servProvCode>MUNI1</servProvCode><asiDropdownModels/><displayLength>0</displayLength><locationQueryFlag>N</locationQueryFlag><maxLength>0</maxLength><r1AttributeValueReqFlag>Y</r1AttributeValueReqFlag><r1CheckboxDescAlt>Do You Operate as a Non-Profit Business?</r1CheckboxDescAlt><r1CheckboxInd>3</r1CheckboxInd><r1DisplayOrder>100</r1DisplayOrder><r1GroupDisplayOrder>10</r1GroupDisplayOrder><r1ReqFeeCalc>N</r1ReqFeeCalc><r1SearchableFlag>Y</r1SearchableFlag><r1SearchableForAca>N</r1SearchableForAca><r1SupervisorEditOnlyFlag>N</r1SupervisorEditOnlyFlag><recDate>2014-03-03T10:54:10-08:00</recDate><recFulNam>ADMIN</recFulNam><recStatus>A</recStatus><vchDispFlag>Y</vchDispFlag></asiModel><asiModel><r1CheckboxCode>LIC_SERV_REN</r1CheckboxCode><r1CheckboxDesc>Sales Tax Number</r1CheckboxDesc><r1CheckboxGroup>APPLICATION</r1CheckboxGroup><r1CheckboxType>GENERAL INFORMATION</r1CheckboxType><servProvCode>MUNI1</servProvCode><asiDropdownModels/><displayLength>0</displayLength><locationQueryFlag>N</locationQueryFlag><maxLength>0</maxLength><r1AttributeValueReqFlag>N</r1AttributeValueReqFlag><r1CheckboxInd>1</r1CheckboxInd><r1DisplayOrder>40</r1DisplayOrder><r1GroupDisplayOrder>10</r1GroupDisplayOrder><r1ReqFeeCalc>N</r1ReqFeeCalc><r1SearchableFlag>Y</r1SearchableFlag><r1SearchableForAca>N</r1SearchableForAca><r1SupervisorEditOnlyFlag>N</r1SupervisorEditOnlyFlag><recDate>2014-03-03T10:54:10-08:00</recDate><recFulNam>ADMIN</recFulNam><recStatus>A</recStatus><vchDispFlag>Y</vchDispFlag></asiModel></asiModels><asiSecurityModels/><fieldVariableMapping/><isASITSelected>Y</isASITSelected><isSecuritySelected>Y</isSecuritySelected><r1CheckboxType>BASIC BUSINESS INFORMATION</r1CheckboxType><sharedDropDownModels><sharedDropDownModel refId="1@SharedDropDownModel"><sequenceNbr>66</sequenceNbr><serviceProviderCode>MUNI1</serviceProviderCode><auditModel><auditDate>2013-12-16T15:33:01-08:00</auditDate><auditID>ADMIN</auditID><auditStatus>A</auditStatus></auditModel><level1>LIC_SERV_REN</level1><level2>GENERAL INFORMATION</level2><level3>APPLICATION</level3><level4>Business Ownership Type</level4><relationType>APPLICATION_SPECIFIC_INFO</relationType><standardChoiceName>LIC_BUS_TYPE</standardChoiceName></sharedDropDownModel></sharedDropDownModels><templateLayoutConfigModels><templateLayoutConfigModel><resId>4117</resId><serviceProviderCode>MUNI1</serviceProviderCode><alternativeLabel>Enter your gross annual sales for the past year</alternativeLabel><auditModel><auditDate>2014-03-31T14:27:50-07:00</auditDate><auditID>ADMIN</auditID><auditStatus>A</auditStatus></auditModel><columnLayout xmlns:xsi="http://www.w3.org/2001/XMLSchema-instance" xsi:nil="true"/><configLevel>FIELDNAME</configLevel><entityType>ASI</entityType><fieldName>Gross Annual Sales</fieldName><templateCode>LIC_SERV_REN</templateCode><templateLayoutConfigI18NModels/><templateType>BASIC BUSINESS INFORMATION</templateType></templateLayoutConfigModel><templateLayoutConfigModel><resId>4634</resId><serviceProviderCode>MUNI1</serviceProviderCode><alternativeLabel>Enter the number of Employees</alternativeLabel><auditModel><auditDate>2014-03-31T14:27:50-07:00</auditDate><auditID>ADMIN</auditID><auditStatus>A</auditStatus></auditModel><columnLayout xmlns:xsi="http://www.w3.org/2001/XMLSchema-instance" xsi:nil="true"/><configLevel>FIELDNAME</configLevel><entityType>ASI</entityType><fieldName>Number of Employees</fieldName><templateCode>LIC_SERV_REN</templateCode><templateLayoutConfigI18NModels/><templateType>BASIC BUSINESS INFORMATION</templateType></templateLayoutConfigModel><templateLayoutConfigModel><resId>3394</resId><serviceProviderCode>MUNI1</serviceProviderCode><alternativeLabel>Does the Business manage or produce Bio-Hazardous Materials or Waste?</alternativeLabel><auditModel><auditDate>2014-03-03T10:54:10-08:00</auditDate><auditID>ADMIN</auditID><auditStatus>A</auditStatus></auditModel><columnLayout xmlns:xsi="http://www.w3.org/2001/XMLSchema-instance" xsi:nil="true"/><configLevel>FIELDNAME</configLevel><entityType>ASI</entityType><fieldName>Bio-Hazardous Materials or Waste</fieldName><templateCode>LIC_SERV_REN</templateCode><templateLayoutConfigI18NModels/><templateType>BUSINESS ACTIVITY INFORMATION</templateType></templateLayoutConfigModel><templateLayoutConfigModel><resId>3395</resId><serviceProviderCode>MUNI1</serviceProviderCode><alternativeLabel>Does the Business use, store or transport Chemicals (New or Waste)?</alternativeLabel><auditModel><auditDate>2014-03-03T10:54:10-08:00</auditDate><auditID>ADMIN</auditID><auditStatus>A</auditStatus></auditModel><columnLayout xmlns:xsi="http://www.w3.org/2001/XMLSchema-instance" xsi:nil="true"/><configLevel>FIELDNAME</configLevel><entityType>ASI</entityType><fieldName>Use, Store or Transport Chemicals</fieldName><templateCode>LIC_SERV_REN</templateCode><templateLayoutConfigI18NModels/><templateType>BUSINESS ACTIVITY INFORMATION</templateType></templateLayoutConfigModel><templateLayoutConfigModel><resId>309</resId><serviceProviderCode>MUNI1</serviceProviderCode><alternativeLabel>Enter the Size of the Building or Area </alternativeLabel><auditModel><auditDate>2013-12-16T15:33:01-08:00</auditDate><auditID>ADMIN</auditID><auditStatus>A</auditStatus></auditModel><columnLayout xmlns:xsi="http://www.w3.org/2001/XMLSchema-instance" xsi:nil="true"/><configLevel>FIELDNAME</configLevel><entityType>ASI</entityType><fieldName>Business Square Footage</fieldName><templateCode>LIC_SERV_REN</templateCode><templateLayoutConfigI18NModels/><templateType>BUSINESS LOCATION INFORMATION</templateType></templateLayoutConfigModel><templateLayoutConfigModel><resId>310</resId><serviceProviderCode>MUNI1</serviceProviderCode><alternativeLabel>Do you or the Business own the Property?</alternativeLabel><auditModel><auditDate>2013-12-16T15:33:01-08:00</auditDate><auditID>ADMIN</auditID><auditStatus>A</auditStatus></auditModel><columnLayout xmlns:xsi="http://www.w3.org/2001/XMLSchema-instance" xsi:nil="true"/><configLevel>FIELDNAME</configLevel><entityType>ASI</entityType><fieldName>Property Owner</fieldName><templateCode>LIC_SERV_REN</templateCode><templateLayoutConfigI18NModels/><templateType>BUSINESS LOCATION INFORMATION</templateType></templateLayoutConfigModel><templateLayoutConfigModel><resId>3396</resId><serviceProviderCode>MUNI1</serviceProviderCode><auditModel><auditDate>2014-03-03T10:54:10-08:00</auditDate><auditID>ADMIN</auditID><auditStatus>A</auditStatus></auditModel><columnLayout xmlns:xsi="http://www.w3.org/2001/XMLSchema-instance" xsi:nil="true"/><configLevel>FIELDNAME</configLevel><entityType>ASI</entityType><fieldName>Property Zoning</fieldName><templateCode>LIC_SERV_REN</templateCode><templateLayoutConfigI18NModels/><templateType>BUSINESS LOCATION INFORMATION</templateType></templateLayoutConfigModel><templateLayoutConfigModel><resId>734</resId><serviceProviderCode>MUNI1</serviceProviderCode><auditModel><auditDate>2014-03-03T10:54:10-08:00</auditDate><auditID>ADMIN</auditID><auditStatus>A</auditStatus></auditModel><columnLayout xmlns:xsi="http://www.w3.org/2001/XMLSchema-instance" xsi:nil="true"/><configLevel>FIELDNAME</configLevel><entityType>ASI</entityType><fieldName>Business Activity Code (NAICS)</fieldName><templateCode>LIC_SERV_REN</templateCode><templateLayoutConfigI18NModels/><templateType>GENERAL INFORMATION</templateType></templateLayoutConfigModel><templateLayoutConfigModel><resId>308</resId><serviceProviderCode>MUNI1</serviceProviderCode><alternativeLabel>Enter the Date the Business Opened</alternativeLabel><auditModel><auditDate>2013-12-16T15:33:01-08:00</auditDate><auditID>ADMIN</auditID><auditStatus>A</auditStatus></auditModel><columnLayout xmlns:xsi="http://www.w3.org/2001/XMLSchema-instance" xsi:nil="true"/><configLevel>FIELDNAME</configLevel><entityType>ASI</entityType><fieldName>Business Open Date</fieldName><templateCode>LIC_SERV_REN</templateCode><templateLayoutConfigI18NModels/><templateType>GENERAL INFORMATION</templateType></templateLayoutConfigModel><templateLayoutConfigModel><resId>726</resId><serviceProviderCode>MUNI1</serviceProviderCode><auditModel><auditDate>2014-03-03T10:54:10-08:00</auditDate><auditID>ADMIN</auditID><auditStatus>A</auditStatus></auditModel><columnLayout xmlns:xsi="http://www.w3.org/2001/XMLSchema-instance" xsi:nil="true"/><configLevel>FIELDNAME</configLevel><entityType>ASI</entityType><fieldName>Business Ownership Type</fieldName><templateCode>LIC_SERV_REN</templateCode><templateLayoutConfigI18NModels/><templateType>GENERAL INFORMATION</templateType></templateLayoutConfigModel><templateLayoutConfigModel><resId>772</resId><serviceProviderCode>MUNI1</serviceProviderCode><auditModel><auditDate>2014-03-03T10:54:10-08:00</auditDate><auditID>ADMIN</auditID><auditStatus>A</auditStatus></auditModel><columnLayout xmlns:xsi="http://www.w3.org/2001/XMLSchema-instance" xsi:nil="true"/><configLevel>FIELDNAME</configLevel><entityType>ASI</entityType><fieldName>Description of Business</fieldName><templateCode>LIC_SERV_REN</templateCode><templateLayoutConfigI18NModels/><templateType>GENERAL INFORMATION</templateType></templateLayoutConfigModel><templateLayoutConfigModel><resId>732</resId><serviceProviderCode>MUNI1</serviceProviderCode><auditModel><auditDate>2014-03-03T10:54:10-08:00</auditDate><auditID>ADMIN</auditID><auditStatus>A</auditStatus></auditModel><columnLayout xmlns:xsi="http://www.w3.org/2001/XMLSchema-instance" xsi:nil="true"/><configLevel>FIELDNAME</configLevel><entityType>ASI</entityType><fieldName>Doing Business As (DBA) Name</fieldName><templateCode>LIC_SERV_REN</templateCode><templateLayoutConfigI18NModels/><templateType>GENERAL INFORMATION</templateType></templateLayoutConfigModel><templateLayoutConfigModel><resId>773</resId><serviceProviderCode>MUNI1</serviceProviderCode><auditModel><auditDate>2014-03-03T10:54:10-08:00</auditDate><auditID>ADMIN</auditID><auditStatus>A</auditStatus></auditModel><columnLayout xmlns:xsi="http://www.w3.org/2001/XMLSchema-instance" xsi:nil="true"/><configLevel>FIELDNAME</configLevel><entityType>ASI</entityType><fieldName>Female Owned</fieldName><templateCode>LIC_SERV_REN</templateCode><templateLayoutConfigI18NModels/><templateType>GENERAL INFORMATION</templateType></templateLayoutConfigModel><templateLayoutConfigModel><resId>731</resId><serviceProviderCode>MUNI1</serviceProviderCode><auditModel><auditDate>2014-03-03T10:54:10-08:00</auditDate><auditID>ADMIN</auditID><auditStatus>A</auditStatus></auditModel><columnLayout xmlns:xsi="http://www.w3.org/2001/XMLSchema-instance" xsi:nil="true"/><configLevel>FIELDNAME</configLevel><entityType>ASI</entityType><fieldName>Legal Business Name</fieldName><templateCode>LIC_SERV_REN</templateCode><templateLayoutConfigI18NModels/><templateType>GENERAL INFORMATION</templateType></templateLayoutConfigModel><templateLayoutConfigModel><resId>774</resId><serviceProviderCode>MUNI1</serviceProviderCode><auditModel><auditDate>2014-03-03T10:54:10-08:00</auditDate><auditID>ADMIN</auditID><auditStatus>A</auditStatus></auditModel><columnLayout xmlns:xsi="http://www.w3.org/2001/XMLSchema-instance" xsi:nil="true"/><configLevel>FIELDNAME</configLevel><entityType>ASI</entityType><fieldName>Minority Owned</fieldName><templateCode>LIC_SERV_REN</templateCode><templateLayoutConfigI18NModels/><templateType>GENERAL INFORMATION</templateType></templateLayoutConfigModel><templateLayoutConfigModel><resId>782</resId><serviceProviderCode>MUNI1</serviceProviderCode><alternativeLabel>Do You Operate as a Non-Profit Business?</alternativeLabel><auditModel><auditDate>2014-03-03T10:54:10-08:00</auditDate><auditID>ADMIN</auditID><auditStatus>A</auditStatus></auditModel><columnLayout xmlns:xsi="http://www.w3.org/2001/XMLSchema-instance" xsi:nil="true"/><configLevel>FIELDNAME</configLevel><entityType>ASI</entityType><fieldName>Non-Profit Business</fieldName><templateCode>LIC_SERV_REN</templateCode><templateLayoutConfigI18NModels/><templateType>GENERAL INFORMATION</templateType></templateLayoutConfigModel><templateLayoutConfigModel><resId>733</resId><serviceProviderCode>MUNI1</serviceProviderCode><auditModel><auditDate>2014-03-03T10:54:10-08:00</auditDate><auditID>ADMIN</auditID><auditStatus>A</auditStatus></auditModel><columnLayout xmlns:xsi="http://www.w3.org/2001/XMLSchema-instance" xsi:nil="true"/><configLevel>FIELDNAME</configLevel><entityType>ASI</entityType><fieldName>Sales Tax Number</fieldName><templateCode>LIC_SERV_REN</templateCode><templateLayoutConfigI18NModels/><templateType>GENERAL INFORMATION</templateType></templateLayoutConfigModel></templateLayoutConfigModels></asiGroup>
</list>