<?xml version="1.0" encoding="UTF-8" standalone="yes"?>
<list  version="8.0.0" minorVersion="21" exportUser="ADMIN" exportDateTime="08/10/2016 06:25 AM" description="null"><refDocument refId="1@RefDocumentModel"><docCode>LIC</docCode><docSeqNumber>2</docSeqNumber><serviceProviderCode>MUNI1</serviceProviderCode><auditModel><auditDate>2012-02-28T13:35:05-08:00</auditDate><auditID>ADMIN</auditID><auditStatus>A</auditStatus></auditModel><autoDownload>N</autoDownload><deleteRole>0000000000</deleteRole><XDocEntityTypes/><documentComment> </documentComment><refDocumentI18NModels/><documentType>Transcript</documentType><documentsecurityModels/><restrictDocTypeForACA>Y</restrictDocTypeForACA><reviewStatusGroup>FILE_REVIEW_STATUS</reviewStatusGroup><titleRestrictRole>0111000000</titleRestrictRole><uploadRole>0111000000</uploadRole><viewRole>0111000000</viewRole></refDocument>
<refDocument refId="1@RefDocumentModel"><docCode>LIC</docCode><docSeqNumber>3</docSeqNumber><serviceProviderCode>MUNI1</serviceProviderCode><auditModel><auditDate>2012-02-28T13:35:36-08:00</auditDate><auditID>ADMIN</auditID><auditStatus>A</auditStatus></auditModel><autoDownload>N</autoDownload><deleteRole>0000000000</deleteRole><XDocEntityTypes/><documentComment> </documentComment><refDocumentI18NModels/><documentType>Photo</documentType><documentsecurityModels/><restrictDocTypeForACA>Y</restrictDocTypeForACA><reviewStatusGroup>FILE_REVIEW_STATUS</reviewStatusGroup><titleRestrictRole>0111000000</titleRestrictRole><uploadRole>0111000000</uploadRole><viewRole>0111000000</viewRole></refDocument>
<refDocument refId="1@RefDocumentModel"><docCode>LIC</docCode><docSeqNumber>4</docSeqNumber><serviceProviderCode>MUNI1</serviceProviderCode><auditModel><auditDate>2012-02-28T13:43:19-08:00</auditDate><auditID>ADMIN</auditID><auditStatus>A</auditStatus></auditModel><autoDownload>N</autoDownload><deleteRole>0000000000</deleteRole><XDocEntityTypes/><documentComment> </documentComment><refDocumentI18NModels/><documentType>Exam Result</documentType><documentsecurityModels/><restrictDocTypeForACA>Y</restrictDocTypeForACA><reviewStatusGroup>FILE_REVIEW_STATUS</reviewStatusGroup><titleRestrictRole>0111000000</titleRestrictRole><uploadRole>0111000000</uploadRole><viewRole>0111000000</viewRole></refDocument>
<refDocument refId="1@RefDocumentModel"><docCode>LIC</docCode><docSeqNumber>5</docSeqNumber><serviceProviderCode>MUNI1</serviceProviderCode><auditModel><auditDate>2012-02-28T13:43:52-08:00</auditDate><auditID>ADMIN</auditID><auditStatus>A</auditStatus></auditModel><autoDownload>N</autoDownload><deleteRole>0000000000</deleteRole><XDocEntityTypes/><documentComment> </documentComment><refDocumentI18NModels/><documentType>Letter of Recommendation</documentType><documentsecurityModels/><restrictDocTypeForACA>Y</restrictDocTypeForACA><reviewStatusGroup>FILE_REVIEW_STATUS</reviewStatusGroup><titleRestrictRole>0111000000</titleRestrictRole><uploadRole>0111000000</uploadRole><viewRole>0111000000</viewRole></refDocument>
<refDocument refId="1@RefDocumentModel"><docCode>LIC</docCode><docSeqNumber>6</docSeqNumber><serviceProviderCode>MUNI1</serviceProviderCode><auditModel><auditDate>2012-02-28T13:44:29-08:00</auditDate><auditID>ADMIN</auditID><auditStatus>A</auditStatus></auditModel><autoDownload>N</autoDownload><deleteRole>0000000000</deleteRole><XDocEntityTypes/><documentComment> </documentComment><refDocumentI18NModels/><documentType>Public Orders</documentType><documentsecurityModels/><restrictDocTypeForACA>Y</restrictDocTypeForACA><reviewStatusGroup>FILE_REVIEW_STATUS</reviewStatusGroup><titleRestrictRole>1111110000</titleRestrictRole><uploadRole>0000000000</uploadRole><viewRole>1111110000</viewRole></refDocument>
<refDocument refId="1@RefDocumentModel"><docCode>LIC</docCode><docSeqNumber>7</docSeqNumber><serviceProviderCode>MUNI1</serviceProviderCode><auditModel><auditDate>2012-05-10T09:56:50-07:00</auditDate><auditID>ADMIN</auditID><auditStatus>A</auditStatus></auditModel><autoDownload>N</autoDownload><deleteRole>0110000000</deleteRole><XDocEntityTypes/><documentComment> </documentComment><refDocumentI18NModels/><documentType>Outgoing Email</documentType><documentsecurityModels/><restrictDocTypeForACA>Y</restrictDocTypeForACA><titleRestrictRole>0110000000</titleRestrictRole><uploadRole>0110000000</uploadRole><viewRole>0110000000</viewRole></refDocument>
<refDocument refId="1@RefDocumentModel"><docCode>LIC</docCode><docSeqNumber>8</docSeqNumber><serviceProviderCode>MUNI1</serviceProviderCode><auditModel><auditDate>2014-03-25T09:45:53-07:00</auditDate><auditID>ADMIN</auditID><auditStatus>A</auditStatus></auditModel><autoDownload>N</autoDownload><deleteRole>0000000000</deleteRole><XDocEntityTypes/><documentComment> </documentComment><refDocumentI18NModels/><documentType>Renewal Letter</documentType><documentsecurityModels/><restrictDocTypeForACA>Y</restrictDocTypeForACA><titleRestrictRole>0101000000</titleRestrictRole><uploadRole>0000000000</uploadRole><viewRole>0101000000</viewRole></refDocument>
</list>