<?xml version="1.0" encoding="UTF-8" standalone="yes"?>
<list  version="8.0.0" minorVersion="21" exportUser="ADMIN" exportDateTime="08/10/2016 06:25 AM" description="null"><mask><name>Default</name><serviceProviderCode>MUNI1</serviceProviderCode><type>Cap Key</type><auditModel><auditDate>2014-03-20T12:46:14-07:00</auditDate><auditID>SYSTEM</auditID><auditStatus>A</auditStatus></auditModel><description>Default Cap Key Mask</description><maxLength>17</maxLength><minLength>17</minLength><pattern>REC$$yy$$-00000-$$SEQ05$$</pattern><radixValue>36</radixValue><seqName>Default</seqName></mask>
<mask><name>Default</name><serviceProviderCode>MUNI1</serviceProviderCode><type>Partial CAP ID</type><auditModel><auditDate>2016-02-18T01:01:43.733-08:00</auditDate><auditID>ADMIN</auditID><auditStatus>A</auditStatus></auditModel><description>Mask Definition for Partial CAP ID</description><maxLength>30</maxLength><minLength>1</minLength><pattern>$$yy$$EST-$$SEQ06$$</pattern><radixValue>10</radixValue><seqName>Default</seqName></mask>
<mask><name>Default</name><serviceProviderCode>MUNI1</serviceProviderCode><type>Temporary CAP ID</type><auditModel><auditDate>2016-02-18T01:01:43.800-08:00</auditDate><auditID>ADMIN</auditID><auditStatus>A</auditStatus></auditModel><description>Mask Definition for Temporary CAP ID</description><maxLength>30</maxLength><minLength>1</minLength><pattern>$$yy$$TMP-$$SEQ06$$</pattern><radixValue>10</radixValue><seqName>Default</seqName></mask>
<mask><name>Licenses/Business//Renewal</name><serviceProviderCode>MUNI1</serviceProviderCode><type>Cap ID</type><auditModel><auditDate>2013-11-20T15:30:02-08:00</auditDate><auditID>SYSTEM</auditID><auditStatus>A</auditStatus></auditModel><description> </description><maxLength>30</maxLength><minLength>1</minLength><pattern>BUSR$$yy$$-$$SEQ05$$</pattern><radixValue>10</radixValue><seqName>Licenses/Business//Renewal</seqName></mask>
</list>