<?xml version="1.0" encoding="UTF-8" standalone="yes"?>
<list  version="8.0.0" minorVersion="21" exportUser="ADMIN" exportDateTime="08/10/2016 06:25 AM" description="null"><sharedDropDownListModel><name>Capacity</name><serviceProviderCode>MUNI1</serviceProviderCode><auditModel><auditDate>2016-05-04T04:26:17.850-07:00</auditDate><auditID>ADMIN</auditID><auditStatus>A</auditStatus></auditModel><sharedDropDownList><sharedDropDownValue><bdvSeqNbr>2728</bdvSeqNbr><servProvCode>MUNI1</servProvCode><auditModel><auditDate>2016-05-04T04:27:51.137-07:00</auditDate><auditID>ADMIN</auditID><auditStatus>A</auditStatus></auditModel><bizdomain>Capacity</bizdomain><bizdomainValue>1</bizdomainValue><sortOrder>0</sortOrder><standardChoiceValueI18NModels/></sharedDropDownValue><sharedDropDownValue><bdvSeqNbr>2737</bdvSeqNbr><servProvCode>MUNI1</servProvCode><auditModel><auditDate>2016-05-04T04:27:41.090-07:00</auditDate><auditID>ADMIN</auditID><auditStatus>A</auditStatus></auditModel><bizdomain>Capacity</bizdomain><bizdomainValue>10</bizdomainValue><sortOrder>10</sortOrder><standardChoiceValueI18NModels/></sharedDropDownValue><sharedDropDownValue><bdvSeqNbr>2738</bdvSeqNbr><servProvCode>MUNI1</servProvCode><auditModel><auditDate>2016-05-04T04:27:41.107-07:00</auditDate><auditID>ADMIN</auditID><auditStatus>A</auditStatus></auditModel><bizdomain>Capacity</bizdomain><bizdomainValue>11</bizdomainValue><sortOrder>11</sortOrder><standardChoiceValueI18NModels/></sharedDropDownValue><sharedDropDownValue><bdvSeqNbr>2739</bdvSeqNbr><servProvCode>MUNI1</servProvCode><auditModel><auditDate>2016-05-04T04:27:41.120-07:00</auditDate><auditID>ADMIN</auditID><auditStatus>A</auditStatus></auditModel><bizdomain>Capacity</bizdomain><bizdomainValue>12</bizdomainValue><sortOrder>12</sortOrder><standardChoiceValueI18NModels/></sharedDropDownValue><sharedDropDownValue><bdvSeqNbr>2740</bdvSeqNbr><servProvCode>MUNI1</servProvCode><auditModel><auditDate>2016-05-04T04:27:41.137-07:00</auditDate><auditID>ADMIN</auditID><auditStatus>A</auditStatus></auditModel><bizdomain>Capacity</bizdomain><bizdomainValue>13</bizdomainValue><sortOrder>13</sortOrder><standardChoiceValueI18NModels/></sharedDropDownValue><sharedDropDownValue><bdvSeqNbr>2741</bdvSeqNbr><servProvCode>MUNI1</servProvCode><auditModel><auditDate>2016-05-04T04:27:51.153-07:00</auditDate><auditID>ADMIN</auditID><auditStatus>A</auditStatus></auditModel><bizdomain>Capacity</bizdomain><bizdomainValue>14</bizdomainValue><sortOrder>14</sortOrder><standardChoiceValueI18NModels/></sharedDropDownValue><sharedDropDownValue><bdvSeqNbr>2742</bdvSeqNbr><servProvCode>MUNI1</servProvCode><auditModel><auditDate>2016-05-04T04:27:51.170-07:00</auditDate><auditID>ADMIN</auditID><auditStatus>A</auditStatus></auditModel><bizdomain>Capacity</bizdomain><bizdomainValue>15</bizdomainValue><sortOrder>15</sortOrder><standardChoiceValueI18NModels/></sharedDropDownValue><sharedDropDownValue><bdvSeqNbr>2743</bdvSeqNbr><servProvCode>MUNI1</servProvCode><auditModel><auditDate>2016-05-04T04:27:51.170-07:00</auditDate><auditID>ADMIN</auditID><auditStatus>A</auditStatus></auditModel><bizdomain>Capacity</bizdomain><bizdomainValue>16</bizdomainValue><sortOrder>16</sortOrder><standardChoiceValueI18NModels/></sharedDropDownValue><sharedDropDownValue><bdvSeqNbr>2729</bdvSeqNbr><servProvCode>MUNI1</servProvCode><auditModel><auditDate>2016-05-04T04:27:51.183-07:00</auditDate><auditID>ADMIN</auditID><auditStatus>A</auditStatus></auditModel><bizdomain>Capacity</bizdomain><bizdomainValue>2</bizdomainValue><sortOrder>0</sortOrder><standardChoiceValueI18NModels/></sharedDropDownValue><sharedDropDownValue><bdvSeqNbr>2730</bdvSeqNbr><servProvCode>MUNI1</servProvCode><auditModel><auditDate>2016-05-04T04:26:31.040-07:00</auditDate><auditID>ADMIN</auditID><auditStatus>A</auditStatus></auditModel><bizdomain>Capacity</bizdomain><bizdomainValue>3</bizdomainValue><sortOrder>0</sortOrder><standardChoiceValueI18NModels/></sharedDropDownValue><sharedDropDownValue><bdvSeqNbr>2731</bdvSeqNbr><servProvCode>MUNI1</servProvCode><auditModel><auditDate>2016-05-04T04:26:34.773-07:00</auditDate><auditID>ADMIN</auditID><auditStatus>A</auditStatus></auditModel><bizdomain>Capacity</bizdomain><bizdomainValue>4</bizdomainValue><sortOrder>0</sortOrder><standardChoiceValueI18NModels/></sharedDropDownValue><sharedDropDownValue><bdvSeqNbr>2732</bdvSeqNbr><servProvCode>MUNI1</servProvCode><auditModel><auditDate>2016-05-04T04:26:38.400-07:00</auditDate><auditID>ADMIN</auditID><auditStatus>A</auditStatus></auditModel><bizdomain>Capacity</bizdomain><bizdomainValue>5</bizdomainValue><sortOrder>0</sortOrder><standardChoiceValueI18NModels/></sharedDropDownValue><sharedDropDownValue><bdvSeqNbr>2733</bdvSeqNbr><servProvCode>MUNI1</servProvCode><auditModel><auditDate>2016-05-04T04:26:43.650-07:00</auditDate><auditID>ADMIN</auditID><auditStatus>A</auditStatus></auditModel><bizdomain>Capacity</bizdomain><bizdomainValue>6</bizdomainValue><sortOrder>0</sortOrder><standardChoiceValueI18NModels/></sharedDropDownValue><sharedDropDownValue><bdvSeqNbr>2734</bdvSeqNbr><servProvCode>MUNI1</servProvCode><auditModel><auditDate>2016-05-04T04:26:47.087-07:00</auditDate><auditID>ADMIN</auditID><auditStatus>A</auditStatus></auditModel><bizdomain>Capacity</bizdomain><bizdomainValue>7</bizdomainValue><sortOrder>0</sortOrder><standardChoiceValueI18NModels/></sharedDropDownValue><sharedDropDownValue><bdvSeqNbr>2735</bdvSeqNbr><servProvCode>MUNI1</servProvCode><auditModel><auditDate>2016-05-04T04:26:53.117-07:00</auditDate><auditID>ADMIN</auditID><auditStatus>A</auditStatus></auditModel><bizdomain>Capacity</bizdomain><bizdomainValue>8</bizdomainValue><sortOrder>0</sortOrder><standardChoiceValueI18NModels/></sharedDropDownValue><sharedDropDownValue><bdvSeqNbr>2736</bdvSeqNbr><servProvCode>MUNI1</servProvCode><auditModel><auditDate>2016-05-04T04:26:57.117-07:00</auditDate><auditID>ADMIN</auditID><auditStatus>A</auditStatus></auditModel><bizdomain>Capacity</bizdomain><bizdomainValue>9</bizdomainValue><sortOrder>0</sortOrder><standardChoiceValueI18NModels/></sharedDropDownValue></sharedDropDownList><type>ShareDropDown</type></sharedDropDownListModel>
<sharedDropDownListModel><name>Property Type</name><serviceProviderCode>MUNI1</serviceProviderCode><auditModel><auditDate>2016-05-04T04:20:46.970-07:00</auditDate><auditID>ADMIN</auditID><auditStatus>A</auditStatus></auditModel><sharedDropDownList><sharedDropDownValue><bdvSeqNbr>2699</bdvSeqNbr><servProvCode>MUNI1</servProvCode><auditModel><auditDate>2016-05-04T04:21:10.300-07:00</auditDate><auditID>ADMIN</auditID><auditStatus>A</auditStatus></auditModel><bizdomain>Property Type</bizdomain><bizdomainValue>Apartment</bizdomainValue><sortOrder>0</sortOrder><standardChoiceValueI18NModels/></sharedDropDownValue><sharedDropDownValue><bdvSeqNbr>2701</bdvSeqNbr><servProvCode>MUNI1</servProvCode><auditModel><auditDate>2016-05-04T04:21:35.220-07:00</auditDate><auditID>ADMIN</auditID><auditStatus>A</auditStatus></auditModel><bizdomain>Property Type</bizdomain><bizdomainValue>Bed &amp; Breakfast</bizdomainValue><sortOrder>0</sortOrder><standardChoiceValueI18NModels/></sharedDropDownValue><sharedDropDownValue><bdvSeqNbr>2710</bdvSeqNbr><servProvCode>MUNI1</servProvCode><auditModel><auditDate>2016-05-04T04:23:25.493-07:00</auditDate><auditID>ADMIN</auditID><auditStatus>A</auditStatus></auditModel><bizdomain>Property Type</bizdomain><bizdomainValue>Boat</bizdomainValue><sortOrder>0</sortOrder><standardChoiceValueI18NModels/></sharedDropDownValue><sharedDropDownValue><bdvSeqNbr>2705</bdvSeqNbr><servProvCode>MUNI1</servProvCode><auditModel><auditDate>2016-05-04T04:22:50.147-07:00</auditDate><auditID>ADMIN</auditID><auditStatus>A</auditStatus></auditModel><bizdomain>Property Type</bizdomain><bizdomainValue>Bungalow</bizdomainValue><sortOrder>0</sortOrder><standardChoiceValueI18NModels/></sharedDropDownValue><sharedDropDownValue><bdvSeqNbr>2706</bdvSeqNbr><servProvCode>MUNI1</servProvCode><auditModel><auditDate>2016-05-04T04:22:57.600-07:00</auditDate><auditID>ADMIN</auditID><auditStatus>A</auditStatus></auditModel><bizdomain>Property Type</bizdomain><bizdomainValue>Cabin</bizdomainValue><sortOrder>0</sortOrder><standardChoiceValueI18NModels/></sharedDropDownValue><sharedDropDownValue><bdvSeqNbr>2712</bdvSeqNbr><servProvCode>MUNI1</servProvCode><auditModel><auditDate>2016-05-04T04:23:40.370-07:00</auditDate><auditID>ADMIN</auditID><auditStatus>A</auditStatus></auditModel><bizdomain>Property Type</bizdomain><bizdomainValue>Camper/RV</bizdomainValue><sortOrder>0</sortOrder><standardChoiceValueI18NModels/></sharedDropDownValue><sharedDropDownValue><bdvSeqNbr>2698</bdvSeqNbr><servProvCode>MUNI1</servProvCode><auditModel><auditDate>2016-05-04T04:20:58.267-07:00</auditDate><auditID>ADMIN</auditID><auditStatus>A</auditStatus></auditModel><bizdomain>Property Type</bizdomain><bizdomainValue>Castle</bizdomainValue><sortOrder>0</sortOrder><standardChoiceValueI18NModels/></sharedDropDownValue><sharedDropDownValue><bdvSeqNbr>2717</bdvSeqNbr><servProvCode>MUNI1</servProvCode><auditModel><auditDate>2016-05-04T04:24:20.653-07:00</auditDate><auditID>ADMIN</auditID><auditStatus>A</auditStatus></auditModel><bizdomain>Property Type</bizdomain><bizdomainValue>Cave</bizdomainValue><sortOrder>0</sortOrder><standardChoiceValueI18NModels/></sharedDropDownValue><sharedDropDownValue><bdvSeqNbr>2719</bdvSeqNbr><servProvCode>MUNI1</servProvCode><auditModel><auditDate>2016-05-04T04:24:33.357-07:00</auditDate><auditID>ADMIN</auditID><auditStatus>A</auditStatus></auditModel><bizdomain>Property Type</bizdomain><bizdomainValue>Chalet</bizdomainValue><sortOrder>0</sortOrder><standardChoiceValueI18NModels/></sharedDropDownValue><sharedDropDownValue><bdvSeqNbr>2704</bdvSeqNbr><servProvCode>MUNI1</servProvCode><auditModel><auditDate>2016-05-04T04:22:41.553-07:00</auditDate><auditID>ADMIN</auditID><auditStatus>A</auditStatus></auditModel><bizdomain>Property Type</bizdomain><bizdomainValue>Condominium</bizdomainValue><sortOrder>0</sortOrder><standardChoiceValueI18NModels/></sharedDropDownValue><sharedDropDownValue><bdvSeqNbr>2708</bdvSeqNbr><servProvCode>MUNI1</servProvCode><auditModel><auditDate>2016-05-04T04:23:12.507-07:00</auditDate><auditID>ADMIN</auditID><auditStatus>A</auditStatus></auditModel><bizdomain>Property Type</bizdomain><bizdomainValue>Dorm</bizdomainValue><sortOrder>0</sortOrder><standardChoiceValueI18NModels/></sharedDropDownValue><sharedDropDownValue><bdvSeqNbr>2720</bdvSeqNbr><servProvCode>MUNI1</servProvCode><auditModel><auditDate>2016-05-04T04:24:40.763-07:00</auditDate><auditID>ADMIN</auditID><auditStatus>A</auditStatus></auditModel><bizdomain>Property Type</bizdomain><bizdomainValue>Earth House</bizdomainValue><sortOrder>0</sortOrder><standardChoiceValueI18NModels/></sharedDropDownValue><sharedDropDownValue><bdvSeqNbr>2700</bdvSeqNbr><servProvCode>MUNI1</servProvCode><auditModel><auditDate>2016-05-04T04:21:15.940-07:00</auditDate><auditID>ADMIN</auditID><auditStatus>A</auditStatus></auditModel><bizdomain>Property Type</bizdomain><bizdomainValue>House</bizdomainValue><sortOrder>0</sortOrder><standardChoiceValueI18NModels/></sharedDropDownValue><sharedDropDownValue><bdvSeqNbr>2721</bdvSeqNbr><servProvCode>MUNI1</servProvCode><auditModel><auditDate>2016-05-04T04:24:47.060-07:00</auditDate><auditID>ADMIN</auditID><auditStatus>A</auditStatus></auditModel><bizdomain>Property Type</bizdomain><bizdomainValue>Hut</bizdomainValue><sortOrder>0</sortOrder><standardChoiceValueI18NModels/></sharedDropDownValue><sharedDropDownValue><bdvSeqNbr>2713</bdvSeqNbr><servProvCode>MUNI1</servProvCode><auditModel><auditDate>2016-05-04T04:23:47.463-07:00</auditDate><auditID>ADMIN</auditID><auditStatus>A</auditStatus></auditModel><bizdomain>Property Type</bizdomain><bizdomainValue>Igloo</bizdomainValue><sortOrder>0</sortOrder><standardChoiceValueI18NModels/></sharedDropDownValue><sharedDropDownValue><bdvSeqNbr>2718</bdvSeqNbr><servProvCode>MUNI1</servProvCode><auditModel><auditDate>2016-05-04T04:24:26.123-07:00</auditDate><auditID>ADMIN</auditID><auditStatus>A</auditStatus></auditModel><bizdomain>Property Type</bizdomain><bizdomainValue>Island</bizdomainValue><sortOrder>0</sortOrder><standardChoiceValueI18NModels/></sharedDropDownValue><sharedDropDownValue><bdvSeqNbr>2714</bdvSeqNbr><servProvCode>MUNI1</servProvCode><auditModel><auditDate>2016-05-04T04:23:54.480-07:00</auditDate><auditID>ADMIN</auditID><auditStatus>A</auditStatus></auditModel><bizdomain>Property Type</bizdomain><bizdomainValue>Lighthouse</bizdomainValue><sortOrder>0</sortOrder><standardChoiceValueI18NModels/></sharedDropDownValue><sharedDropDownValue><bdvSeqNbr>2702</bdvSeqNbr><servProvCode>MUNI1</servProvCode><auditModel><auditDate>2016-05-04T04:22:16.193-07:00</auditDate><auditID>ADMIN</auditID><auditStatus>A</auditStatus></auditModel><bizdomain>Property Type</bizdomain><bizdomainValue>Loft</bizdomainValue><sortOrder>0</sortOrder><standardChoiceValueI18NModels/></sharedDropDownValue><sharedDropDownValue><bdvSeqNbr>2724</bdvSeqNbr><servProvCode>MUNI1</servProvCode><auditModel><auditDate>2016-05-04T04:25:02.560-07:00</auditDate><auditID>ADMIN</auditID><auditStatus>A</auditStatus></auditModel><bizdomain>Property Type</bizdomain><bizdomainValue>Other</bizdomainValue><sortOrder>0</sortOrder><standardChoiceValueI18NModels/></sharedDropDownValue><sharedDropDownValue><bdvSeqNbr>2711</bdvSeqNbr><servProvCode>MUNI1</servProvCode><auditModel><auditDate>2016-05-04T04:23:32.153-07:00</auditDate><auditID>ADMIN</auditID><auditStatus>A</auditStatus></auditModel><bizdomain>Property Type</bizdomain><bizdomainValue>Plane</bizdomainValue><sortOrder>0</sortOrder><standardChoiceValueI18NModels/></sharedDropDownValue><sharedDropDownValue><bdvSeqNbr>2723</bdvSeqNbr><servProvCode>MUNI1</servProvCode><auditModel><auditDate>2016-05-04T04:24:56.733-07:00</auditDate><auditID>ADMIN</auditID><auditStatus>A</auditStatus></auditModel><bizdomain>Property Type</bizdomain><bizdomainValue>Tent</bizdomainValue><sortOrder>0</sortOrder><standardChoiceValueI18NModels/></sharedDropDownValue><sharedDropDownValue><bdvSeqNbr>2716</bdvSeqNbr><servProvCode>MUNI1</servProvCode><auditModel><auditDate>2016-05-04T04:24:10.653-07:00</auditDate><auditID>ADMIN</auditID><auditStatus>A</auditStatus></auditModel><bizdomain>Property Type</bizdomain><bizdomainValue>Tipi</bizdomainValue><sortOrder>0</sortOrder><standardChoiceValueI18NModels/></sharedDropDownValue><sharedDropDownValue><bdvSeqNbr>2703</bdvSeqNbr><servProvCode>MUNI1</servProvCode><auditModel><auditDate>2016-05-04T04:22:24.317-07:00</auditDate><auditID>ADMIN</auditID><auditStatus>A</auditStatus></auditModel><bizdomain>Property Type</bizdomain><bizdomainValue>Townhouse</bizdomainValue><sortOrder>0</sortOrder><standardChoiceValueI18NModels/></sharedDropDownValue><sharedDropDownValue><bdvSeqNbr>2722</bdvSeqNbr><servProvCode>MUNI1</servProvCode><auditModel><auditDate>2016-05-04T04:24:52.047-07:00</auditDate><auditID>ADMIN</auditID><auditStatus>A</auditStatus></auditModel><bizdomain>Property Type</bizdomain><bizdomainValue>Train</bizdomainValue><sortOrder>0</sortOrder><standardChoiceValueI18NModels/></sharedDropDownValue><sharedDropDownValue><bdvSeqNbr>2709</bdvSeqNbr><servProvCode>MUNI1</servProvCode><auditModel><auditDate>2016-05-04T04:23:19.320-07:00</auditDate><auditID>ADMIN</auditID><auditStatus>A</auditStatus></auditModel><bizdomain>Property Type</bizdomain><bizdomainValue>Treehouse</bizdomainValue><sortOrder>0</sortOrder><standardChoiceValueI18NModels/></sharedDropDownValue><sharedDropDownValue><bdvSeqNbr>2707</bdvSeqNbr><servProvCode>MUNI1</servProvCode><auditModel><auditDate>2016-05-04T04:23:04.287-07:00</auditDate><auditID>ADMIN</auditID><auditStatus>A</auditStatus></auditModel><bizdomain>Property Type</bizdomain><bizdomainValue>Villa</bizdomainValue><sortOrder>0</sortOrder><standardChoiceValueI18NModels/></sharedDropDownValue><sharedDropDownValue><bdvSeqNbr>2715</bdvSeqNbr><servProvCode>MUNI1</servProvCode><auditModel><auditDate>2016-05-04T04:24:03.903-07:00</auditDate><auditID>ADMIN</auditID><auditStatus>A</auditStatus></auditModel><bizdomain>Property Type</bizdomain><bizdomainValue>Yurt</bizdomainValue><sortOrder>0</sortOrder><standardChoiceValueI18NModels/></sharedDropDownValue></sharedDropDownList><type>ShareDropDown</type></sharedDropDownListModel>
<sharedDropDownListModel><name>Room Category</name><serviceProviderCode>MUNI1</serviceProviderCode><auditModel><auditDate>2016-05-04T04:25:28.627-07:00</auditDate><auditID>ADMIN</auditID><auditStatus>A</auditStatus></auditModel><sharedDropDownList><sharedDropDownValue><bdvSeqNbr>2725</bdvSeqNbr><servProvCode>MUNI1</servProvCode><auditModel><auditDate>2016-05-04T04:25:44.113-07:00</auditDate><auditID>ADMIN</auditID><auditStatus>A</auditStatus></auditModel><bizdomain>Room Category</bizdomain><bizdomainValue>Entire home/apt</bizdomainValue><sortOrder>0</sortOrder><standardChoiceValueI18NModels/></sharedDropDownValue><sharedDropDownValue><bdvSeqNbr>2726</bdvSeqNbr><servProvCode>MUNI1</servProvCode><auditModel><auditDate>2016-05-04T04:25:53.630-07:00</auditDate><auditID>ADMIN</auditID><auditStatus>A</auditStatus></auditModel><bizdomain>Room Category</bizdomain><bizdomainValue>Private room</bizdomainValue><sortOrder>0</sortOrder><standardChoiceValueI18NModels/></sharedDropDownValue><sharedDropDownValue><bdvSeqNbr>2727</bdvSeqNbr><servProvCode>MUNI1</servProvCode><auditModel><auditDate>2016-05-04T04:26:00.287-07:00</auditDate><auditID>ADMIN</auditID><auditStatus>A</auditStatus></auditModel><bizdomain>Room Category</bizdomain><bizdomainValue>Shared Room</bizdomainValue><sortOrder>0</sortOrder><standardChoiceValueI18NModels/></sharedDropDownValue></sharedDropDownList><type>ShareDropDown</type></sharedDropDownListModel>
<sharedDropDownListModel><name>Baths</name><serviceProviderCode>MUNI1</serviceProviderCode><auditModel><auditDate>2016-05-04T04:29:46.553-07:00</auditDate><auditID>ADMIN</auditID><auditStatus>A</auditStatus></auditModel><sharedDropDownList><sharedDropDownValue><bdvSeqNbr>2756</bdvSeqNbr><servProvCode>MUNI1</servProvCode><auditModel><auditDate>2016-05-04T04:31:07.727-07:00</auditDate><auditID>ADMIN</auditID><auditStatus>A</auditStatus></auditModel><bizdomain>Baths</bizdomain><bizdomainValue>.5</bizdomainValue><sortOrder>2</sortOrder><standardChoiceValueI18NModels/></sharedDropDownValue><sharedDropDownValue><bdvSeqNbr>2755</bdvSeqNbr><servProvCode>MUNI1</servProvCode><auditModel><auditDate>2016-05-04T04:31:07.713-07:00</auditDate><auditID>ADMIN</auditID><auditStatus>A</auditStatus></auditModel><bizdomain>Baths</bizdomain><bizdomainValue>0</bizdomainValue><sortOrder>1</sortOrder><standardChoiceValueI18NModels/></sharedDropDownValue><sharedDropDownValue><bdvSeqNbr>2757</bdvSeqNbr><servProvCode>MUNI1</servProvCode><auditModel><auditDate>2016-05-04T04:30:58.527-07:00</auditDate><auditID>ADMIN</auditID><auditStatus>A</auditStatus></auditModel><bizdomain>Baths</bizdomain><bizdomainValue>1</bizdomainValue><sortOrder>3</sortOrder><standardChoiceValueI18NModels/></sharedDropDownValue><sharedDropDownValue><bdvSeqNbr>2758</bdvSeqNbr><servProvCode>MUNI1</servProvCode><auditModel><auditDate>2016-05-04T04:30:58.540-07:00</auditDate><auditID>ADMIN</auditID><auditStatus>A</auditStatus></auditModel><bizdomain>Baths</bizdomain><bizdomainValue>1.5</bizdomainValue><sortOrder>4</sortOrder><standardChoiceValueI18NModels/></sharedDropDownValue><sharedDropDownValue><bdvSeqNbr>2759</bdvSeqNbr><servProvCode>MUNI1</servProvCode><auditModel><auditDate>2016-05-04T04:30:58.570-07:00</auditDate><auditID>ADMIN</auditID><auditStatus>A</auditStatus></auditModel><bizdomain>Baths</bizdomain><bizdomainValue>2</bizdomainValue><sortOrder>5</sortOrder><standardChoiceValueI18NModels/></sharedDropDownValue><sharedDropDownValue><bdvSeqNbr>2760</bdvSeqNbr><servProvCode>MUNI1</servProvCode><auditModel><auditDate>2016-05-04T04:31:07.680-07:00</auditDate><auditID>ADMIN</auditID><auditStatus>A</auditStatus></auditModel><bizdomain>Baths</bizdomain><bizdomainValue>2.5</bizdomainValue><sortOrder>6</sortOrder><standardChoiceValueI18NModels/></sharedDropDownValue><sharedDropDownValue><bdvSeqNbr>2761</bdvSeqNbr><servProvCode>MUNI1</servProvCode><auditModel><auditDate>2016-05-04T04:31:07.697-07:00</auditDate><auditID>ADMIN</auditID><auditStatus>A</auditStatus></auditModel><bizdomain>Baths</bizdomain><bizdomainValue>3</bizdomainValue><sortOrder>7</sortOrder><standardChoiceValueI18NModels/></sharedDropDownValue><sharedDropDownValue><bdvSeqNbr>2762</bdvSeqNbr><servProvCode>MUNI1</servProvCode><auditModel><auditDate>2016-05-04T04:31:07.713-07:00</auditDate><auditID>ADMIN</auditID><auditStatus>A</auditStatus></auditModel><bizdomain>Baths</bizdomain><bizdomainValue>3.5</bizdomainValue><sortOrder>8</sortOrder><standardChoiceValueI18NModels/></sharedDropDownValue></sharedDropDownList><type>ShareDropDown</type></sharedDropDownListModel>
<sharedDropDownListModel><name>Bedrooms</name><serviceProviderCode>MUNI1</serviceProviderCode><auditModel><auditDate>2016-05-04T04:28:23.577-07:00</auditDate><auditID>ADMIN</auditID><auditStatus>A</auditStatus></auditModel><sharedDropDownList><sharedDropDownValue><bdvSeqNbr>2744</bdvSeqNbr><servProvCode>MUNI1</servProvCode><auditModel><auditDate>2016-05-04T04:28:29.563-07:00</auditDate><auditID>ADMIN</auditID><auditStatus>A</auditStatus></auditModel><bizdomain>Bedrooms</bizdomain><bizdomainValue>0</bizdomainValue><sortOrder>0</sortOrder><standardChoiceValueI18NModels/></sharedDropDownValue><sharedDropDownValue><bdvSeqNbr>2745</bdvSeqNbr><servProvCode>MUNI1</servProvCode><auditModel><auditDate>2016-05-04T04:28:33.330-07:00</auditDate><auditID>ADMIN</auditID><auditStatus>A</auditStatus></auditModel><bizdomain>Bedrooms</bizdomain><bizdomainValue>1</bizdomainValue><sortOrder>0</sortOrder><standardChoiceValueI18NModels/></sharedDropDownValue><sharedDropDownValue><bdvSeqNbr>2754</bdvSeqNbr><servProvCode>MUNI1</servProvCode><auditModel><auditDate>2016-05-04T04:29:12.020-07:00</auditDate><auditID>ADMIN</auditID><auditStatus>A</auditStatus></auditModel><bizdomain>Bedrooms</bizdomain><bizdomainValue>10</bizdomainValue><sortOrder>10</sortOrder><standardChoiceValueI18NModels/></sharedDropDownValue><sharedDropDownValue><bdvSeqNbr>2746</bdvSeqNbr><servProvCode>MUNI1</servProvCode><auditModel><auditDate>2016-05-04T04:28:36.877-07:00</auditDate><auditID>ADMIN</auditID><auditStatus>A</auditStatus></auditModel><bizdomain>Bedrooms</bizdomain><bizdomainValue>2</bizdomainValue><sortOrder>0</sortOrder><standardChoiceValueI18NModels/></sharedDropDownValue><sharedDropDownValue><bdvSeqNbr>2747</bdvSeqNbr><servProvCode>MUNI1</servProvCode><auditModel><auditDate>2016-05-04T04:28:40.003-07:00</auditDate><auditID>ADMIN</auditID><auditStatus>A</auditStatus></auditModel><bizdomain>Bedrooms</bizdomain><bizdomainValue>3</bizdomainValue><sortOrder>0</sortOrder><standardChoiceValueI18NModels/></sharedDropDownValue><sharedDropDownValue><bdvSeqNbr>2748</bdvSeqNbr><servProvCode>MUNI1</servProvCode><auditModel><auditDate>2016-05-04T04:28:42.813-07:00</auditDate><auditID>ADMIN</auditID><auditStatus>A</auditStatus></auditModel><bizdomain>Bedrooms</bizdomain><bizdomainValue>4</bizdomainValue><sortOrder>0</sortOrder><standardChoiceValueI18NModels/></sharedDropDownValue><sharedDropDownValue><bdvSeqNbr>2749</bdvSeqNbr><servProvCode>MUNI1</servProvCode><auditModel><auditDate>2016-05-04T04:28:45.783-07:00</auditDate><auditID>ADMIN</auditID><auditStatus>A</auditStatus></auditModel><bizdomain>Bedrooms</bizdomain><bizdomainValue>5</bizdomainValue><sortOrder>0</sortOrder><standardChoiceValueI18NModels/></sharedDropDownValue><sharedDropDownValue><bdvSeqNbr>2750</bdvSeqNbr><servProvCode>MUNI1</servProvCode><auditModel><auditDate>2016-05-04T04:28:49.220-07:00</auditDate><auditID>ADMIN</auditID><auditStatus>A</auditStatus></auditModel><bizdomain>Bedrooms</bizdomain><bizdomainValue>6</bizdomainValue><sortOrder>0</sortOrder><standardChoiceValueI18NModels/></sharedDropDownValue><sharedDropDownValue><bdvSeqNbr>2751</bdvSeqNbr><servProvCode>MUNI1</servProvCode><auditModel><auditDate>2016-05-04T04:28:54.597-07:00</auditDate><auditID>ADMIN</auditID><auditStatus>A</auditStatus></auditModel><bizdomain>Bedrooms</bizdomain><bizdomainValue>7</bizdomainValue><sortOrder>0</sortOrder><standardChoiceValueI18NModels/></sharedDropDownValue><sharedDropDownValue><bdvSeqNbr>2752</bdvSeqNbr><servProvCode>MUNI1</servProvCode><auditModel><auditDate>2016-05-04T04:29:01.470-07:00</auditDate><auditID>ADMIN</auditID><auditStatus>A</auditStatus></auditModel><bizdomain>Bedrooms</bizdomain><bizdomainValue>8</bizdomainValue><sortOrder>0</sortOrder><standardChoiceValueI18NModels/></sharedDropDownValue><sharedDropDownValue><bdvSeqNbr>2753</bdvSeqNbr><servProvCode>MUNI1</servProvCode><auditModel><auditDate>2016-05-04T04:29:05.033-07:00</auditDate><auditID>ADMIN</auditID><auditStatus>A</auditStatus></auditModel><bizdomain>Bedrooms</bizdomain><bizdomainValue>9</bizdomainValue><sortOrder>0</sortOrder><standardChoiceValueI18NModels/></sharedDropDownValue></sharedDropDownList><type>ShareDropDown</type></sharedDropDownListModel>
<sharedDropDownListModel><name>LIC_BUS_TYPE</name><serviceProviderCode>MUNI1</serviceProviderCode><auditModel><auditDate>2012-02-27T17:36:21-08:00</auditDate><auditID>ADMIN</auditID><auditStatus>A</auditStatus></auditModel><description>Business Ownership Type</description><sharedDropDownList><sharedDropDownValue><bdvSeqNbr>2275</bdvSeqNbr><servProvCode>MUNI1</servProvCode><auditModel><auditDate>2011-11-02T14:36:25-07:00</auditDate><auditID>ADMIN</auditID><auditStatus>A</auditStatus></auditModel><bizdomain>LIC_BUS_TYPE</bizdomain><bizdomainValue>Corporation</bizdomainValue><sortOrder>0</sortOrder><standardChoiceValueI18NModels/></sharedDropDownValue><sharedDropDownValue><bdvSeqNbr>2276</bdvSeqNbr><servProvCode>MUNI1</servProvCode><auditModel><auditDate>2011-11-02T14:36:03-07:00</auditDate><auditID>ADMIN</auditID><auditStatus>A</auditStatus></auditModel><bizdomain>LIC_BUS_TYPE</bizdomain><bizdomainValue>Individual</bizdomainValue><sortOrder>0</sortOrder><standardChoiceValueI18NModels/></sharedDropDownValue><sharedDropDownValue><bdvSeqNbr>2277</bdvSeqNbr><servProvCode>MUNI1</servProvCode><auditModel><auditDate>2011-11-02T14:36:17-07:00</auditDate><auditID>ADMIN</auditID><auditStatus>A</auditStatus></auditModel><bizdomain>LIC_BUS_TYPE</bizdomain><bizdomainValue>Limited Liability Company</bizdomainValue><sortOrder>0</sortOrder><standardChoiceValueI18NModels/></sharedDropDownValue><sharedDropDownValue><bdvSeqNbr>2278</bdvSeqNbr><servProvCode>MUNI1</servProvCode><auditModel><auditDate>2011-11-02T14:36:09-07:00</auditDate><auditID>ADMIN</auditID><auditStatus>A</auditStatus></auditModel><bizdomain>LIC_BUS_TYPE</bizdomain><bizdomainValue>Partnership</bizdomainValue><sortOrder>0</sortOrder><standardChoiceValueI18NModels/></sharedDropDownValue><sharedDropDownValue><bdvSeqNbr>2279</bdvSeqNbr><servProvCode>MUNI1</servProvCode><auditModel><auditDate>2011-11-02T14:36:29-07:00</auditDate><auditID>ADMIN</auditID><auditStatus>A</auditStatus></auditModel><bizdomain>LIC_BUS_TYPE</bizdomain><bizdomainValue>Trust</bizdomainValue><sortOrder>0</sortOrder><standardChoiceValueI18NModels/></sharedDropDownValue></sharedDropDownList><type>ShareDropDown</type></sharedDropDownListModel>
</list>