<?xml version="1.0" encoding="UTF-8" standalone="yes"?>
<list  version="8.0.0" minorVersion="21" exportUser="ADMIN" exportDateTime="08/10/2016 06:25 AM" description="null"><standardChoice refId="1@StandardChoiceModel"><name>LICENSED PROFESSIONAL TYPE</name><serviceProviderCode>MUNI1</serviceProviderCode><auditModel><auditDate>2014-01-09T15:32:24-08:00</auditDate><auditID>ADMIN</auditID><auditStatus>A</auditStatus></auditModel><standardChoiceValueModels><standardChoiceValue refId="2@StandardChoiceValueModel"><sequenceNBR>2247</sequenceNBR><serviceProviderCode>MUNI1</serviceProviderCode><auditModel><auditDate>2014-01-09T15:32:24-08:00</auditDate><auditID>ADMIN</auditID><auditStatus>A</auditStatus></auditModel><resId>11725</resId><standardChoiceName>LICENSED PROFESSIONAL TYPE</standardChoiceName><standardChoiceValueI18NModels/><value>Architect</value></standardChoiceValue><standardChoiceValue refId="3@StandardChoiceValueModel"><sequenceNBR>2248</sequenceNBR><serviceProviderCode>MUNI1</serviceProviderCode><auditModel><auditDate>2014-01-09T15:32:24-08:00</auditDate><auditID>ADMIN</auditID><auditStatus>A</auditStatus></auditModel><resId>11726</resId><standardChoiceName>LICENSED PROFESSIONAL TYPE</standardChoiceName><standardChoiceValueI18NModels/><value>Contractor</value></standardChoiceValue><standardChoiceValue refId="4@StandardChoiceValueModel"><sequenceNBR>2249</sequenceNBR><serviceProviderCode>MUNI1</serviceProviderCode><auditModel><auditDate>2014-01-09T15:32:24-08:00</auditDate><auditID>ADMIN</auditID><auditStatus>A</auditStatus></auditModel><resId>11728</resId><standardChoiceName>LICENSED PROFESSIONAL TYPE</standardChoiceName><standardChoiceValueI18NModels/><value>Electrical</value></standardChoiceValue><standardChoiceValue refId="5@StandardChoiceValueModel"><sequenceNBR>2250</sequenceNBR><serviceProviderCode>MUNI1</serviceProviderCode><auditModel><auditDate>2014-01-09T15:32:24-08:00</auditDate><auditID>ADMIN</auditID><auditStatus>A</auditStatus></auditModel><resId>11729</resId><standardChoiceName>LICENSED PROFESSIONAL TYPE</standardChoiceName><standardChoiceValueI18NModels/><value>Engineer</value></standardChoiceValue><standardChoiceValue refId="6@StandardChoiceValueModel"><sequenceNBR>2251</sequenceNBR><serviceProviderCode>MUNI1</serviceProviderCode><auditModel><auditDate>2014-01-09T15:32:24-08:00</auditDate><auditID>ADMIN</auditID><auditStatus>A</auditStatus></auditModel><resId>11730</resId><standardChoiceName>LICENSED PROFESSIONAL TYPE</standardChoiceName><standardChoiceValueI18NModels/><value>Mechanical</value></standardChoiceValue><standardChoiceValue refId="7@StandardChoiceValueModel"><sequenceNBR>2252</sequenceNBR><serviceProviderCode>MUNI1</serviceProviderCode><auditModel><auditDate>2014-01-09T15:32:24-08:00</auditDate><auditID>ADMIN</auditID><auditStatus>A</auditStatus></auditModel><resId>11731</resId><standardChoiceName>LICENSED PROFESSIONAL TYPE</standardChoiceName><standardChoiceValueI18NModels/><value>Plumbing</value></standardChoiceValue></standardChoiceValueModels><type>SystemSwitch</type><valueSize>0</valueSize></standardChoice>
<standardChoice refId="1@StandardChoiceModel"><name>EXPIRATION_INTERVAL_UNITS</name><serviceProviderCode>MUNI1</serviceProviderCode><auditModel><auditDate>2012-12-04T10:57:55-08:00</auditDate><auditID>ADMIN</auditID><auditStatus>A</auditStatus></auditModel><description>License: Expiration intervals</description><standardChoiceValueModels><standardChoiceValue refId="2@StandardChoiceValueModel"><sequenceNBR>2253</sequenceNBR><serviceProviderCode>MUNI1</serviceProviderCode><auditModel><auditDate>2012-12-04T10:57:55-08:00</auditDate><auditID>ADMIN</auditID><auditStatus>A</auditStatus></auditModel><resId>11698</resId><standardChoiceName>EXPIRATION_INTERVAL_UNITS</standardChoiceName><standardChoiceValueI18NModels/><value>DAYS</value></standardChoiceValue><standardChoiceValue refId="3@StandardChoiceValueModel"><sequenceNBR>2254</sequenceNBR><serviceProviderCode>MUNI1</serviceProviderCode><auditModel><auditDate>2012-12-04T10:57:55-08:00</auditDate><auditID>ADMIN</auditID><auditStatus>A</auditStatus></auditModel><resId>11699</resId><standardChoiceName>EXPIRATION_INTERVAL_UNITS</standardChoiceName><standardChoiceValueI18NModels/><value>MONTHS</value></standardChoiceValue><standardChoiceValue refId="4@StandardChoiceValueModel"><sequenceNBR>2255</sequenceNBR><serviceProviderCode>MUNI1</serviceProviderCode><auditModel><auditDate>2012-12-04T10:58:05-08:00</auditDate><auditID>ADMIN</auditID><auditStatus>A</auditStatus></auditModel><standardChoiceName>EXPIRATION_INTERVAL_UNITS</standardChoiceName><standardChoiceValueI18NModels/><value>YEARS</value></standardChoiceValue></standardChoiceValueModels><type>SystemSwitch</type><valueSize>0</valueSize></standardChoice>
<standardChoice refId="1@StandardChoiceModel"><name>GRACE_PERIOD_INTERVAL_UNITS</name><serviceProviderCode>MUNI1</serviceProviderCode><auditModel><auditDate>2005-06-23T12:24:44-07:00</auditDate><auditID>1</auditID><auditStatus>A</auditStatus></auditModel><description>License: Possible unit types for grace period interval.</description><standardChoiceValueModels><standardChoiceValue refId="2@StandardChoiceValueModel"><sequenceNBR>2256</sequenceNBR><serviceProviderCode>MUNI1</serviceProviderCode><auditModel><auditDate>2005-06-23T12:24:56-07:00</auditDate><auditID>ADMIN</auditID><auditStatus>A</auditStatus></auditModel><resId>11713</resId><standardChoiceName>GRACE_PERIOD_INTERVAL_UNITS</standardChoiceName><standardChoiceValueI18NModels/><value>Days</value></standardChoiceValue><standardChoiceValue refId="3@StandardChoiceValueModel"><sequenceNBR>2257</sequenceNBR><serviceProviderCode>MUNI1</serviceProviderCode><auditModel><auditDate>2005-06-23T12:25:05-07:00</auditDate><auditID>ADMIN</auditID><auditStatus>A</auditStatus></auditModel><resId>11714</resId><standardChoiceName>GRACE_PERIOD_INTERVAL_UNITS</standardChoiceName><standardChoiceValueI18NModels/><value>Months</value></standardChoiceValue></standardChoiceValueModels><valueSize>0</valueSize></standardChoice>
<standardChoice refId="1@StandardChoiceModel"><name>PENALTY_INTERVAL_UNITS</name><serviceProviderCode>MUNI1</serviceProviderCode><auditModel><auditDate>2005-06-23T12:21:45-07:00</auditDate><auditID>1</auditID><auditStatus>A</auditStatus></auditModel><description>License: Possible unit types for penalty interval.</description><standardChoiceValueModels><standardChoiceValue refId="2@StandardChoiceValueModel"><sequenceNBR>2258</sequenceNBR><serviceProviderCode>MUNI1</serviceProviderCode><auditModel><auditDate>2005-06-23T12:21:52-07:00</auditDate><auditID>ADMIN</auditID><auditStatus>A</auditStatus></auditModel><resId>11743</resId><standardChoiceName>PENALTY_INTERVAL_UNITS</standardChoiceName><standardChoiceValueI18NModels/><value>Days</value></standardChoiceValue><standardChoiceValue refId="3@StandardChoiceValueModel"><sequenceNBR>2259</sequenceNBR><serviceProviderCode>MUNI1</serviceProviderCode><auditModel><auditDate>2005-06-23T12:21:58-07:00</auditDate><auditID>ADMIN</auditID><auditStatus>A</auditStatus></auditModel><resId>11744</resId><standardChoiceName>PENALTY_INTERVAL_UNITS</standardChoiceName><standardChoiceValueI18NModels/><value>Months</value></standardChoiceValue></standardChoiceValueModels><valueSize>0</valueSize></standardChoice>
<standardChoice refId="1@StandardChoiceModel"><name>PENALTY_FEE_FUNC</name><serviceProviderCode>MUNI1</serviceProviderCode><auditModel><auditDate>2005-06-23T12:20:40-07:00</auditDate><auditID>1</auditID><auditStatus>A</auditStatus></auditModel><description>License: Possible penalty fee recalculation methods used in batch processing.</description><standardChoiceValueModels><standardChoiceValue refId="2@StandardChoiceValueModel"><sequenceNBR>2260</sequenceNBR><serviceProviderCode>MUNI1</serviceProviderCode><auditModel><auditDate>2005-06-23T12:20:57-07:00</auditDate><auditID>ADMIN</auditID><auditStatus>A</auditStatus></auditModel><description>PERCENTAGE_PENALTY_FEE</description><resId>11741</resId><standardChoiceName>PENALTY_FEE_FUNC</standardChoiceName><standardChoiceValueI18NModels/><value>PERCENTAGE_PENALTY_FEE</value></standardChoiceValue><standardChoiceValue refId="3@StandardChoiceValueModel"><sequenceNBR>2261</sequenceNBR><serviceProviderCode>MUNI1</serviceProviderCode><auditModel><auditDate>2005-06-23T12:21:05-07:00</auditDate><auditID>ADMIN</auditID><auditStatus>A</auditStatus></auditModel><description>SIMPLE_PENALTY_FEE</description><resId>11742</resId><standardChoiceName>PENALTY_FEE_FUNC</standardChoiceName><standardChoiceValueI18NModels/><value>SIMPLE_PENALTY_FEE</value></standardChoiceValue></standardChoiceValueModels><valueSize>0</valueSize></standardChoice>
</list>