<?xml version="1.0" encoding="UTF-8" standalone="yes"?>
<list  version="8.0.0" minorVersion="21" exportUser="ADMIN" exportDateTime="08/10/2016 06:25 AM" description="null"><virProcess><r1ProcessCode>NONE</r1ProcessCode><servProvCode>MUNI1</servProvCode><isEmailSettringSelected>Y</isEmailSettringSelected><isSecuritySelected>Y</isSecuritySelected><processEMailSettingModels/><processModels><processModel><r1ProcessCode>NONE</r1ProcessCode><sdStpNum>1</sdStpNum><servProvCode>MUNI1</servProvCode><asgnAgencyCode>BUILDING</asgnAgencyCode><asgnBureauCode>NA</asgnBureauCode><asgnDivisionCode>NA</asgnDivisionCode><asgnGroupCode>NA</asgnGroupCode><asgnOfficeCode>NA</asgnOfficeCode><asgnSectionCode>NA</asgnSectionCode><auditModel><auditDate>2012-02-29T09:35:34-08:00</auditDate><auditID>ADMIN</auditID><auditStatus>A</auditStatus></auditModel><displayInAca>N</displayInAca><hoursSpentRequired>N</hoursSpentRequired><sdChkLv5>A</sdChkLv5><sdDueDay>0</sdDueDay><sdNxtId1>000000000000000</sdNxtId1><sdProDes>No Workflow Required</sdProDes><sdProId1>010000000000000</sdProId1></processModel></processModels><processSecurityModels/><r3statypModels/><securityFlag>NONE/%</securityFlag></virProcess>
<virProcess><r1ProcessCode>LIC_BUS_RENEW1</r1ProcessCode><servProvCode>MUNI1</servProvCode><isEmailSettringSelected>Y</isEmailSettringSelected><isSecuritySelected>Y</isSecuritySelected><processEMailSettingModels/><processModels><processModel><r1ProcessCode>LIC_BUS_RENEW1</r1ProcessCode><sdStpNum>1</sdStpNum><servProvCode>MUNI1</servProvCode><asgnAgencyCode>ADMIN</asgnAgencyCode><asgnBureauCode>NA</asgnBureauCode><asgnDivisionCode>NA</asgnDivisionCode><asgnGroupCode>NA</asgnGroupCode><asgnOfficeCode>NA</asgnOfficeCode><asgnSectionCode>NA</asgnSectionCode><auditModel><auditDate>2014-07-17T08:52:37-07:00</auditDate><auditID>Accela Administrator</auditID><auditStatus>A</auditStatus></auditModel><sdNxtId1>012000000000000</sdNxtId1><sdProDes>Renewal Intake</sdProDes><sdProId1>010000000000000</sdProId1></processModel><processModel><r1ProcessCode>LIC_BUS_RENEW1</r1ProcessCode><sdStpNum>5</sdStpNum><servProvCode>MUNI1</servProvCode><asgnAgencyCode>ADMIN</asgnAgencyCode><asgnBureauCode>NA</asgnBureauCode><asgnDivisionCode>NA</asgnDivisionCode><asgnGroupCode>NA</asgnGroupCode><asgnOfficeCode>NA</asgnOfficeCode><asgnSectionCode>NA</asgnSectionCode><auditModel><auditDate>2013-11-20T14:14:37-08:00</auditDate><auditID>Accela Administrator</auditID><auditStatus>A</auditStatus></auditModel><sdNxtId1>014000000000000</sdNxtId1><sdProDes>Licensing Review</sdProDes><sdProId1>012000000000000</sdProId1></processModel><processModel><r1ProcessCode>LIC_BUS_RENEW1</r1ProcessCode><sdStpNum>6</sdStpNum><servProvCode>MUNI1</servProvCode><asgnAgencyCode>ADMIN</asgnAgencyCode><asgnBureauCode>NA</asgnBureauCode><asgnDivisionCode>NA</asgnDivisionCode><asgnGroupCode>NA</asgnGroupCode><asgnOfficeCode>NA</asgnOfficeCode><asgnSectionCode>NA</asgnSectionCode><auditModel><auditDate>2014-01-06T12:25:05-08:00</auditDate><auditID>Accela Administrator</auditID><auditStatus>A</auditStatus></auditModel><sdNxtId1>000000000000000</sdNxtId1><sdProDes>License Issuance</sdProDes><sdProId1>014000000000000</sdProId1></processModel></processModels><processSecurityModels/><r3statypModels><r3statyp><r3ActStatCod>SCODE11</r3ActStatCod><r3ProcessCode>LIC_BUS_RENEW1</r3ProcessCode><servProvCode>MUNI1</servProvCode><applicationStatus>Revoked</applicationStatus><displayInAca>Y</displayInAca><r3ActStatDes>Revoked</r3ActStatDes><r3ActStatFlg>Y</r3ActStatFlg><r3ActTypeDes>License Issuance</r3ActTypeDes><recDate>2014-01-06T12:25:05-08:00</recDate><recFulNam>Accela Administrator</recFulNam><recStatus>A</recStatus><refTaskStatusI18NModels/></r3statyp><r3statyp><r3ActStatCod>SCODE12</r3ActStatCod><r3ProcessCode>LIC_BUS_RENEW1</r3ProcessCode><servProvCode>MUNI1</servProvCode><applicationStatus>Renewed</applicationStatus><displayInAca>Y</displayInAca><r3ActStatDes>Renewed</r3ActStatDes><r3ActStatFlg>Y</r3ActStatFlg><r3ActTypeDes>License Issuance</r3ActTypeDes><recDate>2014-01-06T12:25:05-08:00</recDate><recFulNam>Accela Administrator</recFulNam><recStatus>A</recStatus><refTaskStatusI18NModels/></r3statyp><r3statyp><r3ActStatCod>SCODE2</r3ActStatCod><r3ProcessCode>LIC_BUS_RENEW1</r3ProcessCode><servProvCode>MUNI1</servProvCode><displayInAca>Y</displayInAca><r3ActStatDes>In Progress</r3ActStatDes><r3ActStatFlg>U</r3ActStatFlg><r3ActTypeDes>Licensing Review</r3ActTypeDes><recDate>2013-11-20T14:14:37-08:00</recDate><recFulNam>Accela Administrator</recFulNam><recStatus>A</recStatus><refTaskStatusI18NModels/></r3statyp><r3statyp><r3ActStatCod>SCODE3</r3ActStatCod><r3ProcessCode>LIC_BUS_RENEW1</r3ProcessCode><servProvCode>MUNI1</servProvCode><displayInAca>Y</displayInAca><r3ActStatDes>Additional Info Needed</r3ActStatDes><r3ActStatFlg>U</r3ActStatFlg><r3ActTypeDes>Licensing Review</r3ActTypeDes><r3MouClockAction>No Action</r3MouClockAction><recDate>2015-04-08T12:18:35-07:00</recDate><recFulNam>ADMIN</recFulNam><recStatus>A</recStatus><refTaskStatusI18NModels/></r3statyp><r3statyp><r3ActStatCod>SCODE4</r3ActStatCod><r3ProcessCode>LIC_BUS_RENEW1</r3ProcessCode><servProvCode>MUNI1</servProvCode><displayInAca>Y</displayInAca><r3ActStatDes>Approved for Renewal</r3ActStatDes><r3ActStatFlg>Y</r3ActStatFlg><r3ActTypeDes>Licensing Review</r3ActTypeDes><recDate>2013-11-20T14:01:38-08:00</recDate><recFulNam>Accela Administrator</recFulNam><recStatus>A</recStatus><refTaskStatusI18NModels/></r3statyp><r3statyp><r3ActStatCod>SCODE5</r3ActStatCod><r3ProcessCode>LIC_BUS_RENEW1</r3ProcessCode><servProvCode>MUNI1</servProvCode><displayInAca>Y</displayInAca><r3ActStatDes>Revoked</r3ActStatDes><r3ActStatFlg>Y</r3ActStatFlg><r3ActTypeDes>Licensing Review</r3ActTypeDes><recDate>2013-11-20T14:01:38-08:00</recDate><recFulNam>Accela Administrator</recFulNam><recStatus>A</recStatus><refTaskStatusI18NModels/></r3statyp><r3statyp><r3ActStatCod>SCODE6</r3ActStatCod><r3ProcessCode>LIC_BUS_RENEW1</r3ProcessCode><servProvCode>MUNI1</servProvCode><applicationStatus>Fees Paid</applicationStatus><displayInAca>Y</displayInAca><r3ActStatDes>Fees Paid</r3ActStatDes><r3ActStatFlg>Y</r3ActStatFlg><r3ActTypeDes>Renewal Intake</r3ActTypeDes><recDate>2014-07-17T08:52:37-07:00</recDate><recFulNam>Accela Administrator</recFulNam><recStatus>A</recStatus><refTaskStatusI18NModels/></r3statyp></r3statypModels><securityFlag>LIC_BUS_RENEW1/%</securityFlag></virProcess>
</list>