<?xml version="1.0" encoding="UTF-8" standalone="yes"?>
<list  version="8.0.0" minorVersion="21" exportUser="ADMIN" exportDateTime="08/10/2016 06:25 AM" description="null"><workflow><parentProcessID>0</parentProcessID><serviceProviderCode>MUNI1</serviceProviderCode><stepNumber>0</stepNumber><workflowName>NONE</workflowName><isSubProcessSelected>Y</isSubProcessSelected><processCode>NONE</processCode><refProcessRelationI18NModels/><recDate>2011-12-12T17:33:09-08:00</recDate><recFulNam>ADMIN</recFulNam><recStatus>A</recStatus><relationSeqId>27</relationSeqId><subProcessModels/></workflow>
<workflow><parentProcessID>0</parentProcessID><serviceProviderCode>MUNI1</serviceProviderCode><stepNumber>0</stepNumber><workflowName>LIC_BUS_RENEW1</workflowName><isSubProcessSelected>Y</isSubProcessSelected><processCode>LIC_BUS_RENEW1</processCode><refProcessRelationI18NModels/><recDate>2014-07-17T08:52:37-07:00</recDate><recFulNam>Accela Administrator</recFulNam><recStatus>A</recStatus><relationSeqId>14</relationSeqId><resId>207</resId><subProcessModels/><taskActivation>I</taskActivation></workflow>
</list>