<?xml version="1.0" encoding="UTF-8" standalone="yes"?>
<list  version="8.0.0" minorVersion="12" exportUser="ADMIN" exportDateTime="06/14/2016 12:30 PM" description="null"><consoleReceipt><serviceProviderCode>ATOM</serviceProviderCode><consoleReceiptNbr>5754</consoleReceiptNbr><auditModel><auditDate>2016-06-06T07:56:09-07:00</auditDate><auditID>LUCRETIA</auditID><auditStatus>A</auditStatus></auditModel><consoleNbr>2934</consoleNbr><consoleReceiptKey>ATOM</consoleReceiptKey><consoleReceiptType>agency</consoleReceiptType></consoleReceipt>
<consoleReceipt><serviceProviderCode>ATOM</serviceProviderCode><consoleReceiptNbr>5779</consoleReceiptNbr><auditModel><auditDate>2016-06-06T09:15:34-07:00</auditDate><auditID>LUCRETIA</auditID><auditStatus>A</auditStatus></auditModel><consoleNbr>2955</consoleNbr><consoleReceiptKey>AMS</consoleReceiptKey><consoleReceiptType>module</consoleReceiptType></consoleReceipt>
<consoleReceipt><serviceProviderCode>ATOM</serviceProviderCode><consoleReceiptNbr>5780</consoleReceiptNbr><auditModel><auditDate>2016-06-06T09:15:48-07:00</auditDate><auditID>LUCRETIA</auditID><auditStatus>A</auditStatus></auditModel><consoleNbr>2955</consoleNbr><consoleReceiptKey>ServiceRequest</consoleReceiptKey><consoleReceiptType>module</consoleReceiptType></consoleReceipt>
<consoleReceipt><serviceProviderCode>ATOM</serviceProviderCode><consoleReceiptNbr>5766</consoleReceiptNbr><auditModel><auditDate>2016-06-03T08:24:23-07:00</auditDate><auditID>LUCRETIA</auditID><auditStatus>A</auditStatus></auditModel><consoleNbr>2944</consoleNbr><consoleReceiptKey>LFISHER</consoleReceiptKey><consoleReceiptType>staff</consoleReceiptType></consoleReceipt>
<consoleReceipt><serviceProviderCode>ATOM</serviceProviderCode><consoleReceiptNbr>5767</consoleReceiptNbr><auditModel><auditDate>2016-06-06T08:09:11-07:00</auditDate><auditID>LUCRETIA</auditID><auditStatus>A</auditStatus></auditModel><consoleNbr>2954</consoleNbr><consoleReceiptKey>LUCRETIA</consoleReceiptKey><consoleReceiptType>staff</consoleReceiptType></consoleReceipt>
</list>