<?xml version="1.0" encoding="UTF-8" standalone="yes"?>
<list  version="8.0.0" minorVersion="12" exportUser="ADMIN" exportDateTime="06/14/2016 12:30 PM" description="null"><departMentType><serviceProviderCode>ATOM</serviceProviderCode><agencyCode>BUILDING</agencyCode><bureauCode>NA</bureauCode><divisionCode>NA</divisionCode><groupCode>NA</groupCode><officeCode>NA</officeCode><sectionCode>NA</sectionCode><subgroupCode>NA</subgroupCode><auditModel><auditDate>2013-03-12T09:52:49-07:00</auditDate><auditID>ADMIN</auditID><auditStatus>A</auditStatus></auditModel><bureauModel><serviceProviderCode>ATOM</serviceProviderCode><agencyCode>BUILDING</agencyCode><bureauCode>NA</bureauCode><auditModel><auditDate>2011-06-08T14:02:52-07:00</auditDate><auditID>ADMIN</auditID><auditStatus>A</auditStatus></auditModel><bureauDescription>NA</bureauDescription><bureauI18Ns/></bureauModel><departMentTypeKey>ATOM/BUILDING/NA/NA/NA/NA/NA</departMentTypeKey><departMentTypeName>Building Department</departMentTypeName><divisionModel><serviceProviderCode>ATOM</serviceProviderCode><agencyCode>BUILDING</agencyCode><divisionCode>NA</divisionCode><auditModel><auditDate>2011-06-08T14:03:06-07:00</auditDate><auditID>ADMIN</auditID><auditStatus>A</auditStatus></auditModel><divisionDescription>NA</divisionDescription><divisnI18Ns/></divisionModel><dpttyI18Ns/><groupModel><serviceProviderCode>ATOM</serviceProviderCode><agencyCode>BUILDING</agencyCode><groupCode>NA</groupCode><auditModel><auditDate>2011-06-08T14:14:30-07:00</auditDate><auditID>ADMIN</auditID><auditStatus>A</auditStatus></auditModel><groupDescription>NA</groupDescription><wgroupI18Ns/></groupModel><officeModel><serviceProviderCode>ATOM</serviceProviderCode><agencyCode>BUILDING</agencyCode><officeCode>NA</officeCode><auditModel><auditDate>2011-06-08T14:14:45-07:00</auditDate><auditID>ADMIN</auditID><auditStatus>A</auditStatus></auditModel><officeI18Ns/><officeLocation>NA</officeLocation></officeModel><sectionModel><serviceProviderCode>ATOM</serviceProviderCode><agencyCode>BUILDING</agencyCode><sectionCode>NA</sectionCode><auditModel><auditDate>2011-06-08T14:13:42-07:00</auditDate><auditID>ADMIN</auditID><auditStatus>A</auditStatus></auditModel><sectionDescription>NA</sectionDescription><wsectinI18Ns/></sectionModel></departMentType>
<departMentType><serviceProviderCode>ATOM</serviceProviderCode><agencyCode>ADMIN</agencyCode><bureauCode>NA</bureauCode><divisionCode>NA</divisionCode><groupCode>NA</groupCode><officeCode>NA</officeCode><sectionCode>NA</sectionCode><subgroupCode>NA</subgroupCode><auditModel><auditDate>2012-02-13T11:27:15-08:00</auditDate><auditID>ADMIN</auditID><auditStatus>A</auditStatus></auditModel><bureauModel><serviceProviderCode>ATOM</serviceProviderCode><agencyCode>ADMIN</agencyCode><bureauCode>NA</bureauCode><auditModel><auditDate>2012-02-13T11:26:14-08:00</auditDate><auditID>ADMIN</auditID><auditStatus>A</auditStatus></auditModel><bureauDescription>NA</bureauDescription><bureauI18Ns/></bureauModel><departMentTypeKey>ATOM/ADMIN/NA/NA/NA/NA/NA</departMentTypeKey><departMentTypeName>Administrator</departMentTypeName><divisionModel><serviceProviderCode>ATOM</serviceProviderCode><agencyCode>ADMIN</agencyCode><divisionCode>NA</divisionCode><auditModel><auditDate>2012-02-13T11:26:24-08:00</auditDate><auditID>ADMIN</auditID><auditStatus>A</auditStatus></auditModel><divisionDescription>NA</divisionDescription><divisnI18Ns/></divisionModel><dpttyI18Ns/><groupModel><serviceProviderCode>ATOM</serviceProviderCode><agencyCode>ADMIN</agencyCode><groupCode>NA</groupCode><auditModel><auditDate>2012-02-13T11:26:41-08:00</auditDate><auditID>ADMIN</auditID><auditStatus>A</auditStatus></auditModel><groupDescription>NA</groupDescription><wgroupI18Ns/></groupModel><officeModel><serviceProviderCode>ATOM</serviceProviderCode><agencyCode>ADMIN</agencyCode><officeCode>NA</officeCode><auditModel><auditDate>2012-02-13T11:26:49-08:00</auditDate><auditID>ADMIN</auditID><auditStatus>A</auditStatus></auditModel><officeI18Ns/><officeLocation>NA</officeLocation></officeModel><sectionModel><serviceProviderCode>ATOM</serviceProviderCode><agencyCode>ADMIN</agencyCode><sectionCode>NA</sectionCode><auditModel><auditDate>2012-02-13T11:26:33-08:00</auditDate><auditID>ADMIN</auditID><auditStatus>A</auditStatus></auditModel><sectionDescription>NA</sectionDescription><wsectinI18Ns/></sectionModel></departMentType>
</list>