<?xml version="1.0" encoding="UTF-8" standalone="yes"?>
<list  version="8.0.0" minorVersion="12" exportUser="ADMIN" exportDateTime="06/14/2016 12:30 PM" description="null"><organizationagency refId="1@OrganizationAgencyModel"><serviceProviderCode>ATOM</serviceProviderCode><agencyCode>BUILDING</agencyCode><agencyI18NModels/><agencyName>Building</agencyName><auditModel><auditDate>2011-06-08T14:01:09-07:00</auditDate><auditID>ADMIN</auditID><auditStatus>A</auditStatus></auditModel></organizationagency>
<organizationagency refId="1@OrganizationAgencyModel"><serviceProviderCode>ATOM</serviceProviderCode><agencyCode>ADMIN</agencyCode><agencyI18NModels/><agencyName>Admin</agencyName><auditModel><auditDate>2012-02-13T11:26:03-08:00</auditDate><auditID>ADMIN</auditID><auditStatus>A</auditStatus></auditModel></organizationagency>
</list>