<?xml version="1.0" encoding="UTF-8" standalone="yes"?>
<list  version="8.0.0" minorVersion="12" exportUser="ADMIN" exportDateTime="06/14/2016 12:30 PM" description="null"><standardChoice refId="1@StandardChoiceModel"><name>USER_DISTRICTS</name><serviceProviderCode>ATOM</serviceProviderCode><auditModel><auditDate>2016-06-03T15:29:05-07:00</auditDate><auditID>AARON</auditID><auditStatus>A</auditStatus></auditModel><description>The Standard Choice values determine the districts available when assigning user districts to a users inspector profile.&#xD;
&#xD;
Values must follow the format:&#xD;
&lt;district type&gt;-&lt;district name&gt;&#xD;
&#xD;
#Inspections</description><standardChoiceValueModels><standardChoiceValue refId="2@StandardChoiceValueModel"><sequenceNBR>105289860</sequenceNBR><serviceProviderCode>ATOM</serviceProviderCode><auditModel><auditDate>2016-06-03T15:29:05-07:00</auditDate><auditID>AARON</auditID><auditStatus>A</auditStatus></auditModel><standardChoiceName>USER_DISTRICTS</standardChoiceName><standardChoiceValueI18NModels/><value>Zoning-C5-5</value></standardChoiceValue><standardChoiceValue refId="3@StandardChoiceValueModel"><sequenceNBR>105289861</sequenceNBR><serviceProviderCode>ATOM</serviceProviderCode><auditModel><auditDate>2016-06-03T15:29:05-07:00</auditDate><auditID>AARON</auditID><auditStatus>A</auditStatus></auditModel><resId>104596495</resId><standardChoiceName>USER_DISTRICTS</standardChoiceName><standardChoiceValueI18NModels/><value>Enforcement-01</value></standardChoiceValue><standardChoiceValue refId="4@StandardChoiceValueModel"><sequenceNBR>105289862</sequenceNBR><serviceProviderCode>ATOM</serviceProviderCode><auditModel><auditDate>2016-06-03T15:29:05-07:00</auditDate><auditID>AARON</auditID><auditStatus>A</auditStatus></auditModel><resId>104596496</resId><standardChoiceName>USER_DISTRICTS</standardChoiceName><standardChoiceValueI18NModels/><value>Enforcement-02</value></standardChoiceValue><standardChoiceValue refId="5@StandardChoiceValueModel"><sequenceNBR>105289863</sequenceNBR><serviceProviderCode>ATOM</serviceProviderCode><auditModel><auditDate>2016-06-03T15:29:05-07:00</auditDate><auditID>AARON</auditID><auditStatus>A</auditStatus></auditModel><resId>104596497</resId><standardChoiceName>USER_DISTRICTS</standardChoiceName><standardChoiceValueI18NModels/><value>Enforcement-03</value></standardChoiceValue><standardChoiceValue refId="6@StandardChoiceValueModel"><sequenceNBR>105289864</sequenceNBR><serviceProviderCode>ATOM</serviceProviderCode><auditModel><auditDate>2016-06-03T15:29:05-07:00</auditDate><auditID>AARON</auditID><auditStatus>A</auditStatus></auditModel><resId>104596498</resId><standardChoiceName>USER_DISTRICTS</standardChoiceName><standardChoiceValueI18NModels/><value>Enforcement-04</value></standardChoiceValue></standardChoiceValueModels><type>SystemSwitch</type><valueSize>0</valueSize></standardChoice>
<standardChoice refId="1@StandardChoiceModel"><name>USER_DISCIPLINES</name><serviceProviderCode>ATOM</serviceProviderCode><auditModel><auditDate>2016-06-03T15:31:09-07:00</auditDate><auditID>AARON</auditID><auditStatus>A</auditStatus></auditModel><description>The Standard Choice values determine the disciplines available when assigning user disciplines to a users inspector profile.&#xD;
#Inspections</description><standardChoiceValueModels><standardChoiceValue refId="2@StandardChoiceValueModel"><sequenceNBR>105289835</sequenceNBR><serviceProviderCode>ATOM</serviceProviderCode><auditModel><auditDate>2016-06-03T15:31:09-07:00</auditDate><auditID>AARON</auditID><auditStatus>A</auditStatus></auditModel><standardChoiceName>USER_DISCIPLINES</standardChoiceName><standardChoiceValueI18NModels/><value>Electrical</value></standardChoiceValue><standardChoiceValue refId="3@StandardChoiceValueModel"><sequenceNBR>105289836</sequenceNBR><serviceProviderCode>ATOM</serviceProviderCode><auditModel><auditDate>2016-06-03T15:31:09-07:00</auditDate><auditID>AARON</auditID><auditStatus>A</auditStatus></auditModel><standardChoiceName>USER_DISCIPLINES</standardChoiceName><standardChoiceValueI18NModels/><value>Mechanical</value></standardChoiceValue><standardChoiceValue refId="4@StandardChoiceValueModel"><sequenceNBR>105289837</sequenceNBR><serviceProviderCode>ATOM</serviceProviderCode><auditModel><auditDate>2016-06-03T15:31:09-07:00</auditDate><auditID>AARON</auditID><auditStatus>A</auditStatus></auditModel><resId>104596476</resId><standardChoiceName>USER_DISCIPLINES</standardChoiceName><standardChoiceValueI18NModels/><value>Abatement Code Enforcement</value></standardChoiceValue><standardChoiceValue refId="5@StandardChoiceValueModel"><sequenceNBR>105289838</sequenceNBR><serviceProviderCode>ATOM</serviceProviderCode><auditModel><auditDate>2016-06-03T15:31:09-07:00</auditDate><auditID>AARON</auditID><auditStatus>A</auditStatus></auditModel><resId>104596477</resId><standardChoiceName>USER_DISCIPLINES</standardChoiceName><standardChoiceValueI18NModels/><value>Alcohol Licensing</value></standardChoiceValue><standardChoiceValue refId="6@StandardChoiceValueModel"><sequenceNBR>105289840</sequenceNBR><serviceProviderCode>ATOM</serviceProviderCode><auditModel><auditDate>2016-06-03T15:31:09-07:00</auditDate><auditID>AARON</auditID><auditStatus>A</auditStatus></auditModel><resId>104596479</resId><standardChoiceName>USER_DISCIPLINES</standardChoiceName><standardChoiceValueI18NModels/><value>Boiler</value></standardChoiceValue><standardChoiceValue refId="7@StandardChoiceValueModel"><sequenceNBR>105289841</sequenceNBR><serviceProviderCode>ATOM</serviceProviderCode><auditModel><auditDate>2016-06-03T15:31:09-07:00</auditDate><auditID>AARON</auditID><auditStatus>A</auditStatus></auditModel><resId>104596480</resId><standardChoiceName>USER_DISCIPLINES</standardChoiceName><standardChoiceValueI18NModels/><value>Building Code Enforcement</value></standardChoiceValue><standardChoiceValue refId="8@StandardChoiceValueModel"><sequenceNBR>105289842</sequenceNBR><serviceProviderCode>ATOM</serviceProviderCode><auditModel><auditDate>2016-06-03T15:31:09-07:00</auditDate><auditID>AARON</auditID><auditStatus>A</auditStatus></auditModel><description>emergency repsonse team including sewage and haz waste spills</description><resId>104596481</resId><standardChoiceName>USER_DISCIPLINES</standardChoiceName><standardChoiceValueI18NModels/><value>Emergency Response</value></standardChoiceValue><standardChoiceValue refId="9@StandardChoiceValueModel"><sequenceNBR>105289843</sequenceNBR><serviceProviderCode>ATOM</serviceProviderCode><auditModel><auditDate>2016-06-03T15:31:09-07:00</auditDate><auditID>AARON</auditID><auditStatus>A</auditStatus></auditModel><resId>104596482</resId><standardChoiceName>USER_DISCIPLINES</standardChoiceName><standardChoiceValueI18NModels/><value>Facility</value></standardChoiceValue><standardChoiceValue refId="10@StandardChoiceValueModel"><sequenceNBR>105289844</sequenceNBR><serviceProviderCode>ATOM</serviceProviderCode><auditModel><auditDate>2016-06-03T15:31:09-07:00</auditDate><auditID>AARON</auditID><auditStatus>A</auditStatus></auditModel><description>Fire Prevention, Fire Safety, Fire Marshals Office</description><resId>104596483</resId><standardChoiceName>USER_DISCIPLINES</standardChoiceName><standardChoiceValueI18NModels/><value>Fire</value></standardChoiceValue><standardChoiceValue refId="11@StandardChoiceValueModel"><sequenceNBR>105289845</sequenceNBR><serviceProviderCode>ATOM</serviceProviderCode><auditModel><auditDate>2016-06-03T15:31:09-07:00</auditDate><auditID>AARON</auditID><auditStatus>A</auditStatus></auditModel><resId>104596484</resId><standardChoiceName>USER_DISCIPLINES</standardChoiceName><standardChoiceValueI18NModels/><value>Food Service</value></standardChoiceValue><standardChoiceValue refId="12@StandardChoiceValueModel"><sequenceNBR>105289846</sequenceNBR><serviceProviderCode>ATOM</serviceProviderCode><auditModel><auditDate>2016-06-03T15:31:09-07:00</auditDate><auditID>AARON</auditID><auditStatus>A</auditStatus></auditModel><resId>104596485</resId><standardChoiceName>USER_DISCIPLINES</standardChoiceName><standardChoiceValueI18NModels/><value>Gas</value></standardChoiceValue><standardChoiceValue refId="13@StandardChoiceValueModel"><sequenceNBR>105289847</sequenceNBR><serviceProviderCode>ATOM</serviceProviderCode><auditModel><auditDate>2016-06-03T15:31:09-07:00</auditDate><auditID>AARON</auditID><auditStatus>A</auditStatus></auditModel><resId>104596486</resId><standardChoiceName>USER_DISCIPLINES</standardChoiceName><standardChoiceValueI18NModels/><value>General</value></standardChoiceValue><standardChoiceValue refId="14@StandardChoiceValueModel"><sequenceNBR>105289848</sequenceNBR><serviceProviderCode>ATOM</serviceProviderCode><auditModel><auditDate>2016-06-03T15:31:09-07:00</auditDate><auditID>AARON</auditID><auditStatus>A</auditStatus></auditModel><resId>104596487</resId><standardChoiceName>USER_DISCIPLINES</standardChoiceName><standardChoiceValueI18NModels/><value>License Enforcement</value></standardChoiceValue><standardChoiceValue refId="15@StandardChoiceValueModel"><sequenceNBR>105289849</sequenceNBR><serviceProviderCode>ATOM</serviceProviderCode><auditModel><auditDate>2016-06-03T15:31:09-07:00</auditDate><auditID>AARON</auditID><auditStatus>A</auditStatus></auditModel><resId>104596488</resId><standardChoiceName>USER_DISCIPLINES</standardChoiceName><standardChoiceValueI18NModels/><value>Mobile Homes</value></standardChoiceValue><standardChoiceValue refId="16@StandardChoiceValueModel"><sequenceNBR>105289850</sequenceNBR><serviceProviderCode>ATOM</serviceProviderCode><auditModel><auditDate>2016-06-03T15:31:09-07:00</auditDate><auditID>AARON</auditID><auditStatus>A</auditStatus></auditModel><resId>104596489</resId><standardChoiceName>USER_DISCIPLINES</standardChoiceName><standardChoiceValueI18NModels/><value>Parks Maintenance</value></standardChoiceValue><standardChoiceValue refId="17@StandardChoiceValueModel"><sequenceNBR>105289851</sequenceNBR><serviceProviderCode>ATOM</serviceProviderCode><auditModel><auditDate>2016-06-03T15:31:09-07:00</auditDate><auditID>AARON</auditID><auditStatus>A</auditStatus></auditModel><resId>104596490</resId><standardChoiceName>USER_DISCIPLINES</standardChoiceName><standardChoiceValueI18NModels/><value>PlanComm Regular Attendees</value></standardChoiceValue><standardChoiceValue refId="18@StandardChoiceValueModel"><sequenceNBR>105289852</sequenceNBR><serviceProviderCode>ATOM</serviceProviderCode><auditModel><auditDate>2016-06-03T15:31:09-07:00</auditDate><auditID>AARON</auditID><auditStatus>A</auditStatus></auditModel><resId>104596491</resId><standardChoiceName>USER_DISCIPLINES</standardChoiceName><standardChoiceValueI18NModels/><value>Plumbing</value></standardChoiceValue><standardChoiceValue refId="19@StandardChoiceValueModel"><sequenceNBR>105289853</sequenceNBR><serviceProviderCode>ATOM</serviceProviderCode><auditModel><auditDate>2016-06-03T15:31:09-07:00</auditDate><auditID>AARON</auditID><auditStatus>A</auditStatus></auditModel><description>pools and spas</description><resId>104596492</resId><standardChoiceName>USER_DISCIPLINES</standardChoiceName><standardChoiceValueI18NModels/><value>Pool and Spa</value></standardChoiceValue><standardChoiceValue refId="20@StandardChoiceValueModel"><sequenceNBR>105289854</sequenceNBR><serviceProviderCode>ATOM</serviceProviderCode><auditModel><auditDate>2016-06-03T15:31:09-07:00</auditDate><auditID>AARON</auditID><auditStatus>A</auditStatus></auditModel><resId>104596493</resId><standardChoiceName>USER_DISCIPLINES</standardChoiceName><standardChoiceValueI18NModels/><value>Public Works</value></standardChoiceValue><standardChoiceValue refId="21@StandardChoiceValueModel"><sequenceNBR>105289856</sequenceNBR><serviceProviderCode>ATOM</serviceProviderCode><auditModel><auditDate>2016-06-03T15:31:09-07:00</auditDate><auditID>AARON</auditID><auditStatus>A</auditStatus></auditModel><resId>104596553</resId><standardChoiceName>USER_DISCIPLINES</standardChoiceName><standardChoiceValueI18NModels/><value>Animal Control</value></standardChoiceValue><standardChoiceValue refId="22@StandardChoiceValueModel"><sequenceNBR>105289858</sequenceNBR><serviceProviderCode>ATOM</serviceProviderCode><auditModel><auditDate>2016-06-03T15:31:09-07:00</auditDate><auditID>AARON</auditID><auditStatus>A</auditStatus></auditModel><description>Hazardous Materials including storage tanks</description><resId>104596555</resId><standardChoiceName>USER_DISCIPLINES</standardChoiceName><standardChoiceValueI18NModels/><value>Hazardous Materials</value></standardChoiceValue><standardChoiceValue refId="23@StandardChoiceValueModel"><sequenceNBR>105289859</sequenceNBR><serviceProviderCode>ATOM</serviceProviderCode><auditModel><auditDate>2016-06-03T15:31:09-07:00</auditDate><auditID>AARON</auditID><auditStatus>A</auditStatus></auditModel><resId>104596556</resId><standardChoiceName>USER_DISCIPLINES</standardChoiceName><standardChoiceValueI18NModels/><value>School Site Evaluations</value></standardChoiceValue></standardChoiceValueModels><type>SystemSwitch</type><valueSize>0</valueSize></standardChoice>
</list>