<?xml version="1.0" encoding="UTF-8" standalone="yes"?>
<list  version="8.0.0" minorVersion="12" exportUser="ADMIN" exportDateTime="06/14/2016 12:30 PM" description="null"><puser><servProvCode>ATOM</servProvCode><userName>LFISHER</userName><dispName>LFISHER</dispName><fname>Lu</fname><lname>Fisher</lname><profileActive><virtualString></virtualString></profileActive><puserProfileModels><puserProfile><profileSeqNbr>1</profileSeqNbr><servProvCode>ATOM</servProvCode><userName>LFISHER</userName><profileValue>/index.cfm?fuseaction=Menu</profileValue><recDate>2016-06-03T08:23:15-07:00</recDate><recFulNam>LUCRETIA</recFulNam><recStatus>A</recStatus></puserProfile><puserProfile><profileSeqNbr>2</profileSeqNbr><servProvCode>ATOM</servProvCode><userName>LFISHER</userName><profileValue>1</profileValue><recDate>2016-06-03T08:23:15-07:00</recDate><recFulNam>LUCRETIA</recFulNam><recStatus>A</recStatus></puserProfile><puserProfile><profileSeqNbr>3</profileSeqNbr><servProvCode>ATOM</servProvCode><userName>LFISHER</userName><profileValue>AMS</profileValue><recDate>2016-06-03T08:23:15-07:00</recDate><recFulNam>LUCRETIA</recFulNam><recStatus>A</recStatus></puserProfile><puserProfile><profileSeqNbr>4</profileSeqNbr><servProvCode>ATOM</servProvCode><userName>LFISHER</userName><profileValue>STD</profileValue><recDate>2016-06-03T08:23:15-07:00</recDate><recFulNam>LUCRETIA</recFulNam><recStatus>A</recStatus></puserProfile><puserProfile><profileSeqNbr>5</profileSeqNbr><servProvCode>ATOM</servProvCode><userName>LFISHER</userName><profileValue>0.0</profileValue><recDate>2016-06-03T08:23:15-07:00</recDate><recFulNam>LUCRETIA</recFulNam><recStatus>A</recStatus></puserProfile><puserProfile><profileSeqNbr>6</profileSeqNbr><servProvCode>ATOM</servProvCode><userName>LFISHER</userName><recDate>2016-06-03T08:23:15-07:00</recDate><recFulNam>LUCRETIA</recFulNam><recStatus>A</recStatus></puserProfile><puserProfile><profileSeqNbr>7</profileSeqNbr><servProvCode>ATOM</servProvCode><userName>LFISHER</userName><recDate>2016-06-03T08:23:15-07:00</recDate><recFulNam>LUCRETIA</recFulNam><recStatus>A</recStatus></puserProfile><puserProfile><profileSeqNbr>8</profileSeqNbr><servProvCode>ATOM</servProvCode><userName>LFISHER</userName><recDate>2016-06-03T08:23:15-07:00</recDate><recFulNam>LUCRETIA</recFulNam><recStatus>A</recStatus></puserProfile><puserProfile><profileSeqNbr>9</profileSeqNbr><servProvCode>ATOM</servProvCode><userName>LFISHER</userName><recDate>2016-06-03T08:23:15-07:00</recDate><recFulNam>LUCRETIA</recFulNam><recStatus>A</recStatus></puserProfile><puserProfile><profileSeqNbr>10</profileSeqNbr><servProvCode>ATOM</servProvCode><userName>LFISHER</userName><recDate>2016-06-03T08:23:15-07:00</recDate><recFulNam>LUCRETIA</recFulNam><recStatus>A</recStatus></puserProfile><puserProfile><profileSeqNbr>11</profileSeqNbr><servProvCode>ATOM</servProvCode><userName>LFISHER</userName><recDate>2016-06-03T08:23:15-07:00</recDate><recFulNam>LUCRETIA</recFulNam><recStatus>A</recStatus></puserProfile><puserProfile><profileSeqNbr>12</profileSeqNbr><servProvCode>ATOM</servProvCode><userName>LFISHER</userName><recDate>2016-06-03T08:23:15-07:00</recDate><recFulNam>LUCRETIA</recFulNam><recStatus>A</recStatus></puserProfile><puserProfile><profileSeqNbr>13</profileSeqNbr><servProvCode>ATOM</servProvCode><userName>LFISHER</userName><recDate>2016-06-03T08:23:15-07:00</recDate><recFulNam>LUCRETIA</recFulNam><recStatus>A</recStatus></puserProfile><puserProfile><profileSeqNbr>14</profileSeqNbr><servProvCode>ATOM</servProvCode><userName>LFISHER</userName><recDate>2016-06-03T08:23:15-07:00</recDate><recFulNam>LUCRETIA</recFulNam><recStatus>A</recStatus></puserProfile><puserProfile><profileSeqNbr>15</profileSeqNbr><servProvCode>ATOM</servProvCode><userName>LFISHER</userName><recDate>2016-06-03T08:23:15-07:00</recDate><recFulNam>LUCRETIA</recFulNam><recStatus>A</recStatus></puserProfile><puserProfile><profileSeqNbr>16</profileSeqNbr><servProvCode>ATOM</servProvCode><userName>LFISHER</userName><recDate>2016-06-03T08:23:15-07:00</recDate><recFulNam>LUCRETIA</recFulNam><recStatus>A</recStatus></puserProfile><puserProfile><profileSeqNbr>17</profileSeqNbr><servProvCode>ATOM</servProvCode><userName>LFISHER</userName><recDate>2016-06-03T08:23:15-07:00</recDate><recFulNam>LUCRETIA</recFulNam><recStatus>A</recStatus></puserProfile><puserProfile><profileSeqNbr>18</profileSeqNbr><servProvCode>ATOM</servProvCode><userName>LFISHER</userName><recDate>2016-06-03T08:23:15-07:00</recDate><recFulNam>LUCRETIA</recFulNam><recStatus>A</recStatus></puserProfile><puserProfile><profileSeqNbr>19</profileSeqNbr><servProvCode>ATOM</servProvCode><userName>LFISHER</userName><recDate>2016-06-03T08:23:15-07:00</recDate><recFulNam>LUCRETIA</recFulNam><recStatus>A</recStatus></puserProfile><puserProfile><profileSeqNbr>20</profileSeqNbr><servProvCode>ATOM</servProvCode><userName>LFISHER</userName><recDate>2016-06-03T08:23:15-07:00</recDate><recFulNam>LUCRETIA</recFulNam><recStatus>A</recStatus></puserProfile><puserProfile><profileSeqNbr>21</profileSeqNbr><servProvCode>ATOM</servProvCode><userName>LFISHER</userName><recDate>2016-06-03T08:23:15-07:00</recDate><recFulNam>LUCRETIA</recFulNam><recStatus>A</recStatus></puserProfile><puserProfile><profileSeqNbr>23</profileSeqNbr><servProvCode>ATOM</servProvCode><userName>LFISHER</userName><profileValue>N</profileValue><recDate>2016-06-03T08:23:15-07:00</recDate><recFulNam>LUCRETIA</recFulNam><recStatus>A</recStatus></puserProfile><puserProfile><profileSeqNbr>24</profileSeqNbr><servProvCode>ATOM</servProvCode><userName>LFISHER</userName><recDate>2016-06-03T08:23:15-07:00</recDate><recFulNam>LUCRETIA</recFulNam><recStatus>A</recStatus></puserProfile><puserProfile><profileSeqNbr>25</profileSeqNbr><servProvCode>ATOM</servProvCode><userName>LFISHER</userName><recDate>2016-06-03T08:23:15-07:00</recDate><recFulNam>LUCRETIA</recFulNam><recStatus>A</recStatus></puserProfile><puserProfile><profileSeqNbr>26</profileSeqNbr><servProvCode>ATOM</servProvCode><userName>LFISHER</userName><profileValue>N</profileValue><recDate>2016-06-03T08:23:15-07:00</recDate><recFulNam>LUCRETIA</recFulNam><recStatus>A</recStatus></puserProfile><puserProfile><profileSeqNbr>27</profileSeqNbr><servProvCode>ATOM</servProvCode><userName>LFISHER</userName><profileValue>N</profileValue><recDate>2016-06-03T08:23:15-07:00</recDate><recFulNam>LUCRETIA</recFulNam><recStatus>A</recStatus></puserProfile><puserProfile><profileSeqNbr>28</profileSeqNbr><servProvCode>ATOM</servProvCode><userName>LFISHER</userName><profileValue>N</profileValue><recDate>2016-06-03T08:23:15-07:00</recDate><recFulNam>LUCRETIA</recFulNam><recStatus>A</recStatus></puserProfile></puserProfileModels><recDate>2016-06-03T12:21:14-07:00</recDate><recFulNam>LFISHER</recFulNam><recStatus>A</recStatus><status>ENABLE</status><timeProfileTypeModels/></puser>
<puser><servProvCode>ATOM</servProvCode><userName>LUCRETIA</userName><dispName>LUCRETIA</dispName><fname>LUCRETIA</fname><profileActive><virtualString></virtualString></profileActive><puserProfileModels><puserProfile><profileSeqNbr>1</profileSeqNbr><servProvCode>ATOM</servProvCode><userName>LUCRETIA</userName><profileValue>/index.cfm?fuseaction=Menu</profileValue><recDate>2016-05-31T10:55:10-07:00</recDate><recFulNam>ADMIN</recFulNam><recStatus>A</recStatus></puserProfile><puserProfile><profileSeqNbr>2</profileSeqNbr><servProvCode>ATOM</servProvCode><userName>LUCRETIA</userName><profileValue>1</profileValue><recDate>2016-05-31T10:55:10-07:00</recDate><recFulNam>ADMIN</recFulNam><recStatus>A</recStatus></puserProfile><puserProfile><profileSeqNbr>3</profileSeqNbr><servProvCode>ATOM</servProvCode><userName>LUCRETIA</userName><profileValue>Building</profileValue><recDate>2016-06-06T08:07:31-07:00</recDate><recFulNam>LUCRETIA</recFulNam><recStatus>A</recStatus></puserProfile><puserProfile><profileSeqNbr>4</profileSeqNbr><servProvCode>ATOM</servProvCode><userName>LUCRETIA</userName><profileValue>STD</profileValue><recDate>2016-05-31T10:55:10-07:00</recDate><recFulNam>ADMIN</recFulNam><recStatus>A</recStatus></puserProfile><puserProfile><profileSeqNbr>5</profileSeqNbr><servProvCode>ATOM</servProvCode><userName>LUCRETIA</userName><profileValue>0.0</profileValue><recDate>2016-05-31T10:55:10-07:00</recDate><recFulNam>ADMIN</recFulNam><recStatus>A</recStatus></puserProfile><puserProfile><profileSeqNbr>6</profileSeqNbr><servProvCode>ATOM</servProvCode><userName>LUCRETIA</userName><recDate>2016-05-31T10:55:10-07:00</recDate><recFulNam>ADMIN</recFulNam><recStatus>A</recStatus></puserProfile><puserProfile><profileSeqNbr>7</profileSeqNbr><servProvCode>ATOM</servProvCode><userName>LUCRETIA</userName><recDate>2016-05-31T10:55:10-07:00</recDate><recFulNam>ADMIN</recFulNam><recStatus>A</recStatus></puserProfile><puserProfile><profileSeqNbr>8</profileSeqNbr><servProvCode>ATOM</servProvCode><userName>LUCRETIA</userName><recDate>2016-05-31T10:55:10-07:00</recDate><recFulNam>ADMIN</recFulNam><recStatus>A</recStatus></puserProfile><puserProfile><profileSeqNbr>9</profileSeqNbr><servProvCode>ATOM</servProvCode><userName>LUCRETIA</userName><recDate>2016-05-31T10:55:10-07:00</recDate><recFulNam>ADMIN</recFulNam><recStatus>A</recStatus></puserProfile><puserProfile><profileSeqNbr>10</profileSeqNbr><servProvCode>ATOM</servProvCode><userName>LUCRETIA</userName><recDate>2016-05-31T10:55:10-07:00</recDate><recFulNam>ADMIN</recFulNam><recStatus>A</recStatus></puserProfile><puserProfile><profileSeqNbr>11</profileSeqNbr><servProvCode>ATOM</servProvCode><userName>LUCRETIA</userName><recDate>2016-05-31T10:55:10-07:00</recDate><recFulNam>ADMIN</recFulNam><recStatus>A</recStatus></puserProfile><puserProfile><profileSeqNbr>12</profileSeqNbr><servProvCode>ATOM</servProvCode><userName>LUCRETIA</userName><recDate>2016-05-31T10:55:10-07:00</recDate><recFulNam>ADMIN</recFulNam><recStatus>A</recStatus></puserProfile><puserProfile><profileSeqNbr>13</profileSeqNbr><servProvCode>ATOM</servProvCode><userName>LUCRETIA</userName><recDate>2016-05-31T10:55:10-07:00</recDate><recFulNam>ADMIN</recFulNam><recStatus>A</recStatus></puserProfile><puserProfile><profileSeqNbr>14</profileSeqNbr><servProvCode>ATOM</servProvCode><userName>LUCRETIA</userName><recDate>2016-05-31T10:55:10-07:00</recDate><recFulNam>ADMIN</recFulNam><recStatus>A</recStatus></puserProfile><puserProfile><profileSeqNbr>15</profileSeqNbr><servProvCode>ATOM</servProvCode><userName>LUCRETIA</userName><recDate>2016-05-31T10:55:10-07:00</recDate><recFulNam>ADMIN</recFulNam><recStatus>A</recStatus></puserProfile><puserProfile><profileSeqNbr>16</profileSeqNbr><servProvCode>ATOM</servProvCode><userName>LUCRETIA</userName><recDate>2016-05-31T10:55:10-07:00</recDate><recFulNam>ADMIN</recFulNam><recStatus>A</recStatus></puserProfile><puserProfile><profileSeqNbr>17</profileSeqNbr><servProvCode>ATOM</servProvCode><userName>LUCRETIA</userName><recDate>2016-05-31T10:55:10-07:00</recDate><recFulNam>ADMIN</recFulNam><recStatus>A</recStatus></puserProfile><puserProfile><profileSeqNbr>18</profileSeqNbr><servProvCode>ATOM</servProvCode><userName>LUCRETIA</userName><recDate>2016-05-31T10:55:10-07:00</recDate><recFulNam>ADMIN</recFulNam><recStatus>A</recStatus></puserProfile><puserProfile><profileSeqNbr>19</profileSeqNbr><servProvCode>ATOM</servProvCode><userName>LUCRETIA</userName><recDate>2016-05-31T10:55:10-07:00</recDate><recFulNam>ADMIN</recFulNam><recStatus>A</recStatus></puserProfile><puserProfile><profileSeqNbr>20</profileSeqNbr><servProvCode>ATOM</servProvCode><userName>LUCRETIA</userName><recDate>2016-05-31T10:55:10-07:00</recDate><recFulNam>ADMIN</recFulNam><recStatus>A</recStatus></puserProfile><puserProfile><profileSeqNbr>21</profileSeqNbr><servProvCode>ATOM</servProvCode><userName>LUCRETIA</userName><recDate>2016-05-31T10:55:10-07:00</recDate><recFulNam>ADMIN</recFulNam><recStatus>A</recStatus></puserProfile><puserProfile><profileSeqNbr>23</profileSeqNbr><servProvCode>ATOM</servProvCode><userName>LUCRETIA</userName><profileValue>N</profileValue><recDate>2016-05-31T10:55:10-07:00</recDate><recFulNam>ADMIN</recFulNam><recStatus>A</recStatus></puserProfile><puserProfile><profileSeqNbr>24</profileSeqNbr><servProvCode>ATOM</servProvCode><userName>LUCRETIA</userName><recDate>2016-05-31T10:55:10-07:00</recDate><recFulNam>ADMIN</recFulNam><recStatus>A</recStatus></puserProfile><puserProfile><profileSeqNbr>25</profileSeqNbr><servProvCode>ATOM</servProvCode><userName>LUCRETIA</userName><profileValue>ATOM.2934.CONSOLE</profileValue><recDate>2016-06-06T08:07:31-07:00</recDate><recFulNam>LUCRETIA</recFulNam><recStatus>A</recStatus></puserProfile><puserProfile><profileSeqNbr>26</profileSeqNbr><servProvCode>ATOM</servProvCode><userName>LUCRETIA</userName><profileValue>N</profileValue><recDate>2016-05-31T10:55:10-07:00</recDate><recFulNam>ADMIN</recFulNam><recStatus>A</recStatus></puserProfile><puserProfile><profileSeqNbr>27</profileSeqNbr><servProvCode>ATOM</servProvCode><userName>LUCRETIA</userName><profileValue>N</profileValue><recDate>2016-05-31T10:55:10-07:00</recDate><recFulNam>ADMIN</recFulNam><recStatus>A</recStatus></puserProfile><puserProfile><profileSeqNbr>28</profileSeqNbr><servProvCode>ATOM</servProvCode><userName>LUCRETIA</userName><profileValue>N</profileValue><recDate>2016-06-01T10:25:44-07:00</recDate><recFulNam>LUCRETIA</recFulNam><recStatus>Y</recStatus></puserProfile></puserProfileModels><recDate>2016-06-06T08:06:27-07:00</recDate><recFulNam>LUCRETIA</recFulNam><recStatus>A</recStatus><status>ENABLE</status><timeProfileTypeModels/></puser>
</list>