<?xml version="1.0" encoding="UTF-8" standalone="yes"?>
<list  version="8.0.0" minorVersion="12" exportUser="ADMIN" exportDateTime="06/14/2016 12:30 PM" description="null"><user><serviceProviderCode>ATOM</serviceProviderCode><userName>LFISHER</userName><accountDisablePeriod>90</accountDisablePeriod><allowUserChangePassword>Y</allowUserChangePassword><auditModel><auditDate>2016-06-03T12:21:14-07:00</auditDate><auditID>LFISHER</auditID><auditStatus>A</auditStatus></auditModel><changePasswordNextLogin>N</changePasswordNextLogin><delegateUserModels/><displayName>LFISHER</displayName><distinguishName>Lu Fisher</distinguishName><firstName>Lu</firstName><gaUserId>LFISHER</gaUserId><inspectorStatus>N</inspectorStatus><ischeckedDelegateUserModel>Y</ischeckedDelegateUserModel><lastChangePassword>2016-06-03T00:00:00-07:00</lastChangePassword><lastLoginTime>2016-06-03T00:00:00-07:00</lastLoginTime><lastName>Fisher</lastName><password>719c5f47982c6f9faf1c39d07a9d3e03789ac1f3</password><passwordExpireTimeframe>90</passwordExpireTimeframe><section508Flag>N</section508Flag><staffs><serviceProviderCode>ATOM</serviceProviderCode><userId>LFISHER</userId><agencyCode>BUILDING</agencyCode><auditModel><auditDate>2016-06-03T08:23:15-07:00</auditDate><auditID>LUCRETIA</auditID><auditStatus>A</auditStatus></auditModel><bureauCode>NA</bureauCode><divisionCode>NA</divisionCode><firstName>Lu</firstName><groupCode>NA</groupCode><ivrSeq>22592</ivrSeq><lastName>Fisher</lastName><officeCode>NA</officeCode><sectionCode>NA</sectionCode><staffsI18Ns/><userName>LFISHER</userName></staffs><status>ENABLE</status><userDisciplineModels/><userDistrictModels/><userGroups><userGroup><serviceProviderCode>ATOM</serviceProviderCode><groupSequenceNumber>23241</groupSequenceNumber><userName>LFISHER</userName><auditModel><auditDate>2016-06-03T08:23:15-07:00</auditDate><auditID>LUCRETIA</auditID><auditStatus>A</auditStatus></auditModel><moduleName>AMS</moduleName><virtualUserGroupModel refId="1@VirtualUserGroupModel"><moduleName>AMS</moduleName><serviceProviderCode>ATOM</serviceProviderCode><userGroup>AMSAdmin</userGroup></virtualUserGroupModel></userGroup><userGroup><serviceProviderCode>ATOM</serviceProviderCode><groupSequenceNumber>23242</groupSequenceNumber><userName>LFISHER</userName><auditModel><auditDate>2016-06-03T08:23:15-07:00</auditDate><auditID>LUCRETIA</auditID><auditStatus>A</auditStatus></auditModel><moduleName>Building</moduleName><virtualUserGroupModel refId="2@VirtualUserGroupModel"><moduleName>Building</moduleName><serviceProviderCode>ATOM</serviceProviderCode><userGroup>BuildingAdmin</userGroup></virtualUserGroupModel></userGroup><userGroup><serviceProviderCode>ATOM</serviceProviderCode><groupSequenceNumber>23244</groupSequenceNumber><userName>LFISHER</userName><auditModel><auditDate>2016-06-03T08:23:15-07:00</auditDate><auditID>LUCRETIA</auditID><auditStatus>A</auditStatus></auditModel><moduleName>Enforcement</moduleName><virtualUserGroupModel refId="3@VirtualUserGroupModel"><moduleName>Enforcement</moduleName><serviceProviderCode>ATOM</serviceProviderCode><userGroup>EnforcementAdmin</userGroup></virtualUserGroupModel></userGroup><userGroup><serviceProviderCode>ATOM</serviceProviderCode><groupSequenceNumber>23247</groupSequenceNumber><userName>LFISHER</userName><auditModel><auditDate>2016-06-03T08:23:15-07:00</auditDate><auditID>LUCRETIA</auditID><auditStatus>A</auditStatus></auditModel><moduleName>Fire</moduleName><virtualUserGroupModel refId="4@VirtualUserGroupModel"><moduleName>Fire</moduleName><serviceProviderCode>ATOM</serviceProviderCode><userGroup>FireAdmin</userGroup></virtualUserGroupModel></userGroup><userGroup><serviceProviderCode>ATOM</serviceProviderCode><groupSequenceNumber>23251</groupSequenceNumber><userName>LFISHER</userName><auditModel><auditDate>2016-06-03T08:23:15-07:00</auditDate><auditID>LUCRETIA</auditID><auditStatus>A</auditStatus></auditModel><moduleName>Planning</moduleName><virtualUserGroupModel refId="5@VirtualUserGroupModel"><moduleName>Planning</moduleName><serviceProviderCode>ATOM</serviceProviderCode><userGroup>PlanningAdmin</userGroup></virtualUserGroupModel></userGroup><userGroup><serviceProviderCode>ATOM</serviceProviderCode><groupSequenceNumber>23252</groupSequenceNumber><userName>LFISHER</userName><auditModel><auditDate>2016-06-03T08:23:15-07:00</auditDate><auditID>LUCRETIA</auditID><auditStatus>A</auditStatus></auditModel><moduleName>PublicWorks</moduleName><virtualUserGroupModel refId="6@VirtualUserGroupModel"><moduleName>PublicWorks</moduleName><serviceProviderCode>ATOM</serviceProviderCode><userGroup>PublicWorksAdmin</userGroup></virtualUserGroupModel></userGroup><userGroup><serviceProviderCode>ATOM</serviceProviderCode><groupSequenceNumber>23253</groupSequenceNumber><userName>LFISHER</userName><auditModel><auditDate>2016-06-03T08:23:15-07:00</auditDate><auditID>LUCRETIA</auditID><auditStatus>A</auditStatus></auditModel><moduleName>Licenses</moduleName><virtualUserGroupModel refId="7@VirtualUserGroupModel"><moduleName>Licenses</moduleName><serviceProviderCode>ATOM</serviceProviderCode><userGroup>LicensesAdmin</userGroup></virtualUserGroupModel></userGroup><userGroup><serviceProviderCode>ATOM</serviceProviderCode><groupSequenceNumber>23256</groupSequenceNumber><userName>LFISHER</userName><auditModel><auditDate>2016-06-03T08:23:15-07:00</auditDate><auditID>LUCRETIA</auditID><auditStatus>A</auditStatus></auditModel><moduleName>Health</moduleName><virtualUserGroupModel refId="8@VirtualUserGroupModel"><moduleName>Health</moduleName><serviceProviderCode>ATOM</serviceProviderCode><userGroup>HealthAdmin</userGroup></virtualUserGroupModel></userGroup><userGroup><serviceProviderCode>ATOM</serviceProviderCode><groupSequenceNumber>23259</groupSequenceNumber><userName>LFISHER</userName><auditModel><auditDate>2016-06-03T08:23:15-07:00</auditDate><auditID>LUCRETIA</auditID><auditStatus>A</auditStatus></auditModel><moduleName>ServiceRequest</moduleName><virtualUserGroupModel refId="9@VirtualUserGroupModel"><moduleName>ServiceRequest</moduleName><serviceProviderCode>ATOM</serviceProviderCode><userGroup>ServiceRequestAdmin</userGroup></virtualUserGroupModel></userGroup></userGroups><userPolicys><userPolicy refId="10@UserSecurityModel"><policySeq>311738</policySeq><serviceProviderCode>ATOM</serviceProviderCode><auditModel><auditDate>2016-06-03T08:23:15-07:00</auditDate><auditID>LUCRETIA</auditID><auditStatus>A</auditStatus></auditModel><data1>AGIS=N;AMO=N;AW=N;DUMMYUSER=N</data1><levelData>LFISHER</levelData><levelType>User</levelType><policyI18NModels/><policyName>UserSettings</policyName><rightGranted>Y</rightGranted><status>Y</status></userPolicy></userPolicys></user>
<user><serviceProviderCode>ATOM</serviceProviderCode><userName>LUCRETIA</userName><accountDisablePeriod>90</accountDisablePeriod><allowUserChangePassword>Y</allowUserChangePassword><auditModel><auditDate>2016-06-06T08:06:27-07:00</auditDate><auditID>LUCRETIA</auditID><auditStatus>A</auditStatus></auditModel><changePasswordNextLogin>N</changePasswordNextLogin><delegateUserModels/><displayName>LUCRETIA</displayName><firstName>LUCRETIA</firstName><gaUserId>LUCRETIA</gaUserId><inspectorStatus>Y</inspectorStatus><ischeckedDelegateUserModel>Y</ischeckedDelegateUserModel><lastChangePassword>2016-06-01T00:00:00-07:00</lastChangePassword><lastLoginTime>2016-06-06T00:00:00-07:00</lastLoginTime><password>1ce2fc05557719c1ff1f809b0ce34ec87843da74</password><passwordExpireTimeframe>90</passwordExpireTimeframe><section508Flag>N</section508Flag><staffs><serviceProviderCode>ATOM</serviceProviderCode><userId>LUCRETIA</userId><agencyCode>ADMIN</agencyCode><auditModel><auditDate>2016-05-31T10:55:10-07:00</auditDate><auditID>ADMIN</auditID><auditStatus>A</auditStatus></auditModel><bureauCode>NA</bureauCode><divisionCode>NA</divisionCode><firstName>LUCRETIA</firstName><groupCode>NA</groupCode><ivrSeq>22580</ivrSeq><officeCode>NA</officeCode><sectionCode>NA</sectionCode><staffsI18Ns/><userName>LUCRETIA</userName></staffs><status>ENABLE</status><userDisciplineModels/><userDistrictModels/><userGroups><userGroup><serviceProviderCode>ATOM</serviceProviderCode><groupSequenceNumber>23241</groupSequenceNumber><userName>LUCRETIA</userName><auditModel><auditDate>2016-05-31T10:55:10-07:00</auditDate><auditID>ADMIN</auditID><auditStatus>A</auditStatus></auditModel><moduleName>AMS</moduleName><virtualUserGroupModel refId="1@VirtualUserGroupModel"><moduleName>AMS</moduleName><serviceProviderCode>ATOM</serviceProviderCode><userGroup>AMSAdmin</userGroup></virtualUserGroupModel></userGroup><userGroup><serviceProviderCode>ATOM</serviceProviderCode><groupSequenceNumber>23242</groupSequenceNumber><userName>LUCRETIA</userName><auditModel><auditDate>2016-05-31T10:55:10-07:00</auditDate><auditID>ADMIN</auditID><auditStatus>A</auditStatus></auditModel><moduleName>Building</moduleName><virtualUserGroupModel refId="2@VirtualUserGroupModel"><moduleName>Building</moduleName><serviceProviderCode>ATOM</serviceProviderCode><userGroup>BuildingAdmin</userGroup></virtualUserGroupModel></userGroup><userGroup><serviceProviderCode>ATOM</serviceProviderCode><groupSequenceNumber>23244</groupSequenceNumber><userName>LUCRETIA</userName><auditModel><auditDate>2016-05-31T10:55:10-07:00</auditDate><auditID>ADMIN</auditID><auditStatus>A</auditStatus></auditModel><moduleName>Enforcement</moduleName><virtualUserGroupModel refId="3@VirtualUserGroupModel"><moduleName>Enforcement</moduleName><serviceProviderCode>ATOM</serviceProviderCode><userGroup>EnforcementAdmin</userGroup></virtualUserGroupModel></userGroup><userGroup><serviceProviderCode>ATOM</serviceProviderCode><groupSequenceNumber>23247</groupSequenceNumber><userName>LUCRETIA</userName><auditModel><auditDate>2016-05-31T10:55:10-07:00</auditDate><auditID>ADMIN</auditID><auditStatus>A</auditStatus></auditModel><moduleName>Fire</moduleName><virtualUserGroupModel refId="4@VirtualUserGroupModel"><moduleName>Fire</moduleName><serviceProviderCode>ATOM</serviceProviderCode><userGroup>FireAdmin</userGroup></virtualUserGroupModel></userGroup><userGroup><serviceProviderCode>ATOM</serviceProviderCode><groupSequenceNumber>23251</groupSequenceNumber><userName>LUCRETIA</userName><auditModel><auditDate>2016-05-31T10:55:10-07:00</auditDate><auditID>ADMIN</auditID><auditStatus>A</auditStatus></auditModel><moduleName>Planning</moduleName><virtualUserGroupModel refId="5@VirtualUserGroupModel"><moduleName>Planning</moduleName><serviceProviderCode>ATOM</serviceProviderCode><userGroup>PlanningAdmin</userGroup></virtualUserGroupModel></userGroup><userGroup><serviceProviderCode>ATOM</serviceProviderCode><groupSequenceNumber>23252</groupSequenceNumber><userName>LUCRETIA</userName><auditModel><auditDate>2016-05-31T10:55:10-07:00</auditDate><auditID>ADMIN</auditID><auditStatus>A</auditStatus></auditModel><moduleName>PublicWorks</moduleName><virtualUserGroupModel refId="6@VirtualUserGroupModel"><moduleName>PublicWorks</moduleName><serviceProviderCode>ATOM</serviceProviderCode><userGroup>PublicWorksAdmin</userGroup></virtualUserGroupModel></userGroup><userGroup><serviceProviderCode>ATOM</serviceProviderCode><groupSequenceNumber>23253</groupSequenceNumber><userName>LUCRETIA</userName><auditModel><auditDate>2016-05-31T10:55:10-07:00</auditDate><auditID>ADMIN</auditID><auditStatus>A</auditStatus></auditModel><moduleName>Licenses</moduleName><virtualUserGroupModel refId="7@VirtualUserGroupModel"><moduleName>Licenses</moduleName><serviceProviderCode>ATOM</serviceProviderCode><userGroup>LicensesAdmin</userGroup></virtualUserGroupModel></userGroup><userGroup><serviceProviderCode>ATOM</serviceProviderCode><groupSequenceNumber>23256</groupSequenceNumber><userName>LUCRETIA</userName><auditModel><auditDate>2016-05-31T10:55:10-07:00</auditDate><auditID>ADMIN</auditID><auditStatus>A</auditStatus></auditModel><moduleName>Health</moduleName><virtualUserGroupModel refId="8@VirtualUserGroupModel"><moduleName>Health</moduleName><serviceProviderCode>ATOM</serviceProviderCode><userGroup>HealthAdmin</userGroup></virtualUserGroupModel></userGroup><userGroup><serviceProviderCode>ATOM</serviceProviderCode><groupSequenceNumber>23259</groupSequenceNumber><userName>LUCRETIA</userName><auditModel><auditDate>2016-05-31T10:55:10-07:00</auditDate><auditID>ADMIN</auditID><auditStatus>A</auditStatus></auditModel><moduleName>ServiceRequest</moduleName><virtualUserGroupModel refId="9@VirtualUserGroupModel"><moduleName>ServiceRequest</moduleName><serviceProviderCode>ATOM</serviceProviderCode><userGroup>ServiceRequestAdmin</userGroup></virtualUserGroupModel></userGroup></userGroups><userPolicys><userPolicy refId="10@UserSecurityModel"><policySeq>311707</policySeq><serviceProviderCode>ATOM</serviceProviderCode><auditModel><auditDate>2016-05-31T10:55:10-07:00</auditDate><auditID>ADMIN</auditID><auditStatus>A</auditStatus></auditModel><data1>AGIS=Y;AMO=Y;AW=Y;DUMMYUSER=N</data1><levelData>LUCRETIA</levelData><levelType>User</levelType><policyI18NModels/><policyName>UserSettings</policyName><rightGranted>Y</rightGranted><status>Y</status></userPolicy></userPolicys></user>
</list>