<?xml version="1.0" encoding="UTF-8" standalone="yes"?>
<list  version="8.0.0" minorVersion="22" exportUser="ADMIN" exportDateTime="09/22/2016 04:49 PM" description="null"><agencygroup><serviceProviderCode>BPTDEV</serviceProviderCode><groupSequenceNumber>394</groupSequenceNumber><auditModel><auditDate>2016-06-29T10:52:03-06:00</auditDate><auditID>ADMIN</auditID><auditStatus>A</auditStatus></auditModel><moduleName>Planning</moduleName><status>ENABLE</status><userGroup>PlanningPublicUser</userGroup><xgroupMenuItemModules/></agencygroup>
</list>