<?xml version="1.0" encoding="UTF-8" standalone="yes"?>
<list  version="8.0.0" minorVersion="22" exportUser="ADMIN" exportDateTime="09/22/2016 04:49 PM" description="null"><applicationStatusGroup><appStatusGroupCode>PLN_GENERAL</appStatusGroupCode><serviceProviderCode>BPTDEV</serviceProviderCode><appStatusGroupModels><appStatusGroupModel refId="1@AppStatusGroupModel"><serviceProviderCode>BPTDEV</serviceProviderCode><appStatusGroupCode>PLN_GENERAL</appStatusGroupCode><status>Appealed</status><appStatusGroupI18Ns/><auditModel><auditDate>2011-12-08T17:17:21-07:00</auditDate><auditID>ADMIN</auditID><auditStatus>A</auditStatus></auditModel><statusType>PENDING</statusType></appStatusGroupModel><appStatusGroupModel refId="2@AppStatusGroupModel"><serviceProviderCode>BPTDEV</serviceProviderCode><appStatusGroupCode>PLN_GENERAL</appStatusGroupCode><status>Approved</status><appStatusGroupI18Ns/><auditModel><auditDate>2011-12-08T17:17:55-07:00</auditDate><auditID>ADMIN</auditID><auditStatus>A</auditStatus></auditModel><statusType>APPROVED</statusType></appStatusGroupModel><appStatusGroupModel refId="3@AppStatusGroupModel"><serviceProviderCode>BPTDEV</serviceProviderCode><appStatusGroupCode>PLN_GENERAL</appStatusGroupCode><status>Closed</status><appStatusGroupI18Ns/><auditModel><auditDate>2014-05-20T14:25:31-06:00</auditDate><auditID>ADMIN</auditID><auditStatus>D</auditStatus></auditModel><statusType>CLOSED</statusType></appStatusGroupModel><appStatusGroupModel refId="4@AppStatusGroupModel"><serviceProviderCode>BPTDEV</serviceProviderCode><appStatusGroupCode>PLN_GENERAL</appStatusGroupCode><status>Denied</status><appStatusGroupI18Ns/><auditModel><auditDate>2011-12-08T17:18:17-07:00</auditDate><auditID>ADMIN</auditID><auditStatus>A</auditStatus></auditModel><statusType>DENIED</statusType></appStatusGroupModel><appStatusGroupModel refId="5@AppStatusGroupModel"><serviceProviderCode>BPTDEV</serviceProviderCode><appStatusGroupCode>PLN_GENERAL</appStatusGroupCode><status>Expired</status><appStatusGroupI18Ns/><auditModel><auditDate>2014-05-20T11:41:00-06:00</auditDate><auditID>ADMIN</auditID><auditStatus>A</auditStatus></auditModel><statusType>OPEN</statusType></appStatusGroupModel><appStatusGroupModel refId="6@AppStatusGroupModel"><serviceProviderCode>BPTDEV</serviceProviderCode><appStatusGroupCode>PLN_GENERAL</appStatusGroupCode><status>Filed</status><appStatusGroupI18Ns/><auditModel><auditDate>2014-05-20T14:23:44-06:00</auditDate><auditID>ADMIN</auditID><auditStatus>D</auditStatus></auditModel><statusType>OPEN</statusType></appStatusGroupModel><appStatusGroupModel refId="7@AppStatusGroupModel"><serviceProviderCode>BPTDEV</serviceProviderCode><appStatusGroupCode>PLN_GENERAL</appStatusGroupCode><status>Hearing Scheduled</status><appStatusGroupI18Ns/><auditModel><auditDate>2014-05-20T14:27:49-06:00</auditDate><auditID>ADMIN</auditID><auditStatus>A</auditStatus></auditModel><statusType>OPEN</statusType></appStatusGroupModel><appStatusGroupModel refId="8@AppStatusGroupModel"><serviceProviderCode>BPTDEV</serviceProviderCode><appStatusGroupCode>PLN_GENERAL</appStatusGroupCode><status>In Review</status><appStatusGroupI18Ns/><auditModel><auditDate>2011-12-08T17:18:42-07:00</auditDate><auditID>ADMIN</auditID><auditStatus>A</auditStatus></auditModel><statusType>PENDING</statusType></appStatusGroupModel><appStatusGroupModel refId="9@AppStatusGroupModel"><serviceProviderCode>BPTDEV</serviceProviderCode><appStatusGroupCode>PLN_GENERAL</appStatusGroupCode><status>Incomplete</status><appStatusGroupI18Ns/><auditModel><auditDate>2014-05-20T14:24:06-06:00</auditDate><auditID>ADMIN</auditID><auditStatus>D</auditStatus></auditModel><statusType>INCOMPLETE</statusType></appStatusGroupModel><appStatusGroupModel refId="10@AppStatusGroupModel"><serviceProviderCode>BPTDEV</serviceProviderCode><appStatusGroupCode>PLN_GENERAL</appStatusGroupCode><status>Incomplete Submittal</status><appStatusGroupI18Ns/><auditModel><auditDate>2014-05-20T14:26:51-06:00</auditDate><auditID>ADMIN</auditID><auditStatus>A</auditStatus></auditModel><statusType>INCOMPLETE</statusType></appStatusGroupModel><appStatusGroupModel refId="11@AppStatusGroupModel"><serviceProviderCode>BPTDEV</serviceProviderCode><appStatusGroupCode>PLN_GENERAL</appStatusGroupCode><status>Pending</status><appStatusGroupI18Ns/><auditModel><auditDate>2014-05-20T14:24:29-06:00</auditDate><auditID>ADMIN</auditID><auditStatus>D</auditStatus></auditModel><statusType>PENDING</statusType></appStatusGroupModel><appStatusGroupModel refId="12@AppStatusGroupModel"><serviceProviderCode>BPTDEV</serviceProviderCode><appStatusGroupCode>PLN_GENERAL</appStatusGroupCode><status>Revisions Required</status><appStatusGroupI18Ns/><auditModel><auditDate>2014-05-20T14:27:15-06:00</auditDate><auditID>ADMIN</auditID><auditStatus>A</auditStatus></auditModel><statusType>OPEN</statusType></appStatusGroupModel><appStatusGroupModel refId="13@AppStatusGroupModel"><serviceProviderCode>BPTDEV</serviceProviderCode><appStatusGroupCode>PLN_GENERAL</appStatusGroupCode><status>Submitted</status><appStatusGroupI18Ns/><auditModel><auditDate>2013-03-28T10:41:50-06:00</auditDate><auditID>ADMIN</auditID><auditStatus>A</auditStatus></auditModel><statusType>OPEN</statusType></appStatusGroupModel><appStatusGroupModel refId="14@AppStatusGroupModel"><serviceProviderCode>BPTDEV</serviceProviderCode><appStatusGroupCode>PLN_GENERAL</appStatusGroupCode><status>Void</status><appStatusGroupI18Ns/><auditModel><auditDate>2011-12-08T17:19:15-07:00</auditDate><auditID>ADMIN</auditID><auditStatus>A</auditStatus></auditModel><statusType>VOID</statusType></appStatusGroupModel><appStatusGroupModel refId="15@AppStatusGroupModel"><serviceProviderCode>BPTDEV</serviceProviderCode><appStatusGroupCode>PLN_GENERAL</appStatusGroupCode><status>Withdrawn</status><appStatusGroupI18Ns/><auditModel><auditDate>2011-12-08T17:19:25-07:00</auditDate><auditID>ADMIN</auditID><auditStatus>A</auditStatus></auditModel><statusType>INCOMPLETE</statusType></appStatusGroupModel></appStatusGroupModels></applicationStatusGroup>
<applicationStatusGroup><appStatusGroupCode>AAM_GENERAL</appStatusGroupCode><serviceProviderCode>BPTDEV</serviceProviderCode><appStatusGroupModels><appStatusGroupModel refId="1@AppStatusGroupModel"><serviceProviderCode>BPTDEV</serviceProviderCode><appStatusGroupCode>AAM_GENERAL</appStatusGroupCode><status>Assigned</status><appStatusGroupI18Ns/><auditModel><auditDate>2013-02-12T15:05:50-07:00</auditDate><auditID>ADMIN</auditID><auditStatus>A</auditStatus></auditModel><statusType>OPEN</statusType></appStatusGroupModel><appStatusGroupModel refId="2@AppStatusGroupModel"><serviceProviderCode>BPTDEV</serviceProviderCode><appStatusGroupCode>AAM_GENERAL</appStatusGroupCode><status>Closed</status><appStatusGroupI18Ns/><auditModel><auditDate>2013-02-12T15:06:16-07:00</auditDate><auditID>ADMIN</auditID><auditStatus>A</auditStatus></auditModel><statusType>CLOSED</statusType></appStatusGroupModel><appStatusGroupModel refId="3@AppStatusGroupModel"><serviceProviderCode>BPTDEV</serviceProviderCode><appStatusGroupCode>AAM_GENERAL</appStatusGroupCode><status>Complete</status><appStatusGroupI18Ns/><auditModel><auditDate>2013-02-15T11:27:12-07:00</auditDate><auditID>ADMIN</auditID><auditStatus>A</auditStatus></auditModel><statusType>OPEN</statusType></appStatusGroupModel><appStatusGroupModel refId="4@AppStatusGroupModel"><serviceProviderCode>BPTDEV</serviceProviderCode><appStatusGroupCode>AAM_GENERAL</appStatusGroupCode><status>In Work</status><appStatusGroupI18Ns/><auditModel><auditDate>2014-05-16T14:15:55-06:00</auditDate><auditID>ADMIN</auditID><auditStatus>A</auditStatus></auditModel><statusType>OPEN</statusType></appStatusGroupModel><appStatusGroupModel refId="5@AppStatusGroupModel"><serviceProviderCode>BPTDEV</serviceProviderCode><appStatusGroupCode>AAM_GENERAL</appStatusGroupCode><status>Inwork</status><appStatusGroupI18Ns/><auditModel><auditDate>2014-05-16T14:15:45-06:00</auditDate><auditID>ADMIN</auditID><auditStatus>D</auditStatus></auditModel><statusType>OPEN</statusType></appStatusGroupModel><appStatusGroupModel refId="6@AppStatusGroupModel"><serviceProviderCode>BPTDEV</serviceProviderCode><appStatusGroupCode>AAM_GENERAL</appStatusGroupCode><status>Open</status><appStatusGroupI18Ns/><auditModel><auditDate>2013-02-12T15:11:58-07:00</auditDate><auditID>ADMIN</auditID><auditStatus>A</auditStatus></auditModel><statusType>OPEN</statusType></appStatusGroupModel></appStatusGroupModels></applicationStatusGroup>
<applicationStatusGroup><appStatusGroupCode>SR_GENERAL</appStatusGroupCode><serviceProviderCode>BPTDEV</serviceProviderCode><appStatusGroupModels><appStatusGroupModel refId="1@AppStatusGroupModel"><serviceProviderCode>BPTDEV</serviceProviderCode><appStatusGroupCode>SR_GENERAL</appStatusGroupCode><status>Assigned</status><appStatusGroupI18Ns/><auditModel><auditDate>2014-03-27T12:32:00-06:00</auditDate><auditID>ADMIN</auditID><auditStatus>A</auditStatus></auditModel><statusType>OPEN</statusType></appStatusGroupModel><appStatusGroupModel refId="2@AppStatusGroupModel"><serviceProviderCode>BPTDEV</serviceProviderCode><appStatusGroupCode>SR_GENERAL</appStatusGroupCode><status>Closed-Duplicate</status><appStatusGroupI18Ns/><auditModel><auditDate>2013-09-11T11:52:34-06:00</auditDate><auditID>ADMIN</auditID><auditStatus>A</auditStatus></auditModel><statusType>CLOSED</statusType></appStatusGroupModel><appStatusGroupModel refId="3@AppStatusGroupModel"><serviceProviderCode>BPTDEV</serviceProviderCode><appStatusGroupCode>SR_GENERAL</appStatusGroupCode><status>Closed-Fixed</status><appStatusGroupI18Ns/><auditModel><auditDate>2013-09-11T11:52:51-06:00</auditDate><auditID>ADMIN</auditID><auditStatus>A</auditStatus></auditModel><statusType>CLOSED</statusType></appStatusGroupModel><appStatusGroupModel refId="4@AppStatusGroupModel"><serviceProviderCode>BPTDEV</serviceProviderCode><appStatusGroupCode>SR_GENERAL</appStatusGroupCode><status>Closed-No Violation</status><appStatusGroupI18Ns/><auditModel><auditDate>2013-09-11T11:53:09-06:00</auditDate><auditID>ADMIN</auditID><auditStatus>A</auditStatus></auditModel><statusType>CLOSED</statusType></appStatusGroupModel><appStatusGroupModel refId="5@AppStatusGroupModel"><serviceProviderCode>BPTDEV</serviceProviderCode><appStatusGroupCode>SR_GENERAL</appStatusGroupCode><status>Closed-Referred</status><appStatusGroupI18Ns/><auditModel><auditDate>2013-09-11T11:53:28-06:00</auditDate><auditID>ADMIN</auditID><auditStatus>A</auditStatus></auditModel><statusType>CLOSED</statusType></appStatusGroupModel><appStatusGroupModel refId="6@AppStatusGroupModel"><serviceProviderCode>BPTDEV</serviceProviderCode><appStatusGroupCode>SR_GENERAL</appStatusGroupCode><status>Complete-Duplicate</status><appStatusGroupI18Ns/><auditModel><auditDate>2012-09-27T12:09:32-06:00</auditDate><auditID>ADMIN</auditID><auditStatus>A</auditStatus></auditModel><statusType>COMPLETE</statusType></appStatusGroupModel><appStatusGroupModel refId="7@AppStatusGroupModel"><serviceProviderCode>BPTDEV</serviceProviderCode><appStatusGroupCode>SR_GENERAL</appStatusGroupCode><status>Complete-Fixed</status><appStatusGroupI18Ns/><auditModel><auditDate>2012-09-27T12:08:54-06:00</auditDate><auditID>ADMIN</auditID><auditStatus>A</auditStatus></auditModel><statusType>COMPLETE</statusType></appStatusGroupModel><appStatusGroupModel refId="8@AppStatusGroupModel"><serviceProviderCode>BPTDEV</serviceProviderCode><appStatusGroupCode>SR_GENERAL</appStatusGroupCode><status>Complete-No Violation</status><appStatusGroupI18Ns/><auditModel><auditDate>2012-09-27T12:16:43-06:00</auditDate><auditID>ADMIN</auditID><auditStatus>A</auditStatus></auditModel><statusType>COMPLETE</statusType></appStatusGroupModel><appStatusGroupModel refId="9@AppStatusGroupModel"><serviceProviderCode>BPTDEV</serviceProviderCode><appStatusGroupCode>SR_GENERAL</appStatusGroupCode><status>Complete-Referred</status><appStatusGroupI18Ns/><auditModel><auditDate>2012-09-27T12:09:20-06:00</auditDate><auditID>ADMIN</auditID><auditStatus>A</auditStatus></auditModel><statusType>COMPLETE</statusType></appStatusGroupModel><appStatusGroupModel refId="10@AppStatusGroupModel"><serviceProviderCode>BPTDEV</serviceProviderCode><appStatusGroupCode>SR_GENERAL</appStatusGroupCode><status>In Progress</status><appStatusGroupI18Ns/><auditModel><auditDate>2012-09-27T12:08:40-06:00</auditDate><auditID>ADMIN</auditID><auditStatus>A</auditStatus></auditModel><statusType>OPEN</statusType></appStatusGroupModel><appStatusGroupModel refId="11@AppStatusGroupModel"><serviceProviderCode>BPTDEV</serviceProviderCode><appStatusGroupCode>SR_GENERAL</appStatusGroupCode><status>Potential Duplicate</status><appStatusGroupI18Ns/><auditModel><auditDate>2012-09-27T12:08:10-06:00</auditDate><auditID>ADMIN</auditID><auditStatus>A</auditStatus></auditModel><statusType>OPEN</statusType></appStatusGroupModel><appStatusGroupModel refId="12@AppStatusGroupModel"><serviceProviderCode>BPTDEV</serviceProviderCode><appStatusGroupCode>SR_GENERAL</appStatusGroupCode><status>Received</status><appStatusGroupI18Ns/><auditModel><auditDate>2012-02-01T17:49:10-07:00</auditDate><auditID>ADMIN</auditID><auditStatus>A</auditStatus></auditModel><statusType>OPEN</statusType></appStatusGroupModel><appStatusGroupModel refId="13@AppStatusGroupModel"><serviceProviderCode>BPTDEV</serviceProviderCode><appStatusGroupCode>SR_GENERAL</appStatusGroupCode><status>Void</status><appStatusGroupI18Ns/><auditModel><auditDate>2015-08-28T16:36:58-06:00</auditDate><auditID>ADMIN</auditID><auditStatus>A</auditStatus></auditModel><statusType>CLOSED</statusType></appStatusGroupModel><appStatusGroupModel refId="14@AppStatusGroupModel"><serviceProviderCode>BPTDEV</serviceProviderCode><appStatusGroupCode>SR_GENERAL</appStatusGroupCode><status>Withdrawn</status><appStatusGroupI18Ns/><auditModel><auditDate>2015-08-28T16:37:51-06:00</auditDate><auditID>ADMIN</auditID><auditStatus>A</auditStatus></auditModel><statusType>CLOSED</statusType></appStatusGroupModel></appStatusGroupModels></applicationStatusGroup>
</list>