<?xml version="1.0" encoding="UTF-8" standalone="yes"?>
<list  version="8.0.0" minorVersion="22" exportUser="ADMIN" exportDateTime="09/22/2016 04:49 PM" description="null"><inspectionGroup><inspCode>PLN_GENERAL</inspCode><servProvCode>BPTDEV</servProvCode><inspGroupName>Planning General</inspGroupName><inspectionSec>PLN_GENERAL/%</inspectionSec><inspectionTypeModels><inspectionTypeModel><inspSeqNbr>322</inspSeqNbr><servProvCode>BPTDEV</servProvCode><allowFailedGuidesheet>Y</allowFailedGuidesheet><allowMultiInspInAca>N</allowMultiInspInAca><autoAssign>N</autoAssign><displayInAca>Y</displayInAca><flowEnabled>N</flowEnabled><inspCode>PLN_GENERAL</inspCode><inspEditable>Y</inspEditable><inspGroupName>Planning General</inspGroupName><inspRequired>N</inspRequired><inspResultGroup>PLN_GENERAL</inspResultGroup><inspType>Site Visit</inspType><inspectionTypeI18ns/><recDate>2013-08-01T17:47:53-06:00</recDate><recFulNam>ADMIN</recFulNam><recStatus>A</recStatus><totalScoreOption>SUM(list)</totalScoreOption></inspectionTypeModel></inspectionTypeModels><inspectionTypeSecurityModels/><isDepartmentSelected>Y</isDepartmentSelected><isGradeGroupSelected>Y</isGradeGroupSelected><isGuideSheetSelected>Y</isGuideSheetSelected><isRelatedInspSelected>Y</isRelatedInspSelected><isResultGroupSelected>Y</isResultGroupSelected><isSecutirySelected>Y</isSecutirySelected></inspectionGroup>
<inspectionGroup><inspCode>SR_WORKORDER</inspCode><servProvCode>BPTDEV</servProvCode><inspGroupName>Service Request Work Order</inspGroupName><inspectionSec>SR_WORKORDER/%</inspectionSec><inspectionTypeModels><inspectionTypeModel><inspSeqNbr>372</inspSeqNbr><servProvCode>BPTDEV</servProvCode><allowFailedGuidesheet>Y</allowFailedGuidesheet><allowMultiInspInAca>N</allowMultiInspInAca><autoAssign>N</autoAssign><displayInAca>Y</displayInAca><flowEnabled>N</flowEnabled><inspCode>SR_WORKORDER</inspCode><inspEditable>Y</inspEditable><inspGroupName>Service Request Work Order</inspGroupName><inspRequired>N</inspRequired><inspResultGroup>SR_WORKORDER</inspResultGroup><inspType>SR Investigation</inspType><inspectionTypeI18ns/><recDate>2014-12-04T17:39:37-07:00</recDate><recFulNam>ADMIN</recFulNam><recStatus>A</recStatus><totalScoreOption>SUM(list)</totalScoreOption></inspectionTypeModel></inspectionTypeModels><inspectionTypeSecurityModels/><isDepartmentSelected>Y</isDepartmentSelected><isGradeGroupSelected>Y</isGradeGroupSelected><isGuideSheetSelected>Y</isGuideSheetSelected><isRelatedInspSelected>Y</isRelatedInspSelected><isResultGroupSelected>Y</isResultGroupSelected><isSecutirySelected>Y</isSecutirySelected></inspectionGroup>
</list>