<?xml version="1.0" encoding="UTF-8" standalone="yes"?>
<list  version="8.0.0" minorVersion="22" exportUser="ADMIN" exportDateTime="09/22/2016 04:49 PM" description="null"><organizationagency refId="1@OrganizationAgencyModel"><serviceProviderCode>BPTDEV</serviceProviderCode><agencyCode>PLANNING</agencyCode><agencyI18NModels/><agencyName>Planning</agencyName><auditModel><auditDate>2011-06-08T14:02:09-06:00</auditDate><auditID>ADMIN</auditID><auditStatus>A</auditStatus></auditModel></organizationagency>
<organizationagency refId="1@OrganizationAgencyModel"><serviceProviderCode>BPTDEV</serviceProviderCode><agencyCode>BUILDING</agencyCode><agencyI18NModels/><agencyName>Building</agencyName><auditModel><auditDate>2011-06-08T14:01:09-06:00</auditDate><auditID>ADMIN</auditID><auditStatus>A</auditStatus></auditModel></organizationagency>
<organizationagency refId="1@OrganizationAgencyModel"><serviceProviderCode>BPTDEV</serviceProviderCode><agencyCode>SERVREQ</agencyCode><agencyI18NModels/><agencyName>SERVICEREQUEST</agencyName><auditModel><auditDate>2012-06-28T16:17:20-06:00</auditDate><auditID>ADMIN</auditID><auditStatus>A</auditStatus></auditModel></organizationagency>
<organizationagency refId="1@OrganizationAgencyModel"><serviceProviderCode>BPTDEV</serviceProviderCode><agencyCode>PUBWRKS</agencyCode><agencyI18NModels/><agencyName>Public Works Department</agencyName><auditModel><auditDate>2014-08-28T13:38:47-06:00</auditDate><auditID>ADMIN</auditID><auditStatus>A</auditStatus></auditModel></organizationagency>
<organizationagency refId="1@OrganizationAgencyModel"><serviceProviderCode>BPTDEV</serviceProviderCode><agencyCode>ADMIN</agencyCode><agencyI18NModels/><agencyName>Admin</agencyName><auditModel><auditDate>2012-02-13T11:26:03-07:00</auditDate><auditID>ADMIN</auditID><auditStatus>A</auditStatus></auditModel></organizationagency>
</list>