<?xml version="1.0" encoding="UTF-8" standalone="yes"?>
<list  version="8.0.0" minorVersion="22" exportUser="ADMIN" exportDateTime="09/22/2016 04:49 PM" description="null"><refDocument refId="1@RefDocumentModel"><docCode>PLN</docCode><docSeqNumber>4844</docSeqNumber><serviceProviderCode>BPTDEV</serviceProviderCode><auditModel><auditDate>2011-12-08T17:30:01-07:00</auditDate><auditID>ADMIN</auditID><auditStatus>A</auditStatus></auditModel><autoDownload>N</autoDownload><deleteRole>0100000000</deleteRole><XDocEntityTypes/><documentComment> </documentComment><refDocumentI18NModels/><documentType>Correspondence</documentType><documentsecurityModels/><restrictDocTypeForACA>Y</restrictDocTypeForACA><reviewStatusGroup>FILE_REVIEW_STATUS</reviewStatusGroup><titleRestrictRole>0111000000</titleRestrictRole><uploadRole>0111000000</uploadRole><viewRole>0111000000</viewRole></refDocument>
<refDocument refId="1@RefDocumentModel"><docCode>PLN</docCode><docSeqNumber>4845</docSeqNumber><serviceProviderCode>BPTDEV</serviceProviderCode><auditModel><auditDate>2013-04-09T15:22:37-06:00</auditDate><auditID>ADMIN</auditID><auditStatus>A</auditStatus></auditModel><autoDownload>N</autoDownload><deleteRole>0000000000</deleteRole><XDocEntityTypes/><docStatusGroup>DOCUMENT STATUS</docStatusGroup><documentComment> </documentComment><refDocumentI18NModels/><documentType>Site Plan</documentType><documentsecurityModels/><restrictDocTypeForACA>Y</restrictDocTypeForACA><reviewStatusGroup>DOCUMENT REVIEW STATUS</reviewStatusGroup><titleRestrictRole>0111000000</titleRestrictRole><uploadRole>0111000000</uploadRole><viewRole>0111000000</viewRole></refDocument>
<refDocument refId="1@RefDocumentModel"><docCode>PLN</docCode><docSeqNumber>4846</docSeqNumber><serviceProviderCode>BPTDEV</serviceProviderCode><auditModel><auditDate>2011-12-08T17:29:51-07:00</auditDate><auditID>ADMIN</auditID><auditStatus>A</auditStatus></auditModel><autoDownload>N</autoDownload><deleteRole>0100000000</deleteRole><XDocEntityTypes/><documentComment> </documentComment><refDocumentI18NModels/><documentType>Photo</documentType><documentsecurityModels/><restrictDocTypeForACA>Y</restrictDocTypeForACA><reviewStatusGroup>FILE_REVIEW_STATUS</reviewStatusGroup><titleRestrictRole>0111000000</titleRestrictRole><uploadRole>0111000000</uploadRole><viewRole>0111000000</viewRole></refDocument>
<refDocument refId="1@RefDocumentModel"><docCode>PLN</docCode><docSeqNumber>4994</docSeqNumber><serviceProviderCode>BPTDEV</serviceProviderCode><auditModel><auditDate>2013-04-11T16:25:58-06:00</auditDate><auditID>ADMIN</auditID><auditStatus>A</auditStatus></auditModel><autoDownload>N</autoDownload><deleteRole>0000000000</deleteRole><XDocEntityTypes/><docStatusGroup>DOCUMENT STATUS</docStatusGroup><documentComment> </documentComment><refDocumentI18NModels/><documentType>Plan</documentType><documentsecurityModels/><restrictDocTypeForACA>Y</restrictDocTypeForACA><reviewStatusGroup>DOCUMENT REVIEW STATUS</reviewStatusGroup><titleRestrictRole>0111000000</titleRestrictRole><uploadRole>0111000000</uploadRole><viewRole>0111000000</viewRole></refDocument>
<refDocument refId="1@RefDocumentModel"><docCode>PLN</docCode><docSeqNumber>5001</docSeqNumber><serviceProviderCode>BPTDEV</serviceProviderCode><auditModel><auditDate>2013-04-18T13:44:18-06:00</auditDate><auditID>ADMIN</auditID><auditStatus>A</auditStatus></auditModel><autoDownload>N</autoDownload><deleteRole>0000000000</deleteRole><XDocEntityTypes/><documentComment> </documentComment><refDocumentI18NModels/><documentType>Email</documentType><documentsecurityModels/><restrictDocTypeForACA>Y</restrictDocTypeForACA><titleRestrictRole>0111000000</titleRestrictRole><uploadRole>0000000000</uploadRole><viewRole>0111000000</viewRole></refDocument>
<refDocument refId="1@RefDocumentModel"><docCode>AAM</docCode><docSeqNumber>4977</docSeqNumber><serviceProviderCode>BPTDEV</serviceProviderCode><auditModel><auditDate>2013-02-12T15:34:16-07:00</auditDate><auditID>ADMIN</auditID><auditStatus>A</auditStatus></auditModel><autoDownload>N</autoDownload><deleteRole>0110000000</deleteRole><XDocEntityTypes/><documentComment> </documentComment><refDocumentI18NModels/><documentType>Correspondence</documentType><documentsecurityModels/><restrictDocTypeForACA>N</restrictDocTypeForACA><titleRestrictRole>0110000000</titleRestrictRole><uploadRole>0110000000</uploadRole><viewRole>0110000000</viewRole></refDocument>
<refDocument refId="1@RefDocumentModel"><docCode>AAM</docCode><docSeqNumber>4978</docSeqNumber><serviceProviderCode>BPTDEV</serviceProviderCode><auditModel><auditDate>2013-02-12T15:34:45-07:00</auditDate><auditID>ADMIN</auditID><auditStatus>A</auditStatus></auditModel><autoDownload>N</autoDownload><deleteRole>0110000000</deleteRole><XDocEntityTypes/><documentComment> </documentComment><refDocumentI18NModels/><documentType>Document</documentType><documentsecurityModels/><restrictDocTypeForACA>N</restrictDocTypeForACA><titleRestrictRole>0110000000</titleRestrictRole><uploadRole>0110000000</uploadRole><viewRole>0110000000</viewRole></refDocument>
<refDocument refId="1@RefDocumentModel"><docCode>AAM</docCode><docSeqNumber>4979</docSeqNumber><serviceProviderCode>BPTDEV</serviceProviderCode><auditModel><auditDate>2013-02-12T15:34:58-07:00</auditDate><auditID>ADMIN</auditID><auditStatus>A</auditStatus></auditModel><autoDownload>N</autoDownload><deleteRole>0110000000</deleteRole><XDocEntityTypes/><documentComment> </documentComment><refDocumentI18NModels/><documentType>Map</documentType><documentsecurityModels/><restrictDocTypeForACA>N</restrictDocTypeForACA><titleRestrictRole>0110000000</titleRestrictRole><uploadRole>0110000000</uploadRole><viewRole>0110000000</viewRole></refDocument>
<refDocument refId="1@RefDocumentModel"><docCode>AAM</docCode><docSeqNumber>4980</docSeqNumber><serviceProviderCode>BPTDEV</serviceProviderCode><auditModel><auditDate>2013-02-12T15:35:08-07:00</auditDate><auditID>ADMIN</auditID><auditStatus>A</auditStatus></auditModel><autoDownload>N</autoDownload><deleteRole>0110000000</deleteRole><XDocEntityTypes/><documentComment> </documentComment><refDocumentI18NModels/><documentType>Photo</documentType><documentsecurityModels/><restrictDocTypeForACA>N</restrictDocTypeForACA><titleRestrictRole>0110000000</titleRestrictRole><uploadRole>0110000000</uploadRole><viewRole>0110000000</viewRole></refDocument>
<refDocument refId="1@RefDocumentModel"><docCode>SR</docCode><docSeqNumber>4853</docSeqNumber><serviceProviderCode>BPTDEV</serviceProviderCode><auditModel><auditDate>2012-09-29T00:50:09-06:00</auditDate><auditID>ADMIN</auditID><auditStatus>A</auditStatus></auditModel><autoDownload>N</autoDownload><deleteRole>1111110000</deleteRole><XDocEntityTypes/><documentComment> </documentComment><refDocumentI18NModels/><documentType>Picture</documentType><documentsecurityModels/><restrictDocTypeForACA>Y</restrictDocTypeForACA><reviewStatusGroup>FILE_REVIEW_STATUS</reviewStatusGroup><titleRestrictRole>1111110000</titleRestrictRole><uploadRole>1111110000</uploadRole><viewRole>1111110000</viewRole></refDocument>
<refDocument refId="1@RefDocumentModel"><docCode>SR</docCode><docSeqNumber>4854</docSeqNumber><serviceProviderCode>BPTDEV</serviceProviderCode><auditModel><auditDate>2012-09-29T00:50:21-06:00</auditDate><auditID>ADMIN</auditID><auditStatus>A</auditStatus></auditModel><autoDownload>N</autoDownload><deleteRole>1111110000</deleteRole><XDocEntityTypes/><documentComment> </documentComment><refDocumentI18NModels/><documentType>Map</documentType><documentsecurityModels/><restrictDocTypeForACA>Y</restrictDocTypeForACA><reviewStatusGroup>FILE_REVIEW_STATUS</reviewStatusGroup><titleRestrictRole>1111110000</titleRestrictRole><uploadRole>1111110000</uploadRole><viewRole>1111110000</viewRole></refDocument>
<refDocument refId="1@RefDocumentModel"><docCode>SR</docCode><docSeqNumber>4855</docSeqNumber><serviceProviderCode>BPTDEV</serviceProviderCode><auditModel><auditDate>2012-09-29T00:50:38-06:00</auditDate><auditID>ADMIN</auditID><auditStatus>A</auditStatus></auditModel><autoDownload>N</autoDownload><deleteRole>1111110000</deleteRole><XDocEntityTypes/><documentComment> </documentComment><refDocumentI18NModels/><documentType>Drawing</documentType><documentsecurityModels/><restrictDocTypeForACA>Y</restrictDocTypeForACA><reviewStatusGroup>FILE_REVIEW_STATUS</reviewStatusGroup><titleRestrictRole>1111110000</titleRestrictRole><uploadRole>1111110000</uploadRole><viewRole>1111110000</viewRole></refDocument>
<refDocument refId="1@RefDocumentModel"><docCode>SR</docCode><docSeqNumber>4856</docSeqNumber><serviceProviderCode>BPTDEV</serviceProviderCode><auditModel><auditDate>2012-09-29T00:50:52-06:00</auditDate><auditID>ADMIN</auditID><auditStatus>A</auditStatus></auditModel><autoDownload>N</autoDownload><deleteRole>1111110000</deleteRole><XDocEntityTypes/><documentComment> </documentComment><refDocumentI18NModels/><documentType>Notification Letter</documentType><documentsecurityModels/><restrictDocTypeForACA>Y</restrictDocTypeForACA><reviewStatusGroup>FILE_REVIEW_STATUS</reviewStatusGroup><titleRestrictRole>1111110000</titleRestrictRole><uploadRole>1111110000</uploadRole><viewRole>1111110000</viewRole></refDocument>
<refDocument refId="1@RefDocumentModel"><docCode>SR</docCode><docSeqNumber>4861</docSeqNumber><serviceProviderCode>BPTDEV</serviceProviderCode><auditModel><auditDate>2012-09-29T00:51:04-06:00</auditDate><auditID>ADMIN</auditID><auditStatus>A</auditStatus></auditModel><autoDownload>N</autoDownload><deleteRole>1111110000</deleteRole><XDocEntityTypes/><documentComment> </documentComment><refDocumentI18NModels/><documentType>Other</documentType><documentsecurityModels/><restrictDocTypeForACA>Y</restrictDocTypeForACA><reviewStatusGroup>FILE_REVIEW_STATUS</reviewStatusGroup><titleRestrictRole>1111110000</titleRestrictRole><uploadRole>1111110000</uploadRole><viewRole>1111110000</viewRole></refDocument>
<refDocument refId="1@RefDocumentModel"><docCode>SR</docCode><docSeqNumber>5006</docSeqNumber><serviceProviderCode>BPTDEV</serviceProviderCode><auditModel><auditDate>2014-03-10T15:31:21-06:00</auditDate><auditID>ADMIN</auditID><auditStatus>A</auditStatus></auditModel><autoDownload>N</autoDownload><deleteRole>0000000000</deleteRole><XDocEntityTypes/><documentComment> </documentComment><refDocumentI18NModels/><documentType>Outgoing Email</documentType><documentsecurityModels/><restrictDocTypeForACA>Y</restrictDocTypeForACA><titleRestrictRole>0100000000</titleRestrictRole><uploadRole>0000000000</uploadRole><viewRole>0100000000</viewRole></refDocument>
</list>