<?xml version="1.0" encoding="UTF-8" standalone="yes"?>
<list  version="8.0.0" minorVersion="22" exportUser="ADMIN" exportDateTime="09/22/2016 04:49 PM" description="null"><sequence refId="1@SequenceModel"><name>Default</name><serviceProviderCode>BPTDEV</serviceProviderCode><type>Cap Key</type><auditModel><auditDate>2011-06-06T11:25:34-06:00</auditDate><auditID>SYSTEM</auditID><auditStatus>A</auditStatus></auditModel><cacheSize>1</cacheSize><description>Default Cap Key</description><increaseValue>1</increaseValue><intervalType>CY</intervalType><minValue>1</minValue><resetAction>E</resetAction><resetValue>60466175</resetValue><sequenceIntervalModels><sequenceInterval><intervalName>CY2011</intervalName><sequenceName>Default</sequenceName><sequenceType>Cap Key</sequenceType><serviceProviderCode>BPTDEV</serviceProviderCode><auditModel><auditDate>2011-12-29T12:44:35-07:00</auditDate><auditID>SYSTEM@(*&amp;$@#</auditID><auditStatus>A</auditStatus></auditModel><lastSequenceNbr>0</lastSequenceNbr></sequenceInterval><sequenceInterval><intervalName>CY2012</intervalName><sequenceName>Default</sequenceName><sequenceType>Cap Key</sequenceType><serviceProviderCode>BPTDEV</serviceProviderCode><auditModel><auditDate>2012-09-17T09:40:48-06:00</auditDate><auditID>SYSTEM@(*&amp;$@#</auditID><auditStatus>A</auditStatus></auditModel><lastSequenceNbr>0</lastSequenceNbr></sequenceInterval><sequenceInterval><intervalName>CY2013</intervalName><sequenceName>Default</sequenceName><sequenceType>Cap Key</sequenceType><serviceProviderCode>BPTDEV</serviceProviderCode><auditModel><auditDate>2013-12-02T14:57:50-07:00</auditDate><auditID>SYSTEM@(*&amp;$@#</auditID><auditStatus>A</auditStatus></auditModel><lastSequenceNbr>0</lastSequenceNbr></sequenceInterval><sequenceInterval><intervalName>CY2014</intervalName><sequenceName>Default</sequenceName><sequenceType>Cap Key</sequenceType><serviceProviderCode>BPTDEV</serviceProviderCode><auditModel><auditDate>2014-09-22T12:54:31-06:00</auditDate><auditID>SYSTEM@(*&amp;$@#</auditID><auditStatus>A</auditStatus></auditModel><lastSequenceNbr>0</lastSequenceNbr></sequenceInterval><sequenceInterval><intervalName>CY2015</intervalName><sequenceName>Default</sequenceName><sequenceType>Cap Key</sequenceType><serviceProviderCode>BPTDEV</serviceProviderCode><auditModel><auditDate>2015-12-17T15:58:44-07:00</auditDate><auditID>SYSTEM@(*&amp;$@#</auditID><auditStatus>A</auditStatus></auditModel><lastSequenceNbr>497</lastSequenceNbr></sequenceInterval><sequenceInterval><intervalName>CY2016</intervalName><sequenceName>Default</sequenceName><sequenceType>Cap Key</sequenceType><serviceProviderCode>BPTDEV</serviceProviderCode><auditModel><auditDate>2016-08-30T11:31:15-06:00</auditDate><auditID>SYSTEM@(*&amp;$@#</auditID><auditStatus>A</auditStatus></auditModel><lastSequenceNbr>199</lastSequenceNbr></sequenceInterval></sequenceIntervalModels></sequence>
<sequence refId="1@SequenceModel"><name>Planning///</name><serviceProviderCode>BPTDEV</serviceProviderCode><type>Cap ID</type><auditModel><auditDate>2011-12-12T15:59:15-07:00</auditDate><auditID>SYSTEM</auditID><auditStatus>A</auditStatus></auditModel><cacheSize>1</cacheSize><description> </description><increaseValue>1</increaseValue><intervalType>CY</intervalType><minValue>1</minValue><resetAction>E</resetAction><resetValue>99999</resetValue><sequenceIntervalModels><sequenceInterval><intervalName>CY2012</intervalName><sequenceName>Planning///</sequenceName><sequenceType>Cap ID</sequenceType><serviceProviderCode>BPTDEV</serviceProviderCode><auditModel><auditDate>2012-03-11T12:07:07-06:00</auditDate><auditID>SYSTEM@(*&amp;$@#</auditID><auditStatus>A</auditStatus></auditModel><lastSequenceNbr>0</lastSequenceNbr></sequenceInterval><sequenceInterval><intervalName>CY2013</intervalName><sequenceName>Planning///</sequenceName><sequenceType>Cap ID</sequenceType><serviceProviderCode>BPTDEV</serviceProviderCode><auditModel><auditDate>2013-11-18T11:47:49-07:00</auditDate><auditID>SYSTEM@(*&amp;$@#</auditID><auditStatus>A</auditStatus></auditModel><lastSequenceNbr>0</lastSequenceNbr></sequenceInterval><sequenceInterval><intervalName>CY2014</intervalName><sequenceName>Planning///</sequenceName><sequenceType>Cap ID</sequenceType><serviceProviderCode>BPTDEV</serviceProviderCode><auditModel><auditDate>2014-07-10T12:13:20-06:00</auditDate><auditID>SYSTEM@(*&amp;$@#</auditID><auditStatus>A</auditStatus></auditModel><lastSequenceNbr>0</lastSequenceNbr></sequenceInterval><sequenceInterval><intervalName>CY2015</intervalName><sequenceName>Planning///</sequenceName><sequenceType>Cap ID</sequenceType><serviceProviderCode>BPTDEV</serviceProviderCode><auditModel><auditDate>2015-12-10T11:32:34-07:00</auditDate><auditID>SYSTEM@(*&amp;$@#</auditID><auditStatus>A</auditStatus></auditModel><lastSequenceNbr>14</lastSequenceNbr></sequenceInterval><sequenceInterval><intervalName>CY2016</intervalName><sequenceName>Planning///</sequenceName><sequenceType>Cap ID</sequenceType><serviceProviderCode>BPTDEV</serviceProviderCode><auditModel><auditDate>2016-03-25T13:16:59-06:00</auditDate><auditID>SYSTEM@(*&amp;$@#</auditID><auditStatus>A</auditStatus></auditModel><lastSequenceNbr>8</lastSequenceNbr></sequenceInterval></sequenceIntervalModels></sequence>
<sequence refId="1@SequenceModel"><name>Default</name><serviceProviderCode>BPTDEV</serviceProviderCode><type>Partial CAP ID</type><auditModel><auditDate>2008-03-11T08:29:47-06:00</auditDate><auditID>ADMIN</auditID><auditStatus>A</auditStatus></auditModel><cacheSize>1</cacheSize><description>Default sequence Definition for Partial CAP ID</description><increaseValue>1</increaseValue><intervalType>CY</intervalType><minValue>1</minValue><resetAction>E</resetAction><resetValue>999999</resetValue><sequenceIntervalModels><sequenceInterval><intervalName>CY</intervalName><sequenceName>Default</sequenceName><sequenceType>Partial CAP ID</sequenceType><serviceProviderCode>BPTDEV</serviceProviderCode><auditModel><auditDate>2008-03-11T07:29:47-06:00</auditDate><auditID>ADMIN</auditID><auditStatus>A</auditStatus></auditModel><lastSequenceNbr>0</lastSequenceNbr></sequenceInterval><sequenceInterval><intervalName>CY2011</intervalName><sequenceName>Default</sequenceName><sequenceType>Partial CAP ID</sequenceType><serviceProviderCode>BPTDEV</serviceProviderCode><auditModel><auditDate>2011-12-15T11:32:10-07:00</auditDate><auditID>SYSTEM@(*&amp;$@#</auditID><auditStatus>A</auditStatus></auditModel><lastSequenceNbr>0</lastSequenceNbr></sequenceInterval><sequenceInterval><intervalName>CY2012</intervalName><sequenceName>Default</sequenceName><sequenceType>Partial CAP ID</sequenceType><serviceProviderCode>BPTDEV</serviceProviderCode><auditModel><auditDate>2012-08-28T13:22:45-06:00</auditDate><auditID>SYSTEM@(*&amp;$@#</auditID><auditStatus>A</auditStatus></auditModel><lastSequenceNbr>0</lastSequenceNbr></sequenceInterval><sequenceInterval><intervalName>CY2013</intervalName><sequenceName>Default</sequenceName><sequenceType>Partial CAP ID</sequenceType><serviceProviderCode>BPTDEV</serviceProviderCode><auditModel><auditDate>2013-08-19T14:12:02-06:00</auditDate><auditID>SYSTEM@(*&amp;$@#</auditID><auditStatus>A</auditStatus></auditModel><lastSequenceNbr>0</lastSequenceNbr></sequenceInterval><sequenceInterval><intervalName>CY2015</intervalName><sequenceName>Default</sequenceName><sequenceType>Partial CAP ID</sequenceType><serviceProviderCode>BPTDEV</serviceProviderCode><auditModel><auditDate>2015-12-16T00:33:48-07:00</auditDate><auditID>SYSTEM@(*&amp;$@#</auditID><auditStatus>A</auditStatus></auditModel><lastSequenceNbr>1</lastSequenceNbr></sequenceInterval><sequenceInterval><intervalName>CY2016</intervalName><sequenceName>Default</sequenceName><sequenceType>Partial CAP ID</sequenceType><serviceProviderCode>BPTDEV</serviceProviderCode><auditModel><auditDate>2016-04-29T02:34:12-06:00</auditDate><auditID>SYSTEM@(*&amp;$@#</auditID><auditStatus>A</auditStatus></auditModel><lastSequenceNbr>0</lastSequenceNbr></sequenceInterval></sequenceIntervalModels></sequence>
<sequence refId="1@SequenceModel"><name>Agency-Receipt</name><serviceProviderCode>BPTDEV</serviceProviderCode><type>Receipt</type><auditModel><auditDate>2011-08-09T07:07:28-06:00</auditDate><auditID>SYSTEM</auditID><auditStatus>A</auditStatus></auditModel><cacheSize>1</cacheSize><description>Sequence Definition for Receipt Number</description><increaseValue>1</increaseValue><intervalType>N</intervalType><minValue>1</minValue><resetAction>E</resetAction><resetValue>999999999999</resetValue><sequenceIntervalModels><sequenceInterval><intervalName>N</intervalName><sequenceName>Agency-Receipt</sequenceName><sequenceType>Receipt</sequenceType><serviceProviderCode>BPTDEV</serviceProviderCode><auditModel><auditDate>2016-08-30T11:23:34-06:00</auditDate><auditID>PUBLICUSER155</auditID><auditStatus>A</auditStatus></auditModel><lastSequenceNbr>220</lastSequenceNbr></sequenceInterval></sequenceIntervalModels></sequence>
<sequence refId="1@SequenceModel"><name>Default</name><serviceProviderCode>BPTDEV</serviceProviderCode><type>Temporary CAP ID</type><auditModel><auditDate>2008-03-11T07:29:47-06:00</auditDate><auditID>ADMIN</auditID><auditStatus>A</auditStatus></auditModel><cacheSize>1</cacheSize><description>Default sequence Definition for Temporary CAP ID</description><increaseValue>1</increaseValue><intervalType>CY</intervalType><minValue>1</minValue><resetAction>E</resetAction><resetValue>999999</resetValue><sequenceIntervalModels><sequenceInterval><intervalName>CY</intervalName><sequenceName>Default</sequenceName><sequenceType>Temporary CAP ID</sequenceType><serviceProviderCode>BPTDEV</serviceProviderCode><auditModel><auditDate>2008-03-11T07:29:47-06:00</auditDate><auditID>ADMIN</auditID><auditStatus>A</auditStatus></auditModel><lastSequenceNbr>0</lastSequenceNbr></sequenceInterval><sequenceInterval><intervalName>CY2011</intervalName><sequenceName>Default</sequenceName><sequenceType>Temporary CAP ID</sequenceType><serviceProviderCode>BPTDEV</serviceProviderCode><auditModel><auditDate>2011-12-15T11:24:20-07:00</auditDate><auditID>SYSTEM@(*&amp;$@#</auditID><auditStatus>A</auditStatus></auditModel><lastSequenceNbr>0</lastSequenceNbr></sequenceInterval><sequenceInterval><intervalName>CY2012</intervalName><sequenceName>Default</sequenceName><sequenceType>Temporary CAP ID</sequenceType><serviceProviderCode>BPTDEV</serviceProviderCode><auditModel><auditDate>2012-12-05T15:22:03-07:00</auditDate><auditID>SYSTEM@(*&amp;$@#</auditID><auditStatus>A</auditStatus></auditModel><lastSequenceNbr>0</lastSequenceNbr></sequenceInterval><sequenceInterval><intervalName>CY2013</intervalName><sequenceName>Default</sequenceName><sequenceType>Temporary CAP ID</sequenceType><serviceProviderCode>BPTDEV</serviceProviderCode><auditModel><auditDate>2013-11-05T13:49:13-07:00</auditDate><auditID>SYSTEM@(*&amp;$@#</auditID><auditStatus>A</auditStatus></auditModel><lastSequenceNbr>0</lastSequenceNbr></sequenceInterval><sequenceInterval><intervalName>CY2014</intervalName><sequenceName>Default</sequenceName><sequenceType>Temporary CAP ID</sequenceType><serviceProviderCode>BPTDEV</serviceProviderCode><auditModel><auditDate>2014-09-16T10:35:59-06:00</auditDate><auditID>SYSTEM@(*&amp;$@#</auditID><auditStatus>A</auditStatus></auditModel><lastSequenceNbr>0</lastSequenceNbr></sequenceInterval><sequenceInterval><intervalName>CY2015</intervalName><sequenceName>Default</sequenceName><sequenceType>Temporary CAP ID</sequenceType><serviceProviderCode>BPTDEV</serviceProviderCode><auditModel><auditDate>2015-12-17T15:57:55-07:00</auditDate><auditID>SYSTEM@(*&amp;$@#</auditID><auditStatus>A</auditStatus></auditModel><lastSequenceNbr>236</lastSequenceNbr></sequenceInterval><sequenceInterval><intervalName>CY2016</intervalName><sequenceName>Default</sequenceName><sequenceType>Temporary CAP ID</sequenceType><serviceProviderCode>BPTDEV</serviceProviderCode><auditModel><auditDate>2016-08-30T11:17:02-06:00</auditDate><auditID>SYSTEM@(*&amp;$@#</auditID><auditStatus>A</auditStatus></auditModel><lastSequenceNbr>52</lastSequenceNbr></sequenceInterval></sequenceIntervalModels></sequence>
<sequence refId="1@SequenceModel"><name>Default</name><serviceProviderCode>BPTDEV</serviceProviderCode><type>Cap ID</type><auditModel><auditDate>2011-06-06T11:25:34-06:00</auditDate><auditID>SYSTEM</auditID><auditStatus>A</auditStatus></auditModel><cacheSize>1</cacheSize><description>Default Cap ID</description><increaseValue>1</increaseValue><intervalType>CY</intervalType><minValue>1</minValue><resetAction>E</resetAction><resetValue>99999999</resetValue><sequenceIntervalModels><sequenceInterval><intervalName>CY2011</intervalName><sequenceName>Default</sequenceName><sequenceType>Cap ID</sequenceType><serviceProviderCode>BPTDEV</serviceProviderCode><auditModel><auditDate>2011-12-12T17:23:29-07:00</auditDate><auditID>SYSTEM@(*&amp;$@#</auditID><auditStatus>A</auditStatus></auditModel><lastSequenceNbr>0</lastSequenceNbr></sequenceInterval><sequenceInterval><intervalName>CY2014</intervalName><sequenceName>Default</sequenceName><sequenceType>Cap ID</sequenceType><serviceProviderCode>BPTDEV</serviceProviderCode><auditModel><auditDate>2014-06-06T11:44:40-06:00</auditDate><auditID>SYSTEM@(*&amp;$@#</auditID><auditStatus>A</auditStatus></auditModel><lastSequenceNbr>0</lastSequenceNbr></sequenceInterval></sequenceIntervalModels></sequence>
<sequence refId="1@SequenceModel"><name>AMS/Electric//</name><serviceProviderCode>BPTDEV</serviceProviderCode><type>Cap ID</type><auditModel><auditDate>2014-03-11T17:08:37-06:00</auditDate><auditID>SYSTEM</auditID><auditStatus>A</auditStatus></auditModel><cacheSize>1</cacheSize><description> </description><increaseValue>1</increaseValue><intervalType>CY</intervalType><minValue>1</minValue><resetAction>E</resetAction><resetValue>99999</resetValue><sequenceIntervalModels><sequenceInterval><intervalName>CY2014</intervalName><sequenceName>AMS/Electric//</sequenceName><sequenceType>Cap ID</sequenceType><serviceProviderCode>BPTDEV</serviceProviderCode><auditModel><auditDate>2014-06-03T13:45:42-06:00</auditDate><auditID>SYSTEM@(*&amp;$@#</auditID><auditStatus>A</auditStatus></auditModel><lastSequenceNbr>0</lastSequenceNbr></sequenceInterval></sequenceIntervalModels></sequence>
<sequence refId="1@SequenceModel"><name>ServiceRequest///</name><serviceProviderCode>BPTDEV</serviceProviderCode><type>Cap ID</type><auditModel><auditDate>2012-02-01T17:51:24-07:00</auditDate><auditID>SYSTEM</auditID><auditStatus>A</auditStatus></auditModel><cacheSize>1</cacheSize><description>Sequence definition for ServiceRequest records</description><increaseValue>1</increaseValue><intervalType>CY</intervalType><minValue>1</minValue><resetAction>E</resetAction><resetValue>99999</resetValue><sequenceIntervalModels><sequenceInterval><intervalName>CY2012</intervalName><sequenceName>ServiceRequest///</sequenceName><sequenceType>Cap ID</sequenceType><serviceProviderCode>BPTDEV</serviceProviderCode><auditModel><auditDate>2012-06-29T14:04:01-06:00</auditDate><auditID>SYSTEM@(*&amp;$@#</auditID><auditStatus>A</auditStatus></auditModel><lastSequenceNbr>0</lastSequenceNbr></sequenceInterval><sequenceInterval><intervalName>CY2013</intervalName><sequenceName>ServiceRequest///</sequenceName><sequenceType>Cap ID</sequenceType><serviceProviderCode>BPTDEV</serviceProviderCode><auditModel><auditDate>2013-11-19T12:00:04-07:00</auditDate><auditID>SYSTEM@(*&amp;$@#</auditID><auditStatus>A</auditStatus></auditModel><lastSequenceNbr>0</lastSequenceNbr></sequenceInterval><sequenceInterval><intervalName>CY2014</intervalName><sequenceName>ServiceRequest///</sequenceName><sequenceType>Cap ID</sequenceType><serviceProviderCode>BPTDEV</serviceProviderCode><auditModel><auditDate>2014-09-16T11:03:50-06:00</auditDate><auditID>SYSTEM@(*&amp;$@#</auditID><auditStatus>A</auditStatus></auditModel><lastSequenceNbr>0</lastSequenceNbr></sequenceInterval><sequenceInterval><intervalName>CY2015</intervalName><sequenceName>ServiceRequest///</sequenceName><sequenceType>Cap ID</sequenceType><serviceProviderCode>BPTDEV</serviceProviderCode><auditModel><auditDate>2015-12-10T11:24:52-07:00</auditDate><auditID>SYSTEM@(*&amp;$@#</auditID><auditStatus>A</auditStatus></auditModel><lastSequenceNbr>140</lastSequenceNbr></sequenceInterval><sequenceInterval><intervalName>CY2016</intervalName><sequenceName>ServiceRequest///</sequenceName><sequenceType>Cap ID</sequenceType><serviceProviderCode>BPTDEV</serviceProviderCode><auditModel><auditDate>2016-03-25T14:10:56-06:00</auditDate><auditID>SYSTEM@(*&amp;$@#</auditID><auditStatus>A</auditStatus></auditModel><lastSequenceNbr>12</lastSequenceNbr></sequenceInterval></sequenceIntervalModels></sequence>
</list>