<?xml version="1.0" encoding="UTF-8" standalone="yes"?>
<list  version="8.0.0" minorVersion="15" exportUser="ADMIN" exportDateTime="03/30/2016 08:45 PM" description="null"><inspRelateInsp><servProvCode>BPTDEV</servProvCode><xrinsptypSeq>3</xrinsptypSeq><childSeqNbr>152</childSeqNbr><inAdvance>30</inAdvance><initDateType>INSPECTION COMPLETE DATE</initDateType><initStatus>SCHEDULED</initStatus><inspResult>In Violation</inspResult><inspResultGroup>ENF_INITIAL</inspResultGroup><intervalDay>30</intervalDay><isAuto>N</isAuto><isRelated>Y</isRelated><parentSeqNbr>142</parentSeqNbr><recDate>2012-02-13T15:25:03-07:00</recDate><recFulNam>ADMIN</recFulNam><recStatus>A</recStatus><template><virtualString>ENF_GEN</virtualString></template><type>FOLLOW-UP</type></inspRelateInsp>
</list>