<?xml version="1.0" encoding="UTF-8" standalone="yes"?>
<list  version="8.0.0" minorVersion="15" exportUser="ADMIN" exportDateTime="03/30/2016 08:45 PM" description="null"><sharedDropDownListModel><name>ENF_COMPLAINT_TYPE</name><serviceProviderCode>BPTDEV</serviceProviderCode><auditModel><auditDate>2012-02-06T12:37:40-07:00</auditDate><auditID>ADMIN</auditID><auditStatus>A</auditStatus></auditModel><description>Type of complaint</description><sharedDropDownList><sharedDropDownValue><bdvSeqNbr>104581172</bdvSeqNbr><servProvCode>BPTDEV</servProvCode><auditModel><auditDate>2012-02-06T12:48:57-07:00</auditDate><auditID>ADMIN</auditID><auditStatus>A</auditStatus></auditModel><bizdomain>ENF_COMPLAINT_TYPE</bizdomain><bizdomainValue>Animals - Animal Nuisance</bizdomainValue><resId>51372</resId><sortOrder>0</sortOrder><standardChoiceValueI18NModels/></sharedDropDownValue><sharedDropDownValue><bdvSeqNbr>104581169</bdvSeqNbr><servProvCode>BPTDEV</servProvCode><auditModel><auditDate>2012-02-10T00:00:00-07:00</auditDate><auditID>ADMIN</auditID><auditStatus>A</auditStatus></auditModel><bizdomain>ENF_COMPLAINT_TYPE</bizdomain><bizdomainValue>Buildings and Property - Fence Dispute</bizdomainValue><resId>51361</resId><sortOrder>0</sortOrder><standardChoiceValueI18NModels/></sharedDropDownValue><sharedDropDownValue><bdvSeqNbr>104581166</bdvSeqNbr><servProvCode>BPTDEV</servProvCode><auditModel><auditDate>2012-02-10T00:00:00-07:00</auditDate><auditID>ADMIN</auditID><auditStatus>A</auditStatus></auditModel><bizdomain>ENF_COMPLAINT_TYPE</bizdomain><bizdomainValue>Buildings and Property - Grading</bizdomainValue><resId>51368</resId><sortOrder>0</sortOrder><standardChoiceValueI18NModels/></sharedDropDownValue><sharedDropDownValue><bdvSeqNbr>104581170</bdvSeqNbr><servProvCode>BPTDEV</servProvCode><auditModel><auditDate>2012-02-10T00:00:00-07:00</auditDate><auditID>ADMIN</auditID><auditStatus>A</auditStatus></auditModel><bizdomain>ENF_COMPLAINT_TYPE</bizdomain><bizdomainValue>Buildings and Property - Home Occupation</bizdomainValue><resId>51370</resId><sortOrder>0</sortOrder><standardChoiceValueI18NModels/></sharedDropDownValue><sharedDropDownValue><bdvSeqNbr>104581167</bdvSeqNbr><servProvCode>BPTDEV</servProvCode><auditModel><auditDate>2012-02-10T00:00:00-07:00</auditDate><auditID>ADMIN</auditID><auditStatus>A</auditStatus></auditModel><bizdomain>ENF_COMPLAINT_TYPE</bizdomain><bizdomainValue>Buildings and Property - Illegal Occupancy</bizdomainValue><resId>51360</resId><sortOrder>0</sortOrder><standardChoiceValueI18NModels/></sharedDropDownValue><sharedDropDownValue><bdvSeqNbr>104581163</bdvSeqNbr><servProvCode>BPTDEV</servProvCode><auditModel><auditDate>2012-02-10T00:00:00-07:00</auditDate><auditID>ADMIN</auditID><auditStatus>A</auditStatus></auditModel><bizdomain>ENF_COMPLAINT_TYPE</bizdomain><bizdomainValue>Buildings and Property - Junk on Property</bizdomainValue><resId>51366</resId><sortOrder>0</sortOrder><standardChoiceValueI18NModels/></sharedDropDownValue><sharedDropDownValue><bdvSeqNbr>104581165</bdvSeqNbr><servProvCode>BPTDEV</servProvCode><auditModel><auditDate>2012-02-10T00:00:00-07:00</auditDate><auditID>ADMIN</auditID><auditStatus>A</auditStatus></auditModel><bizdomain>ENF_COMPLAINT_TYPE</bizdomain><bizdomainValue>Buildings and Property - Sub-Standard Property</bizdomainValue><resId>51367</resId><sortOrder>0</sortOrder><standardChoiceValueI18NModels/></sharedDropDownValue><sharedDropDownValue><bdvSeqNbr>104581164</bdvSeqNbr><servProvCode>BPTDEV</servProvCode><auditModel><auditDate>2012-02-10T00:00:00-07:00</auditDate><auditID>ADMIN</auditID><auditStatus>A</auditStatus></auditModel><bizdomain>ENF_COMPLAINT_TYPE</bizdomain><bizdomainValue>Buildings and Property - Vacant Building</bizdomainValue><resId>51359</resId><sortOrder>0</sortOrder><standardChoiceValueI18NModels/></sharedDropDownValue><sharedDropDownValue><bdvSeqNbr>104581168</bdvSeqNbr><servProvCode>BPTDEV</servProvCode><auditModel><auditDate>2012-02-10T00:00:00-07:00</auditDate><auditID>ADMIN</auditID><auditStatus>A</auditStatus></auditModel><bizdomain>ENF_COMPLAINT_TYPE</bizdomain><bizdomainValue>Buildings and Property - Working Without Permit</bizdomainValue><resId>51369</resId><sortOrder>0</sortOrder><standardChoiceValueI18NModels/></sharedDropDownValue><sharedDropDownValue><bdvSeqNbr>104581159</bdvSeqNbr><servProvCode>BPTDEV</servProvCode><auditModel><auditDate>2012-02-06T00:00:00-07:00</auditDate><auditID>ADMIN</auditID><auditStatus>A</auditStatus></auditModel><bizdomain>ENF_COMPLAINT_TYPE</bizdomain><bizdomainValue>Garbage - Trash Removal</bizdomainValue><resId>51363</resId><sortOrder>0</sortOrder><standardChoiceValueI18NModels/></sharedDropDownValue><sharedDropDownValue><bdvSeqNbr>104581158</bdvSeqNbr><servProvCode>BPTDEV</servProvCode><auditModel><auditDate>2012-02-06T00:00:00-07:00</auditDate><auditID>ADMIN</auditID><auditStatus>A</auditStatus></auditModel><bizdomain>ENF_COMPLAINT_TYPE</bizdomain><bizdomainValue>Graffiti - Graffiti</bizdomainValue><resId>51357</resId><sortOrder>0</sortOrder><standardChoiceValueI18NModels/></sharedDropDownValue><sharedDropDownValue><bdvSeqNbr>104581157</bdvSeqNbr><servProvCode>BPTDEV</servProvCode><auditModel><auditDate>2012-02-06T00:00:00-07:00</auditDate><auditID>ADMIN</auditID><auditStatus>A</auditStatus></auditModel><bizdomain>ENF_COMPLAINT_TYPE</bizdomain><bizdomainValue>Noise - Excessive Noise</bizdomainValue><resId>51362</resId><sortOrder>0</sortOrder><standardChoiceValueI18NModels/></sharedDropDownValue><sharedDropDownValue><bdvSeqNbr>104581162</bdvSeqNbr><servProvCode>BPTDEV</servProvCode><auditModel><auditDate>2012-02-06T00:00:00-07:00</auditDate><auditID>ADMIN</auditID><auditStatus>A</auditStatus></auditModel><bizdomain>ENF_COMPLAINT_TYPE</bizdomain><bizdomainValue>Signage - Illegal Sign</bizdomainValue><resId>51358</resId><sortOrder>0</sortOrder><standardChoiceValueI18NModels/></sharedDropDownValue><sharedDropDownValue><bdvSeqNbr>104581161</bdvSeqNbr><servProvCode>BPTDEV</servProvCode><auditModel><auditDate>2012-02-06T00:00:00-07:00</auditDate><auditID>ADMIN</auditID><auditStatus>A</auditStatus></auditModel><bizdomain>ENF_COMPLAINT_TYPE</bizdomain><bizdomainValue>Trees and Weeds - Tall Grass-Weeds</bizdomainValue><resId>51365</resId><sortOrder>0</sortOrder><standardChoiceValueI18NModels/></sharedDropDownValue><sharedDropDownValue><bdvSeqNbr>104581160</bdvSeqNbr><servProvCode>BPTDEV</servProvCode><auditModel><auditDate>2012-02-06T00:00:00-07:00</auditDate><auditID>ADMIN</auditID><auditStatus>A</auditStatus></auditModel><bizdomain>ENF_COMPLAINT_TYPE</bizdomain><bizdomainValue>Trees and Weeds - Tree Maintenance</bizdomainValue><resId>51364</resId><sortOrder>0</sortOrder><standardChoiceValueI18NModels/></sharedDropDownValue><sharedDropDownValue><bdvSeqNbr>104581171</bdvSeqNbr><servProvCode>BPTDEV</servProvCode><auditModel><auditDate>2012-02-06T12:48:37-07:00</auditDate><auditID>ADMIN</auditID><auditStatus>A</auditStatus></auditModel><bizdomain>ENF_COMPLAINT_TYPE</bizdomain><bizdomainValue>Vehicles - Abandoned Vehicle</bizdomainValue><resId>51371</resId><sortOrder>0</sortOrder><standardChoiceValueI18NModels/></sharedDropDownValue></sharedDropDownList><type>ShareDropDown</type></sharedDropDownListModel>
<sharedDropDownListModel><name>ENF_SOURCE</name><serviceProviderCode>BPTDEV</serviceProviderCode><auditModel><auditDate>2011-11-02T14:54:26-06:00</auditDate><auditID>ADMIN</auditID><auditStatus>A</auditStatus></auditModel><description>Source of Complaint</description><sharedDropDownList><sharedDropDownValue><bdvSeqNbr>4632</bdvSeqNbr><servProvCode>BPTDEV</servProvCode><auditModel><auditDate>2012-06-26T16:56:32-06:00</auditDate><auditID>ADMIN</auditID><auditStatus>A</auditStatus></auditModel><bizdomain>ENF_SOURCE</bizdomain><bizdomainValue>Citizen</bizdomainValue><resId>51375</resId><sortOrder>1</sortOrder><standardChoiceValueI18NModels/></sharedDropDownValue><sharedDropDownValue><bdvSeqNbr>104581825</bdvSeqNbr><servProvCode>BPTDEV</servProvCode><auditModel><auditDate>2012-06-26T16:56:33-06:00</auditDate><auditID>ADMIN</auditID><auditStatus>A</auditStatus></auditModel><bizdomain>ENF_SOURCE</bizdomain><bizdomainValue>Government Official</bizdomainValue><sortOrder>3</sortOrder><standardChoiceValueI18NModels/></sharedDropDownValue><sharedDropDownValue><bdvSeqNbr>104581826</bdvSeqNbr><servProvCode>BPTDEV</servProvCode><auditModel><auditDate>2012-06-26T16:56:32-06:00</auditDate><auditID>ADMIN</auditID><auditStatus>A</auditStatus></auditModel><bizdomain>ENF_SOURCE</bizdomain><bizdomainValue>Law Enforcement Officer</bizdomainValue><sortOrder>4</sortOrder><standardChoiceValueI18NModels/></sharedDropDownValue><sharedDropDownValue><bdvSeqNbr>4633</bdvSeqNbr><servProvCode>BPTDEV</servProvCode><auditModel><auditDate>2012-06-26T16:56:32-06:00</auditDate><auditID>ADMIN</auditID><auditStatus>A</auditStatus></auditModel><bizdomain>ENF_SOURCE</bizdomain><bizdomainValue>Staff</bizdomainValue><resId>51373</resId><sortOrder>2</sortOrder><standardChoiceValueI18NModels/></sharedDropDownValue><sharedDropDownValue><bdvSeqNbr>4634</bdvSeqNbr><servProvCode>BPTDEV</servProvCode><auditModel><auditDate>2012-06-26T16:56:33-06:00</auditDate><auditID>ADMIN</auditID><auditStatus>A</auditStatus></auditModel><bizdomain>ENF_SOURCE</bizdomain><bizdomainValue>Unknown</bizdomainValue><resId>51374</resId><sortOrder>6</sortOrder><standardChoiceValueI18NModels/></sharedDropDownValue></sharedDropDownList><type>ShareDropDown</type></sharedDropDownListModel>
<sharedDropDownListModel><name>ENF_SUBMITTED</name><serviceProviderCode>BPTDEV</serviceProviderCode><auditModel><auditDate>2011-11-02T14:58:20-06:00</auditDate><auditID>ADMIN</auditID><auditStatus>A</auditStatus></auditModel><description>Submittal Method</description><sharedDropDownList><sharedDropDownValue><bdvSeqNbr>4635</bdvSeqNbr><servProvCode>BPTDEV</servProvCode><auditModel><auditDate>2012-02-10T00:00:00-07:00</auditDate><auditID>ADMIN</auditID><auditStatus>A</auditStatus></auditModel><bizdomain>ENF_SUBMITTED</bizdomain><bizdomainValue>E-Mail</bizdomainValue><resId>51376</resId><sortOrder>3</sortOrder><standardChoiceValueI18NModels/></sharedDropDownValue><sharedDropDownValue><bdvSeqNbr>4636</bdvSeqNbr><servProvCode>BPTDEV</servProvCode><auditModel><auditDate>2012-02-10T00:00:00-07:00</auditDate><auditID>ADMIN</auditID><auditStatus>A</auditStatus></auditModel><bizdomain>ENF_SUBMITTED</bizdomain><bizdomainValue>FAX</bizdomainValue><resId>51377</resId><sortOrder>4</sortOrder><standardChoiceValueI18NModels/></sharedDropDownValue><sharedDropDownValue><bdvSeqNbr>4637</bdvSeqNbr><servProvCode>BPTDEV</servProvCode><auditModel><auditDate>2012-02-10T00:00:00-07:00</auditDate><auditID>ADMIN</auditID><auditStatus>A</auditStatus></auditModel><bizdomain>ENF_SUBMITTED</bizdomain><bizdomainValue>In Person</bizdomainValue><resId>51378</resId><sortOrder>5</sortOrder><standardChoiceValueI18NModels/></sharedDropDownValue><sharedDropDownValue><bdvSeqNbr>4638</bdvSeqNbr><servProvCode>BPTDEV</servProvCode><auditModel><auditDate>2013-04-12T16:34:10-06:00</auditDate><auditID>ADMIN</auditID><auditStatus>A</auditStatus></auditModel><bizdomain>ENF_SUBMITTED</bizdomain><bizdomainValue>Online</bizdomainValue><resId>51379</resId><sortOrder>1</sortOrder><standardChoiceValueI18NModels/></sharedDropDownValue><sharedDropDownValue><bdvSeqNbr>4639</bdvSeqNbr><servProvCode>BPTDEV</servProvCode><auditModel><auditDate>2012-02-10T00:00:00-07:00</auditDate><auditID>ADMIN</auditID><auditStatus>A</auditStatus></auditModel><bizdomain>ENF_SUBMITTED</bizdomain><bizdomainValue>Phone</bizdomainValue><resId>51380</resId><sortOrder>6</sortOrder><standardChoiceValueI18NModels/></sharedDropDownValue><sharedDropDownValue><bdvSeqNbr>4640</bdvSeqNbr><servProvCode>BPTDEV</servProvCode><auditModel><auditDate>2012-02-10T00:00:00-07:00</auditDate><auditID>ADMIN</auditID><auditStatus>A</auditStatus></auditModel><bizdomain>ENF_SUBMITTED</bizdomain><bizdomainValue>Postal Mail</bizdomainValue><resId>51381</resId><sortOrder>7</sortOrder><standardChoiceValueI18NModels/></sharedDropDownValue><sharedDropDownValue><bdvSeqNbr>4641</bdvSeqNbr><servProvCode>BPTDEV</servProvCode><auditModel><auditDate>2012-02-10T00:00:00-07:00</auditDate><auditID>ADMIN</auditID><auditStatus>A</auditStatus></auditModel><bizdomain>ENF_SUBMITTED</bizdomain><bizdomainValue>Unknown</bizdomainValue><resId>51382</resId><sortOrder>8</sortOrder><standardChoiceValueI18NModels/></sharedDropDownValue></sharedDropDownList><type>ShareDropDown</type></sharedDropDownListModel>
<sharedDropDownListModel><name>STATES</name><serviceProviderCode>BPTDEV</serviceProviderCode><auditModel><auditDate>2012-09-20T13:13:48-06:00</auditDate><auditID>ADMIN</auditID><auditStatus>A</auditStatus></auditModel><description>List of USPS State abbreviations</description><sharedDropDownList><sharedDropDownValue><bdvSeqNbr>104580304</bdvSeqNbr><servProvCode>BPTDEV</servProvCode><auditModel><auditDate>2011-12-13T15:45:37-07:00</auditDate><auditID>ADMIN</auditID><auditStatus>A</auditStatus></auditModel><bizdomain>STATES</bizdomain><bizdomainValue>AK</bizdomainValue><standardChoiceValueI18NModels/><valueDesc>Alaska</valueDesc></sharedDropDownValue><sharedDropDownValue><bdvSeqNbr>104580303</bdvSeqNbr><servProvCode>BPTDEV</servProvCode><auditModel><auditDate>2011-12-13T15:45:37-07:00</auditDate><auditID>ADMIN</auditID><auditStatus>A</auditStatus></auditModel><bizdomain>STATES</bizdomain><bizdomainValue>AL</bizdomainValue><standardChoiceValueI18NModels/><valueDesc>Alabama</valueDesc></sharedDropDownValue><sharedDropDownValue><bdvSeqNbr>104580307</bdvSeqNbr><servProvCode>BPTDEV</servProvCode><auditModel><auditDate>2011-12-13T15:45:37-07:00</auditDate><auditID>ADMIN</auditID><auditStatus>A</auditStatus></auditModel><bizdomain>STATES</bizdomain><bizdomainValue>AR</bizdomainValue><standardChoiceValueI18NModels/><valueDesc>Arkansas</valueDesc></sharedDropDownValue><sharedDropDownValue><bdvSeqNbr>104580305</bdvSeqNbr><servProvCode>BPTDEV</servProvCode><auditModel><auditDate>2011-12-13T15:45:37-07:00</auditDate><auditID>ADMIN</auditID><auditStatus>A</auditStatus></auditModel><bizdomain>STATES</bizdomain><bizdomainValue>AS</bizdomainValue><standardChoiceValueI18NModels/><valueDesc>American Samoa</valueDesc></sharedDropDownValue><sharedDropDownValue><bdvSeqNbr>104580306</bdvSeqNbr><servProvCode>BPTDEV</servProvCode><auditModel><auditDate>2011-12-13T15:45:37-07:00</auditDate><auditID>ADMIN</auditID><auditStatus>A</auditStatus></auditModel><bizdomain>STATES</bizdomain><bizdomainValue>AZ</bizdomainValue><standardChoiceValueI18NModels/><valueDesc>Arizona</valueDesc></sharedDropDownValue><sharedDropDownValue><bdvSeqNbr>104580308</bdvSeqNbr><servProvCode>BPTDEV</servProvCode><auditModel><auditDate>2011-12-13T15:45:37-07:00</auditDate><auditID>ADMIN</auditID><auditStatus>A</auditStatus></auditModel><bizdomain>STATES</bizdomain><bizdomainValue>CA</bizdomainValue><standardChoiceValueI18NModels/><valueDesc>California</valueDesc></sharedDropDownValue><sharedDropDownValue><bdvSeqNbr>104580309</bdvSeqNbr><servProvCode>BPTDEV</servProvCode><auditModel><auditDate>2011-12-13T15:45:37-07:00</auditDate><auditID>ADMIN</auditID><auditStatus>A</auditStatus></auditModel><bizdomain>STATES</bizdomain><bizdomainValue>CO</bizdomainValue><standardChoiceValueI18NModels/><valueDesc>Colorado</valueDesc></sharedDropDownValue><sharedDropDownValue><bdvSeqNbr>104580310</bdvSeqNbr><servProvCode>BPTDEV</servProvCode><auditModel><auditDate>2011-12-13T15:45:37-07:00</auditDate><auditID>ADMIN</auditID><auditStatus>A</auditStatus></auditModel><bizdomain>STATES</bizdomain><bizdomainValue>CT</bizdomainValue><standardChoiceValueI18NModels/><valueDesc>Connecticut</valueDesc></sharedDropDownValue><sharedDropDownValue><bdvSeqNbr>104580312</bdvSeqNbr><servProvCode>BPTDEV</servProvCode><auditModel><auditDate>2011-12-13T15:45:37-07:00</auditDate><auditID>ADMIN</auditID><auditStatus>A</auditStatus></auditModel><bizdomain>STATES</bizdomain><bizdomainValue>DC</bizdomainValue><standardChoiceValueI18NModels/><valueDesc>District of Columbia</valueDesc></sharedDropDownValue><sharedDropDownValue><bdvSeqNbr>104580311</bdvSeqNbr><servProvCode>BPTDEV</servProvCode><auditModel><auditDate>2011-12-13T15:45:37-07:00</auditDate><auditID>ADMIN</auditID><auditStatus>A</auditStatus></auditModel><bizdomain>STATES</bizdomain><bizdomainValue>DE</bizdomainValue><standardChoiceValueI18NModels/><valueDesc>Delaware</valueDesc></sharedDropDownValue><sharedDropDownValue><bdvSeqNbr>104580314</bdvSeqNbr><servProvCode>BPTDEV</servProvCode><auditModel><auditDate>2011-12-13T15:45:37-07:00</auditDate><auditID>ADMIN</auditID><auditStatus>A</auditStatus></auditModel><bizdomain>STATES</bizdomain><bizdomainValue>FL</bizdomainValue><standardChoiceValueI18NModels/><valueDesc>Florida</valueDesc></sharedDropDownValue><sharedDropDownValue><bdvSeqNbr>104580313</bdvSeqNbr><servProvCode>BPTDEV</servProvCode><auditModel><auditDate>2011-12-13T15:45:37-07:00</auditDate><auditID>ADMIN</auditID><auditStatus>A</auditStatus></auditModel><bizdomain>STATES</bizdomain><bizdomainValue>FM</bizdomainValue><standardChoiceValueI18NModels/><valueDesc>Federated States of Micronesia</valueDesc></sharedDropDownValue><sharedDropDownValue><bdvSeqNbr>104580315</bdvSeqNbr><servProvCode>BPTDEV</servProvCode><auditModel><auditDate>2011-12-13T15:45:37-07:00</auditDate><auditID>ADMIN</auditID><auditStatus>A</auditStatus></auditModel><bizdomain>STATES</bizdomain><bizdomainValue>GA</bizdomainValue><standardChoiceValueI18NModels/><valueDesc>Georgia</valueDesc></sharedDropDownValue><sharedDropDownValue><bdvSeqNbr>104580316</bdvSeqNbr><servProvCode>BPTDEV</servProvCode><auditModel><auditDate>2011-12-13T15:45:37-07:00</auditDate><auditID>ADMIN</auditID><auditStatus>A</auditStatus></auditModel><bizdomain>STATES</bizdomain><bizdomainValue>GU</bizdomainValue><standardChoiceValueI18NModels/><valueDesc>Guam Gu</valueDesc></sharedDropDownValue><sharedDropDownValue><bdvSeqNbr>104580317</bdvSeqNbr><servProvCode>BPTDEV</servProvCode><auditModel><auditDate>2011-12-13T15:45:37-07:00</auditDate><auditID>ADMIN</auditID><auditStatus>A</auditStatus></auditModel><bizdomain>STATES</bizdomain><bizdomainValue>HI</bizdomainValue><standardChoiceValueI18NModels/><valueDesc>Hawaii</valueDesc></sharedDropDownValue><sharedDropDownValue><bdvSeqNbr>104580321</bdvSeqNbr><servProvCode>BPTDEV</servProvCode><auditModel><auditDate>2011-12-13T15:45:37-07:00</auditDate><auditID>ADMIN</auditID><auditStatus>A</auditStatus></auditModel><bizdomain>STATES</bizdomain><bizdomainValue>IA</bizdomainValue><standardChoiceValueI18NModels/><valueDesc>Iowa</valueDesc></sharedDropDownValue><sharedDropDownValue><bdvSeqNbr>104580318</bdvSeqNbr><servProvCode>BPTDEV</servProvCode><auditModel><auditDate>2011-12-13T15:45:37-07:00</auditDate><auditID>ADMIN</auditID><auditStatus>A</auditStatus></auditModel><bizdomain>STATES</bizdomain><bizdomainValue>ID</bizdomainValue><standardChoiceValueI18NModels/><valueDesc>Idaho</valueDesc></sharedDropDownValue><sharedDropDownValue><bdvSeqNbr>104580319</bdvSeqNbr><servProvCode>BPTDEV</servProvCode><auditModel><auditDate>2011-12-13T15:45:37-07:00</auditDate><auditID>ADMIN</auditID><auditStatus>A</auditStatus></auditModel><bizdomain>STATES</bizdomain><bizdomainValue>IL</bizdomainValue><standardChoiceValueI18NModels/><valueDesc>Illinois</valueDesc></sharedDropDownValue><sharedDropDownValue><bdvSeqNbr>104580320</bdvSeqNbr><servProvCode>BPTDEV</servProvCode><auditModel><auditDate>2011-12-13T15:45:37-07:00</auditDate><auditID>ADMIN</auditID><auditStatus>A</auditStatus></auditModel><bizdomain>STATES</bizdomain><bizdomainValue>IN</bizdomainValue><standardChoiceValueI18NModels/><valueDesc>Indiana</valueDesc></sharedDropDownValue><sharedDropDownValue><bdvSeqNbr>104580322</bdvSeqNbr><servProvCode>BPTDEV</servProvCode><auditModel><auditDate>2011-12-13T15:45:37-07:00</auditDate><auditID>ADMIN</auditID><auditStatus>A</auditStatus></auditModel><bizdomain>STATES</bizdomain><bizdomainValue>KS</bizdomainValue><standardChoiceValueI18NModels/><valueDesc>Kansas</valueDesc></sharedDropDownValue><sharedDropDownValue><bdvSeqNbr>104580323</bdvSeqNbr><servProvCode>BPTDEV</servProvCode><auditModel><auditDate>2011-12-13T15:45:37-07:00</auditDate><auditID>ADMIN</auditID><auditStatus>A</auditStatus></auditModel><bizdomain>STATES</bizdomain><bizdomainValue>KY</bizdomainValue><standardChoiceValueI18NModels/><valueDesc>Kentucky</valueDesc></sharedDropDownValue><sharedDropDownValue><bdvSeqNbr>104580325</bdvSeqNbr><servProvCode>BPTDEV</servProvCode><auditModel><auditDate>2011-12-13T15:45:37-07:00</auditDate><auditID>ADMIN</auditID><auditStatus>A</auditStatus></auditModel><bizdomain>STATES</bizdomain><bizdomainValue>LA</bizdomainValue><standardChoiceValueI18NModels/><valueDesc>Louisiana</valueDesc></sharedDropDownValue><sharedDropDownValue><bdvSeqNbr>104580328</bdvSeqNbr><servProvCode>BPTDEV</servProvCode><auditModel><auditDate>2011-12-13T15:45:37-07:00</auditDate><auditID>ADMIN</auditID><auditStatus>A</auditStatus></auditModel><bizdomain>STATES</bizdomain><bizdomainValue>MA</bizdomainValue><standardChoiceValueI18NModels/><valueDesc>Massachusetts</valueDesc></sharedDropDownValue><sharedDropDownValue><bdvSeqNbr>104580327</bdvSeqNbr><servProvCode>BPTDEV</servProvCode><auditModel><auditDate>2011-12-13T15:45:37-07:00</auditDate><auditID>ADMIN</auditID><auditStatus>A</auditStatus></auditModel><bizdomain>STATES</bizdomain><bizdomainValue>MD</bizdomainValue><standardChoiceValueI18NModels/><valueDesc>Maryland</valueDesc></sharedDropDownValue><sharedDropDownValue><bdvSeqNbr>104580324</bdvSeqNbr><servProvCode>BPTDEV</servProvCode><auditModel><auditDate>2011-12-13T15:45:37-07:00</auditDate><auditID>ADMIN</auditID><auditStatus>A</auditStatus></auditModel><bizdomain>STATES</bizdomain><bizdomainValue>ME</bizdomainValue><standardChoiceValueI18NModels/><valueDesc>Maine</valueDesc></sharedDropDownValue><sharedDropDownValue><bdvSeqNbr>104580326</bdvSeqNbr><servProvCode>BPTDEV</servProvCode><auditModel><auditDate>2011-12-13T15:45:37-07:00</auditDate><auditID>ADMIN</auditID><auditStatus>A</auditStatus></auditModel><bizdomain>STATES</bizdomain><bizdomainValue>MH</bizdomainValue><standardChoiceValueI18NModels/><valueDesc>Marshall Islands</valueDesc></sharedDropDownValue><sharedDropDownValue><bdvSeqNbr>104580329</bdvSeqNbr><servProvCode>BPTDEV</servProvCode><auditModel><auditDate>2011-12-13T15:45:37-07:00</auditDate><auditID>ADMIN</auditID><auditStatus>A</auditStatus></auditModel><bizdomain>STATES</bizdomain><bizdomainValue>MI</bizdomainValue><standardChoiceValueI18NModels/><valueDesc>Michigan</valueDesc></sharedDropDownValue><sharedDropDownValue><bdvSeqNbr>104580330</bdvSeqNbr><servProvCode>BPTDEV</servProvCode><auditModel><auditDate>2011-12-13T15:45:37-07:00</auditDate><auditID>ADMIN</auditID><auditStatus>A</auditStatus></auditModel><bizdomain>STATES</bizdomain><bizdomainValue>MN</bizdomainValue><standardChoiceValueI18NModels/><valueDesc>Minnesota</valueDesc></sharedDropDownValue><sharedDropDownValue><bdvSeqNbr>104580332</bdvSeqNbr><servProvCode>BPTDEV</servProvCode><auditModel><auditDate>2011-12-13T15:45:37-07:00</auditDate><auditID>ADMIN</auditID><auditStatus>A</auditStatus></auditModel><bizdomain>STATES</bizdomain><bizdomainValue>MO</bizdomainValue><standardChoiceValueI18NModels/><valueDesc>Missouri</valueDesc></sharedDropDownValue><sharedDropDownValue><bdvSeqNbr>104580342</bdvSeqNbr><servProvCode>BPTDEV</servProvCode><auditModel><auditDate>2011-12-13T15:45:37-07:00</auditDate><auditID>ADMIN</auditID><auditStatus>A</auditStatus></auditModel><bizdomain>STATES</bizdomain><bizdomainValue>MP</bizdomainValue><standardChoiceValueI18NModels/><valueDesc>Northern Mariana Islands</valueDesc></sharedDropDownValue><sharedDropDownValue><bdvSeqNbr>104580331</bdvSeqNbr><servProvCode>BPTDEV</servProvCode><auditModel><auditDate>2011-12-13T15:45:37-07:00</auditDate><auditID>ADMIN</auditID><auditStatus>A</auditStatus></auditModel><bizdomain>STATES</bizdomain><bizdomainValue>MS</bizdomainValue><standardChoiceValueI18NModels/><valueDesc>Mississippi</valueDesc></sharedDropDownValue><sharedDropDownValue><bdvSeqNbr>104580333</bdvSeqNbr><servProvCode>BPTDEV</servProvCode><auditModel><auditDate>2011-12-13T15:45:37-07:00</auditDate><auditID>ADMIN</auditID><auditStatus>A</auditStatus></auditModel><bizdomain>STATES</bizdomain><bizdomainValue>MT</bizdomainValue><standardChoiceValueI18NModels/><valueDesc>Montana</valueDesc></sharedDropDownValue><sharedDropDownValue><bdvSeqNbr>104580340</bdvSeqNbr><servProvCode>BPTDEV</servProvCode><auditModel><auditDate>2011-12-13T15:45:37-07:00</auditDate><auditID>ADMIN</auditID><auditStatus>A</auditStatus></auditModel><bizdomain>STATES</bizdomain><bizdomainValue>NC</bizdomainValue><standardChoiceValueI18NModels/><valueDesc>North Carolina</valueDesc></sharedDropDownValue><sharedDropDownValue><bdvSeqNbr>104580341</bdvSeqNbr><servProvCode>BPTDEV</servProvCode><auditModel><auditDate>2011-12-13T15:45:37-07:00</auditDate><auditID>ADMIN</auditID><auditStatus>A</auditStatus></auditModel><bizdomain>STATES</bizdomain><bizdomainValue>ND</bizdomainValue><standardChoiceValueI18NModels/><valueDesc>North Dakota</valueDesc></sharedDropDownValue><sharedDropDownValue><bdvSeqNbr>104580334</bdvSeqNbr><servProvCode>BPTDEV</servProvCode><auditModel><auditDate>2011-12-13T15:45:37-07:00</auditDate><auditID>ADMIN</auditID><auditStatus>A</auditStatus></auditModel><bizdomain>STATES</bizdomain><bizdomainValue>NE</bizdomainValue><standardChoiceValueI18NModels/><valueDesc>Nebraska</valueDesc></sharedDropDownValue><sharedDropDownValue><bdvSeqNbr>104580336</bdvSeqNbr><servProvCode>BPTDEV</servProvCode><auditModel><auditDate>2011-12-13T15:45:37-07:00</auditDate><auditID>ADMIN</auditID><auditStatus>A</auditStatus></auditModel><bizdomain>STATES</bizdomain><bizdomainValue>NH</bizdomainValue><standardChoiceValueI18NModels/><valueDesc>New Hampshire</valueDesc></sharedDropDownValue><sharedDropDownValue><bdvSeqNbr>104580337</bdvSeqNbr><servProvCode>BPTDEV</servProvCode><auditModel><auditDate>2011-12-13T15:45:37-07:00</auditDate><auditID>ADMIN</auditID><auditStatus>A</auditStatus></auditModel><bizdomain>STATES</bizdomain><bizdomainValue>NJ</bizdomainValue><standardChoiceValueI18NModels/><valueDesc>New Jersey</valueDesc></sharedDropDownValue><sharedDropDownValue><bdvSeqNbr>104580338</bdvSeqNbr><servProvCode>BPTDEV</servProvCode><auditModel><auditDate>2011-12-13T15:45:37-07:00</auditDate><auditID>ADMIN</auditID><auditStatus>A</auditStatus></auditModel><bizdomain>STATES</bizdomain><bizdomainValue>NM</bizdomainValue><standardChoiceValueI18NModels/><valueDesc>New Mexico</valueDesc></sharedDropDownValue><sharedDropDownValue><bdvSeqNbr>104580335</bdvSeqNbr><servProvCode>BPTDEV</servProvCode><auditModel><auditDate>2011-12-13T15:45:37-07:00</auditDate><auditID>ADMIN</auditID><auditStatus>A</auditStatus></auditModel><bizdomain>STATES</bizdomain><bizdomainValue>NV</bizdomainValue><standardChoiceValueI18NModels/><valueDesc>Nevada</valueDesc></sharedDropDownValue><sharedDropDownValue><bdvSeqNbr>104580339</bdvSeqNbr><servProvCode>BPTDEV</servProvCode><auditModel><auditDate>2011-12-13T15:45:37-07:00</auditDate><auditID>ADMIN</auditID><auditStatus>A</auditStatus></auditModel><bizdomain>STATES</bizdomain><bizdomainValue>NY</bizdomainValue><standardChoiceValueI18NModels/><valueDesc>New York</valueDesc></sharedDropDownValue><sharedDropDownValue><bdvSeqNbr>104580343</bdvSeqNbr><servProvCode>BPTDEV</servProvCode><auditModel><auditDate>2011-12-13T15:45:37-07:00</auditDate><auditID>ADMIN</auditID><auditStatus>A</auditStatus></auditModel><bizdomain>STATES</bizdomain><bizdomainValue>OH</bizdomainValue><standardChoiceValueI18NModels/><valueDesc>Ohio</valueDesc></sharedDropDownValue><sharedDropDownValue><bdvSeqNbr>104580344</bdvSeqNbr><servProvCode>BPTDEV</servProvCode><auditModel><auditDate>2011-12-13T15:45:37-07:00</auditDate><auditID>ADMIN</auditID><auditStatus>A</auditStatus></auditModel><bizdomain>STATES</bizdomain><bizdomainValue>OK</bizdomainValue><standardChoiceValueI18NModels/><valueDesc>Oklahoma</valueDesc></sharedDropDownValue><sharedDropDownValue><bdvSeqNbr>104580345</bdvSeqNbr><servProvCode>BPTDEV</servProvCode><auditModel><auditDate>2011-12-13T15:45:37-07:00</auditDate><auditID>ADMIN</auditID><auditStatus>A</auditStatus></auditModel><bizdomain>STATES</bizdomain><bizdomainValue>OR</bizdomainValue><standardChoiceValueI18NModels/><valueDesc>Oregon</valueDesc></sharedDropDownValue><sharedDropDownValue><bdvSeqNbr>104580347</bdvSeqNbr><servProvCode>BPTDEV</servProvCode><auditModel><auditDate>2011-12-13T15:45:37-07:00</auditDate><auditID>ADMIN</auditID><auditStatus>A</auditStatus></auditModel><bizdomain>STATES</bizdomain><bizdomainValue>PA</bizdomainValue><standardChoiceValueI18NModels/><valueDesc>Pennsylvania</valueDesc></sharedDropDownValue><sharedDropDownValue><bdvSeqNbr>104580348</bdvSeqNbr><servProvCode>BPTDEV</servProvCode><auditModel><auditDate>2011-12-13T15:45:37-07:00</auditDate><auditID>ADMIN</auditID><auditStatus>A</auditStatus></auditModel><bizdomain>STATES</bizdomain><bizdomainValue>PR</bizdomainValue><standardChoiceValueI18NModels/><valueDesc>Puerto Rico</valueDesc></sharedDropDownValue><sharedDropDownValue><bdvSeqNbr>104580346</bdvSeqNbr><servProvCode>BPTDEV</servProvCode><auditModel><auditDate>2011-12-13T15:45:37-07:00</auditDate><auditID>ADMIN</auditID><auditStatus>A</auditStatus></auditModel><bizdomain>STATES</bizdomain><bizdomainValue>PW</bizdomainValue><standardChoiceValueI18NModels/><valueDesc>Palau</valueDesc></sharedDropDownValue><sharedDropDownValue><bdvSeqNbr>104580349</bdvSeqNbr><servProvCode>BPTDEV</servProvCode><auditModel><auditDate>2011-12-13T15:45:37-07:00</auditDate><auditID>ADMIN</auditID><auditStatus>A</auditStatus></auditModel><bizdomain>STATES</bizdomain><bizdomainValue>RI</bizdomainValue><standardChoiceValueI18NModels/><valueDesc>Rhode Island</valueDesc></sharedDropDownValue><sharedDropDownValue><bdvSeqNbr>104580350</bdvSeqNbr><servProvCode>BPTDEV</servProvCode><auditModel><auditDate>2011-12-13T15:45:37-07:00</auditDate><auditID>ADMIN</auditID><auditStatus>A</auditStatus></auditModel><bizdomain>STATES</bizdomain><bizdomainValue>SC</bizdomainValue><standardChoiceValueI18NModels/><valueDesc>South Carolina</valueDesc></sharedDropDownValue><sharedDropDownValue><bdvSeqNbr>104580351</bdvSeqNbr><servProvCode>BPTDEV</servProvCode><auditModel><auditDate>2011-12-13T15:45:37-07:00</auditDate><auditID>ADMIN</auditID><auditStatus>A</auditStatus></auditModel><bizdomain>STATES</bizdomain><bizdomainValue>SD</bizdomainValue><standardChoiceValueI18NModels/><valueDesc>South Dakota</valueDesc></sharedDropDownValue><sharedDropDownValue><bdvSeqNbr>104580352</bdvSeqNbr><servProvCode>BPTDEV</servProvCode><auditModel><auditDate>2011-12-13T15:45:37-07:00</auditDate><auditID>ADMIN</auditID><auditStatus>A</auditStatus></auditModel><bizdomain>STATES</bizdomain><bizdomainValue>TN</bizdomainValue><standardChoiceValueI18NModels/><valueDesc>Tennessee</valueDesc></sharedDropDownValue><sharedDropDownValue><bdvSeqNbr>104580353</bdvSeqNbr><servProvCode>BPTDEV</servProvCode><auditModel><auditDate>2011-12-13T15:45:37-07:00</auditDate><auditID>ADMIN</auditID><auditStatus>A</auditStatus></auditModel><bizdomain>STATES</bizdomain><bizdomainValue>TX</bizdomainValue><standardChoiceValueI18NModels/><valueDesc>Texas</valueDesc></sharedDropDownValue><sharedDropDownValue><bdvSeqNbr>104580354</bdvSeqNbr><servProvCode>BPTDEV</servProvCode><auditModel><auditDate>2011-12-13T15:45:37-07:00</auditDate><auditID>ADMIN</auditID><auditStatus>A</auditStatus></auditModel><bizdomain>STATES</bizdomain><bizdomainValue>UT</bizdomainValue><standardChoiceValueI18NModels/><valueDesc>Utah</valueDesc></sharedDropDownValue><sharedDropDownValue><bdvSeqNbr>104580357</bdvSeqNbr><servProvCode>BPTDEV</servProvCode><auditModel><auditDate>2011-12-13T15:45:37-07:00</auditDate><auditID>ADMIN</auditID><auditStatus>A</auditStatus></auditModel><bizdomain>STATES</bizdomain><bizdomainValue>VA</bizdomainValue><standardChoiceValueI18NModels/><valueDesc>Virginia</valueDesc></sharedDropDownValue><sharedDropDownValue><bdvSeqNbr>104580356</bdvSeqNbr><servProvCode>BPTDEV</servProvCode><auditModel><auditDate>2011-12-13T15:45:37-07:00</auditDate><auditID>ADMIN</auditID><auditStatus>A</auditStatus></auditModel><bizdomain>STATES</bizdomain><bizdomainValue>VI</bizdomainValue><standardChoiceValueI18NModels/><valueDesc>Virgin Islands</valueDesc></sharedDropDownValue><sharedDropDownValue><bdvSeqNbr>104580355</bdvSeqNbr><servProvCode>BPTDEV</servProvCode><auditModel><auditDate>2011-12-13T15:45:37-07:00</auditDate><auditID>ADMIN</auditID><auditStatus>A</auditStatus></auditModel><bizdomain>STATES</bizdomain><bizdomainValue>VT</bizdomainValue><standardChoiceValueI18NModels/><valueDesc>Vermont</valueDesc></sharedDropDownValue><sharedDropDownValue><bdvSeqNbr>104580358</bdvSeqNbr><servProvCode>BPTDEV</servProvCode><auditModel><auditDate>2011-12-13T15:45:37-07:00</auditDate><auditID>ADMIN</auditID><auditStatus>A</auditStatus></auditModel><bizdomain>STATES</bizdomain><bizdomainValue>WA</bizdomainValue><standardChoiceValueI18NModels/><valueDesc>Washington</valueDesc></sharedDropDownValue><sharedDropDownValue><bdvSeqNbr>104580360</bdvSeqNbr><servProvCode>BPTDEV</servProvCode><auditModel><auditDate>2011-12-13T15:45:37-07:00</auditDate><auditID>ADMIN</auditID><auditStatus>A</auditStatus></auditModel><bizdomain>STATES</bizdomain><bizdomainValue>WI</bizdomainValue><standardChoiceValueI18NModels/><valueDesc>Wisconsin</valueDesc></sharedDropDownValue><sharedDropDownValue><bdvSeqNbr>104580359</bdvSeqNbr><servProvCode>BPTDEV</servProvCode><auditModel><auditDate>2011-12-13T15:45:37-07:00</auditDate><auditID>ADMIN</auditID><auditStatus>A</auditStatus></auditModel><bizdomain>STATES</bizdomain><bizdomainValue>WV</bizdomainValue><standardChoiceValueI18NModels/><valueDesc>West Virginia</valueDesc></sharedDropDownValue><sharedDropDownValue><bdvSeqNbr>104580361</bdvSeqNbr><servProvCode>BPTDEV</servProvCode><auditModel><auditDate>2011-12-13T15:45:37-07:00</auditDate><auditID>ADMIN</auditID><auditStatus>A</auditStatus></auditModel><bizdomain>STATES</bizdomain><bizdomainValue>WY</bizdomainValue><standardChoiceValueI18NModels/><valueDesc>Wyoming</valueDesc></sharedDropDownValue></sharedDropDownList><type>State</type><valueSize>0</valueSize></sharedDropDownListModel>
</list>