<?xml version="1.0" encoding="UTF-8" standalone="yes"?>
<list  version="8.0.0" minorVersion="15" exportUser="ADMIN" exportDateTime="03/30/2016 08:45 PM" description="null"><virProcess><r1ProcessCode>ENF_COMPLAINT2</r1ProcessCode><servProvCode>BPTDEV</servProvCode><isEmailSettringSelected>Y</isEmailSettringSelected><isSecuritySelected>Y</isSecuritySelected><processEMailSettingModels/><processModels><processModel><r1ProcessCode>ENF_COMPLAINT2</r1ProcessCode><sdStpNum>1</sdStpNum><servProvCode>BPTDEV</servProvCode><asgnAgencyCode>CODE</asgnAgencyCode><asgnBureauCode>NA</asgnBureauCode><asgnDivisionCode>NA</asgnDivisionCode><asgnGroupCode>NA</asgnGroupCode><asgnOfficeCode>NA</asgnOfficeCode><asgnSectionCode>NA</asgnSectionCode><auditModel><auditDate>2013-04-15T16:13:23-06:00</auditDate><auditID>Accela Administrator</auditID><auditStatus>A</auditStatus></auditModel><calendarId>72</calendarId><displayInAca>Y</displayInAca><hoursSpentRequired>N</hoursSpentRequired><resId>826</resId><sdChkLv5>A</sdChkLv5><sdDueDay>1</sdDueDay><sdNxtId1>013014000000000</sdNxtId1><sdProDes>Complaint Intake</sdProDes><sdProId1>010000000000000</sdProId1></processModel><processModel><r1ProcessCode>ENF_COMPLAINT2</r1ProcessCode><sdStpNum>2</sdStpNum><servProvCode>BPTDEV</servProvCode><asgnAgencyCode>CODE</asgnAgencyCode><asgnBureauCode>NA</asgnBureauCode><asgnDivisionCode>NA</asgnDivisionCode><asgnGroupCode>NA</asgnGroupCode><asgnOfficeCode>NA</asgnOfficeCode><asgnSectionCode>NA</asgnSectionCode><auditModel><auditDate>2013-04-08T18:48:14-06:00</auditDate><auditID>Accela Administrator</auditID><auditStatus>A</auditStatus></auditModel><calendarId>72</calendarId><displayInAca>Y</displayInAca><hoursSpentRequired>N</hoursSpentRequired><resId>827</resId><sdChkLv5>A</sdChkLv5><sdDueDay>0</sdDueDay><sdNxtId1>014000000000000</sdNxtId1><sdProDes>Investigation</sdProDes><sdProId1>013000000000000</sdProId1></processModel><processModel><r1ProcessCode>ENF_COMPLAINT2</r1ProcessCode><sdStpNum>3</sdStpNum><servProvCode>BPTDEV</servProvCode><asgnAgencyCode>CODE</asgnAgencyCode><asgnBureauCode>NA</asgnBureauCode><asgnDivisionCode>NA</asgnDivisionCode><asgnGroupCode>NA</asgnGroupCode><asgnOfficeCode>NA</asgnOfficeCode><asgnSectionCode>NA</asgnSectionCode><auditModel><auditDate>2013-04-15T12:49:39-06:00</auditDate><auditID>Accela Administrator</auditID><auditStatus>A</auditStatus></auditModel><calendarId>72</calendarId><displayInAca>Y</displayInAca><hoursSpentRequired>N</hoursSpentRequired><resId>828</resId><sdChkLv5>A</sdChkLv5><sdDueDay>1</sdDueDay><sdNxtId1>000000000000000</sdNxtId1><sdProDes>Final Notification</sdProDes><sdProId1>014000000000000</sdProId1></processModel></processModels><processSecurityModels/><r3statypModels><r3statyp><r3ActStatCod>ENF010</r3ActStatCod><r3ProcessCode>ENF_COMPLAINT2</r3ProcessCode><servProvCode>BPTDEV</servProvCode><applicationStatus>Assigned</applicationStatus><displayInAca>Y</displayInAca><r3ActStatDes>Assigned</r3ActStatDes><r3ActStatFlg>Y</r3ActStatFlg><r3ActTypeDes>Complaint Intake</r3ActTypeDes><r3MouClockAction>No Action</r3MouClockAction><recDate>2013-04-08T14:53:44-06:00</recDate><recFulNam>Accela Administrator</recFulNam><recStatus>A</recStatus><refTaskStatusI18NModels/><resId>3193</resId></r3statyp><r3statyp><r3ActStatCod>ENF020</r3ActStatCod><r3ProcessCode>ENF_COMPLAINT2</r3ProcessCode><servProvCode>BPTDEV</servProvCode><applicationStatus>Complete-Duplicate</applicationStatus><displayInAca>Y</displayInAca><r3ActStatDes>Duplicate</r3ActStatDes><r3ActStatFlg>B</r3ActStatFlg><r3ActTypeDes>Complaint Intake</r3ActTypeDes><r3MouClockAction>No Action</r3MouClockAction><recDate>2013-04-08T14:53:44-06:00</recDate><recFulNam>Accela Administrator</recFulNam><recStatus>A</recStatus><refTaskStatusI18NModels/><resId>3194</resId></r3statyp><r3statyp><r3ActStatCod>ENF030</r3ActStatCod><r3ProcessCode>ENF_COMPLAINT2</r3ProcessCode><servProvCode>BPTDEV</servProvCode><displayInAca>Y</displayInAca><r3ActStatDes>Note</r3ActStatDes><r3ActStatFlg>U</r3ActStatFlg><r3ActTypeDes>Complaint Intake</r3ActTypeDes><r3MouClockAction>No Action</r3MouClockAction><recDate>2013-04-08T14:53:44-06:00</recDate><recFulNam>Accela Administrator</recFulNam><recStatus>A</recStatus><refTaskStatusI18NModels/><resId>3195</resId></r3statyp><r3statyp><r3ActStatCod>ENF040</r3ActStatCod><r3ProcessCode>ENF_COMPLAINT2</r3ProcessCode><servProvCode>BPTDEV</servProvCode><applicationStatus>Complete-Referred</applicationStatus><displayInAca>Y</displayInAca><r3ActStatDes>Referred</r3ActStatDes><r3ActStatFlg>B</r3ActStatFlg><r3ActTypeDes>Complaint Intake</r3ActTypeDes><r3MouClockAction>No Action</r3MouClockAction><recDate>2013-04-15T16:13:23-06:00</recDate><recFulNam>Accela Administrator</recFulNam><recStatus>A</recStatus><refTaskStatusI18NModels/><resId>3196</resId></r3statyp><r3statyp><r3ActStatCod>ENF080</r3ActStatCod><r3ProcessCode>ENF_COMPLAINT2</r3ProcessCode><servProvCode>BPTDEV</servProvCode><applicationStatus>Closed</applicationStatus><displayInAca>Y</displayInAca><r3ActStatDes>No Notification Sent</r3ActStatDes><r3ActStatFlg>Y</r3ActStatFlg><r3ActTypeDes>Final Notification</r3ActTypeDes><r3MouClockAction>No Action</r3MouClockAction><recDate>2013-04-08T14:53:44-06:00</recDate><recFulNam>Accela Administrator</recFulNam><recStatus>A</recStatus><refTaskStatusI18NModels/><resId>3200</resId></r3statyp><r3statyp><r3ActStatCod>ENF100</r3ActStatCod><r3ProcessCode>ENF_COMPLAINT2</r3ProcessCode><servProvCode>BPTDEV</servProvCode><displayInAca>Y</displayInAca><r3ActStatDes>Note</r3ActStatDes><r3ActStatFlg>U</r3ActStatFlg><r3ActTypeDes>Final Notification</r3ActTypeDes><r3MouClockAction>No Action</r3MouClockAction><recDate>2013-04-08T14:53:44-06:00</recDate><recFulNam>Accela Administrator</recFulNam><recStatus>A</recStatus><refTaskStatusI18NModels/><resId>3201</resId></r3statyp><r3statyp><r3ActStatCod>ENF090</r3ActStatCod><r3ProcessCode>ENF_COMPLAINT2</r3ProcessCode><servProvCode>BPTDEV</servProvCode><applicationStatus>Closed</applicationStatus><displayInAca>Y</displayInAca><r3ActStatDes>Notification Sent</r3ActStatDes><r3ActStatFlg>Y</r3ActStatFlg><r3ActTypeDes>Final Notification</r3ActTypeDes><r3MouClockAction>No Action</r3MouClockAction><recDate>2013-04-08T14:53:44-06:00</recDate><recFulNam>Accela Administrator</recFulNam><recStatus>A</recStatus><refTaskStatusI18NModels/><resId>3202</resId></r3statyp><r3statyp><r3ActStatCod>SCODE1</r3ActStatCod><r3ProcessCode>ENF_COMPLAINT2</r3ProcessCode><servProvCode>BPTDEV</servProvCode><displayInAca>Y</displayInAca><r3ActStatDes>Send Email</r3ActStatDes><r3ActStatFlg>U</r3ActStatFlg><r3ActTypeDes>Final Notification</r3ActTypeDes><recDate>2013-04-15T12:49:39-06:00</recDate><recFulNam>Accela Administrator</recFulNam><recStatus>A</recStatus><refTaskStatusI18NModels/></r3statyp><r3statyp><r3ActStatCod>ENF050</r3ActStatCod><r3ProcessCode>ENF_COMPLAINT2</r3ProcessCode><servProvCode>BPTDEV</servProvCode><applicationStatus>Complete-Legal Decision</applicationStatus><displayInAca>Y</displayInAca><r3ActStatDes>Legal Decision</r3ActStatDes><r3ActStatFlg>Y</r3ActStatFlg><r3ActTypeDes>Investigation</r3ActTypeDes><r3MouClockAction>No Action</r3MouClockAction><recDate>2013-04-08T18:48:14-06:00</recDate><recFulNam>Accela Administrator</recFulNam><recStatus>A</recStatus><refTaskStatusI18NModels/><resId>3197</resId></r3statyp><r3statyp><r3ActStatCod>ENF060</r3ActStatCod><r3ProcessCode>ENF_COMPLAINT2</r3ProcessCode><servProvCode>BPTDEV</servProvCode><applicationStatus>Complete-No Violation</applicationStatus><displayInAca>Y</displayInAca><r3ActStatDes>No Violation</r3ActStatDes><r3ActStatFlg>Y</r3ActStatFlg><r3ActTypeDes>Investigation</r3ActTypeDes><r3MouClockAction>No Action</r3MouClockAction><recDate>2013-04-08T14:55:14-06:00</recDate><recFulNam>Accela Administrator</recFulNam><recStatus>A</recStatus><refTaskStatusI18NModels/><resId>3198</resId></r3statyp><r3statyp><r3ActStatCod>ENF070</r3ActStatCod><r3ProcessCode>ENF_COMPLAINT2</r3ProcessCode><servProvCode>BPTDEV</servProvCode><applicationStatus>Complete-Fixed</applicationStatus><displayInAca>Y</displayInAca><r3ActStatDes>Violation Corrected</r3ActStatDes><r3ActStatFlg>Y</r3ActStatFlg><r3ActTypeDes>Investigation</r3ActTypeDes><r3MouClockAction>No Action</r3MouClockAction><recDate>2013-04-08T14:55:14-06:00</recDate><recFulNam>Accela Administrator</recFulNam><recStatus>A</recStatus><refTaskStatusI18NModels/><resId>3199</resId></r3statyp></r3statypModels><securityFlag>ENF_COMPLAINT2/%</securityFlag></virProcess>
<virProcess><r1ProcessCode>ENF_INCIDENT2</r1ProcessCode><servProvCode>BPTDEV</servProvCode><isEmailSettringSelected>Y</isEmailSettringSelected><isSecuritySelected>Y</isSecuritySelected><processEMailSettingModels/><processModels><processModel><r1ProcessCode>ENF_INCIDENT2</r1ProcessCode><sdStpNum>1</sdStpNum><servProvCode>BPTDEV</servProvCode><auditModel><auditDate>2013-04-08T13:59:42-06:00</auditDate><auditID>Accela Administrator</auditID><auditStatus>A</auditStatus></auditModel><calendarId>72</calendarId><sdDueDay>1</sdDueDay><sdNxtId1>013020000000000</sdNxtId1><sdProDes>Case Intake</sdProDes><sdProId1>010000000000000</sdProId1></processModel><processModel><r1ProcessCode>ENF_INCIDENT2</r1ProcessCode><sdStpNum>2</sdStpNum><servProvCode>BPTDEV</servProvCode><auditModel><auditDate>2013-04-08T13:59:42-06:00</auditDate><auditID>Accela Administrator</auditID><auditStatus>A</auditStatus></auditModel><calendarId>72</calendarId><sdDueDay>5</sdDueDay><sdNxtId1>015020000001000</sdNxtId1><sdProDes>Initial Investigation</sdProDes><sdProId1>013000000000000</sdProId1></processModel><processModel><r1ProcessCode>ENF_INCIDENT2</r1ProcessCode><sdStpNum>3</sdStpNum><servProvCode>BPTDEV</servProvCode><auditModel><auditDate>2014-05-21T11:01:16-06:00</auditDate><auditID>Accela Administrator</auditID><auditStatus>A</auditStatus></auditModel><calendarId>72</calendarId><sdNxtId1>017020000000000</sdNxtId1><sdProDes>Follow-Up Investigation</sdProDes><sdProId1>015000000000000</sdProId1></processModel><processModel><r1ProcessCode>ENF_INCIDENT2</r1ProcessCode><sdStpNum>4</sdStpNum><servProvCode>BPTDEV</servProvCode><auditModel><auditDate>2014-05-21T11:01:16-06:00</auditDate><auditID>Accela Administrator</auditID><auditStatus>A</auditStatus></auditModel><calendarId>72</calendarId><sdNxtId1>019020000000000</sdNxtId1><sdProDes>Issue Citation</sdProDes><sdProId1>017000000001000</sdProId1></processModel><processModel><r1ProcessCode>ENF_INCIDENT2</r1ProcessCode><sdStpNum>5</sdStpNum><servProvCode>BPTDEV</servProvCode><auditModel><auditDate>2014-05-21T11:01:16-06:00</auditDate><auditID>Accela Administrator</auditID><auditStatus>A</auditStatus></auditModel><calendarId>72</calendarId><sdNxtId1>020000000000000</sdNxtId1><sdProDes>Route to Legal</sdProDes><sdProId1>019000000000000</sdProId1></processModel><processModel><r1ProcessCode>ENF_INCIDENT2</r1ProcessCode><sdStpNum>6</sdStpNum><servProvCode>BPTDEV</servProvCode><auditModel><auditDate>2013-04-08T13:59:42-06:00</auditDate><auditID>Accela Administrator</auditID><auditStatus>A</auditStatus></auditModel><calendarId>72</calendarId><sdNxtId1>000000000000000</sdNxtId1><sdProDes>Case Closed</sdProDes><sdProId1>020000000000000</sdProId1></processModel></processModels><processSecurityModels/><r3statypModels><r3statyp><r3ActStatCod>SCODE6</r3ActStatCod><r3ProcessCode>ENF_INCIDENT2</r3ProcessCode><servProvCode>BPTDEV</servProvCode><displayInAca>Y</displayInAca><r3ActStatDes>Closed</r3ActStatDes><r3ActStatFlg>Y</r3ActStatFlg><r3ActTypeDes>Case Closed</r3ActTypeDes><recDate>2013-04-08T13:19:33-06:00</recDate><recFulNam>Accela Administrator</recFulNam><recStatus>A</recStatus><refTaskStatusI18NModels/></r3statyp><r3statyp><r3ActStatCod>SCODE18</r3ActStatCod><r3ProcessCode>ENF_INCIDENT2</r3ProcessCode><servProvCode>BPTDEV</servProvCode><displayInAca>Y</displayInAca><r3ActStatDes>Note</r3ActStatDes><r3ActStatFlg>U</r3ActStatFlg><r3ActTypeDes>Case Closed</r3ActTypeDes><recDate>2013-04-08T13:26:46-06:00</recDate><recFulNam>Accela Administrator</recFulNam><recStatus>A</recStatus><refTaskStatusI18NModels/></r3statyp><r3statyp><r3ActStatCod>SCODE1</r3ActStatCod><r3ProcessCode>ENF_INCIDENT2</r3ProcessCode><servProvCode>BPTDEV</servProvCode><applicationStatus>Investigation Pending</applicationStatus><displayInAca>Y</displayInAca><r3ActStatDes>Assigned</r3ActStatDes><r3ActStatFlg>Y</r3ActStatFlg><r3ActTypeDes>Case Intake</r3ActTypeDes><recDate>2013-04-08T13:29:10-06:00</recDate><recFulNam>Accela Administrator</recFulNam><recStatus>A</recStatus><refTaskStatusI18NModels/></r3statyp><r3statyp><r3ActStatCod>SCODE9</r3ActStatCod><r3ProcessCode>ENF_INCIDENT2</r3ProcessCode><servProvCode>BPTDEV</servProvCode><applicationStatus>Duplicate</applicationStatus><displayInAca>Y</displayInAca><r3ActStatDes>Duplicate</r3ActStatDes><r3ActStatFlg>B</r3ActStatFlg><r3ActTypeDes>Case Intake</r3ActTypeDes><recDate>2013-04-08T13:29:10-06:00</recDate><recFulNam>Accela Administrator</recFulNam><recStatus>A</recStatus><refTaskStatusI18NModels/></r3statyp><r3statyp><r3ActStatCod>SCODE15</r3ActStatCod><r3ProcessCode>ENF_INCIDENT2</r3ProcessCode><servProvCode>BPTDEV</servProvCode><displayInAca>Y</displayInAca><r3ActStatDes>Note</r3ActStatDes><r3ActStatFlg>U</r3ActStatFlg><r3ActTypeDes>Case Intake</r3ActTypeDes><recDate>2013-04-08T13:26:46-06:00</recDate><recFulNam>Accela Administrator</recFulNam><recStatus>A</recStatus><refTaskStatusI18NModels/></r3statyp><r3statyp><r3ActStatCod>SCODE8</r3ActStatCod><r3ProcessCode>ENF_INCIDENT2</r3ProcessCode><servProvCode>BPTDEV</servProvCode><applicationStatus>Referred</applicationStatus><displayInAca>Y</displayInAca><r3ActStatDes>Referred</r3ActStatDes><r3ActStatFlg>B</r3ActStatFlg><r3ActTypeDes>Case Intake</r3ActTypeDes><recDate>2013-04-08T13:29:10-06:00</recDate><recFulNam>Accela Administrator</recFulNam><recStatus>A</recStatus><refTaskStatusI18NModels/></r3statyp><r3statyp><r3ActStatCod>SCODE19</r3ActStatCod><r3ProcessCode>ENF_INCIDENT2</r3ProcessCode><servProvCode>BPTDEV</servProvCode><displayInAca>Y</displayInAca><r3ActStatDes>Extension Granted</r3ActStatDes><r3ActStatFlg>U</r3ActStatFlg><r3ActTypeDes>Follow-Up Investigation</r3ActTypeDes><recDate>2013-04-08T13:26:46-06:00</recDate><recFulNam>Accela Administrator</recFulNam><recStatus>A</recStatus><refTaskStatusI18NModels/></r3statyp><r3statyp><r3ActStatCod>SCODE16</r3ActStatCod><r3ProcessCode>ENF_INCIDENT2</r3ProcessCode><servProvCode>BPTDEV</servProvCode><displayInAca>Y</displayInAca><r3ActStatDes>Note</r3ActStatDes><r3ActStatFlg>U</r3ActStatFlg><r3ActTypeDes>Follow-Up Investigation</r3ActTypeDes><recDate>2013-04-08T13:26:46-06:00</recDate><recFulNam>Accela Administrator</recFulNam><recStatus>A</recStatus><refTaskStatusI18NModels/></r3statyp><r3statyp><r3ActStatCod>SCODE3</r3ActStatCod><r3ProcessCode>ENF_INCIDENT2</r3ProcessCode><servProvCode>BPTDEV</servProvCode><applicationStatus>Recommend Citation</applicationStatus><displayInAca>Y</displayInAca><r3ActStatDes>Recommend Citation</r3ActStatDes><r3ActStatFlg>Y</r3ActStatFlg><r3ActTypeDes>Follow-Up Investigation</r3ActTypeDes><recDate>2013-04-08T13:29:10-06:00</recDate><recFulNam>Accela Administrator</recFulNam><recStatus>A</recStatus><refTaskStatusI18NModels/></r3statyp><r3statyp><r3ActStatCod>SCODE20</r3ActStatCod><r3ProcessCode>ENF_INCIDENT2</r3ProcessCode><servProvCode>BPTDEV</servProvCode><applicationStatus>Violation Abated</applicationStatus><displayInAca>Y</displayInAca><r3ActStatDes>Violation Abated</r3ActStatDes><r3ActStatFlg>B</r3ActStatFlg><r3ActTypeDes>Follow-Up Investigation</r3ActTypeDes><recDate>2014-05-21T11:01:16-06:00</recDate><recFulNam>Accela Administrator</recFulNam><recStatus>A</recStatus><refTaskStatusI18NModels/></r3statyp><r3statyp><r3ActStatCod>SCODE11</r3ActStatCod><r3ProcessCode>ENF_INCIDENT2</r3ProcessCode><servProvCode>BPTDEV</servProvCode><applicationStatus>Violation Corrected</applicationStatus><displayInAca>Y</displayInAca><r3ActStatDes>Violation Corrected</r3ActStatDes><r3ActStatFlg>B</r3ActStatFlg><r3ActTypeDes>Follow-Up Investigation</r3ActTypeDes><recDate>2013-04-08T13:29:10-06:00</recDate><recFulNam>Accela Administrator</recFulNam><recStatus>A</recStatus><refTaskStatusI18NModels/></r3statyp><r3statyp><r3ActStatCod>SCODE2</r3ActStatCod><r3ProcessCode>ENF_INCIDENT2</r3ProcessCode><servProvCode>BPTDEV</servProvCode><applicationStatus>In Violation</applicationStatus><displayInAca>Y</displayInAca><r3ActStatDes>In Violation</r3ActStatDes><r3ActStatFlg>Y</r3ActStatFlg><r3ActTypeDes>Initial Investigation</r3ActTypeDes><recDate>2013-04-08T13:29:10-06:00</recDate><recFulNam>Accela Administrator</recFulNam><recStatus>A</recStatus><refTaskStatusI18NModels/></r3statyp><r3statyp><r3ActStatCod>SCODE10</r3ActStatCod><r3ProcessCode>ENF_INCIDENT2</r3ProcessCode><servProvCode>BPTDEV</servProvCode><applicationStatus>No Violation</applicationStatus><displayInAca>Y</displayInAca><r3ActStatDes>No Violation</r3ActStatDes><r3ActStatFlg>B</r3ActStatFlg><r3ActTypeDes>Initial Investigation</r3ActTypeDes><recDate>2013-04-08T13:29:10-06:00</recDate><recFulNam>Accela Administrator</recFulNam><recStatus>A</recStatus><refTaskStatusI18NModels/></r3statyp><r3statyp><r3ActStatCod>SCODE13</r3ActStatCod><r3ProcessCode>ENF_INCIDENT2</r3ProcessCode><servProvCode>BPTDEV</servProvCode><applicationStatus>Recommend Citation</applicationStatus><displayInAca>Y</displayInAca><r3ActStatDes>Recommend Citation</r3ActStatDes><r3ActStatFlg>L</r3ActStatFlg><r3ActTypeDes>Initial Investigation</r3ActTypeDes><recDate>2013-04-08T13:29:10-06:00</recDate><recFulNam>Accela Administrator</recFulNam><recStatus>A</recStatus><refTaskStatusI18NModels/></r3statyp><r3statyp><r3ActStatCod>SCODE4</r3ActStatCod><r3ProcessCode>ENF_INCIDENT2</r3ProcessCode><servProvCode>BPTDEV</servProvCode><applicationStatus>Citation Issued</applicationStatus><displayInAca>Y</displayInAca><r3ActStatDes>Issued</r3ActStatDes><r3ActStatFlg>Y</r3ActStatFlg><r3ActTypeDes>Issue Citation</r3ActTypeDes><recDate>2013-04-08T13:29:10-06:00</recDate><recFulNam>Accela Administrator</recFulNam><recStatus>A</recStatus><refTaskStatusI18NModels/></r3statyp><r3statyp><r3ActStatCod>SCODE17</r3ActStatCod><r3ProcessCode>ENF_INCIDENT2</r3ProcessCode><servProvCode>BPTDEV</servProvCode><displayInAca>Y</displayInAca><r3ActStatDes>Note</r3ActStatDes><r3ActStatFlg>U</r3ActStatFlg><r3ActTypeDes>Issue Citation</r3ActTypeDes><recDate>2013-04-08T13:26:46-06:00</recDate><recFulNam>Accela Administrator</recFulNam><recStatus>A</recStatus><refTaskStatusI18NModels/></r3statyp><r3statyp><r3ActStatCod>SCODE21</r3ActStatCod><r3ProcessCode>ENF_INCIDENT2</r3ProcessCode><servProvCode>BPTDEV</servProvCode><applicationStatus>Violation Abated</applicationStatus><displayInAca>Y</displayInAca><r3ActStatDes>Violation Abated</r3ActStatDes><r3ActStatFlg>B</r3ActStatFlg><r3ActTypeDes>Issue Citation</r3ActTypeDes><recDate>2014-05-21T11:01:16-06:00</recDate><recFulNam>Accela Administrator</recFulNam><recStatus>A</recStatus><refTaskStatusI18NModels/></r3statyp><r3statyp><r3ActStatCod>SCODE12</r3ActStatCod><r3ProcessCode>ENF_INCIDENT2</r3ProcessCode><servProvCode>BPTDEV</servProvCode><applicationStatus>Violation Corrected</applicationStatus><displayInAca>Y</displayInAca><r3ActStatDes>Violation Corrected</r3ActStatDes><r3ActStatFlg>B</r3ActStatFlg><r3ActTypeDes>Issue Citation</r3ActTypeDes><recDate>2013-04-08T13:29:10-06:00</recDate><recFulNam>Accela Administrator</recFulNam><recStatus>A</recStatus><refTaskStatusI18NModels/></r3statyp><r3statyp><r3ActStatCod>SCODE5</r3ActStatCod><r3ProcessCode>ENF_INCIDENT2</r3ProcessCode><servProvCode>BPTDEV</servProvCode><applicationStatus>Closed</applicationStatus><displayInAca>Y</displayInAca><r3ActStatDes>Decision Made</r3ActStatDes><r3ActStatFlg>Y</r3ActStatFlg><r3ActTypeDes>Route to Legal</r3ActTypeDes><recDate>2013-04-08T13:29:10-06:00</recDate><recFulNam>Accela Administrator</recFulNam><recStatus>A</recStatus><refTaskStatusI18NModels/></r3statyp><r3statyp><r3ActStatCod>SCODE7</r3ActStatCod><r3ProcessCode>ENF_INCIDENT2</r3ProcessCode><servProvCode>BPTDEV</servProvCode><displayInAca>Y</displayInAca><r3ActStatDes>Note</r3ActStatDes><r3ActStatFlg>U</r3ActStatFlg><r3ActTypeDes>Route to Legal</r3ActTypeDes><recDate>2013-04-08T13:22:57-06:00</recDate><recFulNam>Accela Administrator</recFulNam><recStatus>A</recStatus><refTaskStatusI18NModels/></r3statyp><r3statyp><r3ActStatCod>SCODE14</r3ActStatCod><r3ProcessCode>ENF_INCIDENT2</r3ProcessCode><servProvCode>BPTDEV</servProvCode><displayInAca>Y</displayInAca><r3ActStatDes>Sent to Legal</r3ActStatDes><r3ActStatFlg>U</r3ActStatFlg><r3ActTypeDes>Route to Legal</r3ActTypeDes><recDate>2013-04-08T13:26:46-06:00</recDate><recFulNam>Accela Administrator</recFulNam><recStatus>A</recStatus><refTaskStatusI18NModels/></r3statyp><r3statyp><r3ActStatCod>SCODE22</r3ActStatCod><r3ProcessCode>ENF_INCIDENT2</r3ProcessCode><servProvCode>BPTDEV</servProvCode><applicationStatus>Violation Abated</applicationStatus><displayInAca>Y</displayInAca><r3ActStatDes>Violation Abated</r3ActStatDes><r3ActStatFlg>Y</r3ActStatFlg><r3ActTypeDes>Route to Legal</r3ActTypeDes><recDate>2014-05-21T11:01:16-06:00</recDate><recFulNam>Accela Administrator</recFulNam><recStatus>A</recStatus><refTaskStatusI18NModels/></r3statyp></r3statypModels><securityFlag>ENF_INCIDENT2/%</securityFlag></virProcess>
<virProcess><r1ProcessCode>NONE</r1ProcessCode><servProvCode>BPTDEV</servProvCode><isEmailSettringSelected>Y</isEmailSettringSelected><isSecuritySelected>Y</isSecuritySelected><processEMailSettingModels/><processModels><processModel><r1ProcessCode>NONE</r1ProcessCode><sdStpNum>1</sdStpNum><servProvCode>BPTDEV</servProvCode><asgnAgencyCode>BUILDING</asgnAgencyCode><asgnBureauCode>NA</asgnBureauCode><asgnDivisionCode>NA</asgnDivisionCode><asgnGroupCode>NA</asgnGroupCode><asgnOfficeCode>NA</asgnOfficeCode><asgnSectionCode>NA</asgnSectionCode><auditModel><auditDate>2012-02-29T10:35:34-07:00</auditDate><auditID>ADMIN</auditID><auditStatus>A</auditStatus></auditModel><displayInAca>N</displayInAca><hoursSpentRequired>N</hoursSpentRequired><sdChkLv5>A</sdChkLv5><sdDueDay>0</sdDueDay><sdNxtId1>000000000000000</sdNxtId1><sdProDes>No Workflow Required</sdProDes><sdProId1>010000000000000</sdProId1></processModel></processModels><processSecurityModels/><r3statypModels/><securityFlag>NONE/%</securityFlag></virProcess>
</list>