<?xml version="1.0" encoding="UTF-8" standalone="yes"?>
<list  version="8.0.0" minorVersion="15" exportUser="ADMIN" exportDateTime="03/30/2016 08:45 PM" description="null"><workflow><parentProcessID>0</parentProcessID><serviceProviderCode>BPTDEV</serviceProviderCode><stepNumber>0</stepNumber><workflowName>ENF_COMPLAINT2</workflowName><isSubProcessSelected>Y</isSubProcessSelected><processCode>ENF_COMPLAINT2</processCode><refProcessRelationI18NModels/><recDate>2014-05-20T13:45:22-06:00</recDate><recFulNam>Accela Administrator</recFulNam><recStatus>I</recStatus><relationSeqId>12693</relationSeqId><resId>193</resId><subProcessModels/></workflow>
<workflow><parentProcessID>0</parentProcessID><serviceProviderCode>BPTDEV</serviceProviderCode><stepNumber>0</stepNumber><workflowName>ENF_INCIDENT2</workflowName><isSubProcessSelected>Y</isSubProcessSelected><processCode>ENF_INCIDENT2</processCode><refProcessRelationI18NModels/><recDate>2014-05-21T11:24:13-06:00</recDate><recFulNam>Accela Administrator</recFulNam><recStatus>A</recStatus><relationSeqId>12692</relationSeqId><resId>192</resId><subProcessModels/><taskActivation>I</taskActivation></workflow>
<workflow><parentProcessID>0</parentProcessID><serviceProviderCode>BPTDEV</serviceProviderCode><stepNumber>0</stepNumber><workflowName>NONE</workflowName><isSubProcessSelected>Y</isSubProcessSelected><processCode>NONE</processCode><refProcessRelationI18NModels/><recDate>2011-12-12T18:33:09-07:00</recDate><recFulNam>ADMIN</recFulNam><recStatus>A</recStatus><relationSeqId>12</relationSeqId><subProcessModels/></workflow>
</list>