<?xml version="1.0" encoding="UTF-8" standalone="yes"?>
<list  version="8.0.0" minorVersion="21" exportUser="ADMIN" exportDateTime="07/28/2016 05:27 AM" description="null"><snoteContents><contentsCode>BLD_ACCEPTED</contentsCode><serviceProviderCode>MUNI1</serviceProviderCode><contentsBody>Your application $PERMITID$ has been received and accepted for review.  You can track the progress of your application online. &#xD;
&#xD;
Comment:  $TASKCOMMENTS$&#xD;
Address:  $PERMITADDR$&#xD;
Description:  $PERMITWRKDESC$&#xD;
&#xD;
</contentsBody><contentsSubject>Application $PERMITID$ accepted for review</contentsSubject><contentsType>PMT_ACCEPTED</contentsType><recDate>2013-04-18T12:48:58-07:00</recDate><recFulNam>ADMIN</recFulNam><recStatus>A</recStatus><refEmailMessageI18NModels/></snoteContents>
<snoteContents><contentsCode>BLD_READY</contentsCode><serviceProviderCode>MUNI1</serviceProviderCode><contentsBody>Your permit application $PERMITID$ has been approved and is ready to be issued.  You can view the status of your application and find out if any additional fees are due online. &#xD;
&#xD;
Comment:  $TASKCOMMENTS$&#xD;
Address:  $PERMITADDR$&#xD;
Description:  $PERMITWRKDESC$&#xD;
&#xD;
</contentsBody><contentsSubject>Your permit application $PERMITID$ has been approved</contentsSubject><contentsType>PMT_READY</contentsType><recDate>2013-04-18T12:57:57-07:00</recDate><recFulNam>ADMIN</recFulNam><recStatus>A</recStatus><refEmailMessageI18NModels/></snoteContents>
<snoteContents><contentsCode>BLD_REVISIONS</contentsCode><serviceProviderCode>MUNI1</serviceProviderCode><contentsBody>Your plans related to permit application $PERMITID$ have been returned for revisions.  You can review comments online.&#xD;
&#xD;
Comment:  $TASKCOMMENTS$&#xD;
Address:  $PERMITADDR$&#xD;
Description:  $PERMITWRKDESC$&#xD;
&#xD;
</contentsBody><contentsSubject>Permit Application $PERMITID$ - Revisions required</contentsSubject><contentsType>PMT_REVISIONS</contentsType><recDate>2014-05-19T11:17:13-07:00</recDate><recFulNam>ADMIN</recFulNam><recStatus>A</recStatus><refEmailMessageI18NModels/></snoteContents>
<snoteContents><contentsCode>BLD_ISSUED</contentsCode><serviceProviderCode>MUNI1</serviceProviderCode><contentsBody>Your permit application $PERMITID$ has been issued.  You can view the details and schedule inspections online. &#xD;
&#xD;
Comment:  $TASKCOMMENTS$&#xD;
Address:  $PERMITADDR$&#xD;
Description:  $PERMITWRKDESC$&#xD;
</contentsBody><contentsSubject>Your permit $PERMITID$ has been issued</contentsSubject><contentsType>PMT_ISSUED</contentsType><recDate>2014-05-19T11:16:58-07:00</recDate><recFulNam>ADMIN</recFulNam><recStatus>A</recStatus><refEmailMessageI18NModels/></snoteContents>
<snoteContents><contentsCode>BLD_CO</contentsCode><serviceProviderCode>MUNI1</serviceProviderCode><contentsBody>Your Certificate of Occupancy has been issued for permit $PERMITID$.  You can view the details online. &#xD;
&#xD;
Comment:  $TASKCOMMENTS$&#xD;
Address:  $PERMITADDR$&#xD;
Description:  $PERMITWRKDESC$&#xD;
</contentsBody><contentsSubject>Your Certificate of Occupancy has been issued</contentsSubject><contentsType>PMT_CO</contentsType><recDate>2014-05-27T15:29:06-07:00</recDate><recFulNam>ADMIN</recFulNam><recStatus>A</recStatus><refEmailMessageI18NModels/></snoteContents>
<snoteContents><contentsCode>BLD_TCO</contentsCode><serviceProviderCode>MUNI1</serviceProviderCode><contentsBody>Your Temp Certificate of Occupancy has been issued for permit $PERMITID$.  You can view the details online. &#xD;
&#xD;
Comment:  $TASKCOMMENTS$&#xD;
Address:  $PERMITADDR$&#xD;
Description:  $PERMITWRKDESC$&#xD;
</contentsBody><contentsSubject>Your Temp Certificate of Occupancy has been issued</contentsSubject><contentsType>PMT_TCO</contentsType><recDate>2014-05-27T15:27:22-07:00</recDate><recFulNam>ADMIN</recFulNam><recStatus>A</recStatus><refEmailMessageI18NModels/></snoteContents>
<snoteContents><contentsCode>BLD_FINALED</contentsCode><serviceProviderCode>MUNI1</serviceProviderCode><contentsBody>The final inspection on your permit $PERMITID$ has been Approved.  You can view the details online. &#xD;
&#xD;
Comment:  $TASKCOMMENTS$&#xD;
Address:  $PERMITADDR$&#xD;
Description:  $PERMITWRKDESC$&#xD;
</contentsBody><contentsSubject>Your permit $PERMITID$ has been finaled</contentsSubject><contentsType>PMT_FINALED</contentsType><recDate>2014-05-27T14:34:12-07:00</recDate><recFulNam>ADMIN</recFulNam><recStatus>A</recStatus><refEmailMessageI18NModels/></snoteContents>
<snoteContents><contentsCode>BLD_EXPIRED</contentsCode><serviceProviderCode>MUNI1</serviceProviderCode><contentsBody>Your permit $PERMITID$ has Expired.  Please contact us for information on how to proceed. &#xD;
&#xD;
Comment:  $TASKCOMMENTS$&#xD;
Address:  $PERMITADDR$&#xD;
Description:  $PERMITWRKDESC$&#xD;
</contentsBody><contentsSubject>Your permit $PERMITID$ has expired</contentsSubject><contentsType>PMT_EXPIRED</contentsType><recDate>2014-05-27T14:35:38-07:00</recDate><recFulNam>ADMIN</recFulNam><recStatus>A</recStatus><refEmailMessageI18NModels/></snoteContents>
<snoteContents><contentsCode>LIC_ISSUED</contentsCode><serviceProviderCode>MUNI1</serviceProviderCode><contentsBody>This is to notify you that your license application has been approved for issuance.  </contentsBody><contentsSubject>Your application $PERMITID$ has been approved</contentsSubject><contentsType>LIC_ISSUED</contentsType><recDate>2014-03-11T10:36:28-07:00</recDate><recFulNam>ADMIN</recFulNam><recStatus>A</recStatus><refEmailMessageI18NModels/></snoteContents>
</list>