<?xml version="1.0" encoding="UTF-8" standalone="yes"?>
<list  version="8.0.0" minorVersion="21" exportUser="ADMIN" exportDateTime="07/28/2016 05:27 AM" description="null"><refDocument refId="1@RefDocumentModel"><docCode>BLD</docCode><docSeqNumber>11</docSeqNumber><serviceProviderCode>MUNI1</serviceProviderCode><auditModel><auditDate>2013-04-18T12:43:52-07:00</auditDate><auditID>ADMIN</auditID><auditStatus>A</auditStatus></auditModel><autoDownload>N</autoDownload><deleteRole>0000000000</deleteRole><XDocEntityTypes/><documentComment> </documentComment><refDocumentI18NModels/><documentType>Email</documentType><documentsecurityModels/><restrictDocTypeForACA>Y</restrictDocTypeForACA><titleRestrictRole>0111000000</titleRestrictRole><uploadRole>0000000000</uploadRole><viewRole>0111000000</viewRole></refDocument>
<refDocument refId="1@RefDocumentModel"><docCode>BLD</docCode><docSeqNumber>19</docSeqNumber><serviceProviderCode>MUNI1</serviceProviderCode><auditModel><auditDate>2013-04-02T14:37:39-07:00</auditDate><auditID>ADMIN</auditID><auditStatus>A</auditStatus></auditModel><autoDownload>N</autoDownload><deleteRole>0000000000</deleteRole><XDocEntityTypes/><documentComment> </documentComment><refDocumentI18NModels/><documentType>Permit</documentType><documentsecurityModels/><restrictDocTypeForACA>Y</restrictDocTypeForACA><titleRestrictRole>0111000000</titleRestrictRole><uploadRole>0000000000</uploadRole><viewRole>0111000000</viewRole></refDocument>
<refDocument refId="1@RefDocumentModel"><docCode>BLD</docCode><docSeqNumber>30</docSeqNumber><serviceProviderCode>MUNI1</serviceProviderCode><auditModel><auditDate>2013-04-02T15:47:03-07:00</auditDate><auditID>ADMIN</auditID><auditStatus>A</auditStatus></auditModel><autoDownload>N</autoDownload><deleteRole>0000000000</deleteRole><XDocEntityTypes/><documentComment> </documentComment><refDocumentI18NModels/><documentType>Certificate of Occupancy</documentType><documentsecurityModels/><restrictDocTypeForACA>Y</restrictDocTypeForACA><titleRestrictRole>0111000000</titleRestrictRole><uploadRole>0000000000</uploadRole><viewRole>0111000000</viewRole></refDocument>
<refDocument refId="1@RefDocumentModel"><docCode>BLD</docCode><docSeqNumber>43</docSeqNumber><serviceProviderCode>MUNI1</serviceProviderCode><auditModel><auditDate>2013-04-09T14:23:49-07:00</auditDate><auditID>ADMIN</auditID><auditStatus>A</auditStatus></auditModel><autoDownload>N</autoDownload><deleteRole>0000000000</deleteRole><XDocEntityTypes/><docStatusGroup>DOCUMENT STATUS</docStatusGroup><documentComment> </documentComment><refDocumentI18NModels/><documentType>Site Plans</documentType><documentsecurityModels/><restrictDocTypeForACA>Y</restrictDocTypeForACA><reviewStatusGroup>DOCUMENT REVIEW STATUS</reviewStatusGroup><titleRestrictRole>0111000000</titleRestrictRole><uploadRole>0000000000</uploadRole><viewRole>0111000000</viewRole></refDocument>
<refDocument refId="1@RefDocumentModel"><docCode>BLD</docCode><docSeqNumber>45</docSeqNumber><serviceProviderCode>MUNI1</serviceProviderCode><auditModel><auditDate>2013-04-09T14:23:18-07:00</auditDate><auditID>ADMIN</auditID><auditStatus>A</auditStatus></auditModel><autoDownload>N</autoDownload><deleteRole>0000000000</deleteRole><XDocEntityTypes/><docStatusGroup>DOCUMENT STATUS</docStatusGroup><documentComment> </documentComment><refDocumentI18NModels/><documentType>Construction Plans</documentType><documentsecurityModels/><restrictDocTypeForACA>Y</restrictDocTypeForACA><reviewStatusGroup>DOCUMENT REVIEW STATUS</reviewStatusGroup><titleRestrictRole>0111000000</titleRestrictRole><uploadRole>0000000000</uploadRole><viewRole>0111000000</viewRole></refDocument>
<refDocument refId="1@RefDocumentModel"><docCode>BLD</docCode><docSeqNumber>46</docSeqNumber><serviceProviderCode>MUNI1</serviceProviderCode><auditModel><auditDate>2013-04-09T14:23:34-07:00</auditDate><auditID>ADMIN</auditID><auditStatus>A</auditStatus></auditModel><autoDownload>N</autoDownload><deleteRole>0000000000</deleteRole><XDocEntityTypes/><docStatusGroup>DOCUMENT STATUS</docStatusGroup><documentComment> </documentComment><refDocumentI18NModels/><documentType>Plans</documentType><documentsecurityModels/><restrictDocTypeForACA>Y</restrictDocTypeForACA><reviewStatusGroup>DOCUMENT REVIEW STATUS</reviewStatusGroup><titleRestrictRole>0111000000</titleRestrictRole><uploadRole>0000000000</uploadRole><viewRole>0111000000</viewRole></refDocument>
<refDocument refId="1@RefDocumentModel"><docCode>BLD</docCode><docSeqNumber>47</docSeqNumber><serviceProviderCode>MUNI1</serviceProviderCode><auditModel><auditDate>2013-04-02T15:58:43-07:00</auditDate><auditID>ADMIN</auditID><auditStatus>A</auditStatus></auditModel><autoDownload>N</autoDownload><deleteRole>0000000000</deleteRole><XDocEntityTypes/><documentComment> </documentComment><refDocumentI18NModels/><documentType>Photos</documentType><documentsecurityModels/><restrictDocTypeForACA>Y</restrictDocTypeForACA><titleRestrictRole>0111000000</titleRestrictRole><uploadRole>0000000000</uploadRole><viewRole>0111000000</viewRole></refDocument>
<refDocument refId="1@RefDocumentModel"><docCode>BLD</docCode><docSeqNumber>48</docSeqNumber><serviceProviderCode>MUNI1</serviceProviderCode><auditModel><auditDate>2013-04-02T15:58:52-07:00</auditDate><auditID>ADMIN</auditID><auditStatus>A</auditStatus></auditModel><autoDownload>N</autoDownload><deleteRole>0000000000</deleteRole><XDocEntityTypes/><documentComment> </documentComment><refDocumentI18NModels/><documentType>Correspondence</documentType><documentsecurityModels/><restrictDocTypeForACA>Y</restrictDocTypeForACA><titleRestrictRole>0111000000</titleRestrictRole><uploadRole>0000000000</uploadRole><viewRole>0111000000</viewRole></refDocument>
<refDocument refId="1@RefDocumentModel"><docCode>BLD</docCode><docSeqNumber>49</docSeqNumber><serviceProviderCode>MUNI1</serviceProviderCode><auditModel><auditDate>2013-04-02T15:59:01-07:00</auditDate><auditID>ADMIN</auditID><auditStatus>A</auditStatus></auditModel><autoDownload>N</autoDownload><deleteRole>0000000000</deleteRole><XDocEntityTypes/><documentComment> </documentComment><refDocumentI18NModels/><documentType>Document</documentType><documentsecurityModels/><restrictDocTypeForACA>Y</restrictDocTypeForACA><titleRestrictRole>0111000000</titleRestrictRole><uploadRole>0000000000</uploadRole><viewRole>0111000000</viewRole></refDocument>
</list>