<?xml version="1.0" encoding="UTF-8" standalone="yes"?>
<list  version="8.0.0" minorVersion="21" exportUser="ADMIN" exportDateTime="07/28/2016 05:27 AM" description="null"><refFeeSchedule refId="1@RefFeeScheduleModel"><serviceProviderCode>MUNI1</serviceProviderCode><feeScheduleName>BLD_GENERAL</feeScheduleName><feeScheduleVersion>V1.0</feeScheduleVersion><auditModel><auditDate>2013-05-03T15:35:41-07:00</auditDate><auditID>AGENCYADMIN</auditID><auditStatus>A</auditStatus></auditModel><effDate>2011-12-31T23:00:00-08:00</effDate><refFeeItemModels><refFeeItem refId="2@RefFeeItemModel"><serviceProviderCode>MUNI1</serviceProviderCode><feeScheduleName>BLD_GENERAL</feeScheduleName><feeScheduleVersion>V1.0</feeScheduleVersion><feeCod>BLD_010</feeCod><paymentPeriod>FINAL</paymentPeriod><acaRequiredFlag>N</acaRequiredFlag><accCodeL1>Administrative Fee</accCodeL1><auditModel><auditDate>2013-05-03T15:35:41-07:00</auditDate><auditID>AGENCYADMIN</auditID><auditStatus>A</auditStatus></auditModel><autoAssessFlag>N</autoAssessFlag><autoInvoicedFlag>Y</autoInvoicedFlag><calProc>CONSTANT</calProc><crDr>D</crDr><defaultFlag>R</defaultFlag><display>10</display><displayOrder>10</displayOrder><feeCodeStatus>A</feeCodeStatus><feeDecisionModel/><feeDes>Administrative Fee</feeDes><refFeeItemI18NModels/><formula>1</formula><negativeFeeFlag>N</negativeFeeFlag><netFeeFlag>N</netFeeFlag><refFeeCalcModels/><refPaymentPeriodModel refId="3@RefPaymentPeriodModel"><gfFeePeriod>FINAL</gfFeePeriod><serviceProviderCode>MUNI1</serviceProviderCode><auditModel><auditDate>2007-07-19T07:22:35-07:00</auditDate><auditID>ADMIN</auditID><auditStatus>A</auditStatus></auditModel><displayOrder>10</displayOrder><refPaymentPeriodI18NModels/><resId>136</resId></refPaymentPeriodModel><roundFeeFlag>N</roundFeeFlag><roundFeeType>UP</roundFeeType><udes>Dollar Amt</udes><unitDescModel refId="4@StandardChoiceModel"><name>UNIT DESC</name><serviceProviderCode>MUNI1</serviceProviderCode><auditModel><auditDate>2014-09-07T21:55:09-07:00</auditDate><auditID>ADMIN</auditID><auditStatus>A</auditStatus></auditModel><description>Used for fee item units</description><standardChoiceValueModels><standardChoiceValue refId="5@StandardChoiceValueModel"><sequenceNBR>2321</sequenceNBR><serviceProviderCode>MUNI1</serviceProviderCode><auditModel><auditDate>2015-10-29T05:03:00-07:00</auditDate><auditID>ADMIN</auditID><auditStatus>A</auditStatus></auditModel><standardChoiceName>UNIT DESC</standardChoiceName><standardChoiceValueI18NModels/><value>AMT</value></standardChoiceValue><standardChoiceValue refId="6@StandardChoiceValueModel"><sequenceNBR>2316</sequenceNBR><serviceProviderCode>MUNI1</serviceProviderCode><auditModel><auditDate>2014-09-08T11:55:09-07:00</auditDate><auditID>ADMIN</auditID><auditStatus>A</auditStatus></auditModel><standardChoiceName>UNIT DESC</standardChoiceName><standardChoiceValueI18NModels/><value>Days</value></standardChoiceValue><standardChoiceValue refId="7@StandardChoiceValueModel"><sequenceNBR>2317</sequenceNBR><serviceProviderCode>MUNI1</serviceProviderCode><auditModel><auditDate>2014-09-08T11:55:22-07:00</auditDate><auditID>ADMIN</auditID><auditStatus>A</auditStatus></auditModel><standardChoiceName>UNIT DESC</standardChoiceName><standardChoiceValueI18NModels/><value>Dollar Amt</value></standardChoiceValue><standardChoiceValue refId="8@StandardChoiceValueModel"><sequenceNBR>2318</sequenceNBR><serviceProviderCode>MUNI1</serviceProviderCode><auditModel><auditDate>2014-09-08T11:55:32-07:00</auditDate><auditID>ADMIN</auditID><auditStatus>A</auditStatus></auditModel><standardChoiceName>UNIT DESC</standardChoiceName><standardChoiceValueI18NModels/><value>Each</value></standardChoiceValue><standardChoiceValue refId="9@StandardChoiceValueModel"><sequenceNBR>2319</sequenceNBR><serviceProviderCode>MUNI1</serviceProviderCode><auditModel><auditDate>2014-09-08T11:55:43-07:00</auditDate><auditID>ADMIN</auditID><auditStatus>A</auditStatus></auditModel><standardChoiceName>UNIT DESC</standardChoiceName><standardChoiceValueI18NModels/><value>Enter 1</value></standardChoiceValue><standardChoiceValue refId="10@StandardChoiceValueModel"><sequenceNBR>2320</sequenceNBR><serviceProviderCode>MUNI1</serviceProviderCode><auditModel><auditDate>2014-09-08T11:55:53-07:00</auditDate><auditID>ADMIN</auditID><auditStatus>A</auditStatus></auditModel><standardChoiceName>UNIT DESC</standardChoiceName><standardChoiceValueI18NModels/><value>Persons</value></standardChoiceValue></standardChoiceValueModels><type>SystemSwitch</type><valueSize>0</valueSize></unitDescModel></refFeeItem><refFeeItem refId="11@RefFeeItemModel"><serviceProviderCode>MUNI1</serviceProviderCode><feeScheduleName>BLD_GENERAL</feeScheduleName><feeScheduleVersion>V1.0</feeScheduleVersion><feeCod>BLD_020</feeCod><paymentPeriod>FINAL</paymentPeriod><acaRequiredFlag>N</acaRequiredFlag><accCodeL1>Technology Fee</accCodeL1><auditModel><auditDate>2013-05-03T15:35:41-07:00</auditDate><auditID>AGENCYADMIN</auditID><auditStatus>A</auditStatus></auditModel><autoAssessFlag>N</autoAssessFlag><autoInvoicedFlag>Y</autoInvoicedFlag><calProc>CONSTANT</calProc><crDr>D</crDr><defaultFlag>R</defaultFlag><display>20</display><displayOrder>20</displayOrder><feeCodeStatus>A</feeCodeStatus><feeDecisionModel/><feeDes>Technology Fee</feeDes><refFeeItemI18NModels/><formula>1</formula><negativeFeeFlag>N</negativeFeeFlag><netFeeFlag>N</netFeeFlag><refFeeCalcModels/><refPaymentPeriodModel refFlag="Y" refId="3@RefPaymentPeriodModel"/><roundFeeFlag>N</roundFeeFlag><roundFeeType>UP</roundFeeType><udes>Dollar Amt</udes><unitDescModel refFlag="Y" refId="4@StandardChoiceModel"/></refFeeItem><refFeeItem refId="12@RefFeeItemModel"><serviceProviderCode>MUNI1</serviceProviderCode><feeScheduleName>BLD_GENERAL</feeScheduleName><feeScheduleVersion>V1.0</feeScheduleVersion><feeCod>BLD_030</feeCod><paymentPeriod>FINAL</paymentPeriod><acaRequiredFlag>N</acaRequiredFlag><accCodeL1>Plan Check Fee</accCodeL1><auditModel><auditDate>2013-05-03T15:35:41-07:00</auditDate><auditID>AGENCYADMIN</auditID><auditStatus>A</auditStatus></auditModel><autoAssessFlag>N</autoAssessFlag><autoInvoicedFlag>Y</autoInvoicedFlag><calProc>CONSTANT</calProc><crDr>D</crDr><defaultFlag>R</defaultFlag><display>30</display><displayOrder>30</displayOrder><feeCodeStatus>A</feeCodeStatus><feeDecisionModel/><feeDes>Plan Check Fee</feeDes><refFeeItemI18NModels/><formula>1</formula><negativeFeeFlag>N</negativeFeeFlag><netFeeFlag>N</netFeeFlag><refFeeCalcModels/><refPaymentPeriodModel refFlag="Y" refId="3@RefPaymentPeriodModel"/><roundFeeFlag>N</roundFeeFlag><roundFeeType>UP</roundFeeType><udes>Dollar Amt</udes><unitDescModel refFlag="Y" refId="4@StandardChoiceModel"/></refFeeItem><refFeeItem refId="13@RefFeeItemModel"><serviceProviderCode>MUNI1</serviceProviderCode><feeScheduleName>BLD_GENERAL</feeScheduleName><feeScheduleVersion>V1.0</feeScheduleVersion><feeCod>BLD_040</feeCod><paymentPeriod>FINAL</paymentPeriod><acaRequiredFlag>N</acaRequiredFlag><accCodeL1>Permit Fee</accCodeL1><auditModel><auditDate>2013-05-03T15:35:41-07:00</auditDate><auditID>AGENCYADMIN</auditID><auditStatus>A</auditStatus></auditModel><autoAssessFlag>N</autoAssessFlag><autoInvoicedFlag>Y</autoInvoicedFlag><calProc>CONSTANT</calProc><crDr>D</crDr><defaultFlag>R</defaultFlag><display>40</display><displayOrder>40</displayOrder><feeCodeStatus>A</feeCodeStatus><feeDecisionModel/><feeDes>Permit Fee</feeDes><refFeeItemI18NModels/><formula>1</formula><negativeFeeFlag>N</negativeFeeFlag><netFeeFlag>N</netFeeFlag><refFeeCalcModels/><refPaymentPeriodModel refFlag="Y" refId="3@RefPaymentPeriodModel"/><roundFeeFlag>N</roundFeeFlag><roundFeeType>UP</roundFeeType><udes>Dollar Amt</udes><unitDescModel refFlag="Y" refId="4@StandardChoiceModel"/></refFeeItem><refFeeItem refId="14@RefFeeItemModel"><serviceProviderCode>MUNI1</serviceProviderCode><feeScheduleName>BLD_GENERAL</feeScheduleName><feeScheduleVersion>V1.0</feeScheduleVersion><feeCod>BLD_050</feeCod><paymentPeriod>FINAL</paymentPeriod><acaRequiredFlag>N</acaRequiredFlag><accCodeL1>Violation Fee</accCodeL1><auditModel><auditDate>2013-05-03T15:35:41-07:00</auditDate><auditID>AGENCYADMIN</auditID><auditStatus>A</auditStatus></auditModel><autoAssessFlag>N</autoAssessFlag><autoInvoicedFlag>Y</autoInvoicedFlag><calProc>CONSTANT</calProc><crDr>D</crDr><defaultFlag>R</defaultFlag><display>50</display><displayOrder>50</displayOrder><feeCodeStatus>A</feeCodeStatus><feeDecisionModel/><feeDes>Violation Fee (Penalty Fee)</feeDes><refFeeItemI18NModels/><formula>1</formula><negativeFeeFlag>N</negativeFeeFlag><netFeeFlag>N</netFeeFlag><refFeeCalcModels/><refPaymentPeriodModel refFlag="Y" refId="3@RefPaymentPeriodModel"/><roundFeeFlag>N</roundFeeFlag><roundFeeType>UP</roundFeeType><udes>Dollar Amt</udes><unitDescModel refFlag="Y" refId="4@StandardChoiceModel"/></refFeeItem><refFeeItem refId="15@RefFeeItemModel"><serviceProviderCode>MUNI1</serviceProviderCode><feeScheduleName>BLD_GENERAL</feeScheduleName><feeScheduleVersion>V1.0</feeScheduleVersion><feeCod>BLD_060</feeCod><paymentPeriod>FINAL</paymentPeriod><acaRequiredFlag>N</acaRequiredFlag><accCodeL1>Re-Inspection Fee</accCodeL1><auditModel><auditDate>2013-05-03T15:35:41-07:00</auditDate><auditID>AGENCYADMIN</auditID><auditStatus>A</auditStatus></auditModel><autoAssessFlag>N</autoAssessFlag><autoInvoicedFlag>Y</autoInvoicedFlag><calProc>CONSTANT</calProc><crDr>D</crDr><defaultFlag>R</defaultFlag><display>60</display><displayOrder>60</displayOrder><feeCodeStatus>A</feeCodeStatus><feeDecisionModel/><feeDes>Re-Inspection Fee</feeDes><refFeeItemI18NModels/><formula>1</formula><negativeFeeFlag>N</negativeFeeFlag><netFeeFlag>N</netFeeFlag><refFeeCalcModels/><refPaymentPeriodModel refFlag="Y" refId="3@RefPaymentPeriodModel"/><roundFeeFlag>N</roundFeeFlag><roundFeeType>UP</roundFeeType><udes>Dollar Amt</udes><unitDescModel refFlag="Y" refId="4@StandardChoiceModel"/></refFeeItem></refFeeItemModels><refFeeScheduleI18NModels/><feeScheduleModuleModels/><refFeeItemgroups/></refFeeSchedule>
</list>