<?xml version="1.0" encoding="UTF-8" standalone="yes"?>
<list  version="8.0.0" minorVersion="21" exportUser="ADMIN" exportDateTime="07/28/2016 05:27 AM" description="null"><sequence refId="1@SequenceModel"><name>Default</name><serviceProviderCode>MUNI1</serviceProviderCode><type>Cap Key</type><auditModel><auditDate>2011-06-06T10:25:34-07:00</auditDate><auditID>SYSTEM</auditID><auditStatus>A</auditStatus></auditModel><cacheSize>1</cacheSize><description>Default Cap Key</description><increaseValue>1</increaseValue><intervalType>CY</intervalType><minValue>1</minValue><resetAction>E</resetAction><resetValue>60466175</resetValue><sequenceIntervalModels><sequenceInterval><intervalName>CY2011</intervalName><sequenceName>Default</sequenceName><sequenceType>Cap Key</sequenceType><serviceProviderCode>MUNI1</serviceProviderCode><auditModel><auditDate>2011-12-29T11:44:35-08:00</auditDate><auditID>SYSTEM@(*&amp;$@#</auditID><auditStatus>A</auditStatus></auditModel><lastSequenceNbr>0</lastSequenceNbr></sequenceInterval><sequenceInterval><intervalName>CY2012</intervalName><sequenceName>Default</sequenceName><sequenceType>Cap Key</sequenceType><serviceProviderCode>MUNI1</serviceProviderCode><auditModel><auditDate>2012-09-17T08:40:48-07:00</auditDate><auditID>SYSTEM@(*&amp;$@#</auditID><auditStatus>A</auditStatus></auditModel><lastSequenceNbr>0</lastSequenceNbr></sequenceInterval><sequenceInterval><intervalName>CY2013</intervalName><sequenceName>Default</sequenceName><sequenceType>Cap Key</sequenceType><serviceProviderCode>MUNI1</serviceProviderCode><auditModel><auditDate>2013-12-02T13:57:50-08:00</auditDate><auditID>SYSTEM@(*&amp;$@#</auditID><auditStatus>A</auditStatus></auditModel><lastSequenceNbr>0</lastSequenceNbr></sequenceInterval><sequenceInterval><intervalName>CY2014</intervalName><sequenceName>Default</sequenceName><sequenceType>Cap Key</sequenceType><serviceProviderCode>MUNI1</serviceProviderCode><auditModel><auditDate>2014-09-22T11:54:31-07:00</auditDate><auditID>SYSTEM@(*&amp;$@#</auditID><auditStatus>A</auditStatus></auditModel><lastSequenceNbr>0</lastSequenceNbr></sequenceInterval><sequenceInterval><intervalName>CY2015</intervalName><sequenceName>Default</sequenceName><sequenceType>Cap Key</sequenceType><serviceProviderCode>MUNI1</serviceProviderCode><auditModel><auditDate>2015-12-17T14:58:44-08:00</auditDate><auditID>SYSTEM@(*&amp;$@#</auditID><auditStatus>A</auditStatus></auditModel><lastSequenceNbr>0</lastSequenceNbr></sequenceInterval><sequenceInterval><intervalName>CY2016</intervalName><sequenceName>Default</sequenceName><sequenceType>Cap Key</sequenceType><serviceProviderCode>MUNI1</serviceProviderCode><auditModel><auditDate>2016-07-12T05:52:51.750-07:00</auditDate><auditID>SYSTEM@(*&amp;$@#</auditID><auditStatus>A</auditStatus></auditModel><lastSequenceNbr>32</lastSequenceNbr></sequenceInterval></sequenceIntervalModels></sequence>
<sequence refId="1@SequenceModel"><name>Building///</name><serviceProviderCode>MUNI1</serviceProviderCode><type>Cap ID</type><auditModel><auditDate>2013-03-14T08:49:59-07:00</auditDate><auditID>SYSTEM</auditID><auditStatus>A</auditStatus></auditModel><cacheSize>1</cacheSize><description> </description><increaseValue>1</increaseValue><intervalType>CY</intervalType><minValue>1</minValue><resetAction>E</resetAction><resetValue>99999</resetValue><sequenceIntervalModels><sequenceInterval><intervalName>CY2013</intervalName><sequenceName>Building///</sequenceName><sequenceType>Cap ID</sequenceType><serviceProviderCode>MUNI1</serviceProviderCode><auditModel><auditDate>2013-11-13T09:11:58-08:00</auditDate><auditID>SYSTEM@(*&amp;$@#</auditID><auditStatus>A</auditStatus></auditModel><lastSequenceNbr>0</lastSequenceNbr></sequenceInterval><sequenceInterval><intervalName>CY2014</intervalName><sequenceName>Building///</sequenceName><sequenceType>Cap ID</sequenceType><serviceProviderCode>MUNI1</serviceProviderCode><auditModel><auditDate>2014-09-09T16:13:44-07:00</auditDate><auditID>SYSTEM@(*&amp;$@#</auditID><auditStatus>A</auditStatus></auditModel><lastSequenceNbr>0</lastSequenceNbr></sequenceInterval><sequenceInterval><intervalName>CY2015</intervalName><sequenceName>Building///</sequenceName><sequenceType>Cap ID</sequenceType><serviceProviderCode>MUNI1</serviceProviderCode><auditModel><auditDate>2015-11-05T15:04:55-08:00</auditDate><auditID>SYSTEM@(*&amp;$@#</auditID><auditStatus>A</auditStatus></auditModel><lastSequenceNbr>0</lastSequenceNbr></sequenceInterval><sequenceInterval><intervalName>CY2016</intervalName><sequenceName>Building///</sequenceName><sequenceType>Cap ID</sequenceType><serviceProviderCode>MUNI1</serviceProviderCode><auditModel><auditDate>2016-07-12T05:52:51.843-07:00</auditDate><auditID>SYSTEM@(*&amp;$@#</auditID><auditStatus>A</auditStatus></auditModel><lastSequenceNbr>8</lastSequenceNbr></sequenceInterval></sequenceIntervalModels></sequence>
<sequence refId="1@SequenceModel"><name>Default</name><serviceProviderCode>MUNI1</serviceProviderCode><type>Partial CAP ID</type><auditModel><auditDate>2008-03-10T16:29:47-07:00</auditDate><auditID>ADMIN</auditID><auditStatus>A</auditStatus></auditModel><cacheSize>1</cacheSize><description>Default sequence Definition for Partial CAP ID</description><increaseValue>1</increaseValue><intervalType>CY</intervalType><minValue>1</minValue><resetAction>E</resetAction><resetValue>999999</resetValue><sequenceIntervalModels><sequenceInterval><intervalName>CY</intervalName><sequenceName>Default</sequenceName><sequenceType>Partial CAP ID</sequenceType><serviceProviderCode>MUNI1</serviceProviderCode><auditModel><auditDate>2008-03-11T06:29:47-07:00</auditDate><auditID>ADMIN</auditID><auditStatus>A</auditStatus></auditModel><lastSequenceNbr>0</lastSequenceNbr></sequenceInterval><sequenceInterval><intervalName>CY2011</intervalName><sequenceName>Default</sequenceName><sequenceType>Partial CAP ID</sequenceType><serviceProviderCode>MUNI1</serviceProviderCode><auditModel><auditDate>2011-12-15T10:32:10-08:00</auditDate><auditID>SYSTEM@(*&amp;$@#</auditID><auditStatus>A</auditStatus></auditModel><lastSequenceNbr>0</lastSequenceNbr></sequenceInterval><sequenceInterval><intervalName>CY2012</intervalName><sequenceName>Default</sequenceName><sequenceType>Partial CAP ID</sequenceType><serviceProviderCode>MUNI1</serviceProviderCode><auditModel><auditDate>2012-08-28T12:22:45-07:00</auditDate><auditID>SYSTEM@(*&amp;$@#</auditID><auditStatus>A</auditStatus></auditModel><lastSequenceNbr>0</lastSequenceNbr></sequenceInterval><sequenceInterval><intervalName>CY2013</intervalName><sequenceName>Default</sequenceName><sequenceType>Partial CAP ID</sequenceType><serviceProviderCode>MUNI1</serviceProviderCode><auditModel><auditDate>2013-08-19T13:12:02-07:00</auditDate><auditID>SYSTEM@(*&amp;$@#</auditID><auditStatus>A</auditStatus></auditModel><lastSequenceNbr>0</lastSequenceNbr></sequenceInterval><sequenceInterval><intervalName>CY2015</intervalName><sequenceName>Default</sequenceName><sequenceType>Partial CAP ID</sequenceType><serviceProviderCode>MUNI1</serviceProviderCode><auditModel><auditDate>2015-12-15T23:33:48-08:00</auditDate><auditID>SYSTEM@(*&amp;$@#</auditID><auditStatus>A</auditStatus></auditModel><lastSequenceNbr>0</lastSequenceNbr></sequenceInterval></sequenceIntervalModels></sequence>
<sequence refId="1@SequenceModel"><name>Default</name><serviceProviderCode>MUNI1</serviceProviderCode><type>Temporary CAP ID</type><auditModel><auditDate>2008-03-11T06:29:47-07:00</auditDate><auditID>ADMIN</auditID><auditStatus>A</auditStatus></auditModel><cacheSize>1</cacheSize><description>Default sequence Definition for Temporary CAP ID</description><increaseValue>1</increaseValue><intervalType>CY</intervalType><minValue>1</minValue><resetAction>E</resetAction><resetValue>999999</resetValue><sequenceIntervalModels><sequenceInterval><intervalName>CY</intervalName><sequenceName>Default</sequenceName><sequenceType>Temporary CAP ID</sequenceType><serviceProviderCode>MUNI1</serviceProviderCode><auditModel><auditDate>2008-03-11T06:29:47-07:00</auditDate><auditID>ADMIN</auditID><auditStatus>A</auditStatus></auditModel><lastSequenceNbr>0</lastSequenceNbr></sequenceInterval><sequenceInterval><intervalName>CY2011</intervalName><sequenceName>Default</sequenceName><sequenceType>Temporary CAP ID</sequenceType><serviceProviderCode>MUNI1</serviceProviderCode><auditModel><auditDate>2011-12-15T10:24:20-08:00</auditDate><auditID>SYSTEM@(*&amp;$@#</auditID><auditStatus>A</auditStatus></auditModel><lastSequenceNbr>0</lastSequenceNbr></sequenceInterval><sequenceInterval><intervalName>CY2012</intervalName><sequenceName>Default</sequenceName><sequenceType>Temporary CAP ID</sequenceType><serviceProviderCode>MUNI1</serviceProviderCode><auditModel><auditDate>2012-12-05T14:22:03-08:00</auditDate><auditID>SYSTEM@(*&amp;$@#</auditID><auditStatus>A</auditStatus></auditModel><lastSequenceNbr>0</lastSequenceNbr></sequenceInterval><sequenceInterval><intervalName>CY2013</intervalName><sequenceName>Default</sequenceName><sequenceType>Temporary CAP ID</sequenceType><serviceProviderCode>MUNI1</serviceProviderCode><auditModel><auditDate>2013-11-05T12:49:13-08:00</auditDate><auditID>SYSTEM@(*&amp;$@#</auditID><auditStatus>A</auditStatus></auditModel><lastSequenceNbr>0</lastSequenceNbr></sequenceInterval><sequenceInterval><intervalName>CY2014</intervalName><sequenceName>Default</sequenceName><sequenceType>Temporary CAP ID</sequenceType><serviceProviderCode>MUNI1</serviceProviderCode><auditModel><auditDate>2014-09-16T09:35:59-07:00</auditDate><auditID>SYSTEM@(*&amp;$@#</auditID><auditStatus>A</auditStatus></auditModel><lastSequenceNbr>0</lastSequenceNbr></sequenceInterval><sequenceInterval><intervalName>CY2015</intervalName><sequenceName>Default</sequenceName><sequenceType>Temporary CAP ID</sequenceType><serviceProviderCode>MUNI1</serviceProviderCode><auditModel><auditDate>2015-12-17T14:57:55-08:00</auditDate><auditID>SYSTEM@(*&amp;$@#</auditID><auditStatus>A</auditStatus></auditModel><lastSequenceNbr>0</lastSequenceNbr></sequenceInterval><sequenceInterval><intervalName>CY2016</intervalName><sequenceName>Default</sequenceName><sequenceType>Temporary CAP ID</sequenceType><serviceProviderCode>MUNI1</serviceProviderCode><auditModel><auditDate>2016-07-26T11:56:55.853-07:00</auditDate><auditID>SYSTEM@(*&amp;$@#</auditID><auditStatus>A</auditStatus></auditModel><lastSequenceNbr>201</lastSequenceNbr></sequenceInterval></sequenceIntervalModels></sequence>
<sequence refId="1@SequenceModel"><name>Agency-Receipt</name><serviceProviderCode>MUNI1</serviceProviderCode><type>Receipt</type><auditModel><auditDate>2011-08-09T06:07:28-07:00</auditDate><auditID>SYSTEM</auditID><auditStatus>A</auditStatus></auditModel><cacheSize>1</cacheSize><description>Sequence Definition for Receipt Number</description><increaseValue>1</increaseValue><intervalType>N</intervalType><minValue>1</minValue><resetAction>E</resetAction><resetValue>999999999999</resetValue><sequenceIntervalModels><sequenceInterval><intervalName>N</intervalName><sequenceName>Agency-Receipt</sequenceName><sequenceType>Receipt</sequenceType><serviceProviderCode>MUNI1</serviceProviderCode><auditModel><auditDate>2016-03-24T17:45:26-07:00</auditDate><auditID>ADMIN</auditID><auditStatus>A</auditStatus></auditModel><lastSequenceNbr>0</lastSequenceNbr></sequenceInterval></sequenceIntervalModels></sequence>
</list>