<?xml version="1.0" encoding="UTF-8" standalone="yes"?>
<list  version="8.0.0" minorVersion="20" exportUser="ADMIN" exportDateTime="06/30/2016 10:24 AM" description="EnvHealth Console"><consoleReceipt><serviceProviderCode>BPTDEV</serviceProviderCode><consoleReceiptNbr>6248</consoleReceiptNbr><auditModel><auditDate>2016-06-07T12:00:19-06:00</auditDate><auditID>ADMIN</auditID><auditStatus>A</auditStatus></auditModel><consoleNbr>3111</consoleNbr><consoleReceiptKey>23918</consoleReceiptKey><consoleReceiptType>group</consoleReceiptType><virtualUserGroupModel refId="1@VirtualUserGroupModel"><moduleName>EnvHealth</moduleName><serviceProviderCode>BPTDEV</serviceProviderCode><userGroup>EHDaily</userGroup></virtualUserGroupModel></consoleReceipt>
</list>