<?xml version="1.0" encoding="UTF-8" standalone="yes"?>
<list  version="8.0.0" minorVersion="20" exportUser="ADMIN" exportDateTime="06/30/2016 10:24 AM" description="EnvHealth Console"><customizeProfile><userName>BPTDEV.3111.CONSOLE</userName><console><consoleNbr>3111</consoleNbr><serviceProviderCode>BPTDEV</serviceProviderCode><auditModel><auditDate>2016-04-11T10:57:09-06:00</auditDate><auditID>ADMIN</auditID><auditStatus>A</auditStatus></auditModel><consoleDesc>Standard Console for EnvHealth Module</consoleDesc><consoleName>EnvHealth</consoleName></console><mediaType>html</mediaType><page>default.psml</page><profile>&lt;?xml version="1.0" encoding="UTF-8"?&gt;
&lt;portlets id="P-fca38cd76a-10001"&gt;&lt;skin name="V360 Default Skin"/&gt;&lt;control name="V360TabControl"/&gt;&lt;controller name="V360TabController"/&gt;&lt;portlets id="P-1540677ab38-10000"&gt;&lt;metainfo&gt;&lt;title&gt;Home&lt;/title&gt;&lt;/metainfo&gt;&lt;security-ref parent="owner-only"/&gt;&lt;layout position="0" size="-1"/&gt;&lt;controller name="V360TwoColumns"/&gt;&lt;entry id="P-1540677ab38-10004" parent="V360 Bulletin Board Portlet"&gt;&lt;layout position="-1" size="-1"&gt;&lt;property name="column" value="0"/&gt;&lt;property name="row" value="0"/&gt;&lt;/layout&gt;&lt;/entry&gt;&lt;entry id="P-15579ef5293-10000" parent="V360 My Health Navigation Portlet"&gt;&lt;layout position="-1" size="-1"&gt;&lt;property name="column" value="0"/&gt;&lt;property name="row" value="1"/&gt;&lt;/layout&gt;&lt;/entry&gt;&lt;entry id="P-15579eff65c-10001" parent="V360 Health Portlet"&gt;&lt;layout position="-1" size="-1"&gt;&lt;property name="column" value="1"/&gt;&lt;property name="row" value="0"/&gt;&lt;/layout&gt;&lt;/entry&gt;&lt;entry id="P-15579f5f26c-1000a" parent="Reports Portlet 3"&gt;&lt;layout position="-1" size="-1"&gt;&lt;property name="column" value="0"/&gt;&lt;property name="row" value="2"/&gt;&lt;/layout&gt;&lt;/entry&gt;&lt;/portlets&gt;&lt;portlets id="P-1540677ab38-1000b"&gt;&lt;metainfo&gt;&lt;description&gt;No description found. Generic portlet&lt;/description&gt;&lt;title&gt;Property&lt;/title&gt;&lt;/metainfo&gt;&lt;security-ref parent="owner-only"/&gt;&lt;layout position="1" size="-1"/&gt;&lt;controller name="V360OneColumn"/&gt;&lt;entry id="P-1540677ab38-1000c" parent="V360 Addresses Portlet"&gt;&lt;layout position="-1" size="-1"&gt;&lt;property name="column" value="0"/&gt;&lt;property name="row" value="0"/&gt;&lt;/layout&gt;&lt;/entry&gt;&lt;entry id="P-15579f3e66a-10005" parent="V360 Parcels Portlet"&gt;&lt;layout position="-1" size="-1"&gt;&lt;property name="column" value="0"/&gt;&lt;property name="row" value="1"/&gt;&lt;/layout&gt;&lt;/entry&gt;&lt;/portlets&gt;&lt;portlets id="P-1540677ab38-1000e"&gt;&lt;metainfo&gt;&lt;title&gt;Contacts&lt;/title&gt;&lt;/metainfo&gt;&lt;security-ref parent="owner-only"/&gt;&lt;layout position="2" size="-1"/&gt;&lt;controller name="V360OneColumn"/&gt;&lt;entry id="P-1540677ab38-1000f" parent="V360 Contacts Portlet"&gt;&lt;layout position="-1" size="-1"&gt;&lt;property name="column" value="0"/&gt;&lt;property name="row" value="0"/&gt;&lt;/layout&gt;&lt;/entry&gt;&lt;/portlets&gt;&lt;portlets id="P-1540677ab38-10017"&gt;&lt;metainfo&gt;&lt;title&gt;Reports&lt;/title&gt;&lt;/metainfo&gt;&lt;security-ref parent="owner-only"/&gt;&lt;layout position="3" size="-1"/&gt;&lt;controller name="V360OneColumn"/&gt;&lt;entry id="P-15579f4c825-10006" parent="Reports Portlet 3"&gt;&lt;layout position="-1" size="-1"&gt;&lt;property name="column" value="0"/&gt;&lt;property name="row" value="0"/&gt;&lt;/layout&gt;&lt;/entry&gt;&lt;/portlets&gt;&lt;portlets id="P-15579f22c32-10002"&gt;&lt;metainfo&gt;&lt;title&gt;Set Processing&lt;/title&gt;&lt;/metainfo&gt;&lt;security-ref parent="owner-only"/&gt;&lt;layout position="4" size="-1"/&gt;&lt;entry id="P-15579f51fe5-10007" parent="V360 Set Portlet"&gt;&lt;layout position="-1" size="-1"&gt;&lt;property name="column" value="0"/&gt;&lt;property name="row" value="0"/&gt;&lt;/layout&gt;&lt;/entry&gt;&lt;/portlets&gt;&lt;portlets id="P-15579f26261-10003"&gt;&lt;metainfo&gt;&lt;description&gt;No description found. Generic portlet&lt;/description&gt;&lt;title&gt;Preference&lt;/title&gt;&lt;/metainfo&gt;&lt;security-ref parent="owner-only"/&gt;&lt;layout position="5" size="-1"/&gt;&lt;entry id="P-15579f5561b-10008" parent="V360 Preference Management Portlet"&gt;&lt;layout position="-1" size="-1"&gt;&lt;property name="column" value="0"/&gt;&lt;property name="row" value="0"/&gt;&lt;/layout&gt;&lt;/entry&gt;&lt;/portlets&gt;&lt;portlets id="P-15579f2fefe-10004"&gt;&lt;metainfo&gt;&lt;title&gt;Adhoc Reports&lt;/title&gt;&lt;/metainfo&gt;&lt;security-ref parent="owner-only"/&gt;&lt;layout position="6" size="-1"/&gt;&lt;entry id="P-15579f5916b-10009" parent="V360 Ad hoc Report"&gt;&lt;layout position="-1" size="-1"&gt;&lt;property name="column" value="0"/&gt;&lt;property name="row" value="0"/&gt;&lt;/layout&gt;&lt;/entry&gt;&lt;/portlets&gt;&lt;/portlets&gt;</profile><psmlId>1000899</psmlId><turbineUser><loginName>BPTDEV.3111.CONSOLE</loginName><confirmValue>CONFIRMED</confirmValue><created>2016-04-11T11:56:26-06:00</created><disabled>F</disabled><firstName>tempFirstName</firstName><lastLogin>2016-04-11T11:56:26-06:00</lastLogin><lastName>tempLastName</lastName><objectData>rO0ABXNyABNqYXZhLnV0aWwuSGFzaHRhYmxlE7sPJSFK5LgDAAJGAApsb2FkRmFjdG9ySQAJdGhyZXNob2xkeHA/QAAAAAAAAHcIAAAAAQAAAAB4</objectData><password>ignored</password><passwordChanged>2016-04-11T11:56:26-06:00</passwordChanged><userId>1001021</userId></turbineUser></customizeProfile>
</list>