<?xml version="1.0" encoding="UTF-8" standalone="yes"?>
<list  version="8.0.0" minorVersion="15" exportUser="ADMIN" exportDateTime="03/31/2016 03:13 PM" description="null"><sharedDropDownListModel><name>LIC_MJ_APPLICANT_LAWFUL_PRESENCE</name><serviceProviderCode>BPTDEV</serviceProviderCode><auditModel><auditDate>2015-12-11T11:50:19-07:00</auditDate><auditID>ADMIN</auditID><auditStatus>A</auditStatus></auditModel><description>Share ddl for all Marijuana Medical Record types custom field "Applicant Lawful Presence"</description><sharedDropDownList><sharedDropDownValue><bdvSeqNbr>105210310</bdvSeqNbr><servProvCode>BPTDEV</servProvCode><auditModel><auditDate>2015-12-11T11:50:35-07:00</auditDate><auditID>ADMIN</auditID><auditStatus>A</auditStatus></auditModel><bizdomain>LIC_MJ_APPLICANT_LAWFUL_PRESENCE</bizdomain><bizdomainValue>Lawfully Present in the United States Pursuant Federal Law</bizdomainValue><sortOrder>1</sortOrder><standardChoiceValueI18NModels/></sharedDropDownValue><sharedDropDownValue><bdvSeqNbr>105210311</bdvSeqNbr><servProvCode>BPTDEV</servProvCode><auditModel><auditDate>2015-12-11T11:50:46-07:00</auditDate><auditID>ADMIN</auditID><auditStatus>A</auditStatus></auditModel><bizdomain>LIC_MJ_APPLICANT_LAWFUL_PRESENCE</bizdomain><bizdomainValue>Permanent Resident of the United States</bizdomainValue><sortOrder>2</sortOrder><standardChoiceValueI18NModels/></sharedDropDownValue><sharedDropDownValue><bdvSeqNbr>105210312</bdvSeqNbr><servProvCode>BPTDEV</servProvCode><auditModel><auditDate>2015-12-11T11:50:58-07:00</auditDate><auditID>ADMIN</auditID><auditStatus>A</auditStatus></auditModel><bizdomain>LIC_MJ_APPLICANT_LAWFUL_PRESENCE</bizdomain><bizdomainValue>United States Citizen</bizdomainValue><sortOrder>3</sortOrder><standardChoiceValueI18NModels/></sharedDropDownValue></sharedDropDownList><type>ShareDropDown</type></sharedDropDownListModel>
<sharedDropDownListModel><name>LIC_MARIJUANA_TYPE_OF_OWNERSHIP</name><serviceProviderCode>BPTDEV</serviceProviderCode><auditModel><auditDate>2015-12-11T11:42:38-07:00</auditDate><auditID>ADMIN</auditID><auditStatus>A</auditStatus></auditModel><description>Share drop down for all Marijuana Medical record types custom list field "Type of Ownership"</description><sharedDropDownList><sharedDropDownValue><bdvSeqNbr>105210301</bdvSeqNbr><servProvCode>BPTDEV</servProvCode><auditModel><auditDate>2015-12-11T11:44:19-07:00</auditDate><auditID>ADMIN</auditID><auditStatus>A</auditStatus></auditModel><bizdomain>LIC_MARIJUANA_TYPE_OF_OWNERSHIP</bizdomain><bizdomainValue>Corporation</bizdomainValue><sortOrder>1</sortOrder><standardChoiceValueI18NModels/></sharedDropDownValue><sharedDropDownValue><bdvSeqNbr>105210302</bdvSeqNbr><servProvCode>BPTDEV</servProvCode><auditModel><auditDate>2015-12-11T11:44:19-07:00</auditDate><auditID>ADMIN</auditID><auditStatus>A</auditStatus></auditModel><bizdomain>LIC_MARIJUANA_TYPE_OF_OWNERSHIP</bizdomain><bizdomainValue>Individual</bizdomainValue><sortOrder>2</sortOrder><standardChoiceValueI18NModels/></sharedDropDownValue><sharedDropDownValue><bdvSeqNbr>105210303</bdvSeqNbr><servProvCode>BPTDEV</servProvCode><auditModel><auditDate>2015-12-11T11:44:19-07:00</auditDate><auditID>ADMIN</auditID><auditStatus>A</auditStatus></auditModel><bizdomain>LIC_MARIJUANA_TYPE_OF_OWNERSHIP</bizdomain><bizdomainValue>LLC</bizdomainValue><sortOrder>3</sortOrder><standardChoiceValueI18NModels/></sharedDropDownValue><sharedDropDownValue><bdvSeqNbr>105210304</bdvSeqNbr><servProvCode>BPTDEV</servProvCode><auditModel><auditDate>2015-12-11T11:44:19-07:00</auditDate><auditID>ADMIN</auditID><auditStatus>A</auditStatus></auditModel><bizdomain>LIC_MARIJUANA_TYPE_OF_OWNERSHIP</bizdomain><bizdomainValue>Nonprofit</bizdomainValue><sortOrder>4</sortOrder><standardChoiceValueI18NModels/></sharedDropDownValue><sharedDropDownValue><bdvSeqNbr>105210305</bdvSeqNbr><servProvCode>BPTDEV</servProvCode><auditModel><auditDate>2015-12-11T11:44:19-07:00</auditDate><auditID>ADMIN</auditID><auditStatus>A</auditStatus></auditModel><bizdomain>LIC_MARIJUANA_TYPE_OF_OWNERSHIP</bizdomain><bizdomainValue>Partnership</bizdomainValue><sortOrder>5</sortOrder><standardChoiceValueI18NModels/></sharedDropDownValue><sharedDropDownValue><bdvSeqNbr>105210306</bdvSeqNbr><servProvCode>BPTDEV</servProvCode><auditModel><auditDate>2015-12-11T11:44:19-07:00</auditDate><auditID>ADMIN</auditID><auditStatus>A</auditStatus></auditModel><bizdomain>LIC_MARIJUANA_TYPE_OF_OWNERSHIP</bizdomain><bizdomainValue>Sole Proprietor</bizdomainValue><sortOrder>6</sortOrder><standardChoiceValueI18NModels/></sharedDropDownValue></sharedDropDownList><type>ShareDropDown</type></sharedDropDownListModel>
</list>