<?xml version="1.0" encoding="UTF-8" standalone="yes"?>
<list  version="8.0.0" minorVersion="15" exportUser="ADMIN" exportDateTime="03/30/2016 09:45 PM" description="null"><applicationStatusGroup><appStatusGroupCode>SR_GENERAL</appStatusGroupCode><serviceProviderCode>BPTDEV</serviceProviderCode><appStatusGroupModels><appStatusGroupModel refId="1@AppStatusGroupModel"><serviceProviderCode>BPTDEV</serviceProviderCode><appStatusGroupCode>SR_GENERAL</appStatusGroupCode><status>Assigned</status><appStatusGroupI18Ns/><auditModel><auditDate>2014-03-27T12:32:00-06:00</auditDate><auditID>ADMIN</auditID><auditStatus>A</auditStatus></auditModel><statusType>OPEN</statusType></appStatusGroupModel><appStatusGroupModel refId="2@AppStatusGroupModel"><serviceProviderCode>BPTDEV</serviceProviderCode><appStatusGroupCode>SR_GENERAL</appStatusGroupCode><status>Closed-Duplicate</status><appStatusGroupI18Ns/><auditModel><auditDate>2013-09-11T11:52:34-06:00</auditDate><auditID>ADMIN</auditID><auditStatus>A</auditStatus></auditModel><statusType>CLOSED</statusType></appStatusGroupModel><appStatusGroupModel refId="3@AppStatusGroupModel"><serviceProviderCode>BPTDEV</serviceProviderCode><appStatusGroupCode>SR_GENERAL</appStatusGroupCode><status>Closed-Fixed</status><appStatusGroupI18Ns/><auditModel><auditDate>2013-09-11T11:52:51-06:00</auditDate><auditID>ADMIN</auditID><auditStatus>A</auditStatus></auditModel><statusType>CLOSED</statusType></appStatusGroupModel><appStatusGroupModel refId="4@AppStatusGroupModel"><serviceProviderCode>BPTDEV</serviceProviderCode><appStatusGroupCode>SR_GENERAL</appStatusGroupCode><status>Closed-No Violation</status><appStatusGroupI18Ns/><auditModel><auditDate>2013-09-11T11:53:09-06:00</auditDate><auditID>ADMIN</auditID><auditStatus>A</auditStatus></auditModel><statusType>CLOSED</statusType></appStatusGroupModel><appStatusGroupModel refId="5@AppStatusGroupModel"><serviceProviderCode>BPTDEV</serviceProviderCode><appStatusGroupCode>SR_GENERAL</appStatusGroupCode><status>Closed-Referred</status><appStatusGroupI18Ns/><auditModel><auditDate>2013-09-11T11:53:28-06:00</auditDate><auditID>ADMIN</auditID><auditStatus>A</auditStatus></auditModel><statusType>CLOSED</statusType></appStatusGroupModel><appStatusGroupModel refId="6@AppStatusGroupModel"><serviceProviderCode>BPTDEV</serviceProviderCode><appStatusGroupCode>SR_GENERAL</appStatusGroupCode><status>Complete-Duplicate</status><appStatusGroupI18Ns/><auditModel><auditDate>2012-09-27T12:09:32-06:00</auditDate><auditID>ADMIN</auditID><auditStatus>A</auditStatus></auditModel><statusType>COMPLETE</statusType></appStatusGroupModel><appStatusGroupModel refId="7@AppStatusGroupModel"><serviceProviderCode>BPTDEV</serviceProviderCode><appStatusGroupCode>SR_GENERAL</appStatusGroupCode><status>Complete-Fixed</status><appStatusGroupI18Ns/><auditModel><auditDate>2012-09-27T12:08:54-06:00</auditDate><auditID>ADMIN</auditID><auditStatus>A</auditStatus></auditModel><statusType>COMPLETE</statusType></appStatusGroupModel><appStatusGroupModel refId="8@AppStatusGroupModel"><serviceProviderCode>BPTDEV</serviceProviderCode><appStatusGroupCode>SR_GENERAL</appStatusGroupCode><status>Complete-No Violation</status><appStatusGroupI18Ns/><auditModel><auditDate>2012-09-27T12:16:43-06:00</auditDate><auditID>ADMIN</auditID><auditStatus>A</auditStatus></auditModel><statusType>COMPLETE</statusType></appStatusGroupModel><appStatusGroupModel refId="9@AppStatusGroupModel"><serviceProviderCode>BPTDEV</serviceProviderCode><appStatusGroupCode>SR_GENERAL</appStatusGroupCode><status>Complete-Referred</status><appStatusGroupI18Ns/><auditModel><auditDate>2012-09-27T12:09:20-06:00</auditDate><auditID>ADMIN</auditID><auditStatus>A</auditStatus></auditModel><statusType>COMPLETE</statusType></appStatusGroupModel><appStatusGroupModel refId="10@AppStatusGroupModel"><serviceProviderCode>BPTDEV</serviceProviderCode><appStatusGroupCode>SR_GENERAL</appStatusGroupCode><status>In Progress</status><appStatusGroupI18Ns/><auditModel><auditDate>2012-09-27T12:08:40-06:00</auditDate><auditID>ADMIN</auditID><auditStatus>A</auditStatus></auditModel><statusType>OPEN</statusType></appStatusGroupModel><appStatusGroupModel refId="11@AppStatusGroupModel"><serviceProviderCode>BPTDEV</serviceProviderCode><appStatusGroupCode>SR_GENERAL</appStatusGroupCode><status>Potential Duplicate</status><appStatusGroupI18Ns/><auditModel><auditDate>2012-09-27T12:08:10-06:00</auditDate><auditID>ADMIN</auditID><auditStatus>A</auditStatus></auditModel><statusType>OPEN</statusType></appStatusGroupModel><appStatusGroupModel refId="12@AppStatusGroupModel"><serviceProviderCode>BPTDEV</serviceProviderCode><appStatusGroupCode>SR_GENERAL</appStatusGroupCode><status>Received</status><appStatusGroupI18Ns/><auditModel><auditDate>2012-02-01T17:49:10-07:00</auditDate><auditID>ADMIN</auditID><auditStatus>A</auditStatus></auditModel><statusType>OPEN</statusType></appStatusGroupModel><appStatusGroupModel refId="13@AppStatusGroupModel"><serviceProviderCode>BPTDEV</serviceProviderCode><appStatusGroupCode>SR_GENERAL</appStatusGroupCode><status>Void</status><appStatusGroupI18Ns/><auditModel><auditDate>2015-08-28T16:36:58-06:00</auditDate><auditID>ADMIN</auditID><auditStatus>A</auditStatus></auditModel><statusType>CLOSED</statusType></appStatusGroupModel><appStatusGroupModel refId="14@AppStatusGroupModel"><serviceProviderCode>BPTDEV</serviceProviderCode><appStatusGroupCode>SR_GENERAL</appStatusGroupCode><status>Withdrawn</status><appStatusGroupI18Ns/><auditModel><auditDate>2015-08-28T16:37:51-06:00</auditDate><auditID>ADMIN</auditID><auditStatus>A</auditStatus></auditModel><statusType>CLOSED</statusType></appStatusGroupModel></appStatusGroupModels></applicationStatusGroup>
</list>