<?xml version="1.0" encoding="UTF-8" standalone="yes"?>
<list  version="8.0.0" minorVersion="15" exportUser="ADMIN" exportDateTime="03/30/2016 09:45 PM" description="null"><inspectionGroup><inspCode>SR_GENERAL</inspCode><servProvCode>BPTDEV</servProvCode><inspGroupName>Service Request General</inspGroupName><inspectionSec>SR_GENERAL/%</inspectionSec><inspectionTypeModels><inspectionTypeModel><inspSeqNbr>172</inspSeqNbr><servProvCode>BPTDEV</servProvCode><allowFailedGuidesheet>Y</allowFailedGuidesheet><allowMultiInspInAca>N</allowMultiInspInAca><autoAssign>N</autoAssign><displayInAca>Y</displayInAca><flowEnabled>N</flowEnabled><inspCode>SR_GENERAL</inspCode><inspEditable>N</inspEditable><inspGroupName>Service Request General</inspGroupName><inspPriority>2</inspPriority><inspRequired>N</inspRequired><inspResultGroup>SR_STANDARD</inspResultGroup><inspType>Follow-Up SR Investigation</inspType><inspectionTypeI18ns/><recDate>2014-08-28T14:22:12-06:00</recDate><recFulNam>ADMIN</recFulNam><recStatus>I</recStatus><totalScoreOption>SUM(list)</totalScoreOption></inspectionTypeModel><inspectionTypeModel><inspSeqNbr>173</inspSeqNbr><servProvCode>BPTDEV</servProvCode><allowFailedGuidesheet>Y</allowFailedGuidesheet><allowMultiInspInAca>N</allowMultiInspInAca><autoAssign>N</autoAssign><displayInAca>Y</displayInAca><flowEnabled>N</flowEnabled><inspCode>SR_GENERAL</inspCode><inspEditable>N</inspEditable><inspGroupName>Service Request General</inspGroupName><inspPriority>1</inspPriority><inspRequired>N</inspRequired><inspResultGroup>SR_STANDARD</inspResultGroup><inspType>Initial SR Investigation</inspType><inspectionTypeI18ns/><recDate>2014-08-28T14:22:22-06:00</recDate><recFulNam>ADMIN</recFulNam><recStatus>I</recStatus><totalScoreOption>SUM(list)</totalScoreOption></inspectionTypeModel></inspectionTypeModels><inspectionTypeSecurityModels/><isDepartmentSelected>Y</isDepartmentSelected><isGradeGroupSelected>Y</isGradeGroupSelected><isGuideSheetSelected>Y</isGuideSheetSelected><isRelatedInspSelected>Y</isRelatedInspSelected><isResultGroupSelected>Y</isResultGroupSelected><isSecutirySelected>Y</isSecutirySelected></inspectionGroup>
<inspectionGroup><inspCode>SR_WORKORDER</inspCode><servProvCode>BPTDEV</servProvCode><inspGroupName>Service Request Work Order</inspGroupName><inspectionSec>SR_WORKORDER/%</inspectionSec><inspectionTypeModels><inspectionTypeModel><inspSeqNbr>372</inspSeqNbr><servProvCode>BPTDEV</servProvCode><allowFailedGuidesheet>Y</allowFailedGuidesheet><allowMultiInspInAca>N</allowMultiInspInAca><autoAssign>N</autoAssign><displayInAca>Y</displayInAca><flowEnabled>N</flowEnabled><inspCode>SR_WORKORDER</inspCode><inspEditable>Y</inspEditable><inspGroupName>Service Request Work Order</inspGroupName><inspRequired>N</inspRequired><inspResultGroup>SR_WORKORDER</inspResultGroup><inspType>SR Investigation</inspType><inspectionTypeI18ns/><recDate>2014-12-04T17:39:37-07:00</recDate><recFulNam>ADMIN</recFulNam><recStatus>A</recStatus><totalScoreOption>SUM(list)</totalScoreOption></inspectionTypeModel></inspectionTypeModels><inspectionTypeSecurityModels/><isDepartmentSelected>Y</isDepartmentSelected><isGradeGroupSelected>Y</isGradeGroupSelected><isGuideSheetSelected>Y</isGuideSheetSelected><isRelatedInspSelected>Y</isRelatedInspSelected><isResultGroupSelected>Y</isResultGroupSelected><isSecutirySelected>Y</isSecutirySelected></inspectionGroup>
</list>