<?xml version="1.0" encoding="UTF-8" standalone="yes"?>
<list  version="8.0.0" minorVersion="15" exportUser="ADMIN" exportDateTime="03/30/2016 09:45 PM" description="null"><sharedDropDownListModel><name>PLN_HEARING_TYPE</name><serviceProviderCode>BPTDEV</serviceProviderCode><auditModel><auditDate>2012-02-09T17:55:29-07:00</auditDate><auditID>ADMIN</auditID><auditStatus>A</auditStatus></auditModel><description>Hearing types for planning applications (City Council, Planning Commission)</description><sharedDropDownList><sharedDropDownValue><bdvSeqNbr>104581353</bdvSeqNbr><servProvCode>BPTDEV</servProvCode><auditModel><auditDate>2012-02-09T00:00:00-07:00</auditDate><auditID>ADMIN</auditID><auditStatus>A</auditStatus></auditModel><bizdomain>PLN_HEARING_TYPE</bizdomain><bizdomainValue>City Council</bizdomainValue><sortOrder>1</sortOrder><standardChoiceValueI18NModels/></sharedDropDownValue><sharedDropDownValue><bdvSeqNbr>104581355</bdvSeqNbr><servProvCode>BPTDEV</servProvCode><auditModel><auditDate>2012-02-09T00:00:00-07:00</auditDate><auditID>ADMIN</auditID><auditStatus>A</auditStatus></auditModel><bizdomain>PLN_HEARING_TYPE</bizdomain><bizdomainValue>No Hearing</bizdomainValue><sortOrder>3</sortOrder><standardChoiceValueI18NModels/></sharedDropDownValue><sharedDropDownValue><bdvSeqNbr>104581354</bdvSeqNbr><servProvCode>BPTDEV</servProvCode><auditModel><auditDate>2012-02-09T00:00:00-07:00</auditDate><auditID>ADMIN</auditID><auditStatus>A</auditStatus></auditModel><bizdomain>PLN_HEARING_TYPE</bizdomain><bizdomainValue>Planning Commission</bizdomainValue><sortOrder>2</sortOrder><standardChoiceValueI18NModels/></sharedDropDownValue></sharedDropDownList><type>ShareDropDown</type></sharedDropDownListModel>
</list>