<?xml version="1.0" encoding="UTF-8" standalone="yes"?>
<list  version="8.0.0" minorVersion="15" exportUser="ADMIN" exportDateTime="03/30/2016 09:45 PM" description="null"><virProcess><r1ProcessCode>NONE</r1ProcessCode><servProvCode>BPTDEV</servProvCode><isEmailSettringSelected>Y</isEmailSettringSelected><isSecuritySelected>Y</isSecuritySelected><processEMailSettingModels/><processModels><processModel><r1ProcessCode>NONE</r1ProcessCode><sdStpNum>1</sdStpNum><servProvCode>BPTDEV</servProvCode><asgnAgencyCode>BUILDING</asgnAgencyCode><asgnBureauCode>NA</asgnBureauCode><asgnDivisionCode>NA</asgnDivisionCode><asgnGroupCode>NA</asgnGroupCode><asgnOfficeCode>NA</asgnOfficeCode><asgnSectionCode>NA</asgnSectionCode><auditModel><auditDate>2012-02-29T10:35:34-07:00</auditDate><auditID>ADMIN</auditID><auditStatus>A</auditStatus></auditModel><displayInAca>N</displayInAca><hoursSpentRequired>N</hoursSpentRequired><sdChkLv5>A</sdChkLv5><sdDueDay>0</sdDueDay><sdNxtId1>000000000000000</sdNxtId1><sdProDes>No Workflow Required</sdProDes><sdProId1>010000000000000</sdProId1></processModel></processModels><processSecurityModels/><r3statypModels/><securityFlag>NONE/%</securityFlag></virProcess>
<virProcess><r1ProcessCode>SR_COMPLAINT</r1ProcessCode><servProvCode>BPTDEV</servProvCode><isEmailSettringSelected>Y</isEmailSettringSelected><isSecuritySelected>Y</isSecuritySelected><processEMailSettingModels><processEMailSettingModel><noteID>123</noteID><processName>SR_COMPLAINT</processName><serviceProviderCode>BPTDEV</serviceProviderCode><b3contactFlag>N</b3contactFlag><contactRelation>Complainant</contactRelation><contentsCode>SR_DUPLICATE</contentsCode><distributionFlag>N</distributionFlag><docCategory>Outgoing Email</docCategory><docGroup>SR</docGroup><edmsLocation>ADS</edmsLocation><edmsObject>CAP</edmsObject><mediaFlag>0</mediaFlag><recDate>2014-09-17T11:05:31-06:00</recDate><recFulNam>ADMIN</recFulNam><recStatus>A</recStatus><sdAppDes>Duplicate</sdAppDes><sdProDes>SR Intake</sdProDes></processEMailSettingModel><processEMailSettingModel><noteID>124</noteID><processName>SR_COMPLAINT</processName><serviceProviderCode>BPTDEV</serviceProviderCode><b3contactFlag>N</b3contactFlag><contactRelation>Complainant</contactRelation><contentsCode>SR_REFERRED</contentsCode><distributionFlag>N</distributionFlag><docCategory>Outgoing Email</docCategory><docGroup>SR</docGroup><edmsLocation>ADS</edmsLocation><edmsObject>CAP</edmsObject><mediaFlag>0</mediaFlag><recDate>2014-09-17T11:05:31-06:00</recDate><recFulNam>ADMIN</recFulNam><recStatus>A</recStatus><sdAppDes>Referred</sdAppDes><sdProDes>SR Intake</sdProDes></processEMailSettingModel><processEMailSettingModel><noteID>125</noteID><processName>SR_COMPLAINT</processName><serviceProviderCode>BPTDEV</serviceProviderCode><b3contactFlag>N</b3contactFlag><contactRelation>Complainant</contactRelation><contentsCode>SR_NOTIFICATION</contentsCode><distributionFlag>N</distributionFlag><docCategory>Outgoing Email</docCategory><docGroup>SR</docGroup><edmsLocation>ADS</edmsLocation><edmsObject>CAP</edmsObject><mediaFlag>0</mediaFlag><recDate>2014-09-22T12:27:29-06:00</recDate><recFulNam>ADMIN</recFulNam><recStatus>I</recStatus><sdAppDes>Send Email</sdAppDes><sdProDes>Final Notification</sdProDes></processEMailSettingModel><processEMailSettingModel><noteID>137</noteID><processName>SR_COMPLAINT</processName><serviceProviderCode>BPTDEV</serviceProviderCode><b3contactFlag>N</b3contactFlag><contactRelation>Complainant</contactRelation><contentsCode>SR_ASSIGNED</contentsCode><distributionFlag>N</distributionFlag><docCategory>Outgoing Email</docCategory><docGroup>SR</docGroup><edmsLocation>ADS</edmsLocation><edmsObject>CAP</edmsObject><mediaFlag>0</mediaFlag><recDate>2014-09-17T11:05:31-06:00</recDate><recFulNam>ADMIN</recFulNam><recStatus>A</recStatus><sdAppDes>Assigned</sdAppDes><sdProDes>SR Intake</sdProDes></processEMailSettingModel><processEMailSettingModel><noteID>372</noteID><processName>SR_COMPLAINT</processName><serviceProviderCode>BPTDEV</serviceProviderCode><b3contactFlag>N</b3contactFlag><contactRelation>Complainant</contactRelation><contentsCode>SR_NOTIFICATION</contentsCode><distributionFlag>N</distributionFlag><docCategory>Outgoing Email</docCategory><docGroup>SR</docGroup><edmsLocation>ADS</edmsLocation><edmsObject>CAP</edmsObject><mediaFlag>0</mediaFlag><recDate>2014-09-23T14:23:34-06:00</recDate><recFulNam>ADMIN</recFulNam><recStatus>A</recStatus><sdAppDes>Send Email</sdAppDes><sdProDes>Final Notification</sdProDes></processEMailSettingModel></processEMailSettingModels><processModels><processModel><r1ProcessCode>SR_COMPLAINT</r1ProcessCode><sdStpNum>11</sdStpNum><servProvCode>BPTDEV</servProvCode><asgnAgencyCode>SERVREQ</asgnAgencyCode><asgnBureauCode>NA</asgnBureauCode><asgnDivisionCode>NA</asgnDivisionCode><asgnGroupCode>NA</asgnGroupCode><asgnOfficeCode>NA</asgnOfficeCode><asgnSectionCode>NA</asgnSectionCode><auditModel><auditDate>2014-03-13T11:16:42-06:00</auditDate><auditID>Accela Administrator</auditID><auditStatus>A</auditStatus></auditModel><displayInAca>Y</displayInAca><estimatedHours>0</estimatedHours><hoursSpentRequired>N</hoursSpentRequired><sdChkLv5>A</sdChkLv5><sdDueDay>1</sdDueDay><sdNxtId1>013014000000000</sdNxtId1><sdProDes>SR Intake</sdProDes><sdProId1>010000000000000</sdProId1></processModel><processModel><r1ProcessCode>SR_COMPLAINT</r1ProcessCode><sdStpNum>12</sdStpNum><servProvCode>BPTDEV</servProvCode><asgnAgencyCode>SERVREQ</asgnAgencyCode><asgnBureauCode>NA</asgnBureauCode><asgnDivisionCode>NA</asgnDivisionCode><asgnGroupCode>NA</asgnGroupCode><asgnOfficeCode>NA</asgnOfficeCode><asgnSectionCode>NA</asgnSectionCode><auditModel><auditDate>2014-03-13T11:16:42-06:00</auditDate><auditID>Accela Administrator</auditID><auditStatus>A</auditStatus></auditModel><displayInAca>Y</displayInAca><estimatedHours>0</estimatedHours><hoursSpentRequired>N</hoursSpentRequired><sdChkLv5>A</sdChkLv5><sdDueDay>1</sdDueDay><sdNxtId1>000000000000000</sdNxtId1><sdProDes>Final Notification</sdProDes><sdProId1>014000000000000</sdProId1></processModel><processModel><r1ProcessCode>SR_COMPLAINT</r1ProcessCode><sdStpNum>13</sdStpNum><servProvCode>BPTDEV</servProvCode><asgnAgencyCode>SERVREQ</asgnAgencyCode><asgnBureauCode>NA</asgnBureauCode><asgnDivisionCode>NA</asgnDivisionCode><asgnGroupCode>NA</asgnGroupCode><asgnOfficeCode>NA</asgnOfficeCode><asgnSectionCode>NA</asgnSectionCode><auditModel><auditDate>2014-03-13T11:16:42-06:00</auditDate><auditID>Accela Administrator</auditID><auditStatus>A</auditStatus></auditModel><displayInAca>Y</displayInAca><estimatedHours>0</estimatedHours><hoursSpentRequired>N</hoursSpentRequired><sdChkLv5>A</sdChkLv5><sdDueDay>0</sdDueDay><sdNxtId1>014000000000000</sdNxtId1><sdProDes>Investigation</sdProDes><sdProId1>013000000000000</sdProId1></processModel></processModels><processSecurityModels/><r3statypModels><r3statyp><r3ActStatCod>SR010</r3ActStatCod><r3ProcessCode>SR_COMPLAINT</r3ProcessCode><servProvCode>BPTDEV</servProvCode><applicationStatus>Assigned</applicationStatus><displayInAca>Y</displayInAca><r3ActStatDes>Assigned</r3ActStatDes><r3ActStatFlg>Y</r3ActStatFlg><r3ActTypeDes>Complaint Intake</r3ActTypeDes><r3MouClockAction>No Action</r3MouClockAction><recDate>2012-02-01T17:30:24-07:00</recDate><recFulNam>ADMIN</recFulNam><recStatus>A</recStatus><refTaskStatusI18NModels/></r3statyp><r3statyp><r3ActStatCod>SR020</r3ActStatCod><r3ProcessCode>SR_COMPLAINT</r3ProcessCode><servProvCode>BPTDEV</servProvCode><applicationStatus>Duplicate</applicationStatus><displayInAca>Y</displayInAca><r3ActStatDes>Duplicate</r3ActStatDes><r3ActStatFlg>B</r3ActStatFlg><r3ActTypeDes>Complaint Intake</r3ActTypeDes><r3MouClockAction>No Action</r3MouClockAction><recDate>2012-02-06T12:04:05-07:00</recDate><recFulNam>ADMIN</recFulNam><recStatus>A</recStatus><refTaskStatusI18NModels/></r3statyp><r3statyp><r3ActStatCod>SR040</r3ActStatCod><r3ProcessCode>SR_COMPLAINT</r3ProcessCode><servProvCode>BPTDEV</servProvCode><displayInAca>Y</displayInAca><r3ActStatDes>Note</r3ActStatDes><r3ActStatFlg>U</r3ActStatFlg><r3ActTypeDes>Complaint Intake</r3ActTypeDes><r3MouClockAction>No Action</r3MouClockAction><recDate>2012-02-01T17:31:25-07:00</recDate><recFulNam>ADMIN</recFulNam><recStatus>A</recStatus><refTaskStatusI18NModels/></r3statyp><r3statyp><r3ActStatCod>SR030</r3ActStatCod><r3ProcessCode>SR_COMPLAINT</r3ProcessCode><servProvCode>BPTDEV</servProvCode><applicationStatus>Referred</applicationStatus><displayInAca>Y</displayInAca><r3ActStatDes>Referred</r3ActStatDes><r3ActStatFlg>B</r3ActStatFlg><r3ActTypeDes>Complaint Intake</r3ActTypeDes><r3MouClockAction>No Action</r3MouClockAction><recDate>2012-02-06T12:04:13-07:00</recDate><recFulNam>ADMIN</recFulNam><recStatus>A</recStatus><refTaskStatusI18NModels/></r3statyp><r3statyp><r3ActStatCod>SR050</r3ActStatCod><r3ProcessCode>SR_COMPLAINT</r3ProcessCode><servProvCode>BPTDEV</servProvCode><displayInAca>Y</displayInAca><r3ActStatDes>No Notification Sent</r3ActStatDes><r3ActStatFlg>Y</r3ActStatFlg><r3ActTypeDes>Final Notification</r3ActTypeDes><r3MouClockAction>No Action</r3MouClockAction><recDate>2012-09-27T12:13:48-06:00</recDate><recFulNam>ADMIN</recFulNam><recStatus>A</recStatus><refTaskStatusI18NModels/></r3statyp><r3statyp><r3ActStatCod>SR070</r3ActStatCod><r3ProcessCode>SR_COMPLAINT</r3ProcessCode><servProvCode>BPTDEV</servProvCode><displayInAca>Y</displayInAca><r3ActStatDes>Note</r3ActStatDes><r3ActStatFlg>U</r3ActStatFlg><r3ActTypeDes>Final Notification</r3ActTypeDes><r3MouClockAction>No Action</r3MouClockAction><recDate>2012-02-01T17:32:33-07:00</recDate><recFulNam>ADMIN</recFulNam><recStatus>A</recStatus><refTaskStatusI18NModels/></r3statyp><r3statyp><r3ActStatCod>SCODE1</r3ActStatCod><r3ProcessCode>SR_COMPLAINT</r3ProcessCode><servProvCode>BPTDEV</servProvCode><displayInAca>Y</displayInAca><r3ActStatDes>Send Email</r3ActStatDes><r3ActStatFlg>Y</r3ActStatFlg><r3ActTypeDes>Final Notification</r3ActTypeDes><r3MouClockAction>No Action</r3MouClockAction><recDate>2013-09-11T11:57:06-06:00</recDate><recFulNam>ADMIN</recFulNam><recStatus>A</recStatus><refTaskStatusI18NModels/></r3statyp><r3statyp><r3ActStatCod>SR260</r3ActStatCod><r3ProcessCode>SR_COMPLAINT</r3ProcessCode><servProvCode>BPTDEV</servProvCode><applicationStatus>Complete-Fixed</applicationStatus><displayInAca>Y</displayInAca><r3ActStatDes>Abated</r3ActStatDes><r3ActStatFlg>Y</r3ActStatFlg><r3ActTypeDes>Investigation</r3ActTypeDes><r3MouClockAction>No Action</r3MouClockAction><recDate>2012-09-27T12:14:14-06:00</recDate><recFulNam>ADMIN</recFulNam><recStatus>A</recStatus><refTaskStatusI18NModels/></r3statyp><r3statyp><r3ActStatCod>SR110</r3ActStatCod><r3ProcessCode>SR_COMPLAINT</r3ProcessCode><servProvCode>BPTDEV</servProvCode><applicationStatus>Complete-Fixed</applicationStatus><displayInAca>Y</displayInAca><r3ActStatDes>Corrected</r3ActStatDes><r3ActStatFlg>Y</r3ActStatFlg><r3ActTypeDes>Investigation</r3ActTypeDes><r3MouClockAction>No Action</r3MouClockAction><recDate>2012-09-27T12:14:33-06:00</recDate><recFulNam>ADMIN</recFulNam><recStatus>A</recStatus><refTaskStatusI18NModels/></r3statyp><r3statyp><r3ActStatCod>SCODE3</r3ActStatCod><r3ProcessCode>SR_COMPLAINT</r3ProcessCode><servProvCode>BPTDEV</servProvCode><applicationStatus>Complete-Closed</applicationStatus><displayInAca>Y</displayInAca><r3ActStatDes>Legal Decision</r3ActStatDes><r3ActStatFlg>Y</r3ActStatFlg><r3ActTypeDes>Investigation</r3ActTypeDes><recDate>2014-03-10T14:24:13-06:00</recDate><recFulNam>Accela Administrator</recFulNam><recStatus>A</recStatus><refTaskStatusI18NModels/></r3statyp><r3statyp><r3ActStatCod>SR100</r3ActStatCod><r3ProcessCode>SR_COMPLAINT</r3ProcessCode><servProvCode>BPTDEV</servProvCode><applicationStatus>Complete-No Violation</applicationStatus><displayInAca>Y</displayInAca><r3ActStatDes>No Violation Found</r3ActStatDes><r3ActStatFlg>Y</r3ActStatFlg><r3ActTypeDes>Investigation</r3ActTypeDes><r3MouClockAction>No Action</r3MouClockAction><recDate>2013-09-13T12:03:28-06:00</recDate><recFulNam>Accela Administrator</recFulNam><recStatus>A</recStatus><refTaskStatusI18NModels/></r3statyp><r3statyp><r3ActStatCod>SR140</r3ActStatCod><r3ProcessCode>SR_COMPLAINT</r3ProcessCode><servProvCode>BPTDEV</servProvCode><applicationStatus>In Progress</applicationStatus><displayInAca>Y</displayInAca><r3ActStatDes>Note</r3ActStatDes><r3ActStatFlg>U</r3ActStatFlg><r3ActTypeDes>Investigation</r3ActTypeDes><r3MouClockAction>No Action</r3MouClockAction><recDate>2012-09-27T12:13:09-06:00</recDate><recFulNam>ADMIN</recFulNam><recStatus>A</recStatus><refTaskStatusI18NModels/></r3statyp><r3statyp><r3ActStatCod>SCODE4</r3ActStatCod><r3ProcessCode>SR_COMPLAINT</r3ProcessCode><servProvCode>BPTDEV</servProvCode><applicationStatus>Complete-Fixed</applicationStatus><displayInAca>Y</displayInAca><r3ActStatDes>Work Complete</r3ActStatDes><r3ActStatFlg>Y</r3ActStatFlg><r3ActTypeDes>Investigation</r3ActTypeDes><recDate>2014-03-10T16:55:01-06:00</recDate><recFulNam>Accela Administrator</recFulNam><recStatus>A</recStatus><refTaskStatusI18NModels/></r3statyp><r3statyp><r3ActStatCod>SCODE2</r3ActStatCod><r3ProcessCode>SR_COMPLAINT</r3ProcessCode><servProvCode>BPTDEV</servProvCode><applicationStatus>Assigned</applicationStatus><displayInAca>Y</displayInAca><r3ActStatDes>Assigned</r3ActStatDes><r3ActStatFlg>Y</r3ActStatFlg><r3ActTypeDes>SR Intake</r3ActTypeDes><r3MouClockAction>No Action</r3MouClockAction><recDate>2014-03-10T12:16:48-06:00</recDate><recFulNam>Accela Administrator</recFulNam><recStatus>A</recStatus><refTaskStatusI18NModels/></r3statyp><r3statyp><r3ActStatCod>SR210</r3ActStatCod><r3ProcessCode>SR_COMPLAINT</r3ProcessCode><servProvCode>BPTDEV</servProvCode><applicationStatus>Complete-Duplicate</applicationStatus><displayInAca>Y</displayInAca><r3ActStatDes>Duplicate</r3ActStatDes><r3ActStatFlg>B</r3ActStatFlg><r3ActTypeDes>SR Intake</r3ActTypeDes><r3MouClockAction>No Action</r3MouClockAction><recDate>2012-09-27T12:11:48-06:00</recDate><recFulNam>ADMIN</recFulNam><recStatus>A</recStatus><refTaskStatusI18NModels/></r3statyp><r3statyp><r3ActStatCod>SR230</r3ActStatCod><r3ProcessCode>SR_COMPLAINT</r3ProcessCode><servProvCode>BPTDEV</servProvCode><displayInAca>Y</displayInAca><r3ActStatDes>Note</r3ActStatDes><r3ActStatFlg>U</r3ActStatFlg><r3ActTypeDes>SR Intake</r3ActTypeDes><r3MouClockAction>No Action</r3MouClockAction><recDate>2012-06-28T14:58:08-06:00</recDate><recFulNam>ADMIN</recFulNam><recStatus>A</recStatus><refTaskStatusI18NModels/></r3statyp><r3statyp><r3ActStatCod>SR220</r3ActStatCod><r3ProcessCode>SR_COMPLAINT</r3ProcessCode><servProvCode>BPTDEV</servProvCode><applicationStatus>Complete-Referred</applicationStatus><displayInAca>Y</displayInAca><r3ActStatDes>Referred</r3ActStatDes><r3ActStatFlg>B</r3ActStatFlg><r3ActTypeDes>SR Intake</r3ActTypeDes><r3MouClockAction>No Action</r3MouClockAction><recDate>2012-09-27T12:12:03-06:00</recDate><recFulNam>ADMIN</recFulNam><recStatus>A</recStatus><refTaskStatusI18NModels/></r3statyp></r3statypModels><securityFlag>SR_COMPLAINT/%</securityFlag></virProcess>
<virProcess><r1ProcessCode>SR_COMPLAINT_WO</r1ProcessCode><servProvCode>BPTDEV</servProvCode><isEmailSettringSelected>Y</isEmailSettringSelected><isSecuritySelected>Y</isSecuritySelected><processEMailSettingModels><processEMailSettingModel><noteID>362</noteID><processName>SR_COMPLAINT_WO</processName><serviceProviderCode>BPTDEV</serviceProviderCode><b3contactFlag>N</b3contactFlag><contactRelation>Complainant</contactRelation><contentsCode>SR_ASSIGNED</contentsCode><distributionFlag>N</distributionFlag><docCategory>Outgoing Email</docCategory><docGroup>SR</docGroup><edmsLocation>ADS</edmsLocation><edmsObject>CAP</edmsObject><mediaFlag>0</mediaFlag><recDate>2014-09-17T11:04:30-06:00</recDate><recFulNam>ADMIN</recFulNam><recStatus>A</recStatus><sdAppDes>Assigned</sdAppDes><sdProDes>SR Intake</sdProDes></processEMailSettingModel><processEMailSettingModel><noteID>363</noteID><processName>SR_COMPLAINT_WO</processName><serviceProviderCode>BPTDEV</serviceProviderCode><b3contactFlag>N</b3contactFlag><contactRelation>Complainant</contactRelation><contentsCode>SR_DUPLICATE</contentsCode><distributionFlag>N</distributionFlag><docCategory>Outgoing Email</docCategory><docGroup>SR</docGroup><edmsLocation>ADS</edmsLocation><edmsObject>CAP</edmsObject><mediaFlag>0</mediaFlag><recDate>2014-09-17T11:04:30-06:00</recDate><recFulNam>ADMIN</recFulNam><recStatus>A</recStatus><sdAppDes>Duplicate</sdAppDes><sdProDes>SR Intake</sdProDes></processEMailSettingModel><processEMailSettingModel><noteID>364</noteID><processName>SR_COMPLAINT_WO</processName><serviceProviderCode>BPTDEV</serviceProviderCode><b3contactFlag>N</b3contactFlag><contactRelation>Complainant</contactRelation><contentsCode>SR_REFERRED</contentsCode><distributionFlag>N</distributionFlag><docCategory>Outgoing Email</docCategory><docGroup>SR</docGroup><edmsLocation>ADS</edmsLocation><edmsObject>CAP</edmsObject><mediaFlag>0</mediaFlag><recDate>2014-09-17T11:04:30-06:00</recDate><recFulNam>ADMIN</recFulNam><recStatus>A</recStatus><sdAppDes>Referred</sdAppDes><sdProDes>SR Intake</sdProDes></processEMailSettingModel><processEMailSettingModel><noteID>365</noteID><processName>SR_COMPLAINT_WO</processName><serviceProviderCode>BPTDEV</serviceProviderCode><b3contactFlag>N</b3contactFlag><contactRelation>Complainant</contactRelation><contentsCode>SR_NOTIFICATION</contentsCode><distributionFlag>N</distributionFlag><docCategory>Outgoing Email</docCategory><docGroup>SR</docGroup><edmsLocation>ADS</edmsLocation><edmsObject>CAP</edmsObject><mediaFlag>0</mediaFlag><recDate>2014-09-17T11:04:30-06:00</recDate><recFulNam>ADMIN</recFulNam><recStatus>A</recStatus><sdAppDes>Send Email</sdAppDes><sdProDes>Final Notification</sdProDes></processEMailSettingModel></processEMailSettingModels><processModels><processModel><r1ProcessCode>SR_COMPLAINT_WO</r1ProcessCode><sdStpNum>11</sdStpNum><servProvCode>BPTDEV</servProvCode><asgnAgencyCode>SERVREQ</asgnAgencyCode><asgnBureauCode>NA</asgnBureauCode><asgnDivisionCode>NA</asgnDivisionCode><asgnGroupCode>NA</asgnGroupCode><asgnOfficeCode>NA</asgnOfficeCode><asgnSectionCode>NA</asgnSectionCode><auditModel><auditDate>2014-08-26T14:10:31-06:00</auditDate><auditID>Accela Administrator</auditID><auditStatus>A</auditStatus></auditModel><displayInAca>Y</displayInAca><estimatedHours>0</estimatedHours><hoursSpentRequired>N</hoursSpentRequired><sdChkLv5>A</sdChkLv5><sdDueDay>1</sdDueDay><sdNxtId1>013016000000000</sdNxtId1><sdProDes>SR Intake</sdProDes><sdProId1>010000000000000</sdProId1></processModel><processModel><r1ProcessCode>SR_COMPLAINT_WO</r1ProcessCode><sdStpNum>12</sdStpNum><servProvCode>BPTDEV</servProvCode><asgnAgencyCode>SERVREQ</asgnAgencyCode><asgnBureauCode>NA</asgnBureauCode><asgnDivisionCode>NA</asgnDivisionCode><asgnGroupCode>NA</asgnGroupCode><asgnOfficeCode>NA</asgnOfficeCode><asgnSectionCode>NA</asgnSectionCode><auditModel><auditDate>2014-08-26T14:10:31-06:00</auditDate><auditID>Accela Administrator</auditID><auditStatus>A</auditStatus></auditModel><displayInAca>Y</displayInAca><estimatedHours>0</estimatedHours><hoursSpentRequired>N</hoursSpentRequired><sdChkLv5>A</sdChkLv5><sdDueDay>1</sdDueDay><sdNxtId1>000000000000000</sdNxtId1><sdProDes>Final Notification</sdProDes><sdProId1>016000000000000</sdProId1></processModel><processModel><r1ProcessCode>SR_COMPLAINT_WO</r1ProcessCode><sdStpNum>13</sdStpNum><servProvCode>BPTDEV</servProvCode><asgnAgencyCode>PUBWRKS</asgnAgencyCode><asgnBureauCode>NA</asgnBureauCode><asgnDivisionCode>NA</asgnDivisionCode><asgnGroupCode>NA</asgnGroupCode><asgnOfficeCode>NA</asgnOfficeCode><asgnSectionCode>NA</asgnSectionCode><auditModel><auditDate>2014-08-28T13:23:31-06:00</auditDate><auditID>Accela Administrator</auditID><auditStatus>A</auditStatus></auditModel><displayInAca>Y</displayInAca><estimatedHours>0</estimatedHours><hoursSpentRequired>N</hoursSpentRequired><sdChkLv5>A</sdChkLv5><sdDueDay>0</sdDueDay><sdNxtId1>015016000000000</sdNxtId1><sdProDes>SR Investigation</sdProDes><sdProId1>013000000000000</sdProId1></processModel><processModel><r1ProcessCode>SR_COMPLAINT_WO</r1ProcessCode><sdStpNum>14</sdStpNum><servProvCode>BPTDEV</servProvCode><asgnAgencyCode>ADMIN</asgnAgencyCode><asgnBureauCode>NA</asgnBureauCode><asgnDivisionCode>NA</asgnDivisionCode><asgnGroupCode>NA</asgnGroupCode><asgnOfficeCode>NA</asgnOfficeCode><asgnSectionCode>NA</asgnSectionCode><auditModel><auditDate>2014-08-26T15:11:12-06:00</auditDate><auditID>Accela Administrator</auditID><auditStatus>A</auditStatus></auditModel><sdNxtId1>016000000000000</sdNxtId1><sdProDes>Work Order</sdProDes><sdProId1>015000000000000</sdProId1></processModel></processModels><processSecurityModels/><r3statypModels><r3statyp><r3ActStatCod>SCODE5</r3ActStatCod><r3ProcessCode>SR_COMPLAINT_WO</r3ProcessCode><servProvCode>BPTDEV</servProvCode><displayInAca>Y</displayInAca><r3ActStatDes>No Notification Sent</r3ActStatDes><r3ActStatFlg>Y</r3ActStatFlg><r3ActTypeDes>Final Notification</r3ActTypeDes><r3MouClockAction>No Action</r3MouClockAction><recDate>2014-08-26T14:10:31-06:00</recDate><recFulNam>Accela Administrator</recFulNam><recStatus>A</recStatus><refTaskStatusI18NModels/></r3statyp><r3statyp><r3ActStatCod>SR070</r3ActStatCod><r3ProcessCode>SR_COMPLAINT_WO</r3ProcessCode><servProvCode>BPTDEV</servProvCode><displayInAca>Y</displayInAca><r3ActStatDes>Note</r3ActStatDes><r3ActStatFlg>U</r3ActStatFlg><r3ActTypeDes>Final Notification</r3ActTypeDes><r3MouClockAction>No Action</r3MouClockAction><recDate>2014-08-26T13:51:38-06:00</recDate><recFulNam>Accela Administrator</recFulNam><recStatus>A</recStatus><refTaskStatusI18NModels/></r3statyp><r3statyp><r3ActStatCod>SCODE6</r3ActStatCod><r3ProcessCode>SR_COMPLAINT_WO</r3ProcessCode><servProvCode>BPTDEV</servProvCode><displayInAca>Y</displayInAca><r3ActStatDes>Send Email</r3ActStatDes><r3ActStatFlg>Y</r3ActStatFlg><r3ActTypeDes>Final Notification</r3ActTypeDes><r3MouClockAction>No Action</r3MouClockAction><recDate>2014-08-26T14:10:31-06:00</recDate><recFulNam>Accela Administrator</recFulNam><recStatus>A</recStatus><refTaskStatusI18NModels/></r3statyp><r3statyp><r3ActStatCod>SR260</r3ActStatCod><r3ProcessCode>SR_COMPLAINT_WO</r3ProcessCode><servProvCode>BPTDEV</servProvCode><applicationStatus>Complete-Fixed</applicationStatus><displayInAca>Y</displayInAca><r3ActStatDes>Abated</r3ActStatDes><r3ActStatFlg>Y</r3ActStatFlg><r3ActTypeDes>Investigation</r3ActTypeDes><r3MouClockAction>No Action</r3MouClockAction><recDate>2014-08-26T13:51:38-06:00</recDate><recFulNam>Accela Administrator</recFulNam><recStatus>A</recStatus><refTaskStatusI18NModels/></r3statyp><r3statyp><r3ActStatCod>SR110</r3ActStatCod><r3ProcessCode>SR_COMPLAINT_WO</r3ProcessCode><servProvCode>BPTDEV</servProvCode><applicationStatus>Complete-Fixed</applicationStatus><displayInAca>Y</displayInAca><r3ActStatDes>Corrected</r3ActStatDes><r3ActStatFlg>Y</r3ActStatFlg><r3ActTypeDes>Investigation</r3ActTypeDes><r3MouClockAction>No Action</r3MouClockAction><recDate>2014-08-26T13:51:38-06:00</recDate><recFulNam>Accela Administrator</recFulNam><recStatus>A</recStatus><refTaskStatusI18NModels/></r3statyp><r3statyp><r3ActStatCod>SCODE3</r3ActStatCod><r3ProcessCode>SR_COMPLAINT_WO</r3ProcessCode><servProvCode>BPTDEV</servProvCode><applicationStatus>Complete-Closed</applicationStatus><displayInAca>Y</displayInAca><r3ActStatDes>Legal Decision</r3ActStatDes><r3ActStatFlg>Y</r3ActStatFlg><r3ActTypeDes>Investigation</r3ActTypeDes><recDate>2014-08-26T13:51:38-06:00</recDate><recFulNam>Accela Administrator</recFulNam><recStatus>A</recStatus><refTaskStatusI18NModels/></r3statyp><r3statyp><r3ActStatCod>SR100</r3ActStatCod><r3ProcessCode>SR_COMPLAINT_WO</r3ProcessCode><servProvCode>BPTDEV</servProvCode><applicationStatus>Complete-No Violation</applicationStatus><displayInAca>Y</displayInAca><r3ActStatDes>No Violation Found</r3ActStatDes><r3ActStatFlg>Y</r3ActStatFlg><r3ActTypeDes>Investigation</r3ActTypeDes><r3MouClockAction>No Action</r3MouClockAction><recDate>2014-08-26T13:51:38-06:00</recDate><recFulNam>Accela Administrator</recFulNam><recStatus>A</recStatus><refTaskStatusI18NModels/></r3statyp><r3statyp><r3ActStatCod>SR140</r3ActStatCod><r3ProcessCode>SR_COMPLAINT_WO</r3ProcessCode><servProvCode>BPTDEV</servProvCode><applicationStatus>In Progress</applicationStatus><displayInAca>Y</displayInAca><r3ActStatDes>Note</r3ActStatDes><r3ActStatFlg>U</r3ActStatFlg><r3ActTypeDes>Investigation</r3ActTypeDes><r3MouClockAction>No Action</r3MouClockAction><recDate>2014-08-26T13:51:38-06:00</recDate><recFulNam>Accela Administrator</recFulNam><recStatus>A</recStatus><refTaskStatusI18NModels/></r3statyp><r3statyp><r3ActStatCod>SCODE4</r3ActStatCod><r3ProcessCode>SR_COMPLAINT_WO</r3ProcessCode><servProvCode>BPTDEV</servProvCode><applicationStatus>Complete-Fixed</applicationStatus><displayInAca>Y</displayInAca><r3ActStatDes>Work Complete</r3ActStatDes><r3ActStatFlg>Y</r3ActStatFlg><r3ActTypeDes>Investigation</r3ActTypeDes><recDate>2014-08-26T13:51:38-06:00</recDate><recFulNam>Accela Administrator</recFulNam><recStatus>A</recStatus><refTaskStatusI18NModels/></r3statyp><r3statyp><r3ActStatCod>SCODE2</r3ActStatCod><r3ProcessCode>SR_COMPLAINT_WO</r3ProcessCode><servProvCode>BPTDEV</servProvCode><applicationStatus>Assigned</applicationStatus><displayInAca>Y</displayInAca><r3ActStatDes>Assigned</r3ActStatDes><r3ActStatFlg>Y</r3ActStatFlg><r3ActTypeDes>SR Intake</r3ActTypeDes><r3MouClockAction>No Action</r3MouClockAction><recDate>2014-08-26T13:51:38-06:00</recDate><recFulNam>Accela Administrator</recFulNam><recStatus>A</recStatus><refTaskStatusI18NModels/></r3statyp><r3statyp><r3ActStatCod>SR210</r3ActStatCod><r3ProcessCode>SR_COMPLAINT_WO</r3ProcessCode><servProvCode>BPTDEV</servProvCode><applicationStatus>Complete-Duplicate</applicationStatus><displayInAca>Y</displayInAca><r3ActStatDes>Duplicate</r3ActStatDes><r3ActStatFlg>B</r3ActStatFlg><r3ActTypeDes>SR Intake</r3ActTypeDes><r3MouClockAction>No Action</r3MouClockAction><recDate>2014-08-26T13:51:38-06:00</recDate><recFulNam>Accela Administrator</recFulNam><recStatus>A</recStatus><refTaskStatusI18NModels/></r3statyp><r3statyp><r3ActStatCod>SR230</r3ActStatCod><r3ProcessCode>SR_COMPLAINT_WO</r3ProcessCode><servProvCode>BPTDEV</servProvCode><displayInAca>Y</displayInAca><r3ActStatDes>Note</r3ActStatDes><r3ActStatFlg>U</r3ActStatFlg><r3ActTypeDes>SR Intake</r3ActTypeDes><r3MouClockAction>No Action</r3MouClockAction><recDate>2014-08-26T13:51:38-06:00</recDate><recFulNam>Accela Administrator</recFulNam><recStatus>A</recStatus><refTaskStatusI18NModels/></r3statyp><r3statyp><r3ActStatCod>SR220</r3ActStatCod><r3ProcessCode>SR_COMPLAINT_WO</r3ProcessCode><servProvCode>BPTDEV</servProvCode><applicationStatus>Complete-Referred</applicationStatus><displayInAca>Y</displayInAca><r3ActStatDes>Referred</r3ActStatDes><r3ActStatFlg>B</r3ActStatFlg><r3ActTypeDes>SR Intake</r3ActTypeDes><r3MouClockAction>No Action</r3MouClockAction><recDate>2014-08-26T13:51:38-06:00</recDate><recFulNam>Accela Administrator</recFulNam><recStatus>A</recStatus><refTaskStatusI18NModels/></r3statyp><r3statyp><r3ActStatCod>SCODE11</r3ActStatCod><r3ProcessCode>SR_COMPLAINT_WO</r3ProcessCode><servProvCode>BPTDEV</servProvCode><displayInAca>Y</displayInAca><r3ActStatDes>Create Work Order</r3ActStatDes><r3ActStatFlg>Y</r3ActStatFlg><r3ActTypeDes>SR Investigation</r3ActTypeDes><recDate>2014-08-26T14:10:31-06:00</recDate><recFulNam>Accela Administrator</recFulNam><recStatus>A</recStatus><refTaskStatusI18NModels/></r3statyp><r3statyp><r3ActStatCod>SCODE8</r3ActStatCod><r3ProcessCode>SR_COMPLAINT_WO</r3ProcessCode><servProvCode>BPTDEV</servProvCode><applicationStatus>Complete-Fixed</applicationStatus><displayInAca>Y</displayInAca><r3ActStatDes>No Work Order</r3ActStatDes><r3ActStatFlg>B</r3ActStatFlg><r3ActTypeDes>SR Investigation</r3ActTypeDes><recDate>2014-08-26T15:11:12-06:00</recDate><recFulNam>Accela Administrator</recFulNam><recStatus>A</recStatus><refTaskStatusI18NModels/></r3statyp><r3statyp><r3ActStatCod>SCODE10</r3ActStatCod><r3ProcessCode>SR_COMPLAINT_WO</r3ProcessCode><servProvCode>BPTDEV</servProvCode><applicationStatus>In Progress</applicationStatus><displayInAca>Y</displayInAca><r3ActStatDes>Note</r3ActStatDes><r3ActStatFlg>U</r3ActStatFlg><r3ActTypeDes>SR Investigation</r3ActTypeDes><r3MouClockAction>No Action</r3MouClockAction><recDate>2014-08-26T14:10:31-06:00</recDate><recFulNam>Accela Administrator</recFulNam><recStatus>A</recStatus><refTaskStatusI18NModels/></r3statyp><r3statyp><r3ActStatCod>SCODE7</r3ActStatCod><r3ProcessCode>SR_COMPLAINT_WO</r3ProcessCode><servProvCode>BPTDEV</servProvCode><applicationStatus>Complete-Fixed</applicationStatus><displayInAca>Y</displayInAca><r3ActStatDes>Work Complete</r3ActStatDes><r3ActStatFlg>Y</r3ActStatFlg><r3ActTypeDes>Work Order</r3ActTypeDes><recDate>2014-08-26T15:11:12-06:00</recDate><recFulNam>Accela Administrator</recFulNam><recStatus>A</recStatus><refTaskStatusI18NModels/></r3statyp></r3statypModels><securityFlag>SR_COMPLAINT_WO/%</securityFlag></virProcess>
</list>