<?xml version="1.0" encoding="UTF-8" standalone="yes"?>
<list  version="8.0.0" minorVersion="15" exportUser="ADMIN" exportDateTime="03/30/2016 09:45 PM" description="null"><workflow><parentProcessID>0</parentProcessID><serviceProviderCode>BPTDEV</serviceProviderCode><stepNumber>0</stepNumber><workflowName>NONE</workflowName><isSubProcessSelected>Y</isSubProcessSelected><processCode>NONE</processCode><refProcessRelationI18NModels/><recDate>2011-12-12T18:33:09-07:00</recDate><recFulNam>ADMIN</recFulNam><recStatus>A</recStatus><relationSeqId>12</relationSeqId><subProcessModels/></workflow>
<workflow><parentProcessID>0</parentProcessID><serviceProviderCode>BPTDEV</serviceProviderCode><stepNumber>0</stepNumber><workflowName>SR_COMPLAINT</workflowName><isSubProcessSelected>Y</isSubProcessSelected><processCode>SR_COMPLAINT</processCode><refProcessRelationI18NModels/><recDate>2014-03-13T11:16:42-06:00</recDate><recFulNam>Accela Administrator</recFulNam><recStatus>A</recStatus><relationSeqId>23</relationSeqId><subProcessModels/></workflow>
<workflow><parentProcessID>0</parentProcessID><serviceProviderCode>BPTDEV</serviceProviderCode><stepNumber>0</stepNumber><workflowName>SR_COMPLAINT_WO</workflowName><isSubProcessSelected>Y</isSubProcessSelected><processCode>SR_COMPLAINT_WO</processCode><refProcessRelationI18NModels/><recDate>2014-08-28T13:23:31-06:00</recDate><recFulNam>Accela Administrator</recFulNam><recStatus>A</recStatus><relationSeqId>12762</relationSeqId><resId>262</resId><subProcessModels/></workflow>
</list>