<?xml version="1.0" encoding="UTF-8" standalone="yes"?>
<list  version="8.0.0" minorVersion="15" exportUser="ADMIN" exportDateTime="03/30/2016 09:30 PM" description="null"><asiGroup><appSpecInfoGroupCode>PLN_HEARING</appSpecInfoGroupCode><r1CheckboxGroup>WORKFLOW TASK</r1CheckboxGroup><serviceProviderCode>BPTDEV</serviceProviderCode><asiModels><asiModel><r1CheckboxCode>PLN_HEARING</r1CheckboxCode><r1CheckboxDesc>Hearing Body</r1CheckboxDesc><r1CheckboxGroup>WORKFLOW TASK</r1CheckboxGroup><r1CheckboxType>PLN_HEARING</r1CheckboxType><servProvCode>BPTDEV</servProvCode><asiDropdownModels/><displayLength>40</displayLength><maxLength>0</maxLength><r1AttributeValueReqFlag>N</r1AttributeValueReqFlag><r1CheckboxInd>5</r1CheckboxInd><r1DisplayOrder>10</r1DisplayOrder><r1ReqFeeCalc>N</r1ReqFeeCalc><r1SearchableFlag>N</r1SearchableFlag><r1SupervisorEditOnlyFlag>N</r1SupervisorEditOnlyFlag><r1TaskStatusReqFlag>Y</r1TaskStatusReqFlag><recDate>2012-02-09T17:56:41-07:00</recDate><recFulNam>ADMIN</recFulNam><recStatus>A</recStatus><vchDispFlag>Y</vchDispFlag></asiModel></asiModels><asiSecurityModels/><fieldVariableMapping/><isASITSelected>Y</isASITSelected><isSecuritySelected>Y</isSecuritySelected><r1CheckboxType>PLN_HEARING</r1CheckboxType><sharedDropDownModels><sharedDropDownModel refId="1@SharedDropDownModel"><sequenceNbr>152</sequenceNbr><serviceProviderCode>BPTDEV</serviceProviderCode><auditModel><auditDate>2012-02-09T17:56:28-07:00</auditDate><auditID>ADMIN</auditID><auditStatus>A</auditStatus></auditModel><level1>PLN_HEARING</level1><level2>PLN_HEARING</level2><level3>WORKFLOW TASK</level3><level4>Hearing Body</level4><relationType>TASK_SPECIFIC_INFO</relationType><standardChoiceName>PLN_HEARING_TYPE</standardChoiceName></sharedDropDownModel></sharedDropDownModels><templateLayoutConfigModels/></asiGroup>
</list>