<?xml version="1.0" encoding="UTF-8" standalone="yes"?>
<list  version="8.0.0" minorVersion="15" exportUser="ADMIN" exportDateTime="03/30/2016 09:30 PM" description="null"><standardCommentGroup><commentType>PLANNING</commentType><serviceProviderCode>BPTDEV</serviceProviderCode><standardCommentModels><standardCommentModel><serviceProviderCode>BPTDEV</serviceProviderCode><commentType>PLANNING</commentType><documentId>400.10</documentId><auditModel><auditDate>2011-03-14T11:25:17-06:00</auditDate><auditID>JWATTERS</auditID><auditStatus>A</auditStatus></auditModel><commentName>Urban Development Compliance</commentName><comments>Compliance with Chapter IV, Standard  Urban Development Standards, of the Plan Commission Rules and Regulations, is required for lots less than 1 acre in size.</comments><standardCommentI18Ns/></standardCommentModel><standardCommentModel><serviceProviderCode>BPTDEV</serviceProviderCode><commentType>PLANNING</commentType><documentId>400.20</documentId><auditModel><auditDate>2011-03-14T11:27:24-06:00</auditDate><auditID>JWATTERS</auditID><auditStatus>A</auditStatus></auditModel><commentName>Sub-Urban Development Compliance</commentName><comments>Compliance with Chapter VII, Sub-Urban Development Standards of the Plan Commission Rules and Regulations is required for subdivisions in the ETJ with lot sizes less than 2.5 acres, but not less than 1 acre in size.</comments><standardCommentI18Ns/></standardCommentModel><standardCommentModel><serviceProviderCode>BPTDEV</serviceProviderCode><commentType>PLANNING</commentType><documentId>400.30</documentId><auditModel><auditDate>2011-03-14T11:39:33-06:00</auditDate><auditID>JWATTERS</auditID><auditStatus>A</auditStatus></auditModel><commentName>Zoning Classification</commentName><comments>Appropriate zoning classifications for this project shall be in place prior to Plat approval.</comments><standardCommentI18Ns/></standardCommentModel><standardCommentModel><serviceProviderCode>BPTDEV</serviceProviderCode><commentType>PLANNING</commentType><documentId>400.31</documentId><auditModel><auditDate>2011-07-14T08:53:07-06:00</auditDate><auditID>JWATTERS</auditID><auditStatus>A</auditStatus></auditModel><commentName>Zoning Non-Confirming Lot</commentName><comments>Where a lot of record created by plat has less width or lot area than this ordinance requires in the "A-2.5A" One-Family through the "A-5" One-Family residential zoning districts, the district standard for lot width or lot area shall not prohibit the erection of a detached one-family dwelling or an accessory structure associated with a detached one-family dwelling as allowed by the applicable one-family zoning district standards, provided that:  (a) The lot size is at least 5,000 square feet and the lot width is at least 50 feet; or (b) In an A-5 One Family district, the lot size and lot width do not vary more than ten percent from the applicable standard.&#xD;
&#xD;
In accordance with the subdivision ordinance, property may not be platted or replatted into lots that do not meet the minimum lot width or lot size required by the applicable zoning district.</comments><standardCommentI18Ns/></standardCommentModel><standardCommentModel><serviceProviderCode>BPTDEV</serviceProviderCode><commentType>PLANNING</commentType><documentId>400.33</documentId><auditModel><auditDate>2011-07-14T08:54:29-06:00</auditDate><auditID>JWATTERS</auditID><auditStatus>A</auditStatus></auditModel><commentName>Zoning Non-Conforming Carport</commentName><comments>Nonconforming one-family or two-family carports. Notwithstanding any provisions in the ordinance to the contrary, any carport which was added to the front of a one-family or two-family residence before January 18, 2003 (as verified by aerial photos from January 1, 2003) shall be deemed legal nonconforming and may continue to exist subject to the following: (1) The owner of the property applied for a special exception from the board of adjustment prior to September 1, 2004; and&#xD;
(2) An application for a building permit for the front yard carport on the property is filed with the city prior to March 1, 2008; and (3) The building permit for the front yard carport is finaled by the city no later than one (1) year after the application date of the initial filed building permit unless an extension of time to receive the finaled building permit is approved by the planning and development director or his/her designee</comments><standardCommentI18Ns/></standardCommentModel><standardCommentModel><serviceProviderCode>BPTDEV</serviceProviderCode><commentType>PLANNING</commentType><documentId>400.34</documentId><auditModel><auditDate>2011-03-14T11:39:00-06:00</auditDate><auditID>JWATTERS</auditID><auditStatus>A</auditStatus></auditModel><commentName>Topography</commentName><comments>Required standard (5 ft or less) topographical contour intervals for the entire preliminary plat shall be shown, and referenced to vertical control benchmarks approved by the city engineer.</comments><standardCommentI18Ns/></standardCommentModel><standardCommentModel><serviceProviderCode>BPTDEV</serviceProviderCode><commentType>PLANNING</commentType><documentId>400.35</documentId><auditModel><auditDate>2011-07-14T08:55:25-06:00</auditDate><auditID>JWATTERS</auditID><auditStatus>A</auditStatus></auditModel><commentName>Land Use Delineation</commentName><comments>Delineation and tabulation of all proposed land uses and acreages thereof; applicable residential densities, number of dwelling units and related population estimates shall also be tabulated and shown on the plat.</comments><standardCommentI18Ns/></standardCommentModel><standardCommentModel><serviceProviderCode>BPTDEV</serviceProviderCode><commentType>PLANNING</commentType><documentId>400.36</documentId><auditModel><auditDate>2011-03-14T11:38:48-06:00</auditDate><auditID>JWATTERS</auditID><auditStatus>A</auditStatus></auditModel><commentName>Vicinity Map</commentName><comments>A vicinity / location map, at not less than 1 inch equals 2,000 feet, showing location of the project site with reference to existing and abutting / surrounding streets, thoroughfares and highways, shall be shown on the plat</comments><standardCommentI18Ns/></standardCommentModel><standardCommentModel><serviceProviderCode>BPTDEV</serviceProviderCode><commentType>PLANNING</commentType><documentId>400.38</documentId><auditModel><auditDate>2011-03-14T11:41:00-06:00</auditDate><auditID>JWATTERS</auditID><auditStatus>A</auditStatus></auditModel><commentName>Sidewalk Requirement</commentName><comments>Sidewalks shall be required for all streets as per City Standards.</comments><standardCommentI18Ns/></standardCommentModel><standardCommentModel><serviceProviderCode>BPTDEV</serviceProviderCode><commentType>PLANNING</commentType><documentId>400.40</documentId><auditModel><auditDate>2011-07-14T09:05:06-06:00</auditDate><auditID>JWATTERS</auditID><auditStatus>A</auditStatus></auditModel><commentName>Final Plat Requirements</commentName><comments>Provide the following Final Plat Note:  Residential lots shown on this plat, which may have been,   or are now being preliminary platted or re-platted into three lots of more after May 31, 2006, are subject to the provisions of the   Zoning Ordinance No. 13896; Chapter 6, "Development Standards"; of Article 5, "Residential   Design Standards", with regards to:  regulations prohibiting repetitive adjacent building facades;   requirements that exterior building facades consist of a minimum of 50% masonry; and a   distance limitation on attached garage projections beyond the main building façade.  Building   permits are subject to conformance with these regulations.</comments><standardCommentI18Ns/></standardCommentModel><standardCommentModel><serviceProviderCode>BPTDEV</serviceProviderCode><commentType>PLANNING</commentType><documentId>400.42</documentId><auditModel><auditDate>2011-03-14T11:33:34-06:00</auditDate><auditID>JWATTERS</auditID><auditStatus>A</auditStatus></auditModel><commentName>Plat of Record Requirements</commentName><comments>This Replat does not vacate the previous "Plat of Record" governing the remainder of the subdivision, nor does it amend or remove any deed covenants or restrictions.</comments><standardCommentI18Ns/></standardCommentModel><standardCommentModel><serviceProviderCode>BPTDEV</serviceProviderCode><commentType>PLANNING</commentType><documentId>400.44</documentId><auditModel><auditDate>2011-03-14T11:34:23-06:00</auditDate><auditID>JWATTERS</auditID><auditStatus>A</auditStatus></auditModel><commentName>Parkland Identification</commentName><comments>Parkland / Open Space Identification.    The locations, acreages, dimensions, and proposed use of all existing and proposed public and/or private park and/or open space lots or parcels, embraced by this plat, shall be identified as to intended ownership and  maintenance, and each such lot or parcel shall be designated by appropriate lot and block number(s). (SECTION 302, A. 10, PCRR)</comments><standardCommentI18Ns/></standardCommentModel><standardCommentModel><serviceProviderCode>BPTDEV</serviceProviderCode><commentType>PLANNING</commentType><documentId>400.46</documentId><auditModel><auditDate>2011-03-14T11:38:35-06:00</auditDate><auditID>JWATTERS</auditID><auditStatus>A</auditStatus></auditModel><commentName>Street Names</commentName><comments>All streets shall be named to provide continuity with existing streets.  Acceptable names shall be provided for both public and private streets, as approved by the Fire Department.</comments><standardCommentI18Ns/></standardCommentModel><standardCommentModel><serviceProviderCode>BPTDEV</serviceProviderCode><commentType>PLANNING</commentType><documentId>400.48</documentId><auditModel><auditDate>2011-03-14T11:37:11-06:00</auditDate><auditID>JWATTERS</auditID><auditStatus>A</auditStatus></auditModel><commentName>Subdivided Lots</commentName><comments>Wall for Subdivided Lots    Properties preliminary platted or subdivided into three lots or more after June 29, 2006 that have rear yards or side yards along an arterial street must provide a wall of masonry or cedar with masonry columns a minimum of 50¿ on center (Section 5.305.18; Zoning Ord.).</comments><standardCommentI18Ns/></standardCommentModel><standardCommentModel><serviceProviderCode>BPTDEV</serviceProviderCode><commentType>PLANNING</commentType><documentId>400.50</documentId><auditModel><auditDate>2011-03-14T11:41:56-06:00</auditDate><auditID>JWATTERS</auditID><auditStatus>A</auditStatus></auditModel><commentName>Private Street Labeling</commentName><comments>All private streets must be clearly labeled as such, including width, lot and block description.</comments><standardCommentI18Ns/></standardCommentModel><standardCommentModel><serviceProviderCode>BPTDEV</serviceProviderCode><commentType>PLANNING</commentType><documentId>400.60</documentId><auditModel><auditDate>2011-03-15T09:11:35-06:00</auditDate><auditID>JWATTERS</auditID><auditStatus>A</auditStatus></auditModel><commentName>Accessible Parking Spaces</commentName><comments>Identification of accessible parking spaces. In addition to complying with applicable provisions of this chapter, all accessible parking spaces shall be identified by above grade signs. A sign or symbol painted or otherwise displayed on the pavement of a parking space shall not constitute an above grade sign. All above grade parking space signs shall have the bottom edge of the sign no lower than four feet (1219 mm) nor higher than seven feet (2133 mm) above the parking surface. All disabled parking signs shall include the following language: PENALTY, $100-500 Fine, TOW-AWAY ZONE. Such language may be placed on a separate sign and attached below existing above grade disabled parking signs, provided that the bottom edge of the attached sign is no lower than four feet above the parking surface.</comments><standardCommentI18Ns/></standardCommentModel><standardCommentModel><serviceProviderCode>BPTDEV</serviceProviderCode><commentType>PLANNING</commentType><documentId>400.70</documentId><auditModel><auditDate>2011-07-13T15:37:41-06:00</auditDate><auditID>JWATTERS</auditID><auditStatus>A</auditStatus></auditModel><commentName>Subdivision Paving - General</commentName><comments>All streets and alleys shall be paved and shall be designed and constructed in accordance with city design standards and specifications.&#xD;
&#xD;
Where a subdivision abuts an existing road or street, which is not constructed to line and grade approved by the city, the developer shall be required to improve the existing road or street to bring same to a line and grade and type of construction meeting city standards, or to replace it with a standard city street, at no cost to the city, as set out in the cost sharing policy of the city. Where the proposed subdivision is located along only one (1) side of said street or road, then the street will be improved by means of the assessment basis with the developer paying his proportionate share as required and set forth in the cost sharing policy of the city.</comments><standardCommentI18Ns/></standardCommentModel><standardCommentModel><serviceProviderCode>BPTDEV</serviceProviderCode><commentType>PLANNING</commentType><documentId>400.72</documentId><auditModel><auditDate>2011-07-13T15:38:25-06:00</auditDate><auditID>JWATTERS</auditID><auditStatus>A</auditStatus></auditModel><commentName>Subdivision Drainage Facilities - General</commentName><comments>The right-of-way shall be graded to provide suitable finish grades for pavement, sidewalks, and planting strips with adequate surface drainage and convenient access to the lots. &#xD;
&#xD;
All drainage facilities shall be designed and constructed in accordance with city design standards and specifications.</comments><standardCommentI18Ns/></standardCommentModel><standardCommentModel><serviceProviderCode>BPTDEV</serviceProviderCode><commentType>PLANNING</commentType><documentId>400.76</documentId><auditModel><auditDate>2011-07-13T15:40:07-06:00</auditDate><auditID>JWATTERS</auditID><auditStatus>A</auditStatus></auditModel><commentName>Subdivision Plat Requirements</commentName><comments>The following site improvement data, including all plans and specifications and engineering calculations, shall be submitted, bearing the seal and signature of an engineer, proficient in civil engineering, and registered in the State. The number of copies and a reproducible shall be furnished as required by the using department. &#xD;
&#xD;
(a) Roadways and sidewalks. Plans and profiles of all streets, alleys, sidewalks, crosswalk ways, and detailed cost estimates. &#xD;
&#xD;
(b) Sanitary sewers. The location and dimensions of existing sanitary sewer lines; plans and profiles of proposed sewer lines, indicating depths and grades of lines; detailed design information; and cost estimates. &#xD;
&#xD;
(c) Treatment plant system. When a separate sewer system or treatment plant is proposed, proposed plans and specifications shall be submitted. &#xD;
&#xD;
(d) Water lines and hydrants. The location and size of existing water lines and fire hydrants; plans and proposed water lines and fire hydrants, showing depths and grades of the lines; detailed design information; and cost estimates. &#xD;
&#xD;
(e) Streets and drainage. All street widths and grades shall be indicated; runoff figures shall be indicated on the outlet and inlet side of all drainage ditches and storm sewers, and at all points in the street at changes of grade or where the water enters another street or storm sewer or drainage ditch. Drainage easements shall be indicated. &#xD;
&#xD;
(f) Drainage design. Calculations and map showing the anticipate storm water flow, including watershed area, percent runoff, and time of concentration. When a drainage ditch or storm sewer is proposed, calculations shall be submitted showing the basis for design. &#xD;
&#xD;
(g) Channels and storm drainage. When a drainage channel or storm sewer is proposed, completed plans, profiles, and specifications shall be submitted, showing complete construction details and detailed cost estimate. &#xD;
&#xD;
(h) Off-site drainage: Upstream. When conditions upstream from a proposed channel or storm drain outside the limits of the ownership of the developer do not permit maximum design flow, the drainage facilities shall be designed based on potential and fully developed conditions. &#xD;
&#xD;
(i) Off-site drainage: Downstream. When conditions downstream from a proposed channel or storm drain outside the limits of the ownership of the developer do not permit maximum design flow, water surface elevations for a one hundred-year design frequency shall be indicated considering the downstream condition in order to define the potential flood hazards. Solutions to protect the property shall be developed. &#xD;
&#xD;
(j) Drainage outfall. All drainage improvements shall be designed to an acceptable outfall</comments><standardCommentI18Ns/></standardCommentModel><standardCommentModel><serviceProviderCode>BPTDEV</serviceProviderCode><commentType>PLANNING</commentType><documentId>400.80</documentId><auditModel><auditDate>2011-07-14T08:57:47-06:00</auditDate><auditID>JWATTERS</auditID><auditStatus>A</auditStatus></auditModel><commentName>Attached Signage</commentName><comments>The following size limits apply to buildings occupied by a single tenant and to individual tenant spaces in buildings with multiple tenants. One or more attached signs may be erected on each facadé of the occupied space. The signs may have a total area of ten percent of the area of the facadé to which the signs are attached, with a maximum aggregate area of 500 square feet per facadé. Doors and windows shall be included in the calculation of the facadé area. The facadé area shall be calculated by multiplying the width times the height, with a maximum calculated height of 15 feet. For structures exceeding 15 feet in height, allowable sign square footage shall be calculated as 1.5 square feet per linear foot of building facadé.</comments><standardCommentI18Ns/></standardCommentModel><standardCommentModel><serviceProviderCode>BPTDEV</serviceProviderCode><commentType>PLANNING</commentType><documentId>400.81</documentId><auditModel><auditDate>2011-07-14T09:04:14-06:00</auditDate><auditID>JWATTERS</auditID><auditStatus>A</auditStatus></auditModel><commentName>Signage - District E</commentName><comments>No freestanding or roof signs are permitted. Signs shall be fastened flat against the wall. No sign shall be illuminated. The sign shall cover no more than fifteen (15) percent of the area of the wall or facadé, including doors and windows, on which the sign is placed, and shall not extend above the roof line or parapet wall of the building</comments><standardCommentI18Ns/></standardCommentModel><standardCommentModel><serviceProviderCode>BPTDEV</serviceProviderCode><commentType>PLANNING</commentType><documentId>400.82</documentId><auditModel><auditDate>2011-07-14T09:03:54-06:00</auditDate><auditID>JWATTERS</auditID><auditStatus>A</auditStatus></auditModel><commentName>Signage - District MU-1</commentName><comments>Sign requirements included in chapter 6, article 4 for the neighborhood commercial ("E") district shall apply to the low intensity mixed-use ("MU-1") district, with the following exceptions: (1) Pole signs are not allowed; (2) The maximum aggregate area for attached signs as described in Section 6.404 E. shall be 200 square feet per facadé; and (3) Permitted detached signs shall be monument style and shall be limited to eight feet in height</comments><standardCommentI18Ns/></standardCommentModel><standardCommentModel><serviceProviderCode>BPTDEV</serviceProviderCode><commentType>PLANNING</commentType><documentId>400.83</documentId><auditModel><auditDate>2011-07-14T09:04:06-06:00</auditDate><auditID>JWATTERS</auditID><auditStatus>A</auditStatus></auditModel><commentName>Signage - District FR</commentName><comments>Generally, size for detached signs is limited to one square foot per linear foot of frontage and height up to 25 feet.</comments><standardCommentI18Ns/></standardCommentModel><standardCommentModel><serviceProviderCode>BPTDEV</serviceProviderCode><commentType>PLANNING</commentType><documentId>COMPLETE PLANS</documentId><auditModel><auditDate>2011-03-15T09:16:04-06:00</auditDate><auditID>JWATTERS</auditID><auditStatus>A</auditStatus></auditModel><commentName>COMPLETE PLANS</commentName><comments>The initial examination of the Pre-Submission Application and supporting documents is complete.  The packet has been submitted to Planning Department for staff review.  Please monitor the process by logging onto our new Citizen Access web site at http://aca.accela.com/aca_demo</comments><standardCommentI18Ns/></standardCommentModel><standardCommentModel><serviceProviderCode>BPTDEV</serviceProviderCode><commentType>PLANNING</commentType><documentId>INCOMPLETE PLANS</documentId><auditModel><auditDate>2011-03-15T09:14:30-06:00</auditDate><auditID>JWATTERS</auditID><auditStatus>A</auditStatus></auditModel><commentName>INCOMPLETE PLANS</commentName><comments>The following documents are missing and/or incomplete: &#xD;
&#xD;
1. Construction Plans, &#xD;
2. Survey, &#xD;
3. SWPP, &#xD;
4. Signage Plan, &#xD;
5. Parking Plan, &#xD;
6. Landscape Plan, &#xD;
7. Lighting Plan.  &#xD;
&#xD;
Please send the missing documents to the Planning Department (include the Application ID number.  Call the Customer Support staff at (888)722-2352 if you have any questions regarding this notification. You may log into our new Citizen Access web site at https://aca.accela.com/aca_demo to upload your missing documents.</comments><standardCommentI18Ns/></standardCommentModel></standardCommentModels></standardCommentGroup>
</list>