<?xml version="1.0" encoding="UTF-8" standalone="yes"?>
<list  version="8.0.0" minorVersion="15" exportUser="ADMIN" exportDateTime="03/30/2016 09:30 PM" description="null"><condition><conditionNbr>16</conditionNbr><serviceProviderCode>BPTDEV</serviceProviderCode><auditModel><auditDate>2013-06-19T17:20:53-06:00</auditDate><auditID>ADMIN</auditID><auditStatus>A</auditStatus></auditModel><conditionApproveFlag>Y</conditionApproveFlag><conditionComment>Match original in-kind shall mean matching materials, design, dimensions, profiles, placement and finishes.</conditionComment><conditionDesc>Gen - Match In-Kind</conditionDesc><conditionGroup>Planning</conditionGroup><conditionInspectionRelationModels/><conditionPermissionModels><ConditionPermission><policySeq>775</policySeq><serviceProviderCode>BPTDEV</serviceProviderCode><data1>16</data1><levelData>369</levelData><levelType>Group</levelType><policyName>STDCondSec</policyName><recDate>2012-02-12T20:19:13-07:00</recDate><recFulNam>ADMIN</recFulNam><recStatus>A</recStatus><rightGranted>F</rightGranted><status>E</status><userGropModel refId="1@VirtualUserGroupModel"><moduleName>Planning</moduleName><serviceProviderCode>BPTDEV</serviceProviderCode><userGroup>PlanningAdmin</userGroup></userGropModel></ConditionPermission><ConditionPermission><policySeq>776</policySeq><serviceProviderCode>BPTDEV</serviceProviderCode><data1>16</data1><levelData>430</levelData><levelType>Group</levelType><policyName>STDCondSec</policyName><recDate>2012-02-12T20:19:13-07:00</recDate><recFulNam>ADMIN</recFulNam><recStatus>A</recStatus><rightGranted>F</rightGranted><status>E</status><userGropModel refId="2@VirtualUserGroupModel"><moduleName>Planning</moduleName><serviceProviderCode>BPTDEV</serviceProviderCode><userGroup>PlanningDailyUser</userGroup></userGropModel></ConditionPermission></conditionPermissionModels><conditionType>Planning COA</conditionType><conditionWorkflowRelationModels/><displayConditionNotice>Y</displayConditionNotice><displayNoticeOnACA>Y</displayNoticeOnACA><displayNoticeOnACAFee>N</displayNoticeOnACAFee><impactCode>Notice</impactCode><includeInConditionName>Y</includeInConditionName><includeInShortDescription>Y</includeInShortDescription><inheritable>N</inheritable><isPermissionSelected>Y</isPermissionSelected><isRecordTypesSelected>Y</isRecordTypesSelected><isWorkflowSelected>Y</isWorkflowSelected><longDescripton>Match original in-kind shall mean matching materials, design, dimensions, profiles, placement and finishes.</longDescripton><templateAttributes/></condition>
<condition><conditionNbr>15</conditionNbr><serviceProviderCode>BPTDEV</serviceProviderCode><auditModel><auditDate>2013-06-19T17:23:18-06:00</auditDate><auditID>ADMIN</auditID><auditStatus>A</auditStatus></auditModel><conditionApproveFlag>Y</conditionApproveFlag><conditionComment>The project shall substantially conform to the approved plans as shown on the attached exhibits (including building colors and materials).</conditionComment><conditionDesc>Plans - Conform to Approved Plans</conditionDesc><conditionGroup>Planning</conditionGroup><conditionInspectionRelationModels/><conditionPermissionModels/><conditionType>Planning COA</conditionType><conditionWorkflowRelationModels/><displayConditionNotice>Y</displayConditionNotice><displayNoticeOnACA>Y</displayNoticeOnACA><displayNoticeOnACAFee>N</displayNoticeOnACAFee><impactCode>Notice</impactCode><includeInConditionName>Y</includeInConditionName><includeInShortDescription>Y</includeInShortDescription><inheritable>N</inheritable><isPermissionSelected>Y</isPermissionSelected><isRecordTypesSelected>Y</isRecordTypesSelected><isWorkflowSelected>Y</isWorkflowSelected><longDescripton>The project shall substantially conform to the approved plans as shown on the attached exhibits (including building colors and materials).</longDescripton><templateAttributes/></condition>
<condition><conditionNbr>14</conditionNbr><serviceProviderCode>BPTDEV</serviceProviderCode><auditModel><auditDate>2013-06-19T17:23:30-06:00</auditDate><auditID>ADMIN</auditID><auditStatus>A</auditStatus></auditModel><conditionApproveFlag>Y</conditionApproveFlag><conditionComment>Any additional changes, additions, or modifications shall require Planning review and approval.</conditionComment><conditionDesc>Plans - No Changes to Plans</conditionDesc><conditionGroup>Planning</conditionGroup><conditionInspectionRelationModels/><conditionPermissionModels><ConditionPermission><policySeq>779</policySeq><serviceProviderCode>BPTDEV</serviceProviderCode><data1>14</data1><levelData>369</levelData><levelType>Group</levelType><policyName>STDCondSec</policyName><recDate>2012-02-12T20:20:56-07:00</recDate><recFulNam>ADMIN</recFulNam><recStatus>A</recStatus><rightGranted>F</rightGranted><status>E</status><userGropModel refId="1@VirtualUserGroupModel"><moduleName>Planning</moduleName><serviceProviderCode>BPTDEV</serviceProviderCode><userGroup>PlanningAdmin</userGroup></userGropModel></ConditionPermission><ConditionPermission><policySeq>780</policySeq><serviceProviderCode>BPTDEV</serviceProviderCode><data1>14</data1><levelData>430</levelData><levelType>Group</levelType><policyName>STDCondSec</policyName><recDate>2012-02-12T20:20:56-07:00</recDate><recFulNam>ADMIN</recFulNam><recStatus>A</recStatus><rightGranted>F</rightGranted><status>E</status><userGropModel refId="2@VirtualUserGroupModel"><moduleName>Planning</moduleName><serviceProviderCode>BPTDEV</serviceProviderCode><userGroup>PlanningDailyUser</userGroup></userGropModel></ConditionPermission></conditionPermissionModels><conditionType>Planning COA</conditionType><conditionWorkflowRelationModels/><displayConditionNotice>Y</displayConditionNotice><displayNoticeOnACA>Y</displayNoticeOnACA><displayNoticeOnACAFee>N</displayNoticeOnACAFee><impactCode>Notice</impactCode><includeInConditionName>Y</includeInConditionName><includeInShortDescription>Y</includeInShortDescription><inheritable>N</inheritable><isPermissionSelected>Y</isPermissionSelected><isRecordTypesSelected>Y</isRecordTypesSelected><isWorkflowSelected>Y</isWorkflowSelected><longDescripton>All other notes and drawings on the final plans as submitted by the applicant are deemed conditions of approval.  Any work that differs from the final set of plans stamped by Planning staff shall be subject to review and approval prior to issuance of a building permit or work undertaken.</longDescripton><templateAttributes/></condition>
<condition><conditionNbr>13</conditionNbr><serviceProviderCode>BPTDEV</serviceProviderCode><auditModel><auditDate>2013-06-19T17:22:58-06:00</auditDate><auditID>ADMIN</auditID><auditStatus>A</auditStatus></auditModel><conditionApproveFlag>Y</conditionApproveFlag><conditionComment>No other exterior work is allowed. All other notes and drawings on the final plans as submitted by the applicant are deemed conditions of approval.</conditionComment><conditionDesc>Ext - No Other Exterior Work</conditionDesc><conditionGroup>Planning</conditionGroup><conditionInspectionRelationModels/><conditionPermissionModels><ConditionPermission><policySeq>773</policySeq><serviceProviderCode>BPTDEV</serviceProviderCode><data1>13</data1><levelData>369</levelData><levelType>Group</levelType><policyName>STDCondSec</policyName><recDate>2012-02-12T20:18:45-07:00</recDate><recFulNam>ADMIN</recFulNam><recStatus>A</recStatus><rightGranted>F</rightGranted><status>E</status><userGropModel refId="1@VirtualUserGroupModel"><moduleName>Planning</moduleName><serviceProviderCode>BPTDEV</serviceProviderCode><userGroup>PlanningAdmin</userGroup></userGropModel></ConditionPermission><ConditionPermission><policySeq>774</policySeq><serviceProviderCode>BPTDEV</serviceProviderCode><data1>13</data1><levelData>430</levelData><levelType>Group</levelType><policyName>STDCondSec</policyName><recDate>2012-02-12T20:18:45-07:00</recDate><recFulNam>ADMIN</recFulNam><recStatus>A</recStatus><rightGranted>F</rightGranted><status>E</status><userGropModel refId="2@VirtualUserGroupModel"><moduleName>Planning</moduleName><serviceProviderCode>BPTDEV</serviceProviderCode><userGroup>PlanningDailyUser</userGroup></userGropModel></ConditionPermission></conditionPermissionModels><conditionType>Planning COA</conditionType><conditionWorkflowRelationModels/><displayConditionNotice>Y</displayConditionNotice><displayNoticeOnACA>Y</displayNoticeOnACA><displayNoticeOnACAFee>N</displayNoticeOnACAFee><impactCode>Notice</impactCode><includeInConditionName>Y</includeInConditionName><includeInShortDescription>Y</includeInShortDescription><inheritable>N</inheritable><isPermissionSelected>Y</isPermissionSelected><isRecordTypesSelected>Y</isRecordTypesSelected><isWorkflowSelected>Y</isWorkflowSelected><longDescripton>No other exterior work is allowed. All other notes and drawings on the final plans as submitted by the applicant are deemed conditions of approval.</longDescripton><templateAttributes/></condition>
<condition><conditionNbr>12</conditionNbr><serviceProviderCode>BPTDEV</serviceProviderCode><auditModel><auditDate>2013-06-19T17:23:11-06:00</auditDate><auditID>ADMIN</auditID><auditStatus>A</auditStatus></auditModel><conditionApproveFlag>Y</conditionApproveFlag><conditionComment>The applicant shall obtain all necessary building permits prior to commencing construction.</conditionComment><conditionDesc>Gen - Obtain Permits</conditionDesc><conditionGroup>Planning</conditionGroup><conditionInspectionRelationModels/><conditionPermissionModels><ConditionPermission><policySeq>777</policySeq><serviceProviderCode>BPTDEV</serviceProviderCode><data1>12</data1><levelData>369</levelData><levelType>Group</levelType><policyName>STDCondSec</policyName><recDate>2012-02-12T20:19:38-07:00</recDate><recFulNam>ADMIN</recFulNam><recStatus>A</recStatus><rightGranted>F</rightGranted><status>E</status><userGropModel refId="1@VirtualUserGroupModel"><moduleName>Planning</moduleName><serviceProviderCode>BPTDEV</serviceProviderCode><userGroup>PlanningAdmin</userGroup></userGropModel></ConditionPermission><ConditionPermission><policySeq>778</policySeq><serviceProviderCode>BPTDEV</serviceProviderCode><data1>12</data1><levelData>430</levelData><levelType>Group</levelType><policyName>STDCondSec</policyName><recDate>2012-02-12T20:19:38-07:00</recDate><recFulNam>ADMIN</recFulNam><recStatus>A</recStatus><rightGranted>F</rightGranted><status>E</status><userGropModel refId="2@VirtualUserGroupModel"><moduleName>Planning</moduleName><serviceProviderCode>BPTDEV</serviceProviderCode><userGroup>PlanningDailyUser</userGroup></userGropModel></ConditionPermission></conditionPermissionModels><conditionType>Planning COA</conditionType><conditionWorkflowRelationModels/><displayConditionNotice>Y</displayConditionNotice><displayNoticeOnACA>Y</displayNoticeOnACA><displayNoticeOnACAFee>N</displayNoticeOnACAFee><impactCode>Notice</impactCode><includeInConditionName>Y</includeInConditionName><includeInShortDescription>Y</includeInShortDescription><inheritable>N</inheritable><isPermissionSelected>Y</isPermissionSelected><isRecordTypesSelected>Y</isRecordTypesSelected><isWorkflowSelected>Y</isWorkflowSelected><longDescripton>The applicant shall obtain all necessary building permits prior to commencing construction.</longDescripton><templateAttributes/></condition>
</list>