<?xml version="1.0" encoding="UTF-8" standalone="yes"?>
<list  version="8.0.0" minorVersion="15" exportUser="ADMIN" exportDateTime="03/30/2016 09:30 PM" description="null"><refInspResultGroup><inspResultGroup>DEFAULT</inspResultGroup><resultCatrgory>RESULT</resultCatrgory><serviceProviderCode>BPTDEV</serviceProviderCode><inspectionResultGroupModels><inspectionResultGroupModel refId="1@InspectionResultGroupModel"><serviceProviderCode>BPTDEV</serviceProviderCode><inspResultGroup>DEFAULT</inspResultGroup><inspResult>Approved</inspResult><resultCatrgory>RESULT</resultCatrgory><auditModel><auditDate>2012-04-17T11:55:48-06:00</auditDate><auditID>ADMIN</auditID><auditStatus>A</auditStatus></auditModel><inspResultDisplayOrder>1</inspResultDisplayOrder><inspResultGroupI18Ns/><inspResultType>PENDING</inspResultType></inspectionResultGroupModel><inspectionResultGroupModel refId="2@InspectionResultGroupModel"><serviceProviderCode>BPTDEV</serviceProviderCode><inspResultGroup>DEFAULT</inspResultGroup><inspResult>Cancelled</inspResult><resultCatrgory>RESULT</resultCatrgory><auditModel><auditDate>2012-04-17T11:55:48-06:00</auditDate><auditID>ADMIN</auditID><auditStatus>A</auditStatus></auditModel><inspResultDisplayOrder>4</inspResultDisplayOrder><inspResultGroupI18Ns/><inspResultType>DENIED</inspResultType></inspectionResultGroupModel><inspectionResultGroupModel refId="3@InspectionResultGroupModel"><serviceProviderCode>BPTDEV</serviceProviderCode><inspResultGroup>DEFAULT</inspResultGroup><inspResult>Denied</inspResult><resultCatrgory>RESULT</resultCatrgory><auditModel><auditDate>2012-04-17T11:55:48-06:00</auditDate><auditID>ADMIN</auditID><auditStatus>A</auditStatus></auditModel><inspResultDisplayOrder>2</inspResultDisplayOrder><inspResultGroupI18Ns/><inspResultType>DENIED</inspResultType></inspectionResultGroupModel><inspectionResultGroupModel refId="4@InspectionResultGroupModel"><serviceProviderCode>BPTDEV</serviceProviderCode><inspResultGroup>DEFAULT</inspResultGroup><inspResult>Pending</inspResult><resultCatrgory>RESULT</resultCatrgory><auditModel><auditDate>2012-04-17T11:55:48-06:00</auditDate><auditID>ADMIN</auditID><auditStatus>A</auditStatus></auditModel><inspResultDisplayOrder>3</inspResultDisplayOrder><inspResultGroupI18Ns/><inspResultType>PENDING</inspResultType></inspectionResultGroupModel></inspectionResultGroupModels></refInspResultGroup>
<refInspResultGroup><inspResultGroup>PLN_GENERAL</inspResultGroup><resultCatrgory>RESULT</resultCatrgory><serviceProviderCode>BPTDEV</serviceProviderCode><inspectionResultGroupModels><inspectionResultGroupModel refId="1@InspectionResultGroupModel"><serviceProviderCode>BPTDEV</serviceProviderCode><inspResultGroup>PLN_GENERAL</inspResultGroup><inspResult>Complete</inspResult><resultCatrgory>RESULT</resultCatrgory><auditModel><auditDate>2013-08-01T17:47:39-06:00</auditDate><auditID>ADMIN</auditID><auditStatus>A</auditStatus></auditModel><inspResultDisplayOrder>2</inspResultDisplayOrder><inspResultGroupI18Ns/><inspResultType>APPROVED</inspResultType></inspectionResultGroupModel><inspectionResultGroupModel refId="2@InspectionResultGroupModel"><serviceProviderCode>BPTDEV</serviceProviderCode><inspResultGroup>PLN_GENERAL</inspResultGroup><inspResult>Pending</inspResult><resultCatrgory>RESULT</resultCatrgory><auditModel><auditDate>2013-08-01T17:47:39-06:00</auditDate><auditID>ADMIN</auditID><auditStatus>A</auditStatus></auditModel><inspResultDisplayOrder>1</inspResultDisplayOrder><inspResultGroupI18Ns/><inspResultType>PENDING</inspResultType></inspectionResultGroupModel></inspectionResultGroupModels></refInspResultGroup>
</list>