<?xml version="1.0" encoding="UTF-8" standalone="yes"?>
<list  version="8.0.0" minorVersion="15" exportUser="ADMIN" exportDateTime="03/30/2016 09:30 PM" description="null"><standardChoice refId="1@StandardChoiceModel"><name>INSPECTION_SETTING</name><serviceProviderCode>BPTDEV</serviceProviderCode><auditModel><auditDate>2009-10-20T15:51:11-06:00</auditDate><auditID>ADOTTAVIO</auditID><auditStatus>A</auditStatus></auditModel><description>Sets comment Clob field to on/off</description><standardChoiceValueModels><standardChoiceValue refId="2@StandardChoiceValueModel"><sequenceNBR>104592441</sequenceNBR><serviceProviderCode>BPTDEV</serviceProviderCode><auditModel><auditDate>2009-10-20T15:51:11-06:00</auditDate><auditID>ADOTTAVIO</auditID><auditStatus>A</auditStatus></auditModel><description>YES</description><standardChoiceName>INSPECTION_SETTING</standardChoiceName><standardChoiceValueI18NModels/><value>UNLIMITED_COMMENT_LENGTH</value></standardChoiceValue></standardChoiceValueModels><type>SystemSwitch</type><valueSize>0</valueSize></standardChoice>
<standardChoice refId="1@StandardChoiceModel"><name>INSPECTION_UNIT_NUMBER_VALUES</name><serviceProviderCode>BPTDEV</serviceProviderCode><auditModel><auditDate>2009-08-05T13:49:11-06:00</auditDate><auditID>ADOTTAVIO</auditID><auditStatus>A</auditStatus></auditModel><standardChoiceValueModels><standardChoiceValue refId="2@StandardChoiceValueModel"><sequenceNBR>104592442</sequenceNBR><serviceProviderCode>BPTDEV</serviceProviderCode><auditModel><auditDate>2009-08-05T13:52:10-06:00</auditDate><auditID>ADOTTAVIO</auditID><auditStatus>A</auditStatus></auditModel><description>101</description><standardChoiceName>INSPECTION_UNIT_NUMBER_VALUES</standardChoiceName><standardChoiceValueI18NModels/><value>101</value></standardChoiceValue><standardChoiceValue refId="3@StandardChoiceValueModel"><sequenceNBR>104592443</sequenceNBR><serviceProviderCode>BPTDEV</serviceProviderCode><auditModel><auditDate>2009-08-05T13:52:26-06:00</auditDate><auditID>ADOTTAVIO</auditID><auditStatus>A</auditStatus></auditModel><description>A</description><standardChoiceName>INSPECTION_UNIT_NUMBER_VALUES</standardChoiceName><standardChoiceValueI18NModels/><value>A</value></standardChoiceValue><standardChoiceValue refId="4@StandardChoiceValueModel"><sequenceNBR>104592444</sequenceNBR><serviceProviderCode>BPTDEV</serviceProviderCode><auditModel><auditDate>2009-08-05T15:33:41-06:00</auditDate><auditID>ADOTTAVIO</auditID><auditStatus>A</auditStatus></auditModel><description>B</description><standardChoiceName>INSPECTION_UNIT_NUMBER_VALUES</standardChoiceName><standardChoiceValueI18NModels/><value>B</value></standardChoiceValue></standardChoiceValueModels><type>ShareDropDown</type><valueSize>0</valueSize></standardChoice>
<standardChoice refId="1@StandardChoiceModel"><name>EDMS</name><serviceProviderCode>BPTDEV</serviceProviderCode><auditModel><auditDate>2011-07-15T08:18:41-06:00</auditDate><auditID>ADMIN</auditID><auditStatus>A</auditStatus></auditModel><description>multiple EDMS configuration</description><standardChoiceValueModels><standardChoiceValue refId="2@StandardChoiceValueModel"><sequenceNBR>1436</sequenceNBR><serviceProviderCode>BPTDEV</serviceProviderCode><auditModel><auditDate>2016-03-30T19:27:22-06:00</auditDate><auditID>ADMIN</auditID><auditStatus>A</auditStatus></auditModel><description>EDMS_VENDOR=ADS;EDMS_DOCUMENT_SIZE_MAX=;ADS_SERVER_URL=http://adsstd.accela.com/documentservice/index.cfm;ADS_SERVER_SECURITY_KEY=DEV0572398;ADS_SERV_PROV_CODE=BPTDEV;ADS_CLEARANCE_KEY=AXULCABRAXNTKE3ZISU7I1ZMYS1RWX;ADS_SECURITY_KEY=7XD33Z3V1WG48B2XXTTD4GAK2MQ7E5;DEFAULT=YES</description><parentSequenceNBR>0</parentSequenceNBR><resId>11694</resId><sortOrder>0</sortOrder><standardChoiceName>EDMS</standardChoiceName><standardChoiceValueI18NModels/><value>ADS</value></standardChoiceValue></standardChoiceValueModels><type>SystemSwitch</type></standardChoice>
</list>