<?xml version="1.0" encoding="UTF-8" standalone="yes"?>
<list  version="8.0.0" minorVersion="12" exportUser="ADMIN" exportDateTime="06/14/2016 12:30 PM" description="null"><customizeProfile><userName>ATOM.2934.CONSOLE</userName><console><consoleNbr>2934</consoleNbr><serviceProviderCode>ATOM</serviceProviderCode><auditModel><auditDate>2016-06-03T08:58:31-07:00</auditDate><auditID>LUCRETIA</auditID><auditStatus>A</auditStatus></auditModel><consoleDesc>template console</consoleDesc><consoleName>Admin Default</consoleName></console><mediaType>html</mediaType><page>default.psml</page><profile>&lt;?xml version="1.0" encoding="UTF-8"?&gt;
&lt;portlets id="P-fca38cd76a-10001"&gt;&lt;skin name="V360 Default Skin"/&gt;&lt;control name="V360TabControl"/&gt;&lt;controller name="V360TabController"/&gt;&lt;portlets id="P-154e47b5100-10004"&gt;&lt;metainfo&gt;&lt;title&gt;Home&lt;/title&gt;&lt;/metainfo&gt;&lt;security-ref parent="owner-only"/&gt;&lt;layout position="0" size="-1"/&gt;&lt;controller name="V360TwoColumns"/&gt;&lt;entry id="P-154e8e455f6-10024" parent="V360 General CAP Portlet"&gt;&lt;layout position="-1" size="-1"&gt;&lt;property name="column" value="1"/&gt;&lt;property name="row" value="0"/&gt;&lt;/layout&gt;&lt;/entry&gt;&lt;entry id="P-15516fc1b2e-10035" parent="V360 My Navigation Portlet"&gt;&lt;layout position="-1" size="-1"&gt;&lt;property name="column" value="0"/&gt;&lt;property name="row" value="0"/&gt;&lt;/layout&gt;&lt;/entry&gt;&lt;entry id="P-15516fc5f9c-10036" parent="Reports Portlet"&gt;&lt;layout position="-1" size="-1"&gt;&lt;property name="column" value="0"/&gt;&lt;property name="row" value="1"/&gt;&lt;/layout&gt;&lt;/entry&gt;&lt;/portlets&gt;&lt;portlets id="P-154e47b5100-1000d"&gt;&lt;metainfo&gt;&lt;description&gt;No description found. Generic portlet&lt;/description&gt;&lt;title&gt;Property&lt;/title&gt;&lt;/metainfo&gt;&lt;security-ref parent="owner-only"/&gt;&lt;layout position="3" size="-1"/&gt;&lt;controller name="V360OneColumn"/&gt;&lt;entry id="P-154e47b5100-1000e" parent="V360 Addresses Portlet"&gt;&lt;layout position="-1" size="-1"&gt;&lt;property name="column" value="0"/&gt;&lt;property name="row" value="0"/&gt;&lt;/layout&gt;&lt;/entry&gt;&lt;entry id="P-154e8e7b9ba-1002c" parent="V360 Parcels Portlet"&gt;&lt;layout position="-1" size="-1"&gt;&lt;property name="column" value="0"/&gt;&lt;property name="row" value="1"/&gt;&lt;/layout&gt;&lt;/entry&gt;&lt;entry id="P-154e8e7f509-1002d" parent="V360 Owners Portlet"&gt;&lt;layout position="-1" size="-1"&gt;&lt;property name="column" value="0"/&gt;&lt;property name="row" value="2"/&gt;&lt;/layout&gt;&lt;/entry&gt;&lt;/portlets&gt;&lt;portlets id="P-154e47b5100-10010"&gt;&lt;metainfo&gt;&lt;description&gt;No description found. Generic portlet&lt;/description&gt;&lt;title&gt;Reference People&lt;/title&gt;&lt;/metainfo&gt;&lt;security-ref parent="owner-only"/&gt;&lt;layout position="4" size="-1"/&gt;&lt;controller name="V360OneColumn"/&gt;&lt;entry id="P-154e47b5100-10011" parent="V360 Contacts Portlet"&gt;&lt;layout position="-1" size="-1"&gt;&lt;property name="column" value="0"/&gt;&lt;property name="row" value="0"/&gt;&lt;/layout&gt;&lt;/entry&gt;&lt;entry id="P-154e8e98d93-10033" parent="V360 Professionals Portlet"&gt;&lt;layout position="-1" size="-1"&gt;&lt;property name="column" value="0"/&gt;&lt;property name="row" value="1"/&gt;&lt;/layout&gt;&lt;/entry&gt;&lt;/portlets&gt;&lt;portlets id="P-154e47b5100-10016"&gt;&lt;metainfo&gt;&lt;title&gt;GIS&lt;/title&gt;&lt;/metainfo&gt;&lt;security-ref parent="owner-only"/&gt;&lt;layout position="5" size="-1"/&gt;&lt;controller name="V360OneColumn"/&gt;&lt;entry id="P-154e47b5100-10017" parent="V360 GIS Portlet"&gt;&lt;layout position="-1" size="-1"&gt;&lt;property name="column" value="0"/&gt;&lt;property name="row" value="0"/&gt;&lt;/layout&gt;&lt;/entry&gt;&lt;/portlets&gt;&lt;portlets id="P-154e47b5100-1001c"&gt;&lt;metainfo&gt;&lt;title&gt;Admin&lt;/title&gt;&lt;/metainfo&gt;&lt;security-ref parent="owner-only"/&gt;&lt;layout position="1" size="-1"/&gt;&lt;controller name="V360TwoColumns"/&gt;&lt;entry id="P-154e47b5100-1001d" parent="V360 Setup Portlet"&gt;&lt;layout position="-1" size="-1"&gt;&lt;property name="column" value="0"/&gt;&lt;property name="row" value="0"/&gt;&lt;/layout&gt;&lt;/entry&gt;&lt;entry id="P-154e47b5100-1001f" parent="V360 Administration Portlet"&gt;&lt;layout position="-1" size="-1"&gt;&lt;property name="column" value="1"/&gt;&lt;property name="row" value="0"/&gt;&lt;/layout&gt;&lt;/entry&gt;&lt;entry id="P-1550d6c688e-10001" parent="V360 Quicklinks Portlet (1)"&gt;&lt;layout position="-1" size="-1"&gt;&lt;property name="column" value="0"/&gt;&lt;property name="row" value="1"/&gt;&lt;/layout&gt;&lt;/entry&gt;&lt;/portlets&gt;&lt;portlets id="P-154e8e52b97-10025"&gt;&lt;metainfo&gt;&lt;title&gt;Calendar&lt;/title&gt;&lt;/metainfo&gt;&lt;security-ref parent="owner-only"/&gt;&lt;layout position="6" size="-1"/&gt;&lt;entry id="P-154e8e557d7-10026" parent="V360 Calendar Inspections Portlet"&gt;&lt;layout position="-1" size="-1"&gt;&lt;property name="column" value="0"/&gt;&lt;property name="row" value="0"/&gt;&lt;/layout&gt;&lt;/entry&gt;&lt;/portlets&gt;&lt;portlets id="P-154e8e58745-10027"&gt;&lt;metainfo&gt;&lt;description&gt;No description found. Generic portlet&lt;/description&gt;&lt;title&gt;Tasks &amp;amp; Activities&lt;/title&gt;&lt;/metainfo&gt;&lt;security-ref parent="owner-only"/&gt;&lt;layout position="7" size="-1"/&gt;&lt;entry id="P-154e8e5ee1a-10028" parent="V360 My Tasks Portlet"&gt;&lt;layout position="-1" size="-1"&gt;&lt;property name="column" value="0"/&gt;&lt;property name="row" value="0"/&gt;&lt;/layout&gt;&lt;/entry&gt;&lt;entry id="P-154e8e6111a-10029" parent="V360 Task Management Portlet"&gt;&lt;layout position="-1" size="-1"&gt;&lt;property name="column" value="0"/&gt;&lt;property name="row" value="1"/&gt;&lt;/layout&gt;&lt;/entry&gt;&lt;entry id="P-1550d99e001-10006" parent="V360 Activities Portlet"&gt;&lt;layout position="-1" size="-1"&gt;&lt;property name="column" value="0"/&gt;&lt;property name="row" value="2"/&gt;&lt;/layout&gt;&lt;/entry&gt;&lt;/portlets&gt;&lt;portlets id="P-154e8e633fb-1002a"&gt;&lt;metainfo&gt;&lt;title&gt;Trust Accounts&lt;/title&gt;&lt;/metainfo&gt;&lt;security-ref parent="owner-only"/&gt;&lt;layout position="8" size="-1"/&gt;&lt;entry id="P-154e8e65ffe-1002b" parent="Trust Account"&gt;&lt;layout position="-1" size="-1"&gt;&lt;property name="column" value="0"/&gt;&lt;property name="row" value="0"/&gt;&lt;/layout&gt;&lt;/entry&gt;&lt;/portlets&gt;&lt;portlets id="P-154e8e86ab8-1002e"&gt;&lt;metainfo&gt;&lt;title&gt;User Prefs&lt;/title&gt;&lt;/metainfo&gt;&lt;security-ref parent="owner-only"/&gt;&lt;layout position="9" size="-1"/&gt;&lt;entry id="P-154e8e8900e-1002f" parent="V360 Preference Management Portlet"&gt;&lt;layout position="-1" size="-1"&gt;&lt;property name="column" value="0"/&gt;&lt;property name="row" value="0"/&gt;&lt;/layout&gt;&lt;/entry&gt;&lt;/portlets&gt;&lt;portlets id="P-154e8e8c778-10030"&gt;&lt;metainfo&gt;&lt;description&gt;No description found. Generic portlet&lt;/description&gt;&lt;title&gt;Set Processing&lt;/title&gt;&lt;/metainfo&gt;&lt;security-ref parent="owner-only"/&gt;&lt;layout position="10" size="-1"/&gt;&lt;entry id="P-154e8e8eaae-10031" parent="V360 Set Portlet"&gt;&lt;layout position="-1" size="-1"&gt;&lt;property name="column" value="0"/&gt;&lt;property name="row" value="0"/&gt;&lt;/layout&gt;&lt;/entry&gt;&lt;/portlets&gt;&lt;portlets id="P-1550d84da74-10002"&gt;&lt;metainfo&gt;&lt;title&gt;EMSE Tool&lt;/title&gt;&lt;/metainfo&gt;&lt;security-ref parent="owner-only"/&gt;&lt;layout position="2" size="-1"/&gt;&lt;entry id="P-1550d97d74a-10005" parent="EMSE Tool Portlet"&gt;&lt;layout position="-1" size="-1"&gt;&lt;property name="column" value="0"/&gt;&lt;property name="row" value="0"/&gt;&lt;/layout&gt;&lt;/entry&gt;&lt;/portlets&gt;&lt;portlets id="P-15511c13720-10007"&gt;&lt;metainfo&gt;&lt;title&gt;Payment Processing&lt;/title&gt;&lt;/metainfo&gt;&lt;security-ref parent="owner-only"/&gt;&lt;layout position="11" size="-1"/&gt;&lt;entry id="P-15511c19628-10008" parent="V360 Payment Processing Portlet"&gt;&lt;layout position="-1" size="-1"&gt;&lt;property name="column" value="0"/&gt;&lt;property name="row" value="0"/&gt;&lt;/layout&gt;&lt;/entry&gt;&lt;/portlets&gt;&lt;portlets id="P-15511c34ac8-10009"&gt;&lt;metainfo&gt;&lt;title&gt;Ad hoc Reports&lt;/title&gt;&lt;/metainfo&gt;&lt;security-ref parent="owner-only"/&gt;&lt;layout position="12" size="-1"/&gt;&lt;entry id="P-15511c391d5-1000a" parent="V360 Ad hoc Report"&gt;&lt;layout position="-1" size="-1"&gt;&lt;property name="column" value="0"/&gt;&lt;property name="row" value="0"/&gt;&lt;/layout&gt;&lt;/entry&gt;&lt;/portlets&gt;&lt;portlets id="P-15511c562c0-1000b"&gt;&lt;metainfo&gt;&lt;title&gt;Trust Account&lt;/title&gt;&lt;/metainfo&gt;&lt;security-ref parent="owner-only"/&gt;&lt;layout position="13" size="-1"/&gt;&lt;entry id="P-15511c5a57a-1000c" parent="Trust Account"&gt;&lt;layout position="-1" size="-1"&gt;&lt;property name="column" value="0"/&gt;&lt;property name="row" value="0"/&gt;&lt;/layout&gt;&lt;/entry&gt;&lt;/portlets&gt;&lt;portlets id="P-15511c60cb0-1000d"&gt;&lt;metainfo&gt;&lt;title&gt;Time Accounting&lt;/title&gt;&lt;/metainfo&gt;&lt;security-ref parent="owner-only"/&gt;&lt;layout position="14" size="-1"/&gt;&lt;entry id="P-15511c6520b-1000e" parent="V360 Time Accounting Portlet"&gt;&lt;layout position="-1" size="-1"&gt;&lt;property name="column" value="0"/&gt;&lt;property name="row" value="0"/&gt;&lt;/layout&gt;&lt;/entry&gt;&lt;/portlets&gt;&lt;/portlets&gt;</profile><psmlId>170</psmlId><turbineUser><loginName>ATOM.2934.CONSOLE</loginName><confirmValue>CONFIRMED</confirmValue><created>2016-05-24T13:36:07-07:00</created><disabled>F</disabled><firstName>tempFirstName</firstName><lastLogin>2016-05-24T13:36:07-07:00</lastLogin><lastName>tempLastName</lastName><objectData>rO0ABXNyABNqYXZhLnV0aWwuSGFzaHRhYmxlE7sPJSFK5LgDAAJGAApsb2FkRmFjdG9ySQAJdGhyZXNob2xkeHA/QAAAAAAAAHcIAAAAAQAAAAB4</objectData><password>ignored</password><passwordChanged>2016-05-24T13:36:07-07:00</passwordChanged><userId>187</userId></turbineUser></customizeProfile>
<customizeProfile><userName>ATOM.2955.CONSOLE</userName><console><consoleNbr>2955</consoleNbr><serviceProviderCode>ATOM</serviceProviderCode><auditModel><auditDate>2016-06-06T09:22:35-07:00</auditDate><auditID>LUCRETIA</auditID><auditStatus>A</auditStatus></auditModel><consoleDesc>template console</consoleDesc><consoleName>AMS Default</consoleName></console><mediaType>html</mediaType><page>default.psml</page><profile>&lt;?xml version="1.0" encoding="UTF-8"?&gt;
&lt;portlets id="P-fca38cd76a-10001"&gt;&lt;skin name="V360 Default Skin"/&gt;&lt;control name="V360TabControl"/&gt;&lt;controller name="V360TabController"/&gt;&lt;portlets id="P-155267c5ca6-1007a"&gt;&lt;metainfo&gt;&lt;title&gt;Home&lt;/title&gt;&lt;/metainfo&gt;&lt;security-ref parent="owner-only"/&gt;&lt;layout position="0" size="-1"/&gt;&lt;controller name="V360TwoColumns"/&gt;&lt;entry id="P-155267c5ca6-1007d" parent="V360 Alerts Portlet"&gt;&lt;layout position="-1" size="-1"&gt;&lt;property name="column" value="1"/&gt;&lt;property name="row" value="0"/&gt;&lt;/layout&gt;&lt;/entry&gt;&lt;entry id="P-155267d0647-10099" parent="V360 Work Orders Portlet"&gt;&lt;layout position="-1" size="-1"&gt;&lt;property name="column" value="1"/&gt;&lt;property name="row" value="1"/&gt;&lt;/layout&gt;&lt;/entry&gt;&lt;entry id="P-155267d7550-1009a" parent="V360 My Work Orders Navigation Portlet"&gt;&lt;layout position="-1" size="-1"&gt;&lt;property name="column" value="0"/&gt;&lt;property name="row" value="0"/&gt;&lt;/layout&gt;&lt;/entry&gt;&lt;entry id="P-155267dcb56-1009b" parent="Reports Portlet 2"&gt;&lt;layout position="-1" size="-1"&gt;&lt;property name="column" value="0"/&gt;&lt;property name="row" value="1"/&gt;&lt;/layout&gt;&lt;/entry&gt;&lt;/portlets&gt;&lt;portlets id="P-155267c5ca6-10080"&gt;&lt;metainfo&gt;&lt;title&gt;Service Request&lt;/title&gt;&lt;/metainfo&gt;&lt;security-ref parent="owner-only"/&gt;&lt;skin name="V360 Default Skin"/&gt;&lt;layout position="1" size="-1"/&gt;&lt;controller name="V360TwoColumns"/&gt;&lt;entry id="P-155267c5ca6-10081" parent="V360 Service Requests Portlet"&gt;&lt;layout position="-1" size="-1"&gt;&lt;property name="column" value="1"/&gt;&lt;property name="row" value="1"/&gt;&lt;/layout&gt;&lt;/entry&gt;&lt;entry id="P-155267e81bf-1009c" parent="V360 My Service Request Navigation Portlet"&gt;&lt;layout position="-1" size="-1"&gt;&lt;property name="column" value="0"/&gt;&lt;property name="row" value="0"/&gt;&lt;/layout&gt;&lt;/entry&gt;&lt;entry id="P-155267ec394-1009d" parent="Reports Portlet 2"&gt;&lt;layout position="-1" size="-1"&gt;&lt;property name="column" value="0"/&gt;&lt;property name="row" value="1"/&gt;&lt;/layout&gt;&lt;/entry&gt;&lt;entry id="P-155267eeb76-1009e" parent="V360 Alerts Portlet"&gt;&lt;layout position="-1" size="-1"&gt;&lt;property name="column" value="1"/&gt;&lt;property name="row" value="0"/&gt;&lt;/layout&gt;&lt;/entry&gt;&lt;/portlets&gt;&lt;portlets id="P-155267c5ca6-10083"&gt;&lt;metainfo&gt;&lt;description&gt;No description found. Generic portlet&lt;/description&gt;&lt;title&gt;Property&lt;/title&gt;&lt;/metainfo&gt;&lt;security-ref parent="owner-only"/&gt;&lt;layout position="5" size="-1"/&gt;&lt;controller name="V360OneColumn"/&gt;&lt;entry id="P-155267c5ca6-10084" parent="V360 Addresses Portlet"&gt;&lt;layout position="-1" size="-1"&gt;&lt;property name="column" value="0"/&gt;&lt;property name="row" value="0"/&gt;&lt;/layout&gt;&lt;/entry&gt;&lt;entry id="P-155268132fb-1009f" parent="V360 Parcels Portlet"&gt;&lt;layout position="-1" size="-1"&gt;&lt;property name="column" value="0"/&gt;&lt;property name="row" value="1"/&gt;&lt;/layout&gt;&lt;/entry&gt;&lt;entry id="P-15526815b26-100a0" parent="V360 Owners Portlet"&gt;&lt;layout position="-1" size="-1"&gt;&lt;property name="column" value="0"/&gt;&lt;property name="row" value="2"/&gt;&lt;/layout&gt;&lt;/entry&gt;&lt;/portlets&gt;&lt;portlets id="P-155267c5ca6-10086"&gt;&lt;metainfo&gt;&lt;title&gt;Contacts&lt;/title&gt;&lt;/metainfo&gt;&lt;security-ref parent="owner-only"/&gt;&lt;layout position="6" size="-1"/&gt;&lt;controller name="V360TwoColumns"/&gt;&lt;entry id="P-155267c5ca6-10087" parent="V360 Contacts Portlet"&gt;&lt;layout position="-1" size="-1"&gt;&lt;property name="column" value="1"/&gt;&lt;property name="row" value="0"/&gt;&lt;/layout&gt;&lt;/entry&gt;&lt;entry id="P-155267c5ca6-10088" parent="V360 Bulletin Board Portlet"&gt;&lt;layout position="-1" size="-1"&gt;&lt;property name="column" value="0"/&gt;&lt;property name="row" value="0"/&gt;&lt;/layout&gt;&lt;/entry&gt;&lt;/portlets&gt;&lt;portlets id="P-155267c5ca6-10089"&gt;&lt;metainfo&gt;&lt;description&gt;No description found. Generic portlet&lt;/description&gt;&lt;title&gt;Time Accounting &amp;amp; Activities&lt;/title&gt;&lt;/metainfo&gt;&lt;security-ref parent="owner-only"/&gt;&lt;layout position="3" size="-1"/&gt;&lt;controller name="V360OneColumn"/&gt;&lt;entry id="P-155267c5ca6-1008a" parent="V360 Activities Portlet"&gt;&lt;layout position="-1" size="-1"&gt;&lt;property name="column" value="0"/&gt;&lt;property name="row" value="1"/&gt;&lt;/layout&gt;&lt;/entry&gt;&lt;entry id="P-15526822eba-100a1" parent="V360 Time Accounting Portlet"&gt;&lt;layout position="-1" size="-1"&gt;&lt;property name="column" value="0"/&gt;&lt;property name="row" value="0"/&gt;&lt;/layout&gt;&lt;/entry&gt;&lt;/portlets&gt;&lt;portlets id="P-155267c5ca6-1008c"&gt;&lt;metainfo&gt;&lt;title&gt;GIS&lt;/title&gt;&lt;/metainfo&gt;&lt;security-ref parent="owner-only"/&gt;&lt;layout position="4" size="-1"/&gt;&lt;controller name="V360TwoColumns"/&gt;&lt;entry id="P-155267c5ca6-1008d" parent="V360 GIS Portlet"&gt;&lt;layout position="-1" size="-1"&gt;&lt;property name="column" value="1"/&gt;&lt;property name="row" value="0"/&gt;&lt;/layout&gt;&lt;/entry&gt;&lt;entry id="P-155267c5ca6-1008e" parent="V360 Bulletin Board Portlet"&gt;&lt;layout position="-1" size="-1"&gt;&lt;property name="column" value="0"/&gt;&lt;property name="row" value="0"/&gt;&lt;/layout&gt;&lt;/entry&gt;&lt;/portlets&gt;&lt;portlets id="P-155267c5ca7-10092"&gt;&lt;metainfo&gt;&lt;title&gt;Admin&lt;/title&gt;&lt;/metainfo&gt;&lt;security-ref parent="owner-only"/&gt;&lt;layout position="7" size="-1"/&gt;&lt;controller name="V360TwoColumns"/&gt;&lt;entry id="P-155267c5ca7-10093" parent="V360 Setup Portlet"&gt;&lt;layout position="-1" size="-1"&gt;&lt;property name="column" value="0"/&gt;&lt;property name="row" value="0"/&gt;&lt;/layout&gt;&lt;/entry&gt;&lt;entry id="P-155267c5ca7-10094" parent="V360 Bulletin Board Portlet"&gt;&lt;layout position="-1" size="-1"&gt;&lt;property name="column" value="0"/&gt;&lt;property name="row" value="1"/&gt;&lt;/layout&gt;&lt;/entry&gt;&lt;entry id="P-155267c5ca7-10095" parent="V360 Administration Portlet"&gt;&lt;layout position="-1" size="-1"&gt;&lt;property name="column" value="1"/&gt;&lt;property name="row" value="0"/&gt;&lt;/layout&gt;&lt;/entry&gt;&lt;/portlets&gt;&lt;portlets id="P-15526850c5d-100a2"&gt;&lt;metainfo&gt;&lt;title&gt;PM Schedule&lt;/title&gt;&lt;/metainfo&gt;&lt;security-ref parent="owner-only"/&gt;&lt;layout position="2" size="-1"/&gt;&lt;entry id="P-15526859df4-100a3" parent="PM Schedule Portlet"&gt;&lt;layout position="-1" size="-1"&gt;&lt;property name="column" value="0"/&gt;&lt;property name="row" value="0"/&gt;&lt;/layout&gt;&lt;/entry&gt;&lt;/portlets&gt;&lt;/portlets&gt;</profile><psmlId>176</psmlId><turbineUser><loginName>ATOM.2955.CONSOLE</loginName><confirmValue>CONFIRMED</confirmValue><created>2016-06-06T09:12:12-07:00</created><disabled>F</disabled><firstName>tempFirstName</firstName><lastLogin>2016-06-06T09:12:12-07:00</lastLogin><lastName>tempLastName</lastName><objectData>rO0ABXNyABNqYXZhLnV0aWwuSGFzaHRhYmxlE7sPJSFK5LgDAAJGAApsb2FkRmFjdG9ySQAJdGhyZXNob2xkeHA/QAAAAAAAAHcIAAAAAQAAAAB4</objectData><password>ignored</password><passwordChanged>2016-06-06T09:12:12-07:00</passwordChanged><userId>197</userId></turbineUser></customizeProfile>
<customizeProfile><userName>ATOM.2944.CONSOLE</userName><console><consoleNbr>2944</consoleNbr><serviceProviderCode>ATOM</serviceProviderCode><auditModel><auditDate>2016-06-06T08:08:39-07:00</auditDate><auditID>LUCRETIA</auditID><auditStatus>A</auditStatus></auditModel><consoleDesc>template console</consoleDesc><consoleName>Daily Default</consoleName></console><mediaType>html</mediaType><page>default.psml</page><profile>&lt;?xml version="1.0" encoding="UTF-8"?&gt;
&lt;portlets id="P-fca38cd76a-10001"&gt;&lt;skin name="V360 Default Skin"/&gt;&lt;control name="V360TabControl"/&gt;&lt;controller name="V360TabController"/&gt;&lt;portlets id="P-15511d9dd15-1000f"&gt;&lt;metainfo&gt;&lt;title&gt;Home&lt;/title&gt;&lt;/metainfo&gt;&lt;security-ref parent="owner-only"/&gt;&lt;layout position="0" size="-1"/&gt;&lt;controller name="V360TwoColumns"/&gt;&lt;entry id="P-15511d9dd15-10012" parent="V360 Alerts Portlet"&gt;&lt;layout position="-1" size="-1"&gt;&lt;property name="column" value="1"/&gt;&lt;property name="row" value="0"/&gt;&lt;/layout&gt;&lt;/entry&gt;&lt;entry id="P-15511dbfee5-1002e" parent="Reports Portlet"&gt;&lt;layout position="-1" size="-1"&gt;&lt;property name="column" value="0"/&gt;&lt;property name="row" value="1"/&gt;&lt;/layout&gt;&lt;/entry&gt;&lt;entry id="P-15511de0b6d-1002f" parent="V360 My Navigation Portlet"&gt;&lt;layout position="-1" size="-1"&gt;&lt;property name="column" value="0"/&gt;&lt;property name="row" value="0"/&gt;&lt;/layout&gt;&lt;/entry&gt;&lt;entry id="P-15511de6920-10030" parent="V360 General CAP Portlet"&gt;&lt;layout position="-1" size="-1"&gt;&lt;property name="column" value="1"/&gt;&lt;property name="row" value="1"/&gt;&lt;/layout&gt;&lt;/entry&gt;&lt;entry id="P-15511df8348-10032" parent="V360 My Tasks Portlet"&gt;&lt;layout position="-1" size="-1"&gt;&lt;property name="column" value="1"/&gt;&lt;property name="row" value="2"/&gt;&lt;/layout&gt;&lt;/entry&gt;&lt;entry id="P-155170578fc-10038" parent="V360 Bulletin Board Portlet"&gt;&lt;layout position="-1" size="-1"&gt;&lt;property name="column" value="0"/&gt;&lt;property name="row" value="2"/&gt;&lt;/layout&gt;&lt;/entry&gt;&lt;/portlets&gt;&lt;portlets id="P-15511d9dd15-10018"&gt;&lt;metainfo&gt;&lt;description&gt;No description found. Generic portlet&lt;/description&gt;&lt;title&gt;Property&lt;/title&gt;&lt;/metainfo&gt;&lt;security-ref parent="owner-only"/&gt;&lt;layout position="1" size="-1"/&gt;&lt;controller name="V360OneColumn"/&gt;&lt;entry id="P-15511d9dd15-10019" parent="V360 Addresses Portlet"&gt;&lt;layout position="-1" size="-1"&gt;&lt;property name="column" value="0"/&gt;&lt;property name="row" value="0"/&gt;&lt;/layout&gt;&lt;/entry&gt;&lt;entry id="P-15516e87e19-10033" parent="V360 Parcels Portlet"&gt;&lt;layout position="-1" size="-1"&gt;&lt;property name="column" value="0"/&gt;&lt;property name="row" value="1"/&gt;&lt;/layout&gt;&lt;/entry&gt;&lt;entry id="P-15516e8a7a8-10034" parent="V360 Owners Portlet"&gt;&lt;layout position="-1" size="-1"&gt;&lt;property name="column" value="0"/&gt;&lt;property name="row" value="2"/&gt;&lt;/layout&gt;&lt;/entry&gt;&lt;/portlets&gt;&lt;portlets id="P-15511d9dd15-1001b"&gt;&lt;metainfo&gt;&lt;description&gt;No description found. Generic portlet&lt;/description&gt;&lt;title&gt;Reference People&lt;/title&gt;&lt;/metainfo&gt;&lt;security-ref parent="owner-only"/&gt;&lt;layout position="2" size="-1"/&gt;&lt;controller name="V360OneColumn"/&gt;&lt;entry id="P-15511d9dd15-1001c" parent="V360 Contacts Portlet"&gt;&lt;layout position="-1" size="-1"&gt;&lt;property name="column" value="0"/&gt;&lt;property name="row" value="0"/&gt;&lt;/layout&gt;&lt;/entry&gt;&lt;entry id="P-155170eb547-1003a" parent="V360 Professionals Portlet"&gt;&lt;layout position="-1" size="-1"&gt;&lt;property name="column" value="0"/&gt;&lt;property name="row" value="1"/&gt;&lt;/layout&gt;&lt;/entry&gt;&lt;/portlets&gt;&lt;portlets id="P-15511d9dd15-10021"&gt;&lt;metainfo&gt;&lt;title&gt;GIS&lt;/title&gt;&lt;/metainfo&gt;&lt;security-ref parent="owner-only"/&gt;&lt;layout position="3" size="-1"/&gt;&lt;controller name="V360OneColumn"/&gt;&lt;entry id="P-15511d9dd15-10022" parent="V360 GIS Portlet"&gt;&lt;layout position="-1" size="-1"&gt;&lt;property name="column" value="0"/&gt;&lt;property name="row" value="0"/&gt;&lt;/layout&gt;&lt;/entry&gt;&lt;/portlets&gt;&lt;portlets id="P-15511d9dd15-10027"&gt;&lt;metainfo&gt;&lt;title&gt;Admin&lt;/title&gt;&lt;/metainfo&gt;&lt;security-ref parent="owner-only"/&gt;&lt;layout position="4" size="-1"/&gt;&lt;controller name="V360TwoColumns"/&gt;&lt;entry id="P-15511d9dd15-10028" parent="V360 Setup Portlet"&gt;&lt;layout position="-1" size="-1"&gt;&lt;property name="column" value="0"/&gt;&lt;property name="row" value="0"/&gt;&lt;/layout&gt;&lt;/entry&gt;&lt;entry id="P-15511d9dd15-1002a" parent="V360 Administration Portlet"&gt;&lt;layout position="-1" size="-1"&gt;&lt;property name="column" value="1"/&gt;&lt;property name="row" value="0"/&gt;&lt;/layout&gt;&lt;/entry&gt;&lt;/portlets&gt;&lt;portlets id="P-15517ae3f60-10043"&gt;&lt;metainfo&gt;&lt;title&gt;Tasks &amp;amp; Activities&lt;/title&gt;&lt;/metainfo&gt;&lt;security-ref parent="owner-only"/&gt;&lt;layout position="5" size="-1"/&gt;&lt;entry id="P-15517b29c98-10050" parent="V360 Activities Portlet"&gt;&lt;layout position="-1" size="-1"&gt;&lt;property name="column" value="0"/&gt;&lt;property name="row" value="0"/&gt;&lt;/layout&gt;&lt;/entry&gt;&lt;entry id="P-15517b2f290-10051" parent="V360 Task Management Portlet"&gt;&lt;layout position="-1" size="-1"&gt;&lt;property name="column" value="0"/&gt;&lt;property name="row" value="1"/&gt;&lt;/layout&gt;&lt;/entry&gt;&lt;/portlets&gt;&lt;portlets id="P-15517ae91ec-10044"&gt;&lt;metainfo&gt;&lt;title&gt;Trust Accounts&lt;/title&gt;&lt;/metainfo&gt;&lt;security-ref parent="owner-only"/&gt;&lt;layout position="6" size="-1"/&gt;&lt;entry id="P-15517b25c46-1004f" parent="Trust Account"&gt;&lt;layout position="-1" size="-1"&gt;&lt;property name="column" value="0"/&gt;&lt;property name="row" value="0"/&gt;&lt;/layout&gt;&lt;/entry&gt;&lt;/portlets&gt;&lt;portlets id="P-15517aee2e3-10045"&gt;&lt;metainfo&gt;&lt;title&gt;Set Processing&lt;/title&gt;&lt;/metainfo&gt;&lt;security-ref parent="owner-only"/&gt;&lt;layout position="7" size="-1"/&gt;&lt;entry id="P-15517b1ec6c-1004e" parent="V360 Set Portlet"&gt;&lt;layout position="-1" size="-1"&gt;&lt;property name="column" value="0"/&gt;&lt;property name="row" value="0"/&gt;&lt;/layout&gt;&lt;/entry&gt;&lt;/portlets&gt;&lt;portlets id="P-15517af5d09-10046"&gt;&lt;metainfo&gt;&lt;title&gt;Payment Processing&lt;/title&gt;&lt;/metainfo&gt;&lt;security-ref parent="owner-only"/&gt;&lt;layout position="8" size="-1"/&gt;&lt;entry id="P-15517b18b7f-1004d" parent="V360 Payment Processing Portlet"&gt;&lt;layout position="-1" size="-1"&gt;&lt;property name="column" value="0"/&gt;&lt;property name="row" value="0"/&gt;&lt;/layout&gt;&lt;/entry&gt;&lt;/portlets&gt;&lt;portlets id="P-15517afa051-10047"&gt;&lt;metainfo&gt;&lt;title&gt;Ad hoc Reports&lt;/title&gt;&lt;/metainfo&gt;&lt;security-ref parent="owner-only"/&gt;&lt;layout position="9" size="-1"/&gt;&lt;entry id="P-15517b14415-1004c" parent="V360 Ad hoc Report"&gt;&lt;layout position="-1" size="-1"&gt;&lt;property name="column" value="0"/&gt;&lt;property name="row" value="0"/&gt;&lt;/layout&gt;&lt;/entry&gt;&lt;/portlets&gt;&lt;portlets id="P-15517afd3b6-10048"&gt;&lt;metainfo&gt;&lt;title&gt;Trust Accounts&lt;/title&gt;&lt;/metainfo&gt;&lt;security-ref parent="owner-only"/&gt;&lt;layout position="10" size="-1"/&gt;&lt;entry id="P-15517b1003d-1004b" parent="Trust Account"&gt;&lt;layout position="-1" size="-1"&gt;&lt;property name="column" value="0"/&gt;&lt;property name="row" value="0"/&gt;&lt;/layout&gt;&lt;/entry&gt;&lt;/portlets&gt;&lt;portlets id="P-15517aff8a4-10049"&gt;&lt;metainfo&gt;&lt;title&gt;Time Accounting&lt;/title&gt;&lt;/metainfo&gt;&lt;security-ref parent="owner-only"/&gt;&lt;layout position="11" size="-1"/&gt;&lt;entry id="P-15517b0bc1e-1004a" parent="V360 Time Accounting Portlet"&gt;&lt;layout position="-1" size="-1"&gt;&lt;property name="column" value="0"/&gt;&lt;property name="row" value="0"/&gt;&lt;/layout&gt;&lt;/entry&gt;&lt;/portlets&gt;&lt;/portlets&gt;</profile><psmlId>173</psmlId><turbineUser><loginName>ATOM.2944.CONSOLE</loginName><confirmValue>CONFIRMED</confirmValue><created>2016-06-02T09:02:18-07:00</created><disabled>F</disabled><firstName>tempFirstName</firstName><lastLogin>2016-06-02T09:02:18-07:00</lastLogin><lastName>tempLastName</lastName><objectData>rO0ABXNyABNqYXZhLnV0aWwuSGFzaHRhYmxlE7sPJSFK5LgDAAJGAApsb2FkRmFjdG9ySQAJdGhyZXNob2xkeHA/QAAAAAAAAHcIAAAAAQAAAAB4</objectData><password>ignored</password><passwordChanged>2016-06-02T09:02:18-07:00</passwordChanged><userId>194</userId></turbineUser></customizeProfile>
<customizeProfile><userName>ATOM.2954.CONSOLE</userName><console><consoleNbr>2954</consoleNbr><serviceProviderCode>ATOM</serviceProviderCode><auditModel><auditDate>2016-06-06T08:32:41-07:00</auditDate><auditID>LUCRETIA</auditID><auditStatus>A</auditStatus></auditModel><consoleDesc>template console</consoleDesc><consoleName>Inspector Default</consoleName></console><mediaType>html</mediaType><page>default.psml</page><profile>&lt;?xml version="1.0" encoding="UTF-8"?&gt;
&lt;portlets id="P-fca38cd76a-10001"&gt;&lt;skin name="V360 Default Skin"/&gt;&lt;control name="V360TabControl"/&gt;&lt;controller name="V360TabController"/&gt;&lt;portlets id="P-15526157dc0-10053"&gt;&lt;metainfo&gt;&lt;description&gt;No description found. Generic portlet&lt;/description&gt;&lt;title&gt;Record Home&lt;/title&gt;&lt;/metainfo&gt;&lt;security-ref parent="owner-only"/&gt;&lt;layout position="1" size="-1"/&gt;&lt;controller name="V360TwoColumns"/&gt;&lt;entry id="P-15526157dc0-10056" parent="V360 Alerts Portlet"&gt;&lt;layout position="-1" size="-1"&gt;&lt;property name="column" value="1"/&gt;&lt;property name="row" value="0"/&gt;&lt;/layout&gt;&lt;/entry&gt;&lt;entry id="P-155262c59bd-10072" parent="V360 General CAP Portlet"&gt;&lt;layout position="-1" size="-1"&gt;&lt;property name="column" value="1"/&gt;&lt;property name="row" value="1"/&gt;&lt;/layout&gt;&lt;/entry&gt;&lt;entry id="P-155262ca14b-10073" parent="Reports Portlet"&gt;&lt;layout position="-1" size="-1"&gt;&lt;property name="column" value="0"/&gt;&lt;property name="row" value="1"/&gt;&lt;/layout&gt;&lt;/entry&gt;&lt;entry id="P-155262ea19f-10076" parent="V360 My Navigation Portlet"&gt;&lt;layout position="-1" size="-1"&gt;&lt;property name="column" value="0"/&gt;&lt;property name="row" value="0"/&gt;&lt;/layout&gt;&lt;/entry&gt;&lt;/portlets&gt;&lt;portlets id="P-15526157dc0-1005c"&gt;&lt;metainfo&gt;&lt;description&gt;No description found. Generic portlet&lt;/description&gt;&lt;title&gt;Property&lt;/title&gt;&lt;/metainfo&gt;&lt;security-ref parent="owner-only"/&gt;&lt;layout position="2" size="-1"/&gt;&lt;controller name="V360OneColumn"/&gt;&lt;entry id="P-15526157dc0-1005d" parent="V360 Addresses Portlet"&gt;&lt;layout position="-1" size="-1"&gt;&lt;property name="column" value="0"/&gt;&lt;property name="row" value="0"/&gt;&lt;/layout&gt;&lt;/entry&gt;&lt;entry id="P-1552657a53c-10077" parent="V360 Parcels Portlet"&gt;&lt;layout position="-1" size="-1"&gt;&lt;property name="column" value="0"/&gt;&lt;property name="row" value="1"/&gt;&lt;/layout&gt;&lt;/entry&gt;&lt;entry id="P-1552657dcf0-10078" parent="V360 Owners Portlet"&gt;&lt;layout position="-1" size="-1"&gt;&lt;property name="column" value="0"/&gt;&lt;property name="row" value="2"/&gt;&lt;/layout&gt;&lt;/entry&gt;&lt;/portlets&gt;&lt;portlets id="P-15526157dc0-1005f"&gt;&lt;metainfo&gt;&lt;description&gt;No description found. Generic portlet&lt;/description&gt;&lt;title&gt;People&lt;/title&gt;&lt;/metainfo&gt;&lt;security-ref parent="owner-only"/&gt;&lt;layout position="4" size="-1"/&gt;&lt;controller name="V360OneColumn"/&gt;&lt;entry id="P-15526157dc0-10060" parent="V360 Contacts Portlet"&gt;&lt;layout position="-1" size="-1"&gt;&lt;property name="column" value="0"/&gt;&lt;property name="row" value="0"/&gt;&lt;/layout&gt;&lt;/entry&gt;&lt;entry id="P-155265c236f-10079" parent="V360 Professionals Portlet"&gt;&lt;layout position="-1" size="-1"&gt;&lt;property name="column" value="0"/&gt;&lt;property name="row" value="1"/&gt;&lt;/layout&gt;&lt;/entry&gt;&lt;/portlets&gt;&lt;portlets id="P-15526157dc0-10065"&gt;&lt;metainfo&gt;&lt;title&gt;GIS&lt;/title&gt;&lt;/metainfo&gt;&lt;security-ref parent="owner-only"/&gt;&lt;layout position="3" size="-1"/&gt;&lt;controller name="V360TwoColumns"/&gt;&lt;entry id="P-15526157dc0-10066" parent="V360 GIS Portlet"&gt;&lt;layout position="-1" size="-1"&gt;&lt;property name="column" value="1"/&gt;&lt;property name="row" value="0"/&gt;&lt;/layout&gt;&lt;/entry&gt;&lt;entry id="P-15526157dc0-10067" parent="V360 Bulletin Board Portlet"&gt;&lt;layout position="-1" size="-1"&gt;&lt;property name="column" value="0"/&gt;&lt;property name="row" value="0"/&gt;&lt;/layout&gt;&lt;/entry&gt;&lt;/portlets&gt;&lt;portlets id="P-155262d448c-10074"&gt;&lt;metainfo&gt;&lt;title&gt;Inspection&lt;/title&gt;&lt;/metainfo&gt;&lt;security-ref parent="owner-only"/&gt;&lt;layout position="0" size="-1"/&gt;&lt;entry id="P-155262e24cf-10075" parent="V360 Inspections Portlet"&gt;&lt;layout position="-1" size="-1"&gt;&lt;property name="column" value="0"/&gt;&lt;property name="row" value="0"/&gt;&lt;/layout&gt;&lt;/entry&gt;&lt;/portlets&gt;&lt;/portlets&gt;</profile><psmlId>175</psmlId><turbineUser><loginName>ATOM.2954.CONSOLE</loginName><confirmValue>CONFIRMED</confirmValue><created>2016-06-06T07:19:50-07:00</created><disabled>F</disabled><firstName>tempFirstName</firstName><lastLogin>2016-06-06T07:19:50-07:00</lastLogin><lastName>tempLastName</lastName><objectData>rO0ABXNyABNqYXZhLnV0aWwuSGFzaHRhYmxlE7sPJSFK5LgDAAJGAApsb2FkRmFjdG9ySQAJdGhyZXNob2xkeHA/QAAAAAAAAHcIAAAAAQAAAAB4</objectData><password>ignored</password><passwordChanged>2016-06-06T07:19:50-07:00</passwordChanged><userId>196</userId></turbineUser></customizeProfile>
</list>