<?xml version="1.0" encoding="UTF-8" standalone="yes"?>
<list  version="8.0.0" minorVersion="21" exportUser="ADMIN" exportDateTime="10/17/2016 09:05 AM" description="null"><serverConstantModel><serviceProviderCode>CLOUD06</serviceProviderCode><constantName>AA_REMEMBER_ME</constantName><auditModel><auditDate>2006-09-01T15:06:47-07:00</auditDate><auditID>ADMIN</auditID><auditStatus>A</auditStatus></auditModel><constantDescription>Remember me on this computer</constantDescription><constantValue>Y</constantValue></serverConstantModel>
<serverConstantModel><serviceProviderCode>CLOUD06</serviceProviderCode><constantName>AA_REMEMBER_ME_EXPIRED_DATE</constantName><auditModel><auditDate>2006-09-01T15:06:47-07:00</auditDate><auditID>ADMIN</auditID><auditStatus>A</auditStatus></auditModel><constantDescription>Remember me on this computer</constantDescription><constantValue>30</constantValue></serverConstantModel>
<serverConstantModel><serviceProviderCode>CLOUD06</serviceProviderCode><constantName>ALIAS USE</constantName><auditModel><auditDate>2016-02-15T16:37:53-08:00</auditDate><auditID>AVADMIN</auditID><auditStatus>A</auditStatus></auditModel><constantDescription>Check ALIAS USE Field</constantDescription><constantValue>Yes</constantValue></serverConstantModel>
<serverConstantModel><serviceProviderCode>CLOUD06</serviceProviderCode><constantName>ASSGNTASKS_DATE_FROM</constantName><auditModel><auditDate>2016-10-13T11:25:32.700-07:00</auditDate><auditID>ADMIN</auditID><auditStatus>A</auditStatus></auditModel><constantDescription>Controls the Default value for the Date From field in the Assign Tasks screen in Days. The Value in the Current Date.</constantDescription><constantValue>30</constantValue></serverConstantModel>
<serverConstantModel><serviceProviderCode>CLOUD06</serviceProviderCode><constantName>BLOCK NONWORKING DAYS</constantName><auditModel><auditDate>2016-10-13T11:25:32.700-07:00</auditDate><auditID>ADMIN</auditID><auditStatus>A</auditStatus></auditModel><constantDescription>Activate Next Working Day btn</constantDescription><constantValue>Yes</constantValue></serverConstantModel>
<serverConstantModel><serviceProviderCode>CLOUD06</serviceProviderCode><constantName>COMMAS_NUMERIC_APP_TASK_FORMAT</constantName><auditModel><auditDate>2016-10-13T11:25:32.710-07:00</auditDate><auditID>ADMIN</auditID><auditStatus>A</auditStatus></auditModel><constantDescription>Commas in Numeric App and Task Specific Info Fields</constantDescription><constantValue>Yes</constantValue></serverConstantModel>
<serverConstantModel><serviceProviderCode>CLOUD06</serviceProviderCode><constantName>CONFIGURE_RADIO_AND_CHECK</constantName><auditModel><auditDate>2016-07-07T08:32:52-07:00</auditDate><auditID>ADMIN</auditID><auditStatus>A</auditStatus></auditModel><constantValue>YES</constantValue><constantVisible>Y</constantVisible></serverConstantModel>
<serverConstantModel><serviceProviderCode>CLOUD06</serviceProviderCode><constantName>CUSTOMIZED_APPTYPE_DISPLAYORDER</constantName><auditModel><auditDate>2016-02-15T16:37:53-08:00</auditDate><auditID>AVADMIN</auditID><auditStatus>A</auditStatus></auditModel><constantDescription>Customized Application Type Display Order</constantDescription><constantValue>Y</constantValue></serverConstantModel>
<serverConstantModel><serviceProviderCode>CLOUD06</serviceProviderCode><constantName>CUSTOMIZED_RECEIPT_NUMBER</constantName><auditModel><auditDate>2016-10-13T11:25:32.703-07:00</auditDate><auditID>ADMIN</auditID><auditStatus>A</auditStatus></auditModel><constantDescription>Customized Receipt Number</constantDescription><constantValue>N</constantValue></serverConstantModel>
<serverConstantModel><serviceProviderCode>CLOUD06</serviceProviderCode><constantName>CUSTOMIZED_INVOICE_NUMBER</constantName><auditModel><auditDate>2016-10-13T11:25:32.707-07:00</auditDate><auditID>ADMIN</auditID><auditStatus>A</auditStatus></auditModel><constantDescription>Customized Invoice Number</constantDescription><constantValue>Y</constantValue></serverConstantModel>
<serverConstantModel><serviceProviderCode>CLOUD06</serviceProviderCode><constantName>EMAIL_HYPERLINK</constantName><auditModel><auditDate>2016-10-13T11:25:32.707-07:00</auditDate><auditID>ADMIN</auditID><auditStatus>A</auditStatus></auditModel><constantDescription>The controller of Email hyperlink</constantDescription><constantValue>No</constantValue></serverConstantModel>
<serverConstantModel><serviceProviderCode>CLOUD06</serviceProviderCode><constantName>EMSE_ENABLE</constantName><auditModel><auditDate>2007-04-12T11:53:14-07:00</auditDate><auditID>LCHENG</auditID><auditStatus>A</auditStatus></auditModel><constantDescription>Enable EMSE Scripting</constantDescription><constantValue>YES</constantValue></serverConstantModel>
<serverConstantModel><serviceProviderCode>CLOUD06</serviceProviderCode><constantName>EMSE_LOG_ENABLE</constantName><auditModel><auditDate>2016-02-15T16:37:50-08:00</auditDate><auditID>AVADMIN</auditID><auditStatus>A</auditStatus></auditModel><constantDescription>Enable EMSE Logging</constantDescription><constantValue>YES</constantValue></serverConstantModel>
<serverConstantModel><serviceProviderCode>CLOUD06</serviceProviderCode><constantName>ENABLE_APP_NAME</constantName><auditModel><auditDate>2016-10-13T11:25:32.687-07:00</auditDate><auditID>ADMIN</auditID><auditStatus>A</auditStatus></auditModel><constantDescription>ENABLE APPLICATION NAME</constantDescription><constantValue>YES</constantValue><constantVisible>Y</constantVisible></serverConstantModel>
<serverConstantModel><serviceProviderCode>CLOUD06</serviceProviderCode><constantName>ENABLE_AUDIT_ASSET</constantName><auditModel><auditDate>2016-10-13T11:25:32.697-07:00</auditDate><auditID>ADMIN</auditID><auditStatus>A</auditStatus></auditModel><constantDescription>ENABLE AUDIT ASSET LOG</constantDescription><constantValue>NO</constantValue><constantVisible>Y</constantVisible></serverConstantModel>
<serverConstantModel><serviceProviderCode>CLOUD06</serviceProviderCode><constantName>ENABLE_AUDIT_CAP_AND_ASI</constantName><auditModel><auditDate>2016-02-15T16:37:51-08:00</auditDate><auditID>AVADMIN</auditID><auditStatus>A</auditStatus></auditModel><constantDescription>ENABLE_AUDIT_CAP_AND_ASI</constantDescription><constantValue>YES</constantValue><constantVisible>Y</constantVisible></serverConstantModel>
<serverConstantModel><serviceProviderCode>CLOUD06</serviceProviderCode><constantName>ENABLE_AUDIT_CONDITION</constantName><auditModel><auditDate>2016-02-15T16:37:52-08:00</auditDate><auditID>AVADMIN</auditID><auditStatus>A</auditStatus></auditModel><constantDescription>ENABLE AUDIT RECORD CONDITION LOG</constantDescription><constantValue>YES</constantValue><constantVisible>Y</constantVisible></serverConstantModel>
<serverConstantModel><serviceProviderCode>CLOUD06</serviceProviderCode><constantName>ENABLE_AUDIT_DOCUMENT</constantName><auditModel><auditDate>2016-02-15T16:37:52-08:00</auditDate><auditID>AVADMIN</auditID><auditStatus>A</auditStatus></auditModel><constantDescription>ENABLE AUDIT DOCUMENT LOG</constantDescription><constantValue>YES</constantValue><constantVisible>Y</constantVisible></serverConstantModel>
<serverConstantModel><serviceProviderCode>CLOUD06</serviceProviderCode><constantName>ENABLE_AUDIT_EXAMINATION</constantName><auditModel><auditDate>2016-02-15T16:37:52-08:00</auditDate><auditID>AVADMIN</auditID><auditStatus>A</auditStatus></auditModel><constantDescription>ENABLE AUDIT EXAMINATION LOG</constantDescription><constantValue>YES</constantValue><constantVisible>Y</constantVisible></serverConstantModel>
<serverConstantModel><serviceProviderCode>CLOUD06</serviceProviderCode><constantName>ENABLE_AUDIT_GUIDE_SHEET</constantName><auditModel><auditDate>2016-02-15T16:37:51-08:00</auditDate><auditID>AVADMIN</auditID><auditStatus>A</auditStatus></auditModel><constantDescription>ENABLE AUDIT GUIDE SHEET LOG</constantDescription><constantValue>YES</constantValue><constantVisible>Y</constantVisible></serverConstantModel>
<serverConstantModel><serviceProviderCode>CLOUD06</serviceProviderCode><constantName>ENABLE_AUDIT_REF_CONDITION</constantName><auditModel><auditDate>2016-02-15T16:37:52-08:00</auditDate><auditID>AVADMIN</auditID><auditStatus>A</auditStatus></auditModel><constantDescription>ENABLE AUDIT REF CONDITION LOG</constantDescription><constantValue>YES</constantValue><constantVisible>Y</constantVisible></serverConstantModel>
<serverConstantModel><serviceProviderCode>CLOUD06</serviceProviderCode><constantName>ENABLE_AUDIT_STD_CONDITION</constantName><auditModel><auditDate>2016-02-15T16:37:52-08:00</auditDate><auditID>AVADMIN</auditID><auditStatus>A</auditStatus></auditModel><constantDescription>ENABLE AUDIT STD CONDITION LOG</constantDescription><constantValue>YES</constantValue><constantVisible>Y</constantVisible></serverConstantModel>
<serverConstantModel><serviceProviderCode>CLOUD06</serviceProviderCode><constantName>ENABLE_CONTACT_SNAPSHOT</constantName><auditModel><auditDate>2016-02-15T16:37:51-08:00</auditDate><auditID>AVADMIN</auditID><auditStatus>A</auditStatus></auditModel><constantDescription>ENABLE CONTACT SNAPSHOT</constantDescription><constantValue>YES</constantValue><constantVisible>Y</constantVisible></serverConstantModel>
<serverConstantModel><serviceProviderCode>CLOUD06</serviceProviderCode><constantName>ENABLE_WORKFLOW_SNAPSHOT</constantName><auditModel><auditDate>2016-02-15T16:37:52-08:00</auditDate><auditID>AVADMIN</auditID><auditStatus>A</auditStatus></auditModel><constantDescription>ENABLE WORKFLOW SNAPSHOT</constantDescription><constantValue>YES</constantValue><constantVisible>Y</constantVisible></serverConstantModel>
<serverConstantModel><serviceProviderCode>CLOUD06</serviceProviderCode><constantName>EXP_LIC_ISSUE_NOT_ISS_STATUS</constantName><auditModel><auditDate>2007-01-07T13:35:32-08:00</auditDate><auditID>FBENITEZ</auditID><auditStatus>A</auditStatus></auditModel><constantValue>Not Issued</constantValue><constantVisible>Y</constantVisible></serverConstantModel>
<serverConstantModel><serviceProviderCode>CLOUD06</serviceProviderCode><constantName>EXP_LIC_ISSUE_TASK</constantName><auditModel><auditDate>2007-01-07T13:35:32-08:00</auditDate><auditID>FBENITEZ</auditID><auditStatus>A</auditStatus></auditModel><constantValue>Ready to Issue</constantValue><constantVisible>Y</constantVisible></serverConstantModel>
<serverConstantModel><serviceProviderCode>CLOUD06</serviceProviderCode><constantName>EXPIRATION_ABOUTTOEXPIRE_STATUS</constantName><auditModel><auditDate>2007-01-07T13:35:32-08:00</auditDate><auditID>FBENITEZ</auditID><auditStatus>A</auditStatus></auditModel><constantValue>About to Expire</constantValue><constantVisible>Y</constantVisible></serverConstantModel>
<serverConstantModel><serviceProviderCode>CLOUD06</serviceProviderCode><constantName>EXPIRATION_ACTIVE_STATUS</constantName><auditModel><auditDate>2007-01-07T13:35:32-08:00</auditDate><auditID>FBENITEZ</auditID><auditStatus>A</auditStatus></auditModel><constantValue>Active</constantValue><constantVisible>Y</constantVisible></serverConstantModel>
<serverConstantModel><serviceProviderCode>CLOUD06</serviceProviderCode><constantName>EXPIRATION_DELINQUENT_STATUS</constantName><auditModel><auditDate>2007-01-07T13:35:32-08:00</auditDate><auditID>FBENITEZ</auditID><auditStatus>A</auditStatus></auditModel><constantValue>Delinquent</constantValue><constantVisible>Y</constantVisible></serverConstantModel>
<serverConstantModel><serviceProviderCode>CLOUD06</serviceProviderCode><constantName>EXPIRATION_EXPIRED_STATUS</constantName><auditModel><auditDate>2007-01-07T13:35:32-08:00</auditDate><auditID>FBENITEZ</auditID><auditStatus>A</auditStatus></auditModel><constantValue>Expired</constantValue><constantVisible>Y</constantVisible></serverConstantModel>
<serverConstantModel><serviceProviderCode>CLOUD06</serviceProviderCode><constantName>EXPIRATION_INACTIVE_STATUS</constantName><auditModel><auditDate>2007-01-07T13:35:32-08:00</auditDate><auditID>FBENITEZ</auditID><auditStatus>A</auditStatus></auditModel><constantValue>Inactive</constantValue><constantVisible>Y</constantVisible></serverConstantModel>
<serverConstantModel><serviceProviderCode>CLOUD06</serviceProviderCode><constantName>EXPIRATION_PENDING_STATUS</constantName><auditModel><auditDate>2007-01-07T13:35:32-08:00</auditDate><auditID>FBENITEZ</auditID><auditStatus>A</auditStatus></auditModel><constantValue>Pending</constantValue><constantVisible>Y</constantVisible></serverConstantModel>
<serverConstantModel><serviceProviderCode>CLOUD06</serviceProviderCode><constantName>EXPIRATION_TASK</constantName><auditModel><auditDate>2007-01-07T13:35:32-08:00</auditDate><auditID>FBENITEZ</auditID><auditStatus>A</auditStatus></auditModel><constantValue>License Status</constantValue><constantVisible>Y</constantVisible></serverConstantModel>
<serverConstantModel><serviceProviderCode>CLOUD06</serviceProviderCode><constantName>FEEAUDITTRAIL</constantName><auditModel><auditDate>2016-02-15T16:37:50-08:00</auditDate><auditID>AVADMIN</auditID><auditStatus>A</auditStatus></auditModel><constantDescription>Fee Audit Trail Switch</constantDescription><constantValue>Yes</constantValue></serverConstantModel>
<serverConstantModel><serviceProviderCode>CLOUD06</serviceProviderCode><constantName>GIS_PORTLET_VIEWER_SUFFIX</constantName><auditModel><auditDate>2015-03-12T21:43:58-07:00</auditDate><auditID>CKARP</auditID><auditStatus>A</auditStatus></auditModel><constantValue>/MapViewer.aspx</constantValue><constantVisible>Y</constantVisible></serverConstantModel>
<serverConstantModel><serviceProviderCode>CLOUD06</serviceProviderCode><constantName>GIS_VIEWER_SUFFIX</constantName><auditModel><auditDate>2015-03-12T21:43:58-07:00</auditDate><auditID>CKARP</auditID><auditStatus>A</auditStatus></auditModel><constantValue>/MapViewer.aspx</constantValue><constantVisible>Y</constantVisible></serverConstantModel>
<serverConstantModel><serviceProviderCode>CLOUD06</serviceProviderCode><constantName>GIS_XML_SUFFIX</constantName><auditModel><auditDate>2015-03-12T21:43:58-07:00</auditDate><auditID>CKARP</auditID><auditStatus>A</auditStatus></auditModel><constantValue>/servlet.ashx</constantValue><constantVisible>Y</constantVisible></serverConstantModel>
<serverConstantModel><serviceProviderCode>CLOUD06</serviceProviderCode><constantName>INSPECTION MULTIPLE RESULT</constantName><auditModel><auditDate>2016-02-15T16:37:53-08:00</auditDate><auditID>AVADMIN</auditID><auditStatus>A</auditStatus></auditModel><constantDescription>Inspection Results 4.0 Multiple Result Screen</constantDescription><constantValue>Yes</constantValue></serverConstantModel>
<serverConstantModel><serviceProviderCode>CLOUD06</serviceProviderCode><constantName>KEEP_WF_COMMENTS</constantName><auditModel><auditDate>2007-11-13T09:10:02-08:00</auditDate><auditID>FBENITEZ</auditID><auditStatus>I</auditStatus></auditModel><constantValue>YES</constantValue></serverConstantModel>
<serverConstantModel><serviceProviderCode>CLOUD06</serviceProviderCode><constantName>MENU_NAVIGATION_ENABLED</constantName><auditModel><auditDate>2007-08-28T19:00:00-07:00</auditDate><auditID>FJACQUES</auditID><auditStatus>A</auditStatus></auditModel><constantDescription>MENU NAVIGATION</constantDescription><constantValue>YES</constantValue><constantVisible>Y</constantVisible></serverConstantModel>
<serverConstantModel><serviceProviderCode>CLOUD06</serviceProviderCode><constantName>PAYBEFOREPRINT</constantName><auditModel><auditDate>2016-10-13T11:25:32.683-07:00</auditDate><auditID>ADMIN</auditID><auditStatus>A</auditStatus></auditModel><constantDescription>PayBeforePrint</constantDescription><constantValue>Yes</constantValue></serverConstantModel>
<serverConstantModel><serviceProviderCode>CLOUD06</serviceProviderCode><constantName>PRINTPERMITSTYLE</constantName><auditModel><auditDate>2016-10-13T11:25:32.680-07:00</auditDate><auditID>ADMIN</auditID><auditStatus>A</auditStatus></auditModel><constantDescription>PrintStyle</constantDescription><constantValue>Standard</constantValue></serverConstantModel>
<serverConstantModel><serviceProviderCode>CLOUD06</serviceProviderCode><constantName>SPECIAL ADDRESS MODEL</constantName><auditModel><auditDate>2016-10-13T11:25:32.700-07:00</auditDate><auditID>ADMIN</auditID><auditStatus>A</auditStatus></auditModel><constantDescription>Search Address by Address Number and Unit Number</constantDescription><constantValue>No</constantValue></serverConstantModel>
<serverConstantModel><serviceProviderCode>CLOUD06</serviceProviderCode><constantName>UPDATEPAIDEDFEE</constantName><auditModel><auditDate>2006-12-07T21:22:10-08:00</auditDate><auditID>LCOOPER</auditID><auditStatus>A</auditStatus></auditModel><constantDescription>To control the right of recalculating for paied fee</constantDescription><constantValue>Yes</constantValue></serverConstantModel>
<serverConstantModel><serviceProviderCode>CLOUD06</serviceProviderCode><constantName>USE_NEW_NAVIGATION</constantName><auditModel><auditDate>2005-03-05T13:37:37-08:00</auditDate><auditID>AES</auditID><auditStatus>A</auditStatus></auditModel><constantDescription>New navigation menus implemented in 3.9</constantDescription><constantValue>Y</constantValue><constantVisible>Y</constantVisible></serverConstantModel>
</list>