<?xml version="1.0" encoding="UTF-8" standalone="yes"?>
<list  version="8.0.0" minorVersion="15" exportUser="ADMIN" exportDateTime="03/30/2016 08:02 PM" description="null"><costItem refId="1@CostItemModel"><costItem>Jack Hammer</costItem><costType>Equipment</costType><serviceProviderCode>BPTDEV</serviceProviderCode><auditModel><auditDate>2014-02-25T14:33:30-07:00</auditDate><auditID>ADMIN</auditID><auditStatus>A</auditStatus></auditModel><costAccountInfo refId="2@StandardChoiceModel"><name>COST_ACCOUNT</name><serviceProviderCode>BPTDEV</serviceProviderCode><auditModel><auditDate>2013-05-16T12:05:51-06:00</auditDate><auditID>1</auditID><auditStatus>A</auditStatus></auditModel><standardChoiceValueModels><standardChoiceValue refId="3@StandardChoiceValueModel"><sequenceNBR>104592587</sequenceNBR><serviceProviderCode>BPTDEV</serviceProviderCode><auditModel><auditDate>2013-05-16T12:06:07-06:00</auditDate><auditID>ADMIN</auditID><auditStatus>A</auditStatus></auditModel><standardChoiceName>COST_ACCOUNT</standardChoiceName><standardChoiceValueI18NModels/><value>Test Account</value></standardChoiceValue></standardChoiceValueModels><type>SystemSwitch</type><valueSize>0</valueSize></costAccountInfo><costFactorInfo refId="4@StandardChoiceModel"><name>COST_FACTOR</name><serviceProviderCode>BPTDEV</serviceProviderCode><auditModel><auditDate>2013-05-16T12:11:17-06:00</auditDate><auditID>1</auditID><auditStatus>A</auditStatus></auditModel><standardChoiceValueModels><standardChoiceValue refId="5@StandardChoiceValueModel"><sequenceNBR>104592590</sequenceNBR><serviceProviderCode>BPTDEV</serviceProviderCode><auditModel><auditDate>2013-05-16T12:12:56-06:00</auditDate><auditID>ADMIN</auditID><auditStatus>A</auditStatus></auditModel><description>2 - Double time</description><standardChoiceName>COST_FACTOR</standardChoiceName><standardChoiceValueI18NModels/><value>2</value></standardChoiceValue><standardChoiceValue refId="6@StandardChoiceValueModel"><sequenceNBR>104592588</sequenceNBR><serviceProviderCode>BPTDEV</serviceProviderCode><auditModel><auditDate>2013-05-16T12:12:01-06:00</auditDate><auditID>ADMIN</auditID><auditStatus>A</auditStatus></auditModel><description>1 - Regular</description><standardChoiceName>COST_FACTOR</standardChoiceName><standardChoiceValueI18NModels/><value>1</value></standardChoiceValue><standardChoiceValue refId="7@StandardChoiceValueModel"><sequenceNBR>104592589</sequenceNBR><serviceProviderCode>BPTDEV</serviceProviderCode><auditModel><auditDate>2013-05-16T12:12:37-06:00</auditDate><auditID>ADMIN</auditID><auditStatus>A</auditStatus></auditModel><description>1.5 Time and a half</description><standardChoiceName>COST_FACTOR</standardChoiceName><standardChoiceValueI18NModels/><value>1.5</value></standardChoiceValue></standardChoiceValueModels><type>SystemSwitch</type><valueSize>0</valueSize></costFactorInfo><costItemPermissionModels/><costRates><costRate><rateSeq>5</rateSeq><serviceProviderCode>BPTDEV</serviceProviderCode><auditModel><auditDate>2014-02-25T14:33:45-07:00</auditDate><auditID>ADMIN</auditID><auditStatus>A</auditStatus></auditModel><costFactor>1.0</costFactor><costItem>Jack Hammer</costItem><costType>Equipment</costType><unitCost>10.0</unitCost></costRate></costRates><costTypeInfo refId="8@StandardChoiceModel"><name>COST_TYPE</name><serviceProviderCode>BPTDEV</serviceProviderCode><auditModel><auditDate>2013-05-16T12:15:42-06:00</auditDate><auditID>1</auditID><auditStatus>A</auditStatus></auditModel><standardChoiceValueModels><standardChoiceValue refId="9@StandardChoiceValueModel"><sequenceNBR>104592593</sequenceNBR><serviceProviderCode>BPTDEV</serviceProviderCode><auditModel><auditDate>2013-05-16T12:16:08-06:00</auditDate><auditID>ADMIN</auditID><auditStatus>A</auditStatus></auditModel><standardChoiceName>COST_TYPE</standardChoiceName><standardChoiceValueI18NModels/><value>Contractor</value></standardChoiceValue><standardChoiceValue refId="10@StandardChoiceValueModel"><sequenceNBR>104592594</sequenceNBR><serviceProviderCode>BPTDEV</serviceProviderCode><auditModel><auditDate>2013-05-16T12:16:21-06:00</auditDate><auditID>ADMIN</auditID><auditStatus>A</auditStatus></auditModel><standardChoiceName>COST_TYPE</standardChoiceName><standardChoiceValueI18NModels/><value>Equipment</value></standardChoiceValue><standardChoiceValue refId="11@StandardChoiceValueModel"><sequenceNBR>104592595</sequenceNBR><serviceProviderCode>BPTDEV</serviceProviderCode><auditModel><auditDate>2013-05-16T12:16:33-06:00</auditDate><auditID>ADMIN</auditID><auditStatus>A</auditStatus></auditModel><standardChoiceName>COST_TYPE</standardChoiceName><standardChoiceValueI18NModels/><value>Labor</value></standardChoiceValue><standardChoiceValue refId="12@StandardChoiceValueModel"><sequenceNBR>104592596</sequenceNBR><serviceProviderCode>BPTDEV</serviceProviderCode><auditModel><auditDate>2013-05-16T12:16:45-06:00</auditDate><auditID>ADMIN</auditID><auditStatus>A</auditStatus></auditModel><standardChoiceName>COST_TYPE</standardChoiceName><standardChoiceValueI18NModels/><value>Material</value></standardChoiceValue><standardChoiceValue refId="13@StandardChoiceValueModel"><sequenceNBR>104592597</sequenceNBR><serviceProviderCode>BPTDEV</serviceProviderCode><auditModel><auditDate>2013-05-16T12:16:55-06:00</auditDate><auditID>ADMIN</auditID><auditStatus>A</auditStatus></auditModel><standardChoiceName>COST_TYPE</standardChoiceName><standardChoiceValueI18NModels/><value>Vehicle</value></standardChoiceValue></standardChoiceValueModels><type>SystemSwitch</type><valueSize>0</valueSize></costTypeInfo><costUnitTypeInfo refId="14@StandardChoiceModel"><name>COST_UNIT_TYPE</name><serviceProviderCode>BPTDEV</serviceProviderCode><auditModel><auditDate>2013-05-16T12:18:46-06:00</auditDate><auditID>1</auditID><auditStatus>A</auditStatus></auditModel><standardChoiceValueModels><standardChoiceValue refId="15@StandardChoiceValueModel"><sequenceNBR>104592598</sequenceNBR><serviceProviderCode>BPTDEV</serviceProviderCode><auditModel><auditDate>2013-05-16T12:18:57-06:00</auditDate><auditID>ADMIN</auditID><auditStatus>A</auditStatus></auditModel><standardChoiceName>COST_UNIT_TYPE</standardChoiceName><standardChoiceValueI18NModels/><value>Each</value></standardChoiceValue><standardChoiceValue refId="16@StandardChoiceValueModel"><sequenceNBR>104592599</sequenceNBR><serviceProviderCode>BPTDEV</serviceProviderCode><auditModel><auditDate>2013-05-16T12:19:07-06:00</auditDate><auditID>ADMIN</auditID><auditStatus>A</auditStatus></auditModel><standardChoiceName>COST_UNIT_TYPE</standardChoiceName><standardChoiceValueI18NModels/><value>Hour</value></standardChoiceValue><standardChoiceValue refId="17@StandardChoiceValueModel"><sequenceNBR>104592600</sequenceNBR><serviceProviderCode>BPTDEV</serviceProviderCode><auditModel><auditDate>2013-05-16T12:19:16-06:00</auditDate><auditID>ADMIN</auditID><auditStatus>A</auditStatus></auditModel><standardChoiceName>COST_UNIT_TYPE</standardChoiceName><standardChoiceValueI18NModels/><value>Mile</value></standardChoiceValue></standardChoiceValueModels><type>SystemSwitch</type><valueSize>0</valueSize></costUnitTypeInfo><factor>0.0</factor><costItemI18Ns/><subGroup>Crew A</subGroup><typeItem>null/null</typeItem><unitType>Hour</unitType></costItem>
<costItem refId="1@CostItemModel"><costItem>Snake Cable</costItem><costType>Equipment</costType><serviceProviderCode>BPTDEV</serviceProviderCode><auditModel><auditDate>2014-02-25T14:38:25-07:00</auditDate><auditID>ADMIN</auditID><auditStatus>A</auditStatus></auditModel><costAccountInfo refId="2@StandardChoiceModel"><name>COST_ACCOUNT</name><serviceProviderCode>BPTDEV</serviceProviderCode><auditModel><auditDate>2013-05-16T12:05:51-06:00</auditDate><auditID>1</auditID><auditStatus>A</auditStatus></auditModel><standardChoiceValueModels><standardChoiceValue refId="3@StandardChoiceValueModel"><sequenceNBR>104592587</sequenceNBR><serviceProviderCode>BPTDEV</serviceProviderCode><auditModel><auditDate>2013-05-16T12:06:07-06:00</auditDate><auditID>ADMIN</auditID><auditStatus>A</auditStatus></auditModel><standardChoiceName>COST_ACCOUNT</standardChoiceName><standardChoiceValueI18NModels/><value>Test Account</value></standardChoiceValue></standardChoiceValueModels><type>SystemSwitch</type><valueSize>0</valueSize></costAccountInfo><costFactorInfo refId="4@StandardChoiceModel"><name>COST_FACTOR</name><serviceProviderCode>BPTDEV</serviceProviderCode><auditModel><auditDate>2013-05-16T12:11:17-06:00</auditDate><auditID>1</auditID><auditStatus>A</auditStatus></auditModel><standardChoiceValueModels><standardChoiceValue refId="5@StandardChoiceValueModel"><sequenceNBR>104592590</sequenceNBR><serviceProviderCode>BPTDEV</serviceProviderCode><auditModel><auditDate>2013-05-16T12:12:56-06:00</auditDate><auditID>ADMIN</auditID><auditStatus>A</auditStatus></auditModel><description>2 - Double time</description><standardChoiceName>COST_FACTOR</standardChoiceName><standardChoiceValueI18NModels/><value>2</value></standardChoiceValue><standardChoiceValue refId="6@StandardChoiceValueModel"><sequenceNBR>104592588</sequenceNBR><serviceProviderCode>BPTDEV</serviceProviderCode><auditModel><auditDate>2013-05-16T12:12:01-06:00</auditDate><auditID>ADMIN</auditID><auditStatus>A</auditStatus></auditModel><description>1 - Regular</description><standardChoiceName>COST_FACTOR</standardChoiceName><standardChoiceValueI18NModels/><value>1</value></standardChoiceValue><standardChoiceValue refId="7@StandardChoiceValueModel"><sequenceNBR>104592589</sequenceNBR><serviceProviderCode>BPTDEV</serviceProviderCode><auditModel><auditDate>2013-05-16T12:12:37-06:00</auditDate><auditID>ADMIN</auditID><auditStatus>A</auditStatus></auditModel><description>1.5 Time and a half</description><standardChoiceName>COST_FACTOR</standardChoiceName><standardChoiceValueI18NModels/><value>1.5</value></standardChoiceValue></standardChoiceValueModels><type>SystemSwitch</type><valueSize>0</valueSize></costFactorInfo><costItemPermissionModels/><costRates><costRate><rateSeq>6</rateSeq><serviceProviderCode>BPTDEV</serviceProviderCode><auditModel><auditDate>2014-02-25T14:38:47-07:00</auditDate><auditID>ADMIN</auditID><auditStatus>A</auditStatus></auditModel><costFactor>1.0</costFactor><costItem>Snake Cable</costItem><costType>Equipment</costType><unitCost>25.0</unitCost></costRate></costRates><costTypeInfo refId="8@StandardChoiceModel"><name>COST_TYPE</name><serviceProviderCode>BPTDEV</serviceProviderCode><auditModel><auditDate>2013-05-16T12:15:42-06:00</auditDate><auditID>1</auditID><auditStatus>A</auditStatus></auditModel><standardChoiceValueModels><standardChoiceValue refId="9@StandardChoiceValueModel"><sequenceNBR>104592593</sequenceNBR><serviceProviderCode>BPTDEV</serviceProviderCode><auditModel><auditDate>2013-05-16T12:16:08-06:00</auditDate><auditID>ADMIN</auditID><auditStatus>A</auditStatus></auditModel><standardChoiceName>COST_TYPE</standardChoiceName><standardChoiceValueI18NModels/><value>Contractor</value></standardChoiceValue><standardChoiceValue refId="10@StandardChoiceValueModel"><sequenceNBR>104592594</sequenceNBR><serviceProviderCode>BPTDEV</serviceProviderCode><auditModel><auditDate>2013-05-16T12:16:21-06:00</auditDate><auditID>ADMIN</auditID><auditStatus>A</auditStatus></auditModel><standardChoiceName>COST_TYPE</standardChoiceName><standardChoiceValueI18NModels/><value>Equipment</value></standardChoiceValue><standardChoiceValue refId="11@StandardChoiceValueModel"><sequenceNBR>104592595</sequenceNBR><serviceProviderCode>BPTDEV</serviceProviderCode><auditModel><auditDate>2013-05-16T12:16:33-06:00</auditDate><auditID>ADMIN</auditID><auditStatus>A</auditStatus></auditModel><standardChoiceName>COST_TYPE</standardChoiceName><standardChoiceValueI18NModels/><value>Labor</value></standardChoiceValue><standardChoiceValue refId="12@StandardChoiceValueModel"><sequenceNBR>104592596</sequenceNBR><serviceProviderCode>BPTDEV</serviceProviderCode><auditModel><auditDate>2013-05-16T12:16:45-06:00</auditDate><auditID>ADMIN</auditID><auditStatus>A</auditStatus></auditModel><standardChoiceName>COST_TYPE</standardChoiceName><standardChoiceValueI18NModels/><value>Material</value></standardChoiceValue><standardChoiceValue refId="13@StandardChoiceValueModel"><sequenceNBR>104592597</sequenceNBR><serviceProviderCode>BPTDEV</serviceProviderCode><auditModel><auditDate>2013-05-16T12:16:55-06:00</auditDate><auditID>ADMIN</auditID><auditStatus>A</auditStatus></auditModel><standardChoiceName>COST_TYPE</standardChoiceName><standardChoiceValueI18NModels/><value>Vehicle</value></standardChoiceValue></standardChoiceValueModels><type>SystemSwitch</type><valueSize>0</valueSize></costTypeInfo><costUnitTypeInfo refId="14@StandardChoiceModel"><name>COST_UNIT_TYPE</name><serviceProviderCode>BPTDEV</serviceProviderCode><auditModel><auditDate>2013-05-16T12:18:46-06:00</auditDate><auditID>1</auditID><auditStatus>A</auditStatus></auditModel><standardChoiceValueModels><standardChoiceValue refId="15@StandardChoiceValueModel"><sequenceNBR>104592598</sequenceNBR><serviceProviderCode>BPTDEV</serviceProviderCode><auditModel><auditDate>2013-05-16T12:18:57-06:00</auditDate><auditID>ADMIN</auditID><auditStatus>A</auditStatus></auditModel><standardChoiceName>COST_UNIT_TYPE</standardChoiceName><standardChoiceValueI18NModels/><value>Each</value></standardChoiceValue><standardChoiceValue refId="16@StandardChoiceValueModel"><sequenceNBR>104592599</sequenceNBR><serviceProviderCode>BPTDEV</serviceProviderCode><auditModel><auditDate>2013-05-16T12:19:07-06:00</auditDate><auditID>ADMIN</auditID><auditStatus>A</auditStatus></auditModel><standardChoiceName>COST_UNIT_TYPE</standardChoiceName><standardChoiceValueI18NModels/><value>Hour</value></standardChoiceValue><standardChoiceValue refId="17@StandardChoiceValueModel"><sequenceNBR>104592600</sequenceNBR><serviceProviderCode>BPTDEV</serviceProviderCode><auditModel><auditDate>2013-05-16T12:19:16-06:00</auditDate><auditID>ADMIN</auditID><auditStatus>A</auditStatus></auditModel><standardChoiceName>COST_UNIT_TYPE</standardChoiceName><standardChoiceValueI18NModels/><value>Mile</value></standardChoiceValue></standardChoiceValueModels><type>SystemSwitch</type><valueSize>0</valueSize></costUnitTypeInfo><factor>0.0</factor><costItemI18Ns/><subGroup>Crew A</subGroup><typeItem>null/null</typeItem><unitType>Each</unitType></costItem>
<costItem refId="1@CostItemModel"><costItem>Max Benson</costItem><costType>Labor</costType><serviceProviderCode>BPTDEV</serviceProviderCode><auditModel><auditDate>2014-02-25T14:31:18-07:00</auditDate><auditID>ADMIN</auditID><auditStatus>A</auditStatus></auditModel><costAccountInfo refId="2@StandardChoiceModel"><name>COST_ACCOUNT</name><serviceProviderCode>BPTDEV</serviceProviderCode><auditModel><auditDate>2013-05-16T12:05:51-06:00</auditDate><auditID>1</auditID><auditStatus>A</auditStatus></auditModel><standardChoiceValueModels><standardChoiceValue refId="3@StandardChoiceValueModel"><sequenceNBR>104592587</sequenceNBR><serviceProviderCode>BPTDEV</serviceProviderCode><auditModel><auditDate>2013-05-16T12:06:07-06:00</auditDate><auditID>ADMIN</auditID><auditStatus>A</auditStatus></auditModel><standardChoiceName>COST_ACCOUNT</standardChoiceName><standardChoiceValueI18NModels/><value>Test Account</value></standardChoiceValue></standardChoiceValueModels><type>SystemSwitch</type><valueSize>0</valueSize></costAccountInfo><costFactorInfo refId="4@StandardChoiceModel"><name>COST_FACTOR</name><serviceProviderCode>BPTDEV</serviceProviderCode><auditModel><auditDate>2013-05-16T12:11:17-06:00</auditDate><auditID>1</auditID><auditStatus>A</auditStatus></auditModel><standardChoiceValueModels><standardChoiceValue refId="5@StandardChoiceValueModel"><sequenceNBR>104592590</sequenceNBR><serviceProviderCode>BPTDEV</serviceProviderCode><auditModel><auditDate>2013-05-16T12:12:56-06:00</auditDate><auditID>ADMIN</auditID><auditStatus>A</auditStatus></auditModel><description>2 - Double time</description><standardChoiceName>COST_FACTOR</standardChoiceName><standardChoiceValueI18NModels/><value>2</value></standardChoiceValue><standardChoiceValue refId="6@StandardChoiceValueModel"><sequenceNBR>104592588</sequenceNBR><serviceProviderCode>BPTDEV</serviceProviderCode><auditModel><auditDate>2013-05-16T12:12:01-06:00</auditDate><auditID>ADMIN</auditID><auditStatus>A</auditStatus></auditModel><description>1 - Regular</description><standardChoiceName>COST_FACTOR</standardChoiceName><standardChoiceValueI18NModels/><value>1</value></standardChoiceValue><standardChoiceValue refId="7@StandardChoiceValueModel"><sequenceNBR>104592589</sequenceNBR><serviceProviderCode>BPTDEV</serviceProviderCode><auditModel><auditDate>2013-05-16T12:12:37-06:00</auditDate><auditID>ADMIN</auditID><auditStatus>A</auditStatus></auditModel><description>1.5 Time and a half</description><standardChoiceName>COST_FACTOR</standardChoiceName><standardChoiceValueI18NModels/><value>1.5</value></standardChoiceValue></standardChoiceValueModels><type>SystemSwitch</type><valueSize>0</valueSize></costFactorInfo><costItemPermissionModels/><costRates><costRate><rateSeq>4</rateSeq><serviceProviderCode>BPTDEV</serviceProviderCode><auditModel><auditDate>2014-02-25T14:31:34-07:00</auditDate><auditID>ADMIN</auditID><auditStatus>A</auditStatus></auditModel><costFactor>1.0</costFactor><costItem>Max Benson</costItem><costType>Labor</costType><unitCost>17.0</unitCost></costRate></costRates><costTypeInfo refId="8@StandardChoiceModel"><name>COST_TYPE</name><serviceProviderCode>BPTDEV</serviceProviderCode><auditModel><auditDate>2013-05-16T12:15:42-06:00</auditDate><auditID>1</auditID><auditStatus>A</auditStatus></auditModel><standardChoiceValueModels><standardChoiceValue refId="9@StandardChoiceValueModel"><sequenceNBR>104592593</sequenceNBR><serviceProviderCode>BPTDEV</serviceProviderCode><auditModel><auditDate>2013-05-16T12:16:08-06:00</auditDate><auditID>ADMIN</auditID><auditStatus>A</auditStatus></auditModel><standardChoiceName>COST_TYPE</standardChoiceName><standardChoiceValueI18NModels/><value>Contractor</value></standardChoiceValue><standardChoiceValue refId="10@StandardChoiceValueModel"><sequenceNBR>104592594</sequenceNBR><serviceProviderCode>BPTDEV</serviceProviderCode><auditModel><auditDate>2013-05-16T12:16:21-06:00</auditDate><auditID>ADMIN</auditID><auditStatus>A</auditStatus></auditModel><standardChoiceName>COST_TYPE</standardChoiceName><standardChoiceValueI18NModels/><value>Equipment</value></standardChoiceValue><standardChoiceValue refId="11@StandardChoiceValueModel"><sequenceNBR>104592595</sequenceNBR><serviceProviderCode>BPTDEV</serviceProviderCode><auditModel><auditDate>2013-05-16T12:16:33-06:00</auditDate><auditID>ADMIN</auditID><auditStatus>A</auditStatus></auditModel><standardChoiceName>COST_TYPE</standardChoiceName><standardChoiceValueI18NModels/><value>Labor</value></standardChoiceValue><standardChoiceValue refId="12@StandardChoiceValueModel"><sequenceNBR>104592596</sequenceNBR><serviceProviderCode>BPTDEV</serviceProviderCode><auditModel><auditDate>2013-05-16T12:16:45-06:00</auditDate><auditID>ADMIN</auditID><auditStatus>A</auditStatus></auditModel><standardChoiceName>COST_TYPE</standardChoiceName><standardChoiceValueI18NModels/><value>Material</value></standardChoiceValue><standardChoiceValue refId="13@StandardChoiceValueModel"><sequenceNBR>104592597</sequenceNBR><serviceProviderCode>BPTDEV</serviceProviderCode><auditModel><auditDate>2013-05-16T12:16:55-06:00</auditDate><auditID>ADMIN</auditID><auditStatus>A</auditStatus></auditModel><standardChoiceName>COST_TYPE</standardChoiceName><standardChoiceValueI18NModels/><value>Vehicle</value></standardChoiceValue></standardChoiceValueModels><type>SystemSwitch</type><valueSize>0</valueSize></costTypeInfo><costUnitTypeInfo refId="14@StandardChoiceModel"><name>COST_UNIT_TYPE</name><serviceProviderCode>BPTDEV</serviceProviderCode><auditModel><auditDate>2013-05-16T12:18:46-06:00</auditDate><auditID>1</auditID><auditStatus>A</auditStatus></auditModel><standardChoiceValueModels><standardChoiceValue refId="15@StandardChoiceValueModel"><sequenceNBR>104592598</sequenceNBR><serviceProviderCode>BPTDEV</serviceProviderCode><auditModel><auditDate>2013-05-16T12:18:57-06:00</auditDate><auditID>ADMIN</auditID><auditStatus>A</auditStatus></auditModel><standardChoiceName>COST_UNIT_TYPE</standardChoiceName><standardChoiceValueI18NModels/><value>Each</value></standardChoiceValue><standardChoiceValue refId="16@StandardChoiceValueModel"><sequenceNBR>104592599</sequenceNBR><serviceProviderCode>BPTDEV</serviceProviderCode><auditModel><auditDate>2013-05-16T12:19:07-06:00</auditDate><auditID>ADMIN</auditID><auditStatus>A</auditStatus></auditModel><standardChoiceName>COST_UNIT_TYPE</standardChoiceName><standardChoiceValueI18NModels/><value>Hour</value></standardChoiceValue><standardChoiceValue refId="17@StandardChoiceValueModel"><sequenceNBR>104592600</sequenceNBR><serviceProviderCode>BPTDEV</serviceProviderCode><auditModel><auditDate>2013-05-16T12:19:16-06:00</auditDate><auditID>ADMIN</auditID><auditStatus>A</auditStatus></auditModel><standardChoiceName>COST_UNIT_TYPE</standardChoiceName><standardChoiceValueI18NModels/><value>Mile</value></standardChoiceValue></standardChoiceValueModels><type>SystemSwitch</type><valueSize>0</valueSize></costUnitTypeInfo><factor>0.0</factor><costItemI18Ns/><subGroup>Crew A</subGroup><typeItem>null/null</typeItem><unitType>Hour</unitType></costItem>
<costItem refId="1@CostItemModel"><costItem>Sam Brooke</costItem><costType>Labor</costType><serviceProviderCode>BPTDEV</serviceProviderCode><auditModel><auditDate>2014-02-25T14:41:58-07:00</auditDate><auditID>ADMIN</auditID><auditStatus>A</auditStatus></auditModel><costAccountInfo refId="2@StandardChoiceModel"><name>COST_ACCOUNT</name><serviceProviderCode>BPTDEV</serviceProviderCode><auditModel><auditDate>2013-05-16T12:05:51-06:00</auditDate><auditID>1</auditID><auditStatus>A</auditStatus></auditModel><standardChoiceValueModels><standardChoiceValue refId="3@StandardChoiceValueModel"><sequenceNBR>104592587</sequenceNBR><serviceProviderCode>BPTDEV</serviceProviderCode><auditModel><auditDate>2013-05-16T12:06:07-06:00</auditDate><auditID>ADMIN</auditID><auditStatus>A</auditStatus></auditModel><standardChoiceName>COST_ACCOUNT</standardChoiceName><standardChoiceValueI18NModels/><value>Test Account</value></standardChoiceValue></standardChoiceValueModels><type>SystemSwitch</type><valueSize>0</valueSize></costAccountInfo><costFactorInfo refId="4@StandardChoiceModel"><name>COST_FACTOR</name><serviceProviderCode>BPTDEV</serviceProviderCode><auditModel><auditDate>2013-05-16T12:11:17-06:00</auditDate><auditID>1</auditID><auditStatus>A</auditStatus></auditModel><standardChoiceValueModels><standardChoiceValue refId="5@StandardChoiceValueModel"><sequenceNBR>104592590</sequenceNBR><serviceProviderCode>BPTDEV</serviceProviderCode><auditModel><auditDate>2013-05-16T12:12:56-06:00</auditDate><auditID>ADMIN</auditID><auditStatus>A</auditStatus></auditModel><description>2 - Double time</description><standardChoiceName>COST_FACTOR</standardChoiceName><standardChoiceValueI18NModels/><value>2</value></standardChoiceValue><standardChoiceValue refId="6@StandardChoiceValueModel"><sequenceNBR>104592588</sequenceNBR><serviceProviderCode>BPTDEV</serviceProviderCode><auditModel><auditDate>2013-05-16T12:12:01-06:00</auditDate><auditID>ADMIN</auditID><auditStatus>A</auditStatus></auditModel><description>1 - Regular</description><standardChoiceName>COST_FACTOR</standardChoiceName><standardChoiceValueI18NModels/><value>1</value></standardChoiceValue><standardChoiceValue refId="7@StandardChoiceValueModel"><sequenceNBR>104592589</sequenceNBR><serviceProviderCode>BPTDEV</serviceProviderCode><auditModel><auditDate>2013-05-16T12:12:37-06:00</auditDate><auditID>ADMIN</auditID><auditStatus>A</auditStatus></auditModel><description>1.5 Time and a half</description><standardChoiceName>COST_FACTOR</standardChoiceName><standardChoiceValueI18NModels/><value>1.5</value></standardChoiceValue></standardChoiceValueModels><type>SystemSwitch</type><valueSize>0</valueSize></costFactorInfo><costItemPermissionModels/><costRates><costRate><rateSeq>2</rateSeq><serviceProviderCode>BPTDEV</serviceProviderCode><auditModel><auditDate>2014-02-25T14:29:27-07:00</auditDate><auditID>ADMIN</auditID><auditStatus>A</auditStatus></auditModel><costFactor>1.0</costFactor><costItem>Sam Brooke</costItem><costType>Labor</costType><unitCost>15.0</unitCost></costRate></costRates><costTypeInfo refId="8@StandardChoiceModel"><name>COST_TYPE</name><serviceProviderCode>BPTDEV</serviceProviderCode><auditModel><auditDate>2013-05-16T12:15:42-06:00</auditDate><auditID>1</auditID><auditStatus>A</auditStatus></auditModel><standardChoiceValueModels><standardChoiceValue refId="9@StandardChoiceValueModel"><sequenceNBR>104592593</sequenceNBR><serviceProviderCode>BPTDEV</serviceProviderCode><auditModel><auditDate>2013-05-16T12:16:08-06:00</auditDate><auditID>ADMIN</auditID><auditStatus>A</auditStatus></auditModel><standardChoiceName>COST_TYPE</standardChoiceName><standardChoiceValueI18NModels/><value>Contractor</value></standardChoiceValue><standardChoiceValue refId="10@StandardChoiceValueModel"><sequenceNBR>104592594</sequenceNBR><serviceProviderCode>BPTDEV</serviceProviderCode><auditModel><auditDate>2013-05-16T12:16:21-06:00</auditDate><auditID>ADMIN</auditID><auditStatus>A</auditStatus></auditModel><standardChoiceName>COST_TYPE</standardChoiceName><standardChoiceValueI18NModels/><value>Equipment</value></standardChoiceValue><standardChoiceValue refId="11@StandardChoiceValueModel"><sequenceNBR>104592595</sequenceNBR><serviceProviderCode>BPTDEV</serviceProviderCode><auditModel><auditDate>2013-05-16T12:16:33-06:00</auditDate><auditID>ADMIN</auditID><auditStatus>A</auditStatus></auditModel><standardChoiceName>COST_TYPE</standardChoiceName><standardChoiceValueI18NModels/><value>Labor</value></standardChoiceValue><standardChoiceValue refId="12@StandardChoiceValueModel"><sequenceNBR>104592596</sequenceNBR><serviceProviderCode>BPTDEV</serviceProviderCode><auditModel><auditDate>2013-05-16T12:16:45-06:00</auditDate><auditID>ADMIN</auditID><auditStatus>A</auditStatus></auditModel><standardChoiceName>COST_TYPE</standardChoiceName><standardChoiceValueI18NModels/><value>Material</value></standardChoiceValue><standardChoiceValue refId="13@StandardChoiceValueModel"><sequenceNBR>104592597</sequenceNBR><serviceProviderCode>BPTDEV</serviceProviderCode><auditModel><auditDate>2013-05-16T12:16:55-06:00</auditDate><auditID>ADMIN</auditID><auditStatus>A</auditStatus></auditModel><standardChoiceName>COST_TYPE</standardChoiceName><standardChoiceValueI18NModels/><value>Vehicle</value></standardChoiceValue></standardChoiceValueModels><type>SystemSwitch</type><valueSize>0</valueSize></costTypeInfo><costUnitTypeInfo refId="14@StandardChoiceModel"><name>COST_UNIT_TYPE</name><serviceProviderCode>BPTDEV</serviceProviderCode><auditModel><auditDate>2013-05-16T12:18:46-06:00</auditDate><auditID>1</auditID><auditStatus>A</auditStatus></auditModel><standardChoiceValueModels><standardChoiceValue refId="15@StandardChoiceValueModel"><sequenceNBR>104592598</sequenceNBR><serviceProviderCode>BPTDEV</serviceProviderCode><auditModel><auditDate>2013-05-16T12:18:57-06:00</auditDate><auditID>ADMIN</auditID><auditStatus>A</auditStatus></auditModel><standardChoiceName>COST_UNIT_TYPE</standardChoiceName><standardChoiceValueI18NModels/><value>Each</value></standardChoiceValue><standardChoiceValue refId="16@StandardChoiceValueModel"><sequenceNBR>104592599</sequenceNBR><serviceProviderCode>BPTDEV</serviceProviderCode><auditModel><auditDate>2013-05-16T12:19:07-06:00</auditDate><auditID>ADMIN</auditID><auditStatus>A</auditStatus></auditModel><standardChoiceName>COST_UNIT_TYPE</standardChoiceName><standardChoiceValueI18NModels/><value>Hour</value></standardChoiceValue><standardChoiceValue refId="17@StandardChoiceValueModel"><sequenceNBR>104592600</sequenceNBR><serviceProviderCode>BPTDEV</serviceProviderCode><auditModel><auditDate>2013-05-16T12:19:16-06:00</auditDate><auditID>ADMIN</auditID><auditStatus>A</auditStatus></auditModel><standardChoiceName>COST_UNIT_TYPE</standardChoiceName><standardChoiceValueI18NModels/><value>Mile</value></standardChoiceValue></standardChoiceValueModels><type>SystemSwitch</type><valueSize>0</valueSize></costUnitTypeInfo><factor>1.0</factor><costItemI18Ns/><subGroup>Crew B</subGroup><typeItem>null/null</typeItem><unitCost>15.0</unitCost><unitType>Hour</unitType></costItem>
<costItem refId="1@CostItemModel"><costItem>Wayne Jenkins</costItem><costType>Labor</costType><serviceProviderCode>BPTDEV</serviceProviderCode><auditModel><auditDate>2014-02-25T14:30:12-07:00</auditDate><auditID>ADMIN</auditID><auditStatus>A</auditStatus></auditModel><costAccountInfo refId="2@StandardChoiceModel"><name>COST_ACCOUNT</name><serviceProviderCode>BPTDEV</serviceProviderCode><auditModel><auditDate>2013-05-16T12:05:51-06:00</auditDate><auditID>1</auditID><auditStatus>A</auditStatus></auditModel><standardChoiceValueModels><standardChoiceValue refId="3@StandardChoiceValueModel"><sequenceNBR>104592587</sequenceNBR><serviceProviderCode>BPTDEV</serviceProviderCode><auditModel><auditDate>2013-05-16T12:06:07-06:00</auditDate><auditID>ADMIN</auditID><auditStatus>A</auditStatus></auditModel><standardChoiceName>COST_ACCOUNT</standardChoiceName><standardChoiceValueI18NModels/><value>Test Account</value></standardChoiceValue></standardChoiceValueModels><type>SystemSwitch</type><valueSize>0</valueSize></costAccountInfo><costFactorInfo refId="4@StandardChoiceModel"><name>COST_FACTOR</name><serviceProviderCode>BPTDEV</serviceProviderCode><auditModel><auditDate>2013-05-16T12:11:17-06:00</auditDate><auditID>1</auditID><auditStatus>A</auditStatus></auditModel><standardChoiceValueModels><standardChoiceValue refId="5@StandardChoiceValueModel"><sequenceNBR>104592590</sequenceNBR><serviceProviderCode>BPTDEV</serviceProviderCode><auditModel><auditDate>2013-05-16T12:12:56-06:00</auditDate><auditID>ADMIN</auditID><auditStatus>A</auditStatus></auditModel><description>2 - Double time</description><standardChoiceName>COST_FACTOR</standardChoiceName><standardChoiceValueI18NModels/><value>2</value></standardChoiceValue><standardChoiceValue refId="6@StandardChoiceValueModel"><sequenceNBR>104592588</sequenceNBR><serviceProviderCode>BPTDEV</serviceProviderCode><auditModel><auditDate>2013-05-16T12:12:01-06:00</auditDate><auditID>ADMIN</auditID><auditStatus>A</auditStatus></auditModel><description>1 - Regular</description><standardChoiceName>COST_FACTOR</standardChoiceName><standardChoiceValueI18NModels/><value>1</value></standardChoiceValue><standardChoiceValue refId="7@StandardChoiceValueModel"><sequenceNBR>104592589</sequenceNBR><serviceProviderCode>BPTDEV</serviceProviderCode><auditModel><auditDate>2013-05-16T12:12:37-06:00</auditDate><auditID>ADMIN</auditID><auditStatus>A</auditStatus></auditModel><description>1.5 Time and a half</description><standardChoiceName>COST_FACTOR</standardChoiceName><standardChoiceValueI18NModels/><value>1.5</value></standardChoiceValue></standardChoiceValueModels><type>SystemSwitch</type><valueSize>0</valueSize></costFactorInfo><costItemPermissionModels/><costRates><costRate><rateSeq>3</rateSeq><serviceProviderCode>BPTDEV</serviceProviderCode><auditModel><auditDate>2014-02-25T14:30:31-07:00</auditDate><auditID>ADMIN</auditID><auditStatus>A</auditStatus></auditModel><costFactor>1.0</costFactor><costItem>Wayne Jenkins</costItem><costType>Labor</costType><unitCost>18.0</unitCost></costRate></costRates><costTypeInfo refId="8@StandardChoiceModel"><name>COST_TYPE</name><serviceProviderCode>BPTDEV</serviceProviderCode><auditModel><auditDate>2013-05-16T12:15:42-06:00</auditDate><auditID>1</auditID><auditStatus>A</auditStatus></auditModel><standardChoiceValueModels><standardChoiceValue refId="9@StandardChoiceValueModel"><sequenceNBR>104592593</sequenceNBR><serviceProviderCode>BPTDEV</serviceProviderCode><auditModel><auditDate>2013-05-16T12:16:08-06:00</auditDate><auditID>ADMIN</auditID><auditStatus>A</auditStatus></auditModel><standardChoiceName>COST_TYPE</standardChoiceName><standardChoiceValueI18NModels/><value>Contractor</value></standardChoiceValue><standardChoiceValue refId="10@StandardChoiceValueModel"><sequenceNBR>104592594</sequenceNBR><serviceProviderCode>BPTDEV</serviceProviderCode><auditModel><auditDate>2013-05-16T12:16:21-06:00</auditDate><auditID>ADMIN</auditID><auditStatus>A</auditStatus></auditModel><standardChoiceName>COST_TYPE</standardChoiceName><standardChoiceValueI18NModels/><value>Equipment</value></standardChoiceValue><standardChoiceValue refId="11@StandardChoiceValueModel"><sequenceNBR>104592595</sequenceNBR><serviceProviderCode>BPTDEV</serviceProviderCode><auditModel><auditDate>2013-05-16T12:16:33-06:00</auditDate><auditID>ADMIN</auditID><auditStatus>A</auditStatus></auditModel><standardChoiceName>COST_TYPE</standardChoiceName><standardChoiceValueI18NModels/><value>Labor</value></standardChoiceValue><standardChoiceValue refId="12@StandardChoiceValueModel"><sequenceNBR>104592596</sequenceNBR><serviceProviderCode>BPTDEV</serviceProviderCode><auditModel><auditDate>2013-05-16T12:16:45-06:00</auditDate><auditID>ADMIN</auditID><auditStatus>A</auditStatus></auditModel><standardChoiceName>COST_TYPE</standardChoiceName><standardChoiceValueI18NModels/><value>Material</value></standardChoiceValue><standardChoiceValue refId="13@StandardChoiceValueModel"><sequenceNBR>104592597</sequenceNBR><serviceProviderCode>BPTDEV</serviceProviderCode><auditModel><auditDate>2013-05-16T12:16:55-06:00</auditDate><auditID>ADMIN</auditID><auditStatus>A</auditStatus></auditModel><standardChoiceName>COST_TYPE</standardChoiceName><standardChoiceValueI18NModels/><value>Vehicle</value></standardChoiceValue></standardChoiceValueModels><type>SystemSwitch</type><valueSize>0</valueSize></costTypeInfo><costUnitTypeInfo refId="14@StandardChoiceModel"><name>COST_UNIT_TYPE</name><serviceProviderCode>BPTDEV</serviceProviderCode><auditModel><auditDate>2013-05-16T12:18:46-06:00</auditDate><auditID>1</auditID><auditStatus>A</auditStatus></auditModel><standardChoiceValueModels><standardChoiceValue refId="15@StandardChoiceValueModel"><sequenceNBR>104592598</sequenceNBR><serviceProviderCode>BPTDEV</serviceProviderCode><auditModel><auditDate>2013-05-16T12:18:57-06:00</auditDate><auditID>ADMIN</auditID><auditStatus>A</auditStatus></auditModel><standardChoiceName>COST_UNIT_TYPE</standardChoiceName><standardChoiceValueI18NModels/><value>Each</value></standardChoiceValue><standardChoiceValue refId="16@StandardChoiceValueModel"><sequenceNBR>104592599</sequenceNBR><serviceProviderCode>BPTDEV</serviceProviderCode><auditModel><auditDate>2013-05-16T12:19:07-06:00</auditDate><auditID>ADMIN</auditID><auditStatus>A</auditStatus></auditModel><standardChoiceName>COST_UNIT_TYPE</standardChoiceName><standardChoiceValueI18NModels/><value>Hour</value></standardChoiceValue><standardChoiceValue refId="17@StandardChoiceValueModel"><sequenceNBR>104592600</sequenceNBR><serviceProviderCode>BPTDEV</serviceProviderCode><auditModel><auditDate>2013-05-16T12:19:16-06:00</auditDate><auditID>ADMIN</auditID><auditStatus>A</auditStatus></auditModel><standardChoiceName>COST_UNIT_TYPE</standardChoiceName><standardChoiceValueI18NModels/><value>Mile</value></standardChoiceValue></standardChoiceValueModels><type>SystemSwitch</type><valueSize>0</valueSize></costUnitTypeInfo><factor>0.0</factor><costItemI18Ns/><subGroup>Crew A</subGroup><typeItem>null/null</typeItem><unitType>Hour</unitType></costItem>
<costItem refId="1@CostItemModel"><costItem>Backhoe</costItem><costType>Vehicle</costType><serviceProviderCode>BPTDEV</serviceProviderCode><auditModel><auditDate>2014-02-25T14:40:22-07:00</auditDate><auditID>ADMIN</auditID><auditStatus>A</auditStatus></auditModel><costAccountInfo refId="2@StandardChoiceModel"><name>COST_ACCOUNT</name><serviceProviderCode>BPTDEV</serviceProviderCode><auditModel><auditDate>2013-05-16T12:05:51-06:00</auditDate><auditID>1</auditID><auditStatus>A</auditStatus></auditModel><standardChoiceValueModels><standardChoiceValue refId="3@StandardChoiceValueModel"><sequenceNBR>104592587</sequenceNBR><serviceProviderCode>BPTDEV</serviceProviderCode><auditModel><auditDate>2013-05-16T12:06:07-06:00</auditDate><auditID>ADMIN</auditID><auditStatus>A</auditStatus></auditModel><standardChoiceName>COST_ACCOUNT</standardChoiceName><standardChoiceValueI18NModels/><value>Test Account</value></standardChoiceValue></standardChoiceValueModels><type>SystemSwitch</type><valueSize>0</valueSize></costAccountInfo><costFactorInfo refId="4@StandardChoiceModel"><name>COST_FACTOR</name><serviceProviderCode>BPTDEV</serviceProviderCode><auditModel><auditDate>2013-05-16T12:11:17-06:00</auditDate><auditID>1</auditID><auditStatus>A</auditStatus></auditModel><standardChoiceValueModels><standardChoiceValue refId="5@StandardChoiceValueModel"><sequenceNBR>104592590</sequenceNBR><serviceProviderCode>BPTDEV</serviceProviderCode><auditModel><auditDate>2013-05-16T12:12:56-06:00</auditDate><auditID>ADMIN</auditID><auditStatus>A</auditStatus></auditModel><description>2 - Double time</description><standardChoiceName>COST_FACTOR</standardChoiceName><standardChoiceValueI18NModels/><value>2</value></standardChoiceValue><standardChoiceValue refId="6@StandardChoiceValueModel"><sequenceNBR>104592588</sequenceNBR><serviceProviderCode>BPTDEV</serviceProviderCode><auditModel><auditDate>2013-05-16T12:12:01-06:00</auditDate><auditID>ADMIN</auditID><auditStatus>A</auditStatus></auditModel><description>1 - Regular</description><standardChoiceName>COST_FACTOR</standardChoiceName><standardChoiceValueI18NModels/><value>1</value></standardChoiceValue><standardChoiceValue refId="7@StandardChoiceValueModel"><sequenceNBR>104592589</sequenceNBR><serviceProviderCode>BPTDEV</serviceProviderCode><auditModel><auditDate>2013-05-16T12:12:37-06:00</auditDate><auditID>ADMIN</auditID><auditStatus>A</auditStatus></auditModel><description>1.5 Time and a half</description><standardChoiceName>COST_FACTOR</standardChoiceName><standardChoiceValueI18NModels/><value>1.5</value></standardChoiceValue></standardChoiceValueModels><type>SystemSwitch</type><valueSize>0</valueSize></costFactorInfo><costItemPermissionModels/><costRates><costRate><rateSeq>7</rateSeq><serviceProviderCode>BPTDEV</serviceProviderCode><auditModel><auditDate>2014-02-25T14:40:42-07:00</auditDate><auditID>ADMIN</auditID><auditStatus>A</auditStatus></auditModel><costFactor>1.0</costFactor><costItem>Backhoe</costItem><costType>Vehicle</costType><unitCost>50.0</unitCost></costRate></costRates><costTypeInfo refId="8@StandardChoiceModel"><name>COST_TYPE</name><serviceProviderCode>BPTDEV</serviceProviderCode><auditModel><auditDate>2013-05-16T12:15:42-06:00</auditDate><auditID>1</auditID><auditStatus>A</auditStatus></auditModel><standardChoiceValueModels><standardChoiceValue refId="9@StandardChoiceValueModel"><sequenceNBR>104592593</sequenceNBR><serviceProviderCode>BPTDEV</serviceProviderCode><auditModel><auditDate>2013-05-16T12:16:08-06:00</auditDate><auditID>ADMIN</auditID><auditStatus>A</auditStatus></auditModel><standardChoiceName>COST_TYPE</standardChoiceName><standardChoiceValueI18NModels/><value>Contractor</value></standardChoiceValue><standardChoiceValue refId="10@StandardChoiceValueModel"><sequenceNBR>104592594</sequenceNBR><serviceProviderCode>BPTDEV</serviceProviderCode><auditModel><auditDate>2013-05-16T12:16:21-06:00</auditDate><auditID>ADMIN</auditID><auditStatus>A</auditStatus></auditModel><standardChoiceName>COST_TYPE</standardChoiceName><standardChoiceValueI18NModels/><value>Equipment</value></standardChoiceValue><standardChoiceValue refId="11@StandardChoiceValueModel"><sequenceNBR>104592595</sequenceNBR><serviceProviderCode>BPTDEV</serviceProviderCode><auditModel><auditDate>2013-05-16T12:16:33-06:00</auditDate><auditID>ADMIN</auditID><auditStatus>A</auditStatus></auditModel><standardChoiceName>COST_TYPE</standardChoiceName><standardChoiceValueI18NModels/><value>Labor</value></standardChoiceValue><standardChoiceValue refId="12@StandardChoiceValueModel"><sequenceNBR>104592596</sequenceNBR><serviceProviderCode>BPTDEV</serviceProviderCode><auditModel><auditDate>2013-05-16T12:16:45-06:00</auditDate><auditID>ADMIN</auditID><auditStatus>A</auditStatus></auditModel><standardChoiceName>COST_TYPE</standardChoiceName><standardChoiceValueI18NModels/><value>Material</value></standardChoiceValue><standardChoiceValue refId="13@StandardChoiceValueModel"><sequenceNBR>104592597</sequenceNBR><serviceProviderCode>BPTDEV</serviceProviderCode><auditModel><auditDate>2013-05-16T12:16:55-06:00</auditDate><auditID>ADMIN</auditID><auditStatus>A</auditStatus></auditModel><standardChoiceName>COST_TYPE</standardChoiceName><standardChoiceValueI18NModels/><value>Vehicle</value></standardChoiceValue></standardChoiceValueModels><type>SystemSwitch</type><valueSize>0</valueSize></costTypeInfo><costUnitTypeInfo refId="14@StandardChoiceModel"><name>COST_UNIT_TYPE</name><serviceProviderCode>BPTDEV</serviceProviderCode><auditModel><auditDate>2013-05-16T12:18:46-06:00</auditDate><auditID>1</auditID><auditStatus>A</auditStatus></auditModel><standardChoiceValueModels><standardChoiceValue refId="15@StandardChoiceValueModel"><sequenceNBR>104592598</sequenceNBR><serviceProviderCode>BPTDEV</serviceProviderCode><auditModel><auditDate>2013-05-16T12:18:57-06:00</auditDate><auditID>ADMIN</auditID><auditStatus>A</auditStatus></auditModel><standardChoiceName>COST_UNIT_TYPE</standardChoiceName><standardChoiceValueI18NModels/><value>Each</value></standardChoiceValue><standardChoiceValue refId="16@StandardChoiceValueModel"><sequenceNBR>104592599</sequenceNBR><serviceProviderCode>BPTDEV</serviceProviderCode><auditModel><auditDate>2013-05-16T12:19:07-06:00</auditDate><auditID>ADMIN</auditID><auditStatus>A</auditStatus></auditModel><standardChoiceName>COST_UNIT_TYPE</standardChoiceName><standardChoiceValueI18NModels/><value>Hour</value></standardChoiceValue><standardChoiceValue refId="17@StandardChoiceValueModel"><sequenceNBR>104592600</sequenceNBR><serviceProviderCode>BPTDEV</serviceProviderCode><auditModel><auditDate>2013-05-16T12:19:16-06:00</auditDate><auditID>ADMIN</auditID><auditStatus>A</auditStatus></auditModel><standardChoiceName>COST_UNIT_TYPE</standardChoiceName><standardChoiceValueI18NModels/><value>Mile</value></standardChoiceValue></standardChoiceValueModels><type>SystemSwitch</type><valueSize>0</valueSize></costUnitTypeInfo><factor>0.0</factor><costItemI18Ns/><subGroup>Crew A</subGroup><typeItem>null/null</typeItem><unitType>Each</unitType></costItem>
<costItem refId="1@CostItemModel"><costItem>Lift Truck</costItem><costType>Vehicle</costType><serviceProviderCode>BPTDEV</serviceProviderCode><auditModel><auditDate>2014-02-25T14:41:17-07:00</auditDate><auditID>ADMIN</auditID><auditStatus>A</auditStatus></auditModel><costAccountInfo refId="2@StandardChoiceModel"><name>COST_ACCOUNT</name><serviceProviderCode>BPTDEV</serviceProviderCode><auditModel><auditDate>2013-05-16T12:05:51-06:00</auditDate><auditID>1</auditID><auditStatus>A</auditStatus></auditModel><standardChoiceValueModels><standardChoiceValue refId="3@StandardChoiceValueModel"><sequenceNBR>104592587</sequenceNBR><serviceProviderCode>BPTDEV</serviceProviderCode><auditModel><auditDate>2013-05-16T12:06:07-06:00</auditDate><auditID>ADMIN</auditID><auditStatus>A</auditStatus></auditModel><standardChoiceName>COST_ACCOUNT</standardChoiceName><standardChoiceValueI18NModels/><value>Test Account</value></standardChoiceValue></standardChoiceValueModels><type>SystemSwitch</type><valueSize>0</valueSize></costAccountInfo><costFactorInfo refId="4@StandardChoiceModel"><name>COST_FACTOR</name><serviceProviderCode>BPTDEV</serviceProviderCode><auditModel><auditDate>2013-05-16T12:11:17-06:00</auditDate><auditID>1</auditID><auditStatus>A</auditStatus></auditModel><standardChoiceValueModels><standardChoiceValue refId="5@StandardChoiceValueModel"><sequenceNBR>104592590</sequenceNBR><serviceProviderCode>BPTDEV</serviceProviderCode><auditModel><auditDate>2013-05-16T12:12:56-06:00</auditDate><auditID>ADMIN</auditID><auditStatus>A</auditStatus></auditModel><description>2 - Double time</description><standardChoiceName>COST_FACTOR</standardChoiceName><standardChoiceValueI18NModels/><value>2</value></standardChoiceValue><standardChoiceValue refId="6@StandardChoiceValueModel"><sequenceNBR>104592588</sequenceNBR><serviceProviderCode>BPTDEV</serviceProviderCode><auditModel><auditDate>2013-05-16T12:12:01-06:00</auditDate><auditID>ADMIN</auditID><auditStatus>A</auditStatus></auditModel><description>1 - Regular</description><standardChoiceName>COST_FACTOR</standardChoiceName><standardChoiceValueI18NModels/><value>1</value></standardChoiceValue><standardChoiceValue refId="7@StandardChoiceValueModel"><sequenceNBR>104592589</sequenceNBR><serviceProviderCode>BPTDEV</serviceProviderCode><auditModel><auditDate>2013-05-16T12:12:37-06:00</auditDate><auditID>ADMIN</auditID><auditStatus>A</auditStatus></auditModel><description>1.5 Time and a half</description><standardChoiceName>COST_FACTOR</standardChoiceName><standardChoiceValueI18NModels/><value>1.5</value></standardChoiceValue></standardChoiceValueModels><type>SystemSwitch</type><valueSize>0</valueSize></costFactorInfo><costItemPermissionModels/><costRates><costRate><rateSeq>8</rateSeq><serviceProviderCode>BPTDEV</serviceProviderCode><auditModel><auditDate>2014-02-25T14:41:36-07:00</auditDate><auditID>ADMIN</auditID><auditStatus>A</auditStatus></auditModel><costFactor>1.0</costFactor><costItem>Lift Truck</costItem><costType>Vehicle</costType><unitCost>50.0</unitCost></costRate></costRates><costTypeInfo refId="8@StandardChoiceModel"><name>COST_TYPE</name><serviceProviderCode>BPTDEV</serviceProviderCode><auditModel><auditDate>2013-05-16T12:15:42-06:00</auditDate><auditID>1</auditID><auditStatus>A</auditStatus></auditModel><standardChoiceValueModels><standardChoiceValue refId="9@StandardChoiceValueModel"><sequenceNBR>104592593</sequenceNBR><serviceProviderCode>BPTDEV</serviceProviderCode><auditModel><auditDate>2013-05-16T12:16:08-06:00</auditDate><auditID>ADMIN</auditID><auditStatus>A</auditStatus></auditModel><standardChoiceName>COST_TYPE</standardChoiceName><standardChoiceValueI18NModels/><value>Contractor</value></standardChoiceValue><standardChoiceValue refId="10@StandardChoiceValueModel"><sequenceNBR>104592594</sequenceNBR><serviceProviderCode>BPTDEV</serviceProviderCode><auditModel><auditDate>2013-05-16T12:16:21-06:00</auditDate><auditID>ADMIN</auditID><auditStatus>A</auditStatus></auditModel><standardChoiceName>COST_TYPE</standardChoiceName><standardChoiceValueI18NModels/><value>Equipment</value></standardChoiceValue><standardChoiceValue refId="11@StandardChoiceValueModel"><sequenceNBR>104592595</sequenceNBR><serviceProviderCode>BPTDEV</serviceProviderCode><auditModel><auditDate>2013-05-16T12:16:33-06:00</auditDate><auditID>ADMIN</auditID><auditStatus>A</auditStatus></auditModel><standardChoiceName>COST_TYPE</standardChoiceName><standardChoiceValueI18NModels/><value>Labor</value></standardChoiceValue><standardChoiceValue refId="12@StandardChoiceValueModel"><sequenceNBR>104592596</sequenceNBR><serviceProviderCode>BPTDEV</serviceProviderCode><auditModel><auditDate>2013-05-16T12:16:45-06:00</auditDate><auditID>ADMIN</auditID><auditStatus>A</auditStatus></auditModel><standardChoiceName>COST_TYPE</standardChoiceName><standardChoiceValueI18NModels/><value>Material</value></standardChoiceValue><standardChoiceValue refId="13@StandardChoiceValueModel"><sequenceNBR>104592597</sequenceNBR><serviceProviderCode>BPTDEV</serviceProviderCode><auditModel><auditDate>2013-05-16T12:16:55-06:00</auditDate><auditID>ADMIN</auditID><auditStatus>A</auditStatus></auditModel><standardChoiceName>COST_TYPE</standardChoiceName><standardChoiceValueI18NModels/><value>Vehicle</value></standardChoiceValue></standardChoiceValueModels><type>SystemSwitch</type><valueSize>0</valueSize></costTypeInfo><costUnitTypeInfo refId="14@StandardChoiceModel"><name>COST_UNIT_TYPE</name><serviceProviderCode>BPTDEV</serviceProviderCode><auditModel><auditDate>2013-05-16T12:18:46-06:00</auditDate><auditID>1</auditID><auditStatus>A</auditStatus></auditModel><standardChoiceValueModels><standardChoiceValue refId="15@StandardChoiceValueModel"><sequenceNBR>104592598</sequenceNBR><serviceProviderCode>BPTDEV</serviceProviderCode><auditModel><auditDate>2013-05-16T12:18:57-06:00</auditDate><auditID>ADMIN</auditID><auditStatus>A</auditStatus></auditModel><standardChoiceName>COST_UNIT_TYPE</standardChoiceName><standardChoiceValueI18NModels/><value>Each</value></standardChoiceValue><standardChoiceValue refId="16@StandardChoiceValueModel"><sequenceNBR>104592599</sequenceNBR><serviceProviderCode>BPTDEV</serviceProviderCode><auditModel><auditDate>2013-05-16T12:19:07-06:00</auditDate><auditID>ADMIN</auditID><auditStatus>A</auditStatus></auditModel><standardChoiceName>COST_UNIT_TYPE</standardChoiceName><standardChoiceValueI18NModels/><value>Hour</value></standardChoiceValue><standardChoiceValue refId="17@StandardChoiceValueModel"><sequenceNBR>104592600</sequenceNBR><serviceProviderCode>BPTDEV</serviceProviderCode><auditModel><auditDate>2013-05-16T12:19:16-06:00</auditDate><auditID>ADMIN</auditID><auditStatus>A</auditStatus></auditModel><standardChoiceName>COST_UNIT_TYPE</standardChoiceName><standardChoiceValueI18NModels/><value>Mile</value></standardChoiceValue></standardChoiceValueModels><type>SystemSwitch</type><valueSize>0</valueSize></costUnitTypeInfo><factor>0.0</factor><costItemI18Ns/><subGroup>Crew B</subGroup><typeItem>null/null</typeItem><unitType>Each</unitType></costItem>
</list>