<?xml version="1.0" encoding="UTF-8" standalone="yes"?>
<list  version="8.0.0" minorVersion="15" exportUser="ADMIN" exportDateTime="03/30/2016 09:45 PM" description="null"><snoteContents><contentsCode>PLN_ADDL_INFO_REQ</contentsCode><serviceProviderCode>BPTDEV</serviceProviderCode><contentsBody>Your planning application $PERMITID$ has been received and determined to require additional information. You can review details and track the progress of your application online.&#xD;
&#xD;
Comment:  $TASKCOMMENTS$&#xD;
Address:  $PERMITADDR$&#xD;
Description:  $PERMITWRKDESC$&#xD;
&#xD;
</contentsBody><contentsSubject>Planning Application $PERMITID$ - Additional Information Required</contentsSubject><contentsType>PLN_ADDL_INFO_REQ</contentsType><recDate>2014-05-20T10:14:13-06:00</recDate><recFulNam>ADMIN</recFulNam><recStatus>A</recStatus><refEmailMessageI18NModels/></snoteContents>
<snoteContents><contentsCode>PLN_ACCEPTED</contentsCode><serviceProviderCode>BPTDEV</serviceProviderCode><contentsBody>Your application $PERMITID$ has been received and accepted for review.  You can track the progress of your application online. &#xD;
&#xD;
Comment:  $TASKCOMMENTS$&#xD;
Address:  $PERMITADDR$&#xD;
Description:  $PERMITWRKDESC$</contentsBody><contentsSubject>Your application $PERMITID$ has been accepted for review</contentsSubject><contentsType>PLN_ACCEPTED</contentsType><recDate>2015-10-29T16:51:25-06:00</recDate><recFulNam>ADMIN</recFulNam><recStatus>A</recStatus><refEmailMessageI18NModels/></snoteContents>
<snoteContents><contentsCode>PLN_REVISIONS</contentsCode><serviceProviderCode>BPTDEV</serviceProviderCode><contentsBody>Your plans related to planning application $PERMITID$ have been returned for revisions.  You can review comments online.&#xD;
&#xD;
Comment:  $TASKCOMMENTS$&#xD;
Address:  $PERMITADDR$&#xD;
Description:  $PERMITWRKDESC$&#xD;
</contentsBody><contentsSubject>Application $PERMITID$ - Revisions required</contentsSubject><contentsType>PLN_REVISIONS</contentsType><recDate>2015-10-29T16:52:31-06:00</recDate><recFulNam>ADMIN</recFulNam><recStatus>A</recStatus><refEmailMessageI18NModels/></snoteContents>
<snoteContents><contentsCode>PLN_HEARING</contentsCode><serviceProviderCode>BPTDEV</serviceProviderCode><contentsBody>This is to notify you that the hearing for your application $PERMITID$ has been scheduled.  You can view additional information online. &#xD;
&#xD;
Comment:  $TASKCOMMENTS$&#xD;
Address:  $PERMITADDR$&#xD;
Description:  $PERMITWRKDESC$</contentsBody><contentsSubject>Your application $PERMITID$ has been scheduled for hearing</contentsSubject><contentsType>PLN_HEARING</contentsType><recDate>2015-10-29T16:52:20-06:00</recDate><recFulNam>ADMIN</recFulNam><recStatus>A</recStatus><refEmailMessageI18NModels/></snoteContents>
<snoteContents><contentsCode>PLN_APPROVED</contentsCode><serviceProviderCode>BPTDEV</serviceProviderCode><contentsBody>Your planning application $PERMITID$ has been approved.  You can view the status of your application online. &#xD;
&#xD;
Comment:  $TASKCOMMENTS$&#xD;
Address:  $PERMITADDR$&#xD;
Description:  $PERMITWRKDESC$&#xD;
</contentsBody><contentsSubject>Your application $PERMITID$ has been approved</contentsSubject><contentsType>PLN_APPROVED</contentsType><recDate>2015-10-29T16:51:55-06:00</recDate><recFulNam>ADMIN</recFulNam><recStatus>A</recStatus><refEmailMessageI18NModels/></snoteContents>
<snoteContents><contentsCode>PLN_DENIED</contentsCode><serviceProviderCode>BPTDEV</serviceProviderCode><contentsBody>Your planning application $PERMITID$ has been denied.  You can view the status of your application online. &#xD;
&#xD;
Comment:  $TASKCOMMENTS$&#xD;
Address:  $PERMITADDR$&#xD;
Description:  $PERMITWRKDESC$&#xD;
</contentsBody><contentsSubject>Your application $PERMITID$ has been denied</contentsSubject><contentsType>PLN_DENIED</contentsType><recDate>2015-10-29T16:52:08-06:00</recDate><recFulNam>ADMIN</recFulNam><recStatus>A</recStatus><refEmailMessageI18NModels/></snoteContents>
<snoteContents><contentsCode>PLN_APPEALED</contentsCode><serviceProviderCode>BPTDEV</serviceProviderCode><contentsBody>The decision for your planning application $PERMITID$ has been appealed.  You can view detailed information online. &#xD;
&#xD;
Comment:  $TASKCOMMENTS$&#xD;
Address:  $PERMITADDR$&#xD;
Description:  $PERMITWRKDESC$&#xD;
</contentsBody><contentsSubject>Planning case $PERMITID$ has been appealed</contentsSubject><contentsType>PLN_APPEALED</contentsType><recDate>2014-05-28T14:49:51-06:00</recDate><recFulNam>ADMIN</recFulNam><recStatus>A</recStatus><refEmailMessageI18NModels/></snoteContents>
</list>