<?xml version="1.0" encoding="UTF-8" standalone="yes"?>
<list  version="8.0.0" minorVersion="15" exportUser="ADMIN" exportDateTime="03/30/2016 09:45 PM" description="null"><mask><name>Default</name><serviceProviderCode>BPTDEV</serviceProviderCode><type>Cap Key</type><auditModel><auditDate>2014-03-20T13:46:14-06:00</auditDate><auditID>SYSTEM</auditID><auditStatus>A</auditStatus></auditModel><description>Default Cap Key Mask</description><maxLength>17</maxLength><minLength>17</minLength><pattern>REC$$yy$$-00000-$$SEQ05$$</pattern><radixValue>36</radixValue><seqName>Default</seqName></mask>
<mask><name>Planning/Application/Conditional Use</name><serviceProviderCode>BPTDEV</serviceProviderCode><type>Cap ID</type><auditModel><auditDate>2012-01-22T14:04:44-07:00</auditDate><auditID>SYSTEM</auditID><auditStatus>A</auditStatus></auditModel><description> </description><maxLength>30</maxLength><minLength>1</minLength><pattern>PLN$$yy$$-$$SEQ05$$</pattern><radixValue>10</radixValue><seqName>Planning///</seqName></mask>
<mask><name>Default</name><serviceProviderCode>BPTDEV</serviceProviderCode><type>Partial CAP ID</type><auditModel><auditDate>2008-03-11T07:29:47-06:00</auditDate><auditID>ADMIN</auditID><auditStatus>A</auditStatus></auditModel><description>Mask Definition for Partial CAP ID</description><maxLength>30</maxLength><minLength>1</minLength><pattern>$$yy$$EST-$$SEQ06$$</pattern><radixValue>10</radixValue><seqName>Default</seqName></mask>
<mask><name>Agency-Receipt</name><serviceProviderCode>BPTDEV</serviceProviderCode><type>Receipt</type><auditModel><auditDate>2011-08-09T07:07:28-06:00</auditDate><auditID>SYSTEM</auditID><auditStatus>A</auditStatus></auditModel><description>Mask Definition for Receipt Number</description><maxLength>30</maxLength><minLength>1</minLength><pattern>$$SEQ12$$</pattern><radixValue>10</radixValue><seqName>Agency-Receipt</seqName></mask>
<mask><name>Default</name><serviceProviderCode>BPTDEV</serviceProviderCode><type>Temporary CAP ID</type><auditModel><auditDate>2008-03-11T07:29:47-06:00</auditDate><auditID>ADMIN</auditID><auditStatus>A</auditStatus></auditModel><description>Mask Definition for Temporary CAP ID</description><maxLength>30</maxLength><minLength>1</minLength><pattern>$$yy$$TMP-$$SEQ06$$</pattern><radixValue>10</radixValue><seqName>Default</seqName></mask>
<mask><name>Planning/Application/Design Review</name><serviceProviderCode>BPTDEV</serviceProviderCode><type>Cap ID</type><auditModel><auditDate>2012-01-22T14:00:37-07:00</auditDate><auditID>SYSTEM</auditID><auditStatus>A</auditStatus></auditModel><description> </description><maxLength>30</maxLength><minLength>1</minLength><pattern>PLN$$yy$$-$$SEQ05$$</pattern><radixValue>10</radixValue><seqName>Planning///</seqName></mask>
<mask><name>Planning/Application/Final Map</name><serviceProviderCode>BPTDEV</serviceProviderCode><type>Cap ID</type><auditModel><auditDate>2012-01-22T13:59:03-07:00</auditDate><auditID>SYSTEM</auditID><auditStatus>A</auditStatus></auditModel><description> </description><maxLength>30</maxLength><minLength>1</minLength><pattern>PLN$$yy$$-$$SEQ05$$</pattern><radixValue>10</radixValue><seqName>Planning///</seqName></mask>
<mask><name>Planning/Application/Final Plat</name><serviceProviderCode>BPTDEV</serviceProviderCode><type>Cap ID</type><auditModel><auditDate>2014-09-03T11:43:23-06:00</auditDate><auditID>SYSTEM</auditID><auditStatus>A</auditStatus></auditModel><description> </description><maxLength>30</maxLength><minLength>1</minLength><pattern>PLN$$yy$$-$$SEQ05$$</pattern><radixValue>10</radixValue><seqName>Planning///</seqName></mask>
<mask><name>Planning/Application/Home Occupation Permit</name><serviceProviderCode>BPTDEV</serviceProviderCode><type>Cap ID</type><auditModel><auditDate>2012-01-22T14:07:15-07:00</auditDate><auditID>SYSTEM</auditID><auditStatus>A</auditStatus></auditModel><description> </description><maxLength>30</maxLength><minLength>1</minLength><pattern>PLN$$yy$$-$$SEQ05$$</pattern><radixValue>10</radixValue><seqName>Planning///</seqName></mask>
<mask><name>Planning/Application/Lot Line Adjustment</name><serviceProviderCode>BPTDEV</serviceProviderCode><type>Cap ID</type><auditModel><auditDate>2012-01-22T13:56:12-07:00</auditDate><auditID>SYSTEM</auditID><auditStatus>A</auditStatus></auditModel><description> </description><maxLength>30</maxLength><minLength>1</minLength><pattern>PLN$$yy$$-$$SEQ05$$</pattern><radixValue>10</radixValue><seqName>Planning///</seqName></mask>
<mask><name>Planning/Application/Plan Amendment</name><serviceProviderCode>BPTDEV</serviceProviderCode><type>Cap ID</type><auditModel><auditDate>2012-01-22T14:06:29-07:00</auditDate><auditID>SYSTEM</auditID><auditStatus>A</auditStatus></auditModel><description> </description><maxLength>30</maxLength><minLength>1</minLength><pattern>PLN$$yy$$-$$SEQ05$$</pattern><radixValue>10</radixValue><seqName>Planning///</seqName></mask>
<mask><name>Planning/Application/Planned Unit Development</name><serviceProviderCode>BPTDEV</serviceProviderCode><type>Cap ID</type><auditModel><auditDate>2012-01-22T13:59:37-07:00</auditDate><auditID>SYSTEM</auditID><auditStatus>A</auditStatus></auditModel><description> </description><maxLength>30</maxLength><minLength>1</minLength><pattern>PLN$$yy$$-$$SEQ05$$</pattern><radixValue>10</radixValue><seqName>Planning///</seqName></mask>
<mask><name>Planning/Application/Preliminary Map</name><serviceProviderCode>BPTDEV</serviceProviderCode><type>Cap ID</type><auditModel><auditDate>2012-01-22T13:58:31-07:00</auditDate><auditID>SYSTEM</auditID><auditStatus>A</auditStatus></auditModel><description> </description><maxLength>30</maxLength><minLength>1</minLength><pattern>PLN$$yy$$-$$SEQ05$$</pattern><radixValue>10</radixValue><seqName>Planning///</seqName></mask>
<mask><name>Planning/Application/Preliminary Plat</name><serviceProviderCode>BPTDEV</serviceProviderCode><type>Cap ID</type><auditModel><auditDate>2014-09-03T11:44:16-06:00</auditDate><auditID>SYSTEM</auditID><auditStatus>A</auditStatus></auditModel><description> </description><maxLength>30</maxLength><minLength>1</minLength><pattern>PLN$$yy$$-$$SEQ05$$</pattern><radixValue>10</radixValue><seqName>Planning///</seqName></mask>
<mask><name>Planning/Application/Revocable Permit</name><serviceProviderCode>BPTDEV</serviceProviderCode><type>Cap ID</type><auditModel><auditDate>2012-01-22T14:08:07-07:00</auditDate><auditID>SYSTEM</auditID><auditStatus>A</auditStatus></auditModel><description> </description><maxLength>30</maxLength><minLength>1</minLength><pattern>PLN$$yy$$-$$SEQ05$$</pattern><radixValue>10</radixValue><seqName>Planning///</seqName></mask>
<mask><name>Planning/Application/Rezoning</name><serviceProviderCode>BPTDEV</serviceProviderCode><type>Cap ID</type><auditModel><auditDate>2012-01-22T14:05:57-07:00</auditDate><auditID>SYSTEM</auditID><auditStatus>A</auditStatus></auditModel><description> </description><maxLength>30</maxLength><minLength>1</minLength><pattern>PLN$$yy$$-$$SEQ05$$</pattern><radixValue>10</radixValue><seqName>Planning///</seqName></mask>
<mask><name>Planning/Application/Site Plan</name><serviceProviderCode>BPTDEV</serviceProviderCode><type>Cap ID</type><auditModel><auditDate>2014-08-08T14:56:38-06:00</auditDate><auditID>SYSTEM</auditID><auditStatus>A</auditStatus></auditModel><description> </description><maxLength>30</maxLength><minLength>1</minLength><pattern>PLN$$yy$$-$$SEQ05$$</pattern><radixValue>10</radixValue><seqName>Planning///</seqName></mask>
<mask><name>Planning/Application/Subdivision</name><serviceProviderCode>BPTDEV</serviceProviderCode><type>Cap ID</type><auditModel><auditDate>2014-08-08T14:55:35-06:00</auditDate><auditID>SYSTEM</auditID><auditStatus>A</auditStatus></auditModel><description> </description><maxLength>30</maxLength><minLength>1</minLength><pattern>PLN$$yy$$-$$SEQ05$$</pattern><radixValue>10</radixValue><seqName>Planning///</seqName></mask>
<mask><name>Planning/Application/Variance</name><serviceProviderCode>BPTDEV</serviceProviderCode><type>Cap ID</type><auditModel><auditDate>2012-01-22T14:19:16-07:00</auditDate><auditID>SYSTEM</auditID><auditStatus>A</auditStatus></auditModel><description> </description><maxLength>30</maxLength><minLength>1</minLength><pattern>PLN$$yy$$-$$SEQ05$$</pattern><radixValue>10</radixValue><seqName>Planning///</seqName></mask>
<mask><name>Default</name><serviceProviderCode>BPTDEV</serviceProviderCode><type>Cap ID</type><auditModel><auditDate>2011-06-06T11:25:34-06:00</auditDate><auditID>SYSTEM</auditID><auditStatus>A</auditStatus></auditModel><description>Default Cap ID Mask</description><maxLength>30</maxLength><minLength>1</minLength><pattern>$$yy$$CAP-$$SEQ08$$</pattern><radixValue>10</radixValue><seqName>Default</seqName></mask>
<mask><name>AMS/Electric//</name><serviceProviderCode>BPTDEV</serviceProviderCode><type>Cap ID</type><auditModel><auditDate>2014-03-11T17:10:13-06:00</auditDate><auditID>SYSTEM</auditID><auditStatus>A</auditStatus></auditModel><description>Electric Dept Work Orders</description><maxLength>30</maxLength><minLength>1</minLength><pattern>$$yy$$ELE-$$SEQ05$$</pattern><radixValue>10</radixValue><seqName>AMS/Electric//</seqName></mask>
<mask><name>Planning/Special Request/Time Extension</name><serviceProviderCode>BPTDEV</serviceProviderCode><type>Cap ID</type><auditModel><auditDate>2012-01-22T14:19:57-07:00</auditDate><auditID>SYSTEM</auditID><auditStatus>A</auditStatus></auditModel><description> </description><maxLength>30</maxLength><minLength>1</minLength><pattern>PLN$$yy$$-$$SEQ05$$</pattern><radixValue>10</radixValue><seqName>Planning///</seqName></mask>
<mask><name>Planning/Special Request/PreApplication Meeting</name><serviceProviderCode>BPTDEV</serviceProviderCode><type>Cap ID</type><auditModel><auditDate>2012-01-22T14:10:04-07:00</auditDate><auditID>SYSTEM</auditID><auditStatus>A</auditStatus></auditModel><description> </description><maxLength>30</maxLength><minLength>1</minLength><pattern>PLN$$yy$$-$$SEQ05$$</pattern><radixValue>10</radixValue><seqName>Planning///</seqName></mask>
<mask><name>Planning/Special Request/Modification to Prior Approval</name><serviceProviderCode>BPTDEV</serviceProviderCode><type>Cap ID</type><auditModel><auditDate>2012-01-22T14:12:41-07:00</auditDate><auditID>SYSTEM</auditID><auditStatus>A</auditStatus></auditModel><description> </description><maxLength>30</maxLength><minLength>1</minLength><pattern>PLN$$yy$$-$$SEQ05$$</pattern><radixValue>10</radixValue><seqName>Planning///</seqName></mask>
<mask><name>Planning/Special Request/Confirmation Letter</name><serviceProviderCode>BPTDEV</serviceProviderCode><type>Cap ID</type><auditModel><auditDate>2012-01-22T14:13:16-07:00</auditDate><auditID>SYSTEM</auditID><auditStatus>A</auditStatus></auditModel><description> </description><maxLength>30</maxLength><minLength>1</minLength><pattern>PLN$$yy$$-$$SEQ05$$</pattern><radixValue>10</radixValue><seqName>Planning///</seqName></mask>
<mask><name>Planning/Special Request/Appeal</name><serviceProviderCode>BPTDEV</serviceProviderCode><type>Cap ID</type><auditModel><auditDate>2012-01-22T14:11:10-07:00</auditDate><auditID>SYSTEM</auditID><auditStatus>A</auditStatus></auditModel><description> </description><maxLength>30</maxLength><minLength>1</minLength><pattern>PLN$$yy$$-$$SEQ05$$</pattern><radixValue>10</radixValue><seqName>Planning///</seqName></mask>
<mask><name>Planning/Project/Zoning Text Amendment</name><serviceProviderCode>BPTDEV</serviceProviderCode><type>Cap ID</type><auditModel><auditDate>2012-01-22T14:15:22-07:00</auditDate><auditID>SYSTEM</auditID><auditStatus>A</auditStatus></auditModel><description> </description><maxLength>30</maxLength><minLength>1</minLength><pattern>PLN$$yy$$-$$SEQ05$$</pattern><radixValue>10</radixValue><seqName>Planning///</seqName></mask>
<mask><name>Planning/Project/Specific Plan</name><serviceProviderCode>BPTDEV</serviceProviderCode><type>Cap ID</type><auditModel><auditDate>2012-01-22T14:14:51-07:00</auditDate><auditID>SYSTEM</auditID><auditStatus>A</auditStatus></auditModel><description> </description><maxLength>30</maxLength><minLength>1</minLength><pattern>PLN$$yy$$-$$SEQ05$$</pattern><radixValue>10</radixValue><seqName>Planning///</seqName></mask>
<mask><name>Planning/Project/General Plan Update</name><serviceProviderCode>BPTDEV</serviceProviderCode><type>Cap ID</type><auditModel><auditDate>2012-01-22T14:14:21-07:00</auditDate><auditID>SYSTEM</auditID><auditStatus>A</auditStatus></auditModel><description> </description><maxLength>30</maxLength><minLength>1</minLength><pattern>PLN$$yy$$-$$SEQ05$$</pattern><radixValue>10</radixValue><seqName>Planning///</seqName></mask>
<mask><name>Planning/Project/Annexation</name><serviceProviderCode>BPTDEV</serviceProviderCode><type>Cap ID</type><auditModel><auditDate>2012-01-22T14:13:46-07:00</auditDate><auditID>SYSTEM</auditID><auditStatus>A</auditStatus></auditModel><description> </description><maxLength>30</maxLength><minLength>1</minLength><pattern>PLN$$yy$$-$$SEQ05$$</pattern><radixValue>10</radixValue><seqName>Planning///</seqName></mask>
</list>