<?xml version="1.0" encoding="UTF-8" standalone="yes"?>
<list  version="8.0.0" minorVersion="15" exportUser="ADMIN" exportDateTime="03/30/2016 09:45 PM" description="null"><sharedDropDownListModel><name>PLN_PROPERTY_USE</name><serviceProviderCode>BPTDEV</serviceProviderCode><auditModel><auditDate>2013-08-01T16:59:02-06:00</auditDate><auditID>ADMIN</auditID><auditStatus>A</auditStatus></auditModel><description>Existing and Proposed Use fields</description><sharedDropDownList><sharedDropDownValue><bdvSeqNbr>104580144</bdvSeqNbr><servProvCode>BPTDEV</servProvCode><auditModel><auditDate>2013-08-01T16:59:02-06:00</auditDate><auditID>ADMIN</auditID><auditStatus>A</auditStatus></auditModel><bizdomain>PLN_PROPERTY_USE</bizdomain><bizdomainValue>Accessory Dwellings</bizdomainValue><resId>50967</resId><sortOrder>10</sortOrder><standardChoiceValueI18NModels/></sharedDropDownValue><sharedDropDownValue><bdvSeqNbr>104580145</bdvSeqNbr><servProvCode>BPTDEV</servProvCode><auditModel><auditDate>2013-08-01T16:59:02-06:00</auditDate><auditID>ADMIN</auditID><auditStatus>A</auditStatus></auditModel><bizdomain>PLN_PROPERTY_USE</bizdomain><bizdomainValue>Adult Uses</bizdomainValue><resId>50968</resId><sortOrder>20</sortOrder><standardChoiceValueI18NModels/></sharedDropDownValue><sharedDropDownValue><bdvSeqNbr>104580146</bdvSeqNbr><servProvCode>BPTDEV</servProvCode><auditModel><auditDate>2013-08-01T16:59:02-06:00</auditDate><auditID>ADMIN</auditID><auditStatus>A</auditStatus></auditModel><bizdomain>PLN_PROPERTY_USE</bizdomain><bizdomainValue>Airport</bizdomainValue><resId>50969</resId><sortOrder>30</sortOrder><standardChoiceValueI18NModels/></sharedDropDownValue><sharedDropDownValue><bdvSeqNbr>104580147</bdvSeqNbr><servProvCode>BPTDEV</servProvCode><auditModel><auditDate>2013-08-01T16:59:02-06:00</auditDate><auditID>ADMIN</auditID><auditStatus>A</auditStatus></auditModel><bizdomain>PLN_PROPERTY_USE</bizdomain><bizdomainValue>Alcoholic Beverage Sales</bizdomainValue><resId>50970</resId><sortOrder>40</sortOrder><standardChoiceValueI18NModels/></sharedDropDownValue><sharedDropDownValue><bdvSeqNbr>104580148</bdvSeqNbr><servProvCode>BPTDEV</servProvCode><auditModel><auditDate>2013-08-01T16:59:02-06:00</auditDate><auditID>ADMIN</auditID><auditStatus>A</auditStatus></auditModel><bizdomain>PLN_PROPERTY_USE</bizdomain><bizdomainValue>Animal Grooming and Boarding</bizdomainValue><resId>50971</resId><sortOrder>50</sortOrder><standardChoiceValueI18NModels/></sharedDropDownValue><sharedDropDownValue><bdvSeqNbr>104580149</bdvSeqNbr><servProvCode>BPTDEV</servProvCode><auditModel><auditDate>2013-08-01T16:59:02-06:00</auditDate><auditID>ADMIN</auditID><auditStatus>A</auditStatus></auditModel><bizdomain>PLN_PROPERTY_USE</bizdomain><bizdomainValue>Assisted Living Facilities</bizdomainValue><resId>50972</resId><sortOrder>60</sortOrder><standardChoiceValueI18NModels/></sharedDropDownValue><sharedDropDownValue><bdvSeqNbr>104580150</bdvSeqNbr><servProvCode>BPTDEV</servProvCode><auditModel><auditDate>2013-08-01T16:59:02-06:00</auditDate><auditID>ADMIN</auditID><auditStatus>A</auditStatus></auditModel><bizdomain>PLN_PROPERTY_USE</bizdomain><bizdomainValue>Attached Dwellings</bizdomainValue><resId>50973</resId><sortOrder>70</sortOrder><standardChoiceValueI18NModels/></sharedDropDownValue><sharedDropDownValue><bdvSeqNbr>104580151</bdvSeqNbr><servProvCode>BPTDEV</servProvCode><auditModel><auditDate>2013-08-01T16:59:02-06:00</auditDate><auditID>ADMIN</auditID><auditStatus>A</auditStatus></auditModel><bizdomain>PLN_PROPERTY_USE</bizdomain><bizdomainValue>Auto Service Stations</bizdomainValue><resId>50974</resId><sortOrder>80</sortOrder><standardChoiceValueI18NModels/></sharedDropDownValue><sharedDropDownValue><bdvSeqNbr>104580152</bdvSeqNbr><servProvCode>BPTDEV</servProvCode><auditModel><auditDate>2013-08-01T16:59:02-06:00</auditDate><auditID>ADMIN</auditID><auditStatus>A</auditStatus></auditModel><bizdomain>PLN_PROPERTY_USE</bizdomain><bizdomainValue>Cemeteries</bizdomainValue><resId>50975</resId><sortOrder>90</sortOrder><standardChoiceValueI18NModels/></sharedDropDownValue><sharedDropDownValue><bdvSeqNbr>104580153</bdvSeqNbr><servProvCode>BPTDEV</servProvCode><auditModel><auditDate>2013-08-01T16:59:02-06:00</auditDate><auditID>ADMIN</auditID><auditStatus>A</auditStatus></auditModel><bizdomain>PLN_PROPERTY_USE</bizdomain><bizdomainValue>Comm Res Home 1-6</bizdomainValue><resId>50976</resId><sortOrder>100</sortOrder><standardChoiceValueI18NModels/></sharedDropDownValue><sharedDropDownValue><bdvSeqNbr>104580154</bdvSeqNbr><servProvCode>BPTDEV</servProvCode><auditModel><auditDate>2013-08-01T16:59:02-06:00</auditDate><auditID>ADMIN</auditID><auditStatus>A</auditStatus></auditModel><bizdomain>PLN_PROPERTY_USE</bizdomain><bizdomainValue>Comm Res Home 7-14</bizdomainValue><resId>50977</resId><sortOrder>110</sortOrder><standardChoiceValueI18NModels/></sharedDropDownValue><sharedDropDownValue><bdvSeqNbr>104580155</bdvSeqNbr><servProvCode>BPTDEV</servProvCode><auditModel><auditDate>2013-08-01T16:59:02-06:00</auditDate><auditID>ADMIN</auditID><auditStatus>A</auditStatus></auditModel><bizdomain>PLN_PROPERTY_USE</bizdomain><bizdomainValue>Congregate Care</bizdomainValue><resId>50978</resId><sortOrder>120</sortOrder><standardChoiceValueI18NModels/></sharedDropDownValue><sharedDropDownValue><bdvSeqNbr>104580156</bdvSeqNbr><servProvCode>BPTDEV</servProvCode><auditModel><auditDate>2013-08-01T16:59:02-06:00</auditDate><auditID>ADMIN</auditID><auditStatus>A</auditStatus></auditModel><bizdomain>PLN_PROPERTY_USE</bizdomain><bizdomainValue>Convention Center</bizdomainValue><resId>50979</resId><sortOrder>130</sortOrder><standardChoiceValueI18NModels/></sharedDropDownValue><sharedDropDownValue><bdvSeqNbr>104580157</bdvSeqNbr><servProvCode>BPTDEV</servProvCode><auditModel><auditDate>2013-08-01T16:59:02-06:00</auditDate><auditID>ADMIN</auditID><auditStatus>A</auditStatus></auditModel><bizdomain>PLN_PROPERTY_USE</bizdomain><bizdomainValue>Detached Dwelling</bizdomainValue><resId>50980</resId><sortOrder>140</sortOrder><standardChoiceValueI18NModels/></sharedDropDownValue><sharedDropDownValue><bdvSeqNbr>104580158</bdvSeqNbr><servProvCode>BPTDEV</servProvCode><auditModel><auditDate>2013-08-01T16:59:02-06:00</auditDate><auditID>ADMIN</auditID><auditStatus>A</auditStatus></auditModel><bizdomain>PLN_PROPERTY_USE</bizdomain><bizdomainValue>Educational Facilities</bizdomainValue><resId>50981</resId><sortOrder>150</sortOrder><standardChoiceValueI18NModels/></sharedDropDownValue><sharedDropDownValue><bdvSeqNbr>104580159</bdvSeqNbr><servProvCode>BPTDEV</servProvCode><auditModel><auditDate>2013-08-01T16:59:02-06:00</auditDate><auditID>ADMIN</auditID><auditStatus>A</auditStatus></auditModel><bizdomain>PLN_PROPERTY_USE</bizdomain><bizdomainValue>Government Uses</bizdomainValue><resId>50982</resId><sortOrder>160</sortOrder><standardChoiceValueI18NModels/></sharedDropDownValue><sharedDropDownValue><bdvSeqNbr>104580160</bdvSeqNbr><servProvCode>BPTDEV</servProvCode><auditModel><auditDate>2013-08-01T16:59:02-06:00</auditDate><auditID>ADMIN</auditID><auditStatus>A</auditStatus></auditModel><bizdomain>PLN_PROPERTY_USE</bizdomain><bizdomainValue>Halfway Houses</bizdomainValue><resId>50983</resId><sortOrder>170</sortOrder><standardChoiceValueI18NModels/></sharedDropDownValue><sharedDropDownValue><bdvSeqNbr>104580161</bdvSeqNbr><servProvCode>BPTDEV</servProvCode><auditModel><auditDate>2013-08-01T16:59:02-06:00</auditDate><auditID>ADMIN</auditID><auditStatus>A</auditStatus></auditModel><bizdomain>PLN_PROPERTY_USE</bizdomain><bizdomainValue>Hospital</bizdomainValue><resId>50984</resId><sortOrder>180</sortOrder><standardChoiceValueI18NModels/></sharedDropDownValue><sharedDropDownValue><bdvSeqNbr>104580162</bdvSeqNbr><servProvCode>BPTDEV</servProvCode><auditModel><auditDate>2013-08-01T16:59:02-06:00</auditDate><auditID>ADMIN</auditID><auditStatus>A</auditStatus></auditModel><bizdomain>PLN_PROPERTY_USE</bizdomain><bizdomainValue>Indoor Recreation/Entertainment</bizdomainValue><resId>50985</resId><sortOrder>190</sortOrder><standardChoiceValueI18NModels/></sharedDropDownValue><sharedDropDownValue><bdvSeqNbr>104580163</bdvSeqNbr><servProvCode>BPTDEV</servProvCode><auditModel><auditDate>2013-08-01T16:59:02-06:00</auditDate><auditID>ADMIN</auditID><auditStatus>A</auditStatus></auditModel><bizdomain>PLN_PROPERTY_USE</bizdomain><bizdomainValue>Light Assembly</bizdomainValue><resId>50986</resId><sortOrder>200</sortOrder><standardChoiceValueI18NModels/></sharedDropDownValue><sharedDropDownValue><bdvSeqNbr>104580164</bdvSeqNbr><servProvCode>BPTDEV</servProvCode><auditModel><auditDate>2013-08-01T16:59:02-06:00</auditDate><auditID>ADMIN</auditID><auditStatus>A</auditStatus></auditModel><bizdomain>PLN_PROPERTY_USE</bizdomain><bizdomainValue>Manufacturing</bizdomainValue><resId>50987</resId><sortOrder>210</sortOrder><standardChoiceValueI18NModels/></sharedDropDownValue><sharedDropDownValue><bdvSeqNbr>104580165</bdvSeqNbr><servProvCode>BPTDEV</servProvCode><auditModel><auditDate>2013-08-01T16:59:02-06:00</auditDate><auditID>ADMIN</auditID><auditStatus>A</auditStatus></auditModel><bizdomain>PLN_PROPERTY_USE</bizdomain><bizdomainValue>Marina</bizdomainValue><resId>50988</resId><sortOrder>230</sortOrder><standardChoiceValueI18NModels/></sharedDropDownValue><sharedDropDownValue><bdvSeqNbr>104580166</bdvSeqNbr><servProvCode>BPTDEV</servProvCode><auditModel><auditDate>2013-08-01T16:59:02-06:00</auditDate><auditID>ADMIN</auditID><auditStatus>A</auditStatus></auditModel><bizdomain>PLN_PROPERTY_USE</bizdomain><bizdomainValue>Marina Facilities</bizdomainValue><resId>50989</resId><sortOrder>220</sortOrder><standardChoiceValueI18NModels/></sharedDropDownValue><sharedDropDownValue><bdvSeqNbr>104580167</bdvSeqNbr><servProvCode>BPTDEV</servProvCode><auditModel><auditDate>2013-08-01T16:59:02-06:00</auditDate><auditID>ADMIN</auditID><auditStatus>A</auditStatus></auditModel><bizdomain>PLN_PROPERTY_USE</bizdomain><bizdomainValue>Medical Clinic</bizdomainValue><resId>50990</resId><sortOrder>240</sortOrder><standardChoiceValueI18NModels/></sharedDropDownValue><sharedDropDownValue><bdvSeqNbr>104580168</bdvSeqNbr><servProvCode>BPTDEV</servProvCode><auditModel><auditDate>2013-08-01T16:59:02-06:00</auditDate><auditID>ADMIN</auditID><auditStatus>A</auditStatus></auditModel><bizdomain>PLN_PROPERTY_USE</bizdomain><bizdomainValue>Mixed Use</bizdomainValue><resId>50991</resId><sortOrder>250</sortOrder><standardChoiceValueI18NModels/></sharedDropDownValue><sharedDropDownValue><bdvSeqNbr>104580169</bdvSeqNbr><servProvCode>BPTDEV</servProvCode><auditModel><auditDate>2013-08-01T16:59:02-06:00</auditDate><auditID>ADMIN</auditID><auditStatus>A</auditStatus></auditModel><bizdomain>PLN_PROPERTY_USE</bizdomain><bizdomainValue>Mobile Home</bizdomainValue><resId>50992</resId><sortOrder>260</sortOrder><standardChoiceValueI18NModels/></sharedDropDownValue><sharedDropDownValue><bdvSeqNbr>104580170</bdvSeqNbr><servProvCode>BPTDEV</servProvCode><auditModel><auditDate>2013-08-01T16:59:02-06:00</auditDate><auditID>ADMIN</auditID><auditStatus>A</auditStatus></auditModel><bizdomain>PLN_PROPERTY_USE</bizdomain><bizdomainValue>Mobile Home Park</bizdomainValue><resId>50993</resId><sortOrder>280</sortOrder><standardChoiceValueI18NModels/></sharedDropDownValue><sharedDropDownValue><bdvSeqNbr>104580171</bdvSeqNbr><servProvCode>BPTDEV</servProvCode><auditModel><auditDate>2013-08-01T16:59:02-06:00</auditDate><auditID>ADMIN</auditID><auditStatus>A</auditStatus></auditModel><bizdomain>PLN_PROPERTY_USE</bizdomain><bizdomainValue>Nightclubs, Taverns and Bars</bizdomainValue><resId>50994</resId><sortOrder>290</sortOrder><standardChoiceValueI18NModels/></sharedDropDownValue><sharedDropDownValue><bdvSeqNbr>104580172</bdvSeqNbr><servProvCode>BPTDEV</servProvCode><auditModel><auditDate>2013-08-01T16:59:02-06:00</auditDate><auditID>ADMIN</auditID><auditStatus>A</auditStatus></auditModel><bizdomain>PLN_PROPERTY_USE</bizdomain><bizdomainValue>Non-Residential Parking</bizdomainValue><resId>50995</resId><sortOrder>300</sortOrder><standardChoiceValueI18NModels/></sharedDropDownValue><sharedDropDownValue><bdvSeqNbr>104580173</bdvSeqNbr><servProvCode>BPTDEV</servProvCode><auditModel><auditDate>2013-08-01T16:59:02-06:00</auditDate><auditID>ADMIN</auditID><auditStatus>A</auditStatus></auditModel><bizdomain>PLN_PROPERTY_USE</bizdomain><bizdomainValue>Nursing Homes</bizdomainValue><resId>50996</resId><sortOrder>310</sortOrder><standardChoiceValueI18NModels/></sharedDropDownValue><sharedDropDownValue><bdvSeqNbr>104580174</bdvSeqNbr><servProvCode>BPTDEV</servProvCode><auditModel><auditDate>2013-08-01T16:59:02-06:00</auditDate><auditID>ADMIN</auditID><auditStatus>A</auditStatus></auditModel><bizdomain>PLN_PROPERTY_USE</bizdomain><bizdomainValue>Off-Street Parking</bizdomainValue><resId>50997</resId><sortOrder>320</sortOrder><standardChoiceValueI18NModels/></sharedDropDownValue><sharedDropDownValue><bdvSeqNbr>104580175</bdvSeqNbr><servProvCode>BPTDEV</servProvCode><auditModel><auditDate>2013-08-01T16:59:02-06:00</auditDate><auditID>ADMIN</auditID><auditStatus>A</auditStatus></auditModel><bizdomain>PLN_PROPERTY_USE</bizdomain><bizdomainValue>Offices</bizdomainValue><resId>50998</resId><sortOrder>330</sortOrder><standardChoiceValueI18NModels/></sharedDropDownValue><sharedDropDownValue><bdvSeqNbr>104580176</bdvSeqNbr><servProvCode>BPTDEV</servProvCode><auditModel><auditDate>2013-08-01T16:59:02-06:00</auditDate><auditID>ADMIN</auditID><auditStatus>A</auditStatus></auditModel><bizdomain>PLN_PROPERTY_USE</bizdomain><bizdomainValue>Open Space</bizdomainValue><resId>50999</resId><sortOrder>340</sortOrder><standardChoiceValueI18NModels/></sharedDropDownValue><sharedDropDownValue><bdvSeqNbr>104580177</bdvSeqNbr><servProvCode>BPTDEV</servProvCode><auditModel><auditDate>2013-08-01T16:59:03-06:00</auditDate><auditID>ADMIN</auditID><auditStatus>A</auditStatus></auditModel><bizdomain>PLN_PROPERTY_USE</bizdomain><bizdomainValue>Outdoor Recreation/Entertainment</bizdomainValue><resId>51000</resId><sortOrder>350</sortOrder><standardChoiceValueI18NModels/></sharedDropDownValue><sharedDropDownValue><bdvSeqNbr>104580178</bdvSeqNbr><servProvCode>BPTDEV</servProvCode><auditModel><auditDate>2013-08-01T16:59:03-06:00</auditDate><auditID>ADMIN</auditID><auditStatus>A</auditStatus></auditModel><bizdomain>PLN_PROPERTY_USE</bizdomain><bizdomainValue>Outdoor Retail Sales, Display and/or Storage</bizdomainValue><resId>51001</resId><sortOrder>360</sortOrder><standardChoiceValueI18NModels/></sharedDropDownValue><sharedDropDownValue><bdvSeqNbr>104580179</bdvSeqNbr><servProvCode>BPTDEV</servProvCode><auditModel><auditDate>2013-08-01T16:59:03-06:00</auditDate><auditID>ADMIN</auditID><auditStatus>A</auditStatus></auditModel><bizdomain>PLN_PROPERTY_USE</bizdomain><bizdomainValue>Overnight Accommodations</bizdomainValue><resId>51002</resId><sortOrder>370</sortOrder><standardChoiceValueI18NModels/></sharedDropDownValue><sharedDropDownValue><bdvSeqNbr>104580180</bdvSeqNbr><servProvCode>BPTDEV</servProvCode><auditModel><auditDate>2013-08-01T16:59:03-06:00</auditDate><auditID>ADMIN</auditID><auditStatus>A</auditStatus></auditModel><bizdomain>PLN_PROPERTY_USE</bizdomain><bizdomainValue>Parking Garages and Lots</bizdomainValue><resId>51003</resId><sortOrder>380</sortOrder><standardChoiceValueI18NModels/></sharedDropDownValue><sharedDropDownValue><bdvSeqNbr>104580181</bdvSeqNbr><servProvCode>BPTDEV</servProvCode><auditModel><auditDate>2013-08-01T16:59:03-06:00</auditDate><auditID>ADMIN</auditID><auditStatus>A</auditStatus></auditModel><bizdomain>PLN_PROPERTY_USE</bizdomain><bizdomainValue>Parks and Recreation Facilities</bizdomainValue><resId>51004</resId><sortOrder>390</sortOrder><standardChoiceValueI18NModels/></sharedDropDownValue><sharedDropDownValue><bdvSeqNbr>104580182</bdvSeqNbr><servProvCode>BPTDEV</servProvCode><auditModel><auditDate>2013-08-01T16:59:03-06:00</auditDate><auditID>ADMIN</auditID><auditStatus>A</auditStatus></auditModel><bizdomain>PLN_PROPERTY_USE</bizdomain><bizdomainValue>Places of Worship</bizdomainValue><resId>51005</resId><sortOrder>400</sortOrder><standardChoiceValueI18NModels/></sharedDropDownValue><sharedDropDownValue><bdvSeqNbr>104580183</bdvSeqNbr><servProvCode>BPTDEV</servProvCode><auditModel><auditDate>2013-08-01T16:59:03-06:00</auditDate><auditID>ADMIN</auditID><auditStatus>A</auditStatus></auditModel><bizdomain>PLN_PROPERTY_USE</bizdomain><bizdomainValue>Problematic Uses</bizdomainValue><resId>51006</resId><sortOrder>410</sortOrder><standardChoiceValueI18NModels/></sharedDropDownValue><sharedDropDownValue><bdvSeqNbr>104580184</bdvSeqNbr><servProvCode>BPTDEV</servProvCode><auditModel><auditDate>2013-08-01T16:59:03-06:00</auditDate><auditID>ADMIN</auditID><auditStatus>A</auditStatus></auditModel><bizdomain>PLN_PROPERTY_USE</bizdomain><bizdomainValue>Public Safety</bizdomainValue><resId>51007</resId><sortOrder>420</sortOrder><standardChoiceValueI18NModels/></sharedDropDownValue><sharedDropDownValue><bdvSeqNbr>104580185</bdvSeqNbr><servProvCode>BPTDEV</servProvCode><auditModel><auditDate>2013-08-01T16:59:03-06:00</auditDate><auditID>ADMIN</auditID><auditStatus>A</auditStatus></auditModel><bizdomain>PLN_PROPERTY_USE</bizdomain><bizdomainValue>Public Transportation Facilities</bizdomainValue><resId>51008</resId><sortOrder>430</sortOrder><standardChoiceValueI18NModels/></sharedDropDownValue><sharedDropDownValue><bdvSeqNbr>104580186</bdvSeqNbr><servProvCode>BPTDEV</servProvCode><auditModel><auditDate>2013-08-01T16:59:03-06:00</auditDate><auditID>ADMIN</auditID><auditStatus>A</auditStatus></auditModel><bizdomain>PLN_PROPERTY_USE</bizdomain><bizdomainValue>Publishing and Printing</bizdomainValue><resId>51009</resId><sortOrder>440</sortOrder><standardChoiceValueI18NModels/></sharedDropDownValue><sharedDropDownValue><bdvSeqNbr>104580192</bdvSeqNbr><servProvCode>BPTDEV</servProvCode><auditModel><auditDate>2013-08-01T16:59:03-06:00</auditDate><auditID>ADMIN</auditID><auditStatus>A</auditStatus></auditModel><bizdomain>PLN_PROPERTY_USE</bizdomain><bizdomainValue>RV Parks</bizdomainValue><resId>51015</resId><sortOrder>440</sortOrder><standardChoiceValueI18NModels/></sharedDropDownValue><sharedDropDownValue><bdvSeqNbr>104580187</bdvSeqNbr><servProvCode>BPTDEV</servProvCode><auditModel><auditDate>2013-08-01T16:59:03-06:00</auditDate><auditID>ADMIN</auditID><auditStatus>A</auditStatus></auditModel><bizdomain>PLN_PROPERTY_USE</bizdomain><bizdomainValue>Research and Technology Use</bizdomainValue><resId>51010</resId><sortOrder>460</sortOrder><standardChoiceValueI18NModels/></sharedDropDownValue><sharedDropDownValue><bdvSeqNbr>104580188</bdvSeqNbr><servProvCode>BPTDEV</servProvCode><auditModel><auditDate>2013-08-01T16:59:03-06:00</auditDate><auditID>ADMIN</auditID><auditStatus>A</auditStatus></auditModel><bizdomain>PLN_PROPERTY_USE</bizdomain><bizdomainValue>Residential Shelters</bizdomainValue><resId>51011</resId><sortOrder>470</sortOrder><standardChoiceValueI18NModels/></sharedDropDownValue><sharedDropDownValue><bdvSeqNbr>104580189</bdvSeqNbr><servProvCode>BPTDEV</servProvCode><auditModel><auditDate>2013-08-01T16:59:03-06:00</auditDate><auditID>ADMIN</auditID><auditStatus>A</auditStatus></auditModel><bizdomain>PLN_PROPERTY_USE</bizdomain><bizdomainValue>Resort Attached Dwelling</bizdomainValue><resId>51012</resId><sortOrder>480</sortOrder><standardChoiceValueI18NModels/></sharedDropDownValue><sharedDropDownValue><bdvSeqNbr>104580190</bdvSeqNbr><servProvCode>BPTDEV</servProvCode><auditModel><auditDate>2013-08-01T16:59:03-06:00</auditDate><auditID>ADMIN</auditID><auditStatus>A</auditStatus></auditModel><bizdomain>PLN_PROPERTY_USE</bizdomain><bizdomainValue>Restaurants</bizdomainValue><resId>51013</resId><sortOrder>490</sortOrder><standardChoiceValueI18NModels/></sharedDropDownValue><sharedDropDownValue><bdvSeqNbr>104580191</bdvSeqNbr><servProvCode>BPTDEV</servProvCode><auditModel><auditDate>2013-08-01T16:59:03-06:00</auditDate><auditID>ADMIN</auditID><auditStatus>A</auditStatus></auditModel><bizdomain>PLN_PROPERTY_USE</bizdomain><bizdomainValue>Retail Sales and Services</bizdomainValue><resId>51014</resId><sortOrder>500</sortOrder><standardChoiceValueI18NModels/></sharedDropDownValue><sharedDropDownValue><bdvSeqNbr>104580193</bdvSeqNbr><servProvCode>BPTDEV</servProvCode><auditModel><auditDate>2013-08-01T16:59:03-06:00</auditDate><auditID>ADMIN</auditID><auditStatus>A</auditStatus></auditModel><bizdomain>PLN_PROPERTY_USE</bizdomain><bizdomainValue>Salvage Yard</bizdomainValue><resId>51016</resId><sortOrder>510</sortOrder><standardChoiceValueI18NModels/></sharedDropDownValue><sharedDropDownValue><bdvSeqNbr>104580194</bdvSeqNbr><servProvCode>BPTDEV</servProvCode><auditModel><auditDate>2013-08-01T16:59:03-06:00</auditDate><auditID>ADMIN</auditID><auditStatus>A</auditStatus></auditModel><bizdomain>PLN_PROPERTY_USE</bizdomain><bizdomainValue>Schools</bizdomainValue><resId>51017</resId><sortOrder>530</sortOrder><standardChoiceValueI18NModels/></sharedDropDownValue><sharedDropDownValue><bdvSeqNbr>104580195</bdvSeqNbr><servProvCode>BPTDEV</servProvCode><auditModel><auditDate>2013-08-01T16:59:03-06:00</auditDate><auditID>ADMIN</auditID><auditStatus>A</auditStatus></auditModel><bizdomain>PLN_PROPERTY_USE</bizdomain><bizdomainValue>Self-Storage Warehouse</bizdomainValue><resId>51018</resId><sortOrder>540</sortOrder><standardChoiceValueI18NModels/></sharedDropDownValue><sharedDropDownValue><bdvSeqNbr>104580196</bdvSeqNbr><servProvCode>BPTDEV</servProvCode><auditModel><auditDate>2013-08-01T16:59:03-06:00</auditDate><auditID>ADMIN</auditID><auditStatus>A</auditStatus></auditModel><bizdomain>PLN_PROPERTY_USE</bizdomain><bizdomainValue>Sidewalk Vendors</bizdomainValue><resId>51019</resId><sortOrder>550</sortOrder><standardChoiceValueI18NModels/></sharedDropDownValue><sharedDropDownValue><bdvSeqNbr>104580197</bdvSeqNbr><servProvCode>BPTDEV</servProvCode><auditModel><auditDate>2013-08-01T16:59:03-06:00</auditDate><auditID>ADMIN</auditID><auditStatus>A</auditStatus></auditModel><bizdomain>PLN_PROPERTY_USE</bizdomain><bizdomainValue>Social and Community Centers</bizdomainValue><resId>51020</resId><sortOrder>560</sortOrder><standardChoiceValueI18NModels/></sharedDropDownValue><sharedDropDownValue><bdvSeqNbr>104580199</bdvSeqNbr><servProvCode>BPTDEV</servProvCode><auditModel><auditDate>2013-08-01T16:59:03-06:00</auditDate><auditID>ADMIN</auditID><auditStatus>A</auditStatus></auditModel><bizdomain>PLN_PROPERTY_USE</bizdomain><bizdomainValue>TV/Radio Studios</bizdomainValue><resId>51022</resId><sortOrder>580</sortOrder><standardChoiceValueI18NModels/></sharedDropDownValue><sharedDropDownValue><bdvSeqNbr>104580198</bdvSeqNbr><servProvCode>BPTDEV</servProvCode><auditModel><auditDate>2013-08-01T16:59:03-06:00</auditDate><auditID>ADMIN</auditID><auditStatus>A</auditStatus></auditModel><bizdomain>PLN_PROPERTY_USE</bizdomain><bizdomainValue>Telecommunications Towers</bizdomainValue><resId>51021</resId><sortOrder>590</sortOrder><standardChoiceValueI18NModels/></sharedDropDownValue><sharedDropDownValue><bdvSeqNbr>104580200</bdvSeqNbr><servProvCode>BPTDEV</servProvCode><auditModel><auditDate>2013-08-01T16:59:03-06:00</auditDate><auditID>ADMIN</auditID><auditStatus>A</auditStatus></auditModel><bizdomain>PLN_PROPERTY_USE</bizdomain><bizdomainValue>Unknown</bizdomainValue><resId>51023</resId><sortOrder>600</sortOrder><standardChoiceValueI18NModels/></sharedDropDownValue><sharedDropDownValue><bdvSeqNbr>104580201</bdvSeqNbr><servProvCode>BPTDEV</servProvCode><auditModel><auditDate>2013-08-01T16:59:03-06:00</auditDate><auditID>ADMIN</auditID><auditStatus>A</auditStatus></auditModel><bizdomain>PLN_PROPERTY_USE</bizdomain><bizdomainValue>Utility Infrastucture Facilities</bizdomainValue><resId>51024</resId><sortOrder>610</sortOrder><standardChoiceValueI18NModels/></sharedDropDownValue><sharedDropDownValue><bdvSeqNbr>104580202</bdvSeqNbr><servProvCode>BPTDEV</servProvCode><auditModel><auditDate>2013-08-01T16:59:03-06:00</auditDate><auditID>ADMIN</auditID><auditStatus>A</auditStatus></auditModel><bizdomain>PLN_PROPERTY_USE</bizdomain><bizdomainValue>Vacant</bizdomainValue><resId>51025</resId><sortOrder>620</sortOrder><standardChoiceValueI18NModels/></sharedDropDownValue><sharedDropDownValue><bdvSeqNbr>104580203</bdvSeqNbr><servProvCode>BPTDEV</servProvCode><auditModel><auditDate>2013-08-01T16:59:03-06:00</auditDate><auditID>ADMIN</auditID><auditStatus>A</auditStatus></auditModel><bizdomain>PLN_PROPERTY_USE</bizdomain><bizdomainValue>Vehicle Sales/Displays</bizdomainValue><resId>51026</resId><sortOrder>625</sortOrder><standardChoiceValueI18NModels/></sharedDropDownValue><sharedDropDownValue><bdvSeqNbr>104580204</bdvSeqNbr><servProvCode>BPTDEV</servProvCode><auditModel><auditDate>2013-08-01T16:59:03-06:00</auditDate><auditID>ADMIN</auditID><auditStatus>A</auditStatus></auditModel><bizdomain>PLN_PROPERTY_USE</bizdomain><bizdomainValue>Vehicle Sales/Displays, Limited</bizdomainValue><resId>51027</resId><sortOrder>630</sortOrder><standardChoiceValueI18NModels/></sharedDropDownValue><sharedDropDownValue><bdvSeqNbr>104580205</bdvSeqNbr><servProvCode>BPTDEV</servProvCode><auditModel><auditDate>2013-08-01T16:59:03-06:00</auditDate><auditID>ADMIN</auditID><auditStatus>A</auditStatus></auditModel><bizdomain>PLN_PROPERTY_USE</bizdomain><bizdomainValue>Vehicle Sales/Displays, Major</bizdomainValue><resId>51028</resId><sortOrder>640</sortOrder><standardChoiceValueI18NModels/></sharedDropDownValue><sharedDropDownValue><bdvSeqNbr>104580206</bdvSeqNbr><servProvCode>BPTDEV</servProvCode><auditModel><auditDate>2013-08-01T16:59:03-06:00</auditDate><auditID>ADMIN</auditID><auditStatus>A</auditStatus></auditModel><bizdomain>PLN_PROPERTY_USE</bizdomain><bizdomainValue>Vehicle Service</bizdomainValue><resId>51029</resId><sortOrder>650</sortOrder><standardChoiceValueI18NModels/></sharedDropDownValue><sharedDropDownValue><bdvSeqNbr>104580207</bdvSeqNbr><servProvCode>BPTDEV</servProvCode><auditModel><auditDate>2013-08-01T16:59:03-06:00</auditDate><auditID>ADMIN</auditID><auditStatus>A</auditStatus></auditModel><bizdomain>PLN_PROPERTY_USE</bizdomain><bizdomainValue>Vehicle Service, Limited</bizdomainValue><resId>51030</resId><sortOrder>660</sortOrder><standardChoiceValueI18NModels/></sharedDropDownValue><sharedDropDownValue><bdvSeqNbr>104580208</bdvSeqNbr><servProvCode>BPTDEV</servProvCode><auditModel><auditDate>2013-08-01T16:59:03-06:00</auditDate><auditID>ADMIN</auditID><auditStatus>A</auditStatus></auditModel><bizdomain>PLN_PROPERTY_USE</bizdomain><bizdomainValue>Vehicle Service, Major</bizdomainValue><resId>51031</resId><sortOrder>670</sortOrder><standardChoiceValueI18NModels/></sharedDropDownValue><sharedDropDownValue><bdvSeqNbr>104580209</bdvSeqNbr><servProvCode>BPTDEV</servProvCode><auditModel><auditDate>2013-08-01T16:59:03-06:00</auditDate><auditID>ADMIN</auditID><auditStatus>A</auditStatus></auditModel><bizdomain>PLN_PROPERTY_USE</bizdomain><bizdomainValue>Veterinary Offices</bizdomainValue><resId>51032</resId><sortOrder>680</sortOrder><standardChoiceValueI18NModels/></sharedDropDownValue><sharedDropDownValue><bdvSeqNbr>104580210</bdvSeqNbr><servProvCode>BPTDEV</servProvCode><auditModel><auditDate>2013-08-01T16:59:03-06:00</auditDate><auditID>ADMIN</auditID><auditStatus>A</auditStatus></auditModel><bizdomain>PLN_PROPERTY_USE</bizdomain><bizdomainValue>Wholesale/Distribution/Warehouse Facility</bizdomainValue><resId>51033</resId><sortOrder>690</sortOrder><standardChoiceValueI18NModels/></sharedDropDownValue></sharedDropDownList><type>ShareDropDown</type></sharedDropDownListModel>
<sharedDropDownListModel><name>PLN_TYPE_DEV</name><serviceProviderCode>BPTDEV</serviceProviderCode><auditModel><auditDate>2011-12-01T15:26:36-07:00</auditDate><auditID>ADMIN</auditID><auditStatus>A</auditStatus></auditModel><description>Planning Type of Development</description><sharedDropDownList><sharedDropDownValue><bdvSeqNbr>104598275</bdvSeqNbr><servProvCode>BPTDEV</servProvCode><auditModel><auditDate>2014-08-08T11:19:13-06:00</auditDate><auditID>ADMIN</auditID><auditStatus>A</auditStatus></auditModel><bizdomain>PLN_TYPE_DEV</bizdomain><bizdomainValue>Agricultural</bizdomainValue><sortOrder>60</sortOrder><standardChoiceValueI18NModels/></sharedDropDownValue><sharedDropDownValue><bdvSeqNbr>7469</bdvSeqNbr><servProvCode>BPTDEV</servProvCode><auditModel><auditDate>2014-08-08T11:19:14-06:00</auditDate><auditID>ADMIN</auditID><auditStatus>A</auditStatus></auditModel><bizdomain>PLN_TYPE_DEV</bizdomain><bizdomainValue>Commercial</bizdomainValue><sortOrder>20</sortOrder><standardChoiceValueI18NModels/></sharedDropDownValue><sharedDropDownValue><bdvSeqNbr>7470</bdvSeqNbr><servProvCode>BPTDEV</servProvCode><auditModel><auditDate>2014-08-08T11:19:14-06:00</auditDate><auditID>ADMIN</auditID><auditStatus>A</auditStatus></auditModel><bizdomain>PLN_TYPE_DEV</bizdomain><bizdomainValue>Industrial</bizdomainValue><sortOrder>30</sortOrder><standardChoiceValueI18NModels/></sharedDropDownValue><sharedDropDownValue><bdvSeqNbr>104598273</bdvSeqNbr><servProvCode>BPTDEV</servProvCode><auditModel><auditDate>2014-08-08T11:19:13-06:00</auditDate><auditID>ADMIN</auditID><auditStatus>A</auditStatus></auditModel><bizdomain>PLN_TYPE_DEV</bizdomain><bizdomainValue>Institutional</bizdomainValue><sortOrder>40</sortOrder><standardChoiceValueI18NModels/></sharedDropDownValue><sharedDropDownValue><bdvSeqNbr>104598274</bdvSeqNbr><servProvCode>BPTDEV</servProvCode><auditModel><auditDate>2014-08-08T11:19:14-06:00</auditDate><auditID>ADMIN</auditID><auditStatus>A</auditStatus></auditModel><bizdomain>PLN_TYPE_DEV</bizdomain><bizdomainValue>Mixed Use</bizdomainValue><sortOrder>50</sortOrder><standardChoiceValueI18NModels/></sharedDropDownValue><sharedDropDownValue><bdvSeqNbr>7468</bdvSeqNbr><servProvCode>BPTDEV</servProvCode><auditModel><auditDate>2014-08-08T11:19:14-06:00</auditDate><auditID>ADMIN</auditID><auditStatus>A</auditStatus></auditModel><bizdomain>PLN_TYPE_DEV</bizdomain><bizdomainValue>Residential</bizdomainValue><sortOrder>10</sortOrder><standardChoiceValueI18NModels/></sharedDropDownValue></sharedDropDownList><type>ShareDropDown</type></sharedDropDownListModel>
<sharedDropDownListModel><name>PLN_ROADS</name><serviceProviderCode>BPTDEV</serviceProviderCode><auditModel><auditDate>2014-07-01T10:44:54-06:00</auditDate><auditID>ADMIN</auditID><auditStatus>A</auditStatus></auditModel><description>Road ownership for planning apps</description><sharedDropDownList><sharedDropDownValue><bdvSeqNbr>104595115</bdvSeqNbr><servProvCode>BPTDEV</servProvCode><auditModel><auditDate>2014-07-01T10:45:40-06:00</auditDate><auditID>ADMIN</auditID><auditStatus>A</auditStatus></auditModel><bizdomain>PLN_ROADS</bizdomain><bizdomainValue>Private</bizdomainValue><sortOrder>20</sortOrder><standardChoiceValueI18NModels/></sharedDropDownValue><sharedDropDownValue><bdvSeqNbr>104595114</bdvSeqNbr><servProvCode>BPTDEV</servProvCode><auditModel><auditDate>2014-07-01T10:45:40-06:00</auditDate><auditID>ADMIN</auditID><auditStatus>A</auditStatus></auditModel><bizdomain>PLN_ROADS</bizdomain><bizdomainValue>Public</bizdomainValue><sortOrder>10</sortOrder><standardChoiceValueI18NModels/></sharedDropDownValue></sharedDropDownList><type>ShareDropDown</type></sharedDropDownListModel>
<sharedDropDownListModel><name>PLN_OCCUPATION</name><serviceProviderCode>BPTDEV</serviceProviderCode><auditModel><auditDate>2012-02-27T18:38:55-07:00</auditDate><auditID>ADMIN</auditID><auditStatus>A</auditStatus></auditModel><description>For Home Occupation</description><sharedDropDownList><sharedDropDownValue><bdvSeqNbr>104581330</bdvSeqNbr><servProvCode>BPTDEV</servProvCode><auditModel><auditDate>2012-02-09T09:21:44-07:00</auditDate><auditID>ADMIN</auditID><auditStatus>A</auditStatus></auditModel><bizdomain>PLN_OCCUPATION</bizdomain><bizdomainValue>Accountant/Bookkeeper</bizdomainValue><sortOrder>0</sortOrder><standardChoiceValueI18NModels/></sharedDropDownValue><sharedDropDownValue><bdvSeqNbr>104581331</bdvSeqNbr><servProvCode>BPTDEV</servProvCode><auditModel><auditDate>2012-02-09T09:21:54-07:00</auditDate><auditID>ADMIN</auditID><auditStatus>A</auditStatus></auditModel><bizdomain>PLN_OCCUPATION</bizdomain><bizdomainValue>Appraiser</bizdomainValue><sortOrder>0</sortOrder><standardChoiceValueI18NModels/></sharedDropDownValue><sharedDropDownValue><bdvSeqNbr>104581332</bdvSeqNbr><servProvCode>BPTDEV</servProvCode><auditModel><auditDate>2012-02-09T09:22:08-07:00</auditDate><auditID>ADMIN</auditID><auditStatus>A</auditStatus></auditModel><bizdomain>PLN_OCCUPATION</bizdomain><bizdomainValue>Architect/Drafting Service</bizdomainValue><sortOrder>0</sortOrder><standardChoiceValueI18NModels/></sharedDropDownValue><sharedDropDownValue><bdvSeqNbr>104581333</bdvSeqNbr><servProvCode>BPTDEV</servProvCode><auditModel><auditDate>2012-02-09T09:22:15-07:00</auditDate><auditID>ADMIN</auditID><auditStatus>A</auditStatus></auditModel><bizdomain>PLN_OCCUPATION</bizdomain><bizdomainValue>Artist</bizdomainValue><sortOrder>0</sortOrder><standardChoiceValueI18NModels/></sharedDropDownValue><sharedDropDownValue><bdvSeqNbr>104581334</bdvSeqNbr><servProvCode>BPTDEV</servProvCode><auditModel><auditDate>2012-02-09T09:22:21-07:00</auditDate><auditID>ADMIN</auditID><auditStatus>A</auditStatus></auditModel><bizdomain>PLN_OCCUPATION</bizdomain><bizdomainValue>Attorney</bizdomainValue><sortOrder>0</sortOrder><standardChoiceValueI18NModels/></sharedDropDownValue><sharedDropDownValue><bdvSeqNbr>104581336</bdvSeqNbr><servProvCode>BPTDEV</servProvCode><auditModel><auditDate>2012-02-09T09:22:57-07:00</auditDate><auditID>ADMIN</auditID><auditStatus>A</auditStatus></auditModel><bizdomain>PLN_OCCUPATION</bizdomain><bizdomainValue>Contractor/Handyperson</bizdomainValue><sortOrder>0</sortOrder><standardChoiceValueI18NModels/></sharedDropDownValue><sharedDropDownValue><bdvSeqNbr>104581337</bdvSeqNbr><servProvCode>BPTDEV</servProvCode><auditModel><auditDate>2012-02-09T09:23:10-07:00</auditDate><auditID>ADMIN</auditID><auditStatus>A</auditStatus></auditModel><bizdomain>PLN_OCCUPATION</bizdomain><bizdomainValue>Counselor/Psychologist</bizdomainValue><sortOrder>0</sortOrder><standardChoiceValueI18NModels/></sharedDropDownValue><sharedDropDownValue><bdvSeqNbr>104581338</bdvSeqNbr><servProvCode>BPTDEV</servProvCode><auditModel><auditDate>2012-02-09T09:23:26-07:00</auditDate><auditID>ADMIN</auditID><auditStatus>A</auditStatus></auditModel><bizdomain>PLN_OCCUPATION</bizdomain><bizdomainValue>Dressmaker/Tailor</bizdomainValue><sortOrder>0</sortOrder><standardChoiceValueI18NModels/></sharedDropDownValue><sharedDropDownValue><bdvSeqNbr>104581339</bdvSeqNbr><servProvCode>BPTDEV</servProvCode><auditModel><auditDate>2012-02-09T09:23:39-07:00</auditDate><auditID>ADMIN</auditID><auditStatus>A</auditStatus></auditModel><bizdomain>PLN_OCCUPATION</bizdomain><bizdomainValue>Insurance Broker/Agent</bizdomainValue><sortOrder>0</sortOrder><standardChoiceValueI18NModels/></sharedDropDownValue><sharedDropDownValue><bdvSeqNbr>104581340</bdvSeqNbr><servProvCode>BPTDEV</servProvCode><auditModel><auditDate>2012-02-09T09:23:49-07:00</auditDate><auditID>ADMIN</auditID><auditStatus>A</auditStatus></auditModel><bizdomain>PLN_OCCUPATION</bizdomain><bizdomainValue>Interior Decorator</bizdomainValue><sortOrder>0</sortOrder><standardChoiceValueI18NModels/></sharedDropDownValue><sharedDropDownValue><bdvSeqNbr>104581341</bdvSeqNbr><servProvCode>BPTDEV</servProvCode><auditModel><auditDate>2012-02-09T09:23:59-07:00</auditDate><auditID>ADMIN</auditID><auditStatus>A</auditStatus></auditModel><bizdomain>PLN_OCCUPATION</bizdomain><bizdomainValue>Janitorial Service</bizdomainValue><sortOrder>0</sortOrder><standardChoiceValueI18NModels/></sharedDropDownValue><sharedDropDownValue><bdvSeqNbr>104581342</bdvSeqNbr><servProvCode>BPTDEV</servProvCode><auditModel><auditDate>2012-02-09T09:24:18-07:00</auditDate><auditID>ADMIN</auditID><auditStatus>A</auditStatus></auditModel><bizdomain>PLN_OCCUPATION</bizdomain><bizdomainValue>Landscape Contractor/Gardening Service</bizdomainValue><sortOrder>0</sortOrder><standardChoiceValueI18NModels/></sharedDropDownValue><sharedDropDownValue><bdvSeqNbr>104581343</bdvSeqNbr><servProvCode>BPTDEV</servProvCode><auditModel><auditDate>2012-02-09T09:24:48-07:00</auditDate><auditID>ADMIN</auditID><auditStatus>A</auditStatus></auditModel><bizdomain>PLN_OCCUPATION</bizdomain><bizdomainValue>Mobile Vehicle Glass Install/Detail</bizdomainValue><sortOrder>0</sortOrder><standardChoiceValueI18NModels/></sharedDropDownValue><sharedDropDownValue><bdvSeqNbr>104581344</bdvSeqNbr><servProvCode>BPTDEV</servProvCode><auditModel><auditDate>2012-02-09T09:24:59-07:00</auditDate><auditID>ADMIN</auditID><auditStatus>A</auditStatus></auditModel><bizdomain>PLN_OCCUPATION</bizdomain><bizdomainValue>Other</bizdomainValue><sortOrder>0</sortOrder><standardChoiceValueI18NModels/></sharedDropDownValue><sharedDropDownValue><bdvSeqNbr>104581345</bdvSeqNbr><servProvCode>BPTDEV</servProvCode><auditModel><auditDate>2012-02-09T09:25:08-07:00</auditDate><auditID>ADMIN</auditID><auditStatus>A</auditStatus></auditModel><bizdomain>PLN_OCCUPATION</bizdomain><bizdomainValue>Photo Laboratory</bizdomainValue><sortOrder>0</sortOrder><standardChoiceValueI18NModels/></sharedDropDownValue><sharedDropDownValue><bdvSeqNbr>104581346</bdvSeqNbr><servProvCode>BPTDEV</servProvCode><auditModel><auditDate>2012-02-09T09:25:24-07:00</auditDate><auditID>ADMIN</auditID><auditStatus>A</auditStatus></auditModel><bizdomain>PLN_OCCUPATION</bizdomain><bizdomainValue>Real Estate Broker/Agent</bizdomainValue><sortOrder>0</sortOrder><standardChoiceValueI18NModels/></sharedDropDownValue><sharedDropDownValue><bdvSeqNbr>104581335</bdvSeqNbr><servProvCode>BPTDEV</servProvCode><auditModel><auditDate>2012-02-09T09:22:47-07:00</auditDate><auditID>ADMIN</auditID><auditStatus>A</auditStatus></auditModel><bizdomain>PLN_OCCUPATION</bizdomain><bizdomainValue>Sales/Mail Order</bizdomainValue><sortOrder>0</sortOrder><standardChoiceValueI18NModels/></sharedDropDownValue><sharedDropDownValue><bdvSeqNbr>104581347</bdvSeqNbr><servProvCode>BPTDEV</servProvCode><auditModel><auditDate>2012-02-09T09:25:56-07:00</auditDate><auditID>ADMIN</auditID><auditStatus>A</auditStatus></auditModel><bizdomain>PLN_OCCUPATION</bizdomain><bizdomainValue>Secretarial/Admin Assist/Word Proc</bizdomainValue><sortOrder>0</sortOrder><standardChoiceValueI18NModels/></sharedDropDownValue><sharedDropDownValue><bdvSeqNbr>104581348</bdvSeqNbr><servProvCode>BPTDEV</servProvCode><auditModel><auditDate>2012-02-09T09:26:15-07:00</auditDate><auditID>ADMIN</auditID><auditStatus>A</auditStatus></auditModel><bizdomain>PLN_OCCUPATION</bizdomain><bizdomainValue>Small Appliance Repair</bizdomainValue><sortOrder>0</sortOrder><standardChoiceValueI18NModels/></sharedDropDownValue><sharedDropDownValue><bdvSeqNbr>104581349</bdvSeqNbr><servProvCode>BPTDEV</servProvCode><auditModel><auditDate>2012-02-09T09:28:10-07:00</auditDate><auditID>ADMIN</auditID><auditStatus>A</auditStatus></auditModel><bizdomain>PLN_OCCUPATION</bizdomain><bizdomainValue>Swimming Instructor</bizdomainValue><sortOrder>0</sortOrder><standardChoiceValueI18NModels/></sharedDropDownValue><sharedDropDownValue><bdvSeqNbr>104581350</bdvSeqNbr><servProvCode>BPTDEV</servProvCode><auditModel><auditDate>2012-02-09T09:28:16-07:00</auditDate><auditID>ADMIN</auditID><auditStatus>A</auditStatus></auditModel><bizdomain>PLN_OCCUPATION</bizdomain><bizdomainValue>Tutor</bizdomainValue><sortOrder>0</sortOrder><standardChoiceValueI18NModels/></sharedDropDownValue><sharedDropDownValue><bdvSeqNbr>104581351</bdvSeqNbr><servProvCode>BPTDEV</servProvCode><auditModel><auditDate>2012-02-09T09:28:33-07:00</auditDate><auditID>ADMIN</auditID><auditStatus>A</auditStatus></auditModel><bizdomain>PLN_OCCUPATION</bizdomain><bizdomainValue>Web/Graphic Designer</bizdomainValue><sortOrder>0</sortOrder><standardChoiceValueI18NModels/></sharedDropDownValue></sharedDropDownList><type>ShareDropDown</type></sharedDropDownListModel>
<sharedDropDownListModel><name>PLN_AMEND_TYPE</name><serviceProviderCode>BPTDEV</serviceProviderCode><auditModel><auditDate>2014-09-04T14:54:05-06:00</auditDate><auditID>ADMIN</auditID><auditStatus>A</auditStatus></auditModel><description>Type of proposed plan amendment</description><sharedDropDownList><sharedDropDownValue><bdvSeqNbr>104598448</bdvSeqNbr><servProvCode>BPTDEV</servProvCode><auditModel><auditDate>2014-09-04T14:55:44-06:00</auditDate><auditID>ADMIN</auditID><auditStatus>A</auditStatus></auditModel><bizdomain>PLN_AMEND_TYPE</bizdomain><bizdomainValue>Future Land Use Designation</bizdomainValue><sortOrder>10</sortOrder><standardChoiceValueI18NModels/></sharedDropDownValue><sharedDropDownValue><bdvSeqNbr>104598449</bdvSeqNbr><servProvCode>BPTDEV</servProvCode><auditModel><auditDate>2014-09-04T14:55:44-06:00</auditDate><auditID>ADMIN</auditID><auditStatus>A</auditStatus></auditModel><bizdomain>PLN_AMEND_TYPE</bizdomain><bizdomainValue>Plan Document/Text</bizdomainValue><sortOrder>20</sortOrder><standardChoiceValueI18NModels/></sharedDropDownValue><sharedDropDownValue><bdvSeqNbr>104598450</bdvSeqNbr><servProvCode>BPTDEV</servProvCode><auditModel><auditDate>2014-09-04T14:55:44-06:00</auditDate><auditID>ADMIN</auditID><auditStatus>A</auditStatus></auditModel><bizdomain>PLN_AMEND_TYPE</bizdomain><bizdomainValue>Zoning</bizdomainValue><sortOrder>30</sortOrder><standardChoiceValueI18NModels/></sharedDropDownValue></sharedDropDownList><type>ShareDropDown</type></sharedDropDownListModel>
<sharedDropDownListModel><name>PLN_ENCROACH_TYPE</name><serviceProviderCode>BPTDEV</serviceProviderCode><auditModel><auditDate>2014-09-04T14:21:33-06:00</auditDate><auditID>ADMIN</auditID><auditStatus>A</auditStatus></auditModel><description>Type of encroachment for Revocable Permit</description><sharedDropDownList><sharedDropDownValue><bdvSeqNbr>104598442</bdvSeqNbr><servProvCode>BPTDEV</servProvCode><auditModel><auditDate>2014-09-04T14:24:59-06:00</auditDate><auditID>ADMIN</auditID><auditStatus>A</auditStatus></auditModel><bizdomain>PLN_ENCROACH_TYPE</bizdomain><bizdomainValue>Awning</bizdomainValue><sortOrder>10</sortOrder><standardChoiceValueI18NModels/></sharedDropDownValue><sharedDropDownValue><bdvSeqNbr>104598441</bdvSeqNbr><servProvCode>BPTDEV</servProvCode><auditModel><auditDate>2014-09-04T14:24:59-06:00</auditDate><auditID>ADMIN</auditID><auditStatus>A</auditStatus></auditModel><bizdomain>PLN_ENCROACH_TYPE</bizdomain><bizdomainValue>Banner</bizdomainValue><sortOrder>20</sortOrder><standardChoiceValueI18NModels/></sharedDropDownValue><sharedDropDownValue><bdvSeqNbr>104598445</bdvSeqNbr><servProvCode>BPTDEV</servProvCode><auditModel><auditDate>2014-09-04T14:24:59-06:00</auditDate><auditID>ADMIN</auditID><auditStatus>A</auditStatus></auditModel><bizdomain>PLN_ENCROACH_TYPE</bizdomain><bizdomainValue>Bicycle Rack</bizdomainValue><sortOrder>30</sortOrder><standardChoiceValueI18NModels/></sharedDropDownValue><sharedDropDownValue><bdvSeqNbr>104598446</bdvSeqNbr><servProvCode>BPTDEV</servProvCode><auditModel><auditDate>2014-09-04T14:24:59-06:00</auditDate><auditID>ADMIN</auditID><auditStatus>A</auditStatus></auditModel><bizdomain>PLN_ENCROACH_TYPE</bizdomain><bizdomainValue>Dumpster</bizdomainValue><sortOrder>40</sortOrder><standardChoiceValueI18NModels/></sharedDropDownValue><sharedDropDownValue><bdvSeqNbr>104598440</bdvSeqNbr><servProvCode>BPTDEV</servProvCode><auditModel><auditDate>2014-09-04T14:24:59-06:00</auditDate><auditID>ADMIN</auditID><auditStatus>A</auditStatus></auditModel><bizdomain>PLN_ENCROACH_TYPE</bizdomain><bizdomainValue>Lighting</bizdomainValue><sortOrder>50</sortOrder><standardChoiceValueI18NModels/></sharedDropDownValue><sharedDropDownValue><bdvSeqNbr>104598444</bdvSeqNbr><servProvCode>BPTDEV</servProvCode><auditModel><auditDate>2014-09-04T14:24:59-06:00</auditDate><auditID>ADMIN</auditID><auditStatus>A</auditStatus></auditModel><bizdomain>PLN_ENCROACH_TYPE</bizdomain><bizdomainValue>Newpaper Rack</bizdomainValue><sortOrder>60</sortOrder><standardChoiceValueI18NModels/></sharedDropDownValue><sharedDropDownValue><bdvSeqNbr>104598447</bdvSeqNbr><servProvCode>BPTDEV</servProvCode><auditModel><auditDate>2014-09-04T14:25:39-06:00</auditDate><auditID>ADMIN</auditID><auditStatus>A</auditStatus></auditModel><bizdomain>PLN_ENCROACH_TYPE</bizdomain><bizdomainValue>Other Use</bizdomainValue><sortOrder>100</sortOrder><standardChoiceValueI18NModels/></sharedDropDownValue><sharedDropDownValue><bdvSeqNbr>104598443</bdvSeqNbr><servProvCode>BPTDEV</servProvCode><auditModel><auditDate>2014-09-04T14:24:59-06:00</auditDate><auditID>ADMIN</auditID><auditStatus>A</auditStatus></auditModel><bizdomain>PLN_ENCROACH_TYPE</bizdomain><bizdomainValue>Sidewalk Cafe</bizdomainValue><sortOrder>70</sortOrder><standardChoiceValueI18NModels/></sharedDropDownValue><sharedDropDownValue><bdvSeqNbr>104598439</bdvSeqNbr><servProvCode>BPTDEV</servProvCode><auditModel><auditDate>2014-09-04T14:24:59-06:00</auditDate><auditID>ADMIN</auditID><auditStatus>A</auditStatus></auditModel><bizdomain>PLN_ENCROACH_TYPE</bizdomain><bizdomainValue>Sign</bizdomainValue><sortOrder>80</sortOrder><standardChoiceValueI18NModels/></sharedDropDownValue></sharedDropDownList><type>ShareDropDown</type></sharedDropDownListModel>
<sharedDropDownListModel><name>PLN_HEARING_TYPE</name><serviceProviderCode>BPTDEV</serviceProviderCode><auditModel><auditDate>2012-02-09T17:55:29-07:00</auditDate><auditID>ADMIN</auditID><auditStatus>A</auditStatus></auditModel><description>Hearing types for planning applications (City Council, Planning Commission)</description><sharedDropDownList><sharedDropDownValue><bdvSeqNbr>104581353</bdvSeqNbr><servProvCode>BPTDEV</servProvCode><auditModel><auditDate>2012-02-09T00:00:00-07:00</auditDate><auditID>ADMIN</auditID><auditStatus>A</auditStatus></auditModel><bizdomain>PLN_HEARING_TYPE</bizdomain><bizdomainValue>City Council</bizdomainValue><sortOrder>1</sortOrder><standardChoiceValueI18NModels/></sharedDropDownValue><sharedDropDownValue><bdvSeqNbr>104581355</bdvSeqNbr><servProvCode>BPTDEV</servProvCode><auditModel><auditDate>2012-02-09T00:00:00-07:00</auditDate><auditID>ADMIN</auditID><auditStatus>A</auditStatus></auditModel><bizdomain>PLN_HEARING_TYPE</bizdomain><bizdomainValue>No Hearing</bizdomainValue><sortOrder>3</sortOrder><standardChoiceValueI18NModels/></sharedDropDownValue><sharedDropDownValue><bdvSeqNbr>104581354</bdvSeqNbr><servProvCode>BPTDEV</servProvCode><auditModel><auditDate>2012-02-09T00:00:00-07:00</auditDate><auditID>ADMIN</auditID><auditStatus>A</auditStatus></auditModel><bizdomain>PLN_HEARING_TYPE</bizdomain><bizdomainValue>Planning Commission</bizdomainValue><sortOrder>2</sortOrder><standardChoiceValueI18NModels/></sharedDropDownValue></sharedDropDownList><type>ShareDropDown</type></sharedDropDownListModel>
</list>