<?xml version="1.0" encoding="UTF-8" standalone="yes"?>
<list  version="8.0.0" minorVersion="15" exportUser="ADMIN" exportDateTime="03/30/2016 09:00 PM" description="null"><menuTemplate refId="1@MenuTemplateModel"><policySeq>287808</policySeq><serviceProviderCode>BPTDEV</serviceProviderCode><auditModel><auditDate>2015-06-08T16:04:12-06:00</auditDate><auditID>ADMIN</auditID><auditStatus>A</auditStatus></auditModel><data1>cap_tabbar</data1><data2>Fire Module Menu</data2><levelData>Fire</levelData><levelType>Module</levelType><menuLevel>1</menuLevel><policyI18NModels/><policyName>Menu</policyName><rightGranted>Y</rightGranted><status>Y</status><menuModels><menu refId="2@MenuModel"><policySeq>287872</policySeq><serviceProviderCode>BPTDEV</serviceProviderCode><auditModel><auditDate>2015-06-08T16:04:12-06:00</auditDate><auditID>ADMIN</auditID><auditStatus>A</auditStatus></auditModel><data1>cap_tabbar</data1><data2>Fire Module Menu/[0]Record Data</data2><levelData>Fire</levelData><levelType>Module</levelType><menuLevel>2</menuLevel><policyI18NModels/><policyName>Menu</policyName><rightGranted>Y</rightGranted><status>Y</status><menuItemModels><menuItem refId="3@MenuItemModel"><policySeq>287873</policySeq><serviceProviderCode>BPTDEV</serviceProviderCode><auditModel><auditDate>2015-06-08T16:04:12-06:00</auditDate><auditID>ADMIN</auditID><auditStatus>A</auditStatus></auditModel><data1>cap_tabbar</data1><data2>Fire Module Menu/[0]Record Data/[0]CapTabSummary[][B]</data2><levelData>Fire</levelData><levelType>Module</levelType><menuLevel>3</menuLevel><policyI18NModels/><policyName>Menu</policyName><rightGranted>Y</rightGranted><status>Y</status></menuItem><menuItem refId="4@MenuItemModel"><policySeq>287874</policySeq><serviceProviderCode>BPTDEV</serviceProviderCode><auditModel><auditDate>2015-06-08T16:04:12-06:00</auditDate><auditID>ADMIN</auditID><auditStatus>A</auditStatus></auditModel><data1>cap_tabbar</data1><data2>Fire Module Menu/[0]Record Data/[1]CapDetail[][B]</data2><levelData>Fire</levelData><levelType>Module</levelType><menuLevel>3</menuLevel><policyI18NModels/><policyName>Menu</policyName><rightGranted>Y</rightGranted><status>Y</status></menuItem><menuItem refId="5@MenuItemModel"><policySeq>287875</policySeq><serviceProviderCode>BPTDEV</serviceProviderCode><auditModel><auditDate>2015-06-08T16:04:12-06:00</auditDate><auditID>ADMIN</auditID><auditStatus>A</auditStatus></auditModel><data1>cap_tabbar</data1><data2>Fire Module Menu/[0]Record Data/[2]Activity[][B]</data2><levelData>Fire</levelData><levelType>Module</levelType><menuLevel>3</menuLevel><policyI18NModels/><policyName>Menu</policyName><rightGranted>Y</rightGranted><status>Y</status></menuItem><menuItem refId="6@MenuItemModel"><policySeq>287876</policySeq><serviceProviderCode>BPTDEV</serviceProviderCode><auditModel><auditDate>2015-06-08T16:04:12-06:00</auditDate><auditID>ADMIN</auditID><auditStatus>A</auditStatus></auditModel><data1>cap_tabbar</data1><data2>Fire Module Menu/[0]Record Data/[3]Comments[][B]</data2><levelData>Fire</levelData><levelType>Module</levelType><menuLevel>3</menuLevel><policyI18NModels/><policyName>Menu</policyName><rightGranted>Y</rightGranted><status>Y</status></menuItem><menuItem refId="7@MenuItemModel"><policySeq>287877</policySeq><serviceProviderCode>BPTDEV</serviceProviderCode><auditModel><auditDate>2015-06-08T16:04:12-06:00</auditDate><auditID>ADMIN</auditID><auditStatus>A</auditStatus></auditModel><data1>cap_tabbar</data1><data2>Fire Module Menu/[0]Record Data/[4]Conditions[][B]</data2><levelData>Fire</levelData><levelType>Module</levelType><menuLevel>3</menuLevel><policyI18NModels/><policyName>Menu</policyName><rightGranted>Y</rightGranted><status>Y</status></menuItem><menuItem refId="8@MenuItemModel"><policySeq>287878</policySeq><serviceProviderCode>BPTDEV</serviceProviderCode><auditModel><auditDate>2015-06-08T16:04:12-06:00</auditDate><auditID>ADMIN</auditID><auditStatus>A</auditStatus></auditModel><data1>cap_tabbar</data1><data2>Fire Module Menu/[0]Record Data/[5]ConditionsOfApproval[][B]</data2><levelData>Fire</levelData><levelType>Module</levelType><menuLevel>3</menuLevel><policyI18NModels/><policyName>Menu</policyName><rightGranted>Y</rightGranted><status>Y</status></menuItem><menuItem refId="9@MenuItemModel"><policySeq>287879</policySeq><serviceProviderCode>BPTDEV</serviceProviderCode><auditModel><auditDate>2015-06-08T16:04:12-06:00</auditDate><auditID>ADMIN</auditID><auditStatus>A</auditStatus></auditModel><data1>cap_tabbar</data1><data2>Fire Module Menu/[0]Record Data/[6]RecordActivityReport[][B]</data2><levelData>Fire</levelData><levelType>Module</levelType><menuLevel>3</menuLevel><policyI18NModels/><policyName>Menu</policyName><rightGranted>Y</rightGranted><status>Y</status></menuItem><menuItem refId="10@MenuItemModel"><policySeq>287880</policySeq><serviceProviderCode>BPTDEV</serviceProviderCode><auditModel><auditDate>2015-06-08T16:04:12-06:00</auditDate><auditID>ADMIN</auditID><auditStatus>A</auditStatus></auditModel><data1>cap_tabbar</data1><data2>Fire Module Menu/[0]Record Data/[7]AppSpecInfo[][B]</data2><levelData>Fire</levelData><levelType>Module</levelType><menuLevel>3</menuLevel><policyI18NModels/><policyName>Menu</policyName><rightGranted>Y</rightGranted><status>Y</status></menuItem><menuItem refId="11@MenuItemModel"><policySeq>287881</policySeq><serviceProviderCode>BPTDEV</serviceProviderCode><auditModel><auditDate>2015-06-08T16:04:12-06:00</auditDate><auditID>ADMIN</auditID><auditStatus>A</auditStatus></auditModel><data1>cap_tabbar</data1><data2>Fire Module Menu/[0]Record Data/[8]AppSpecInfoTable[][B]</data2><levelData>Fire</levelData><levelType>Module</levelType><menuLevel>3</menuLevel><policyI18NModels/><policyName>Menu</policyName><rightGranted>Y</rightGranted><status>Y</status></menuItem><menuItem refId="12@MenuItemModel"><policySeq>287882</policySeq><serviceProviderCode>BPTDEV</serviceProviderCode><auditModel><auditDate>2015-06-08T16:04:12-06:00</auditDate><auditID>ADMIN</auditID><auditStatus>A</auditStatus></auditModel><data1>cap_tabbar</data1><data2>Fire Module Menu/[0]Record Data/[9]Document[][B]</data2><levelData>Fire</levelData><levelType>Module</levelType><menuLevel>3</menuLevel><policyI18NModels/><policyName>Menu</policyName><rightGranted>Y</rightGranted><status>Y</status></menuItem><menuItem refId="13@MenuItemModel"><policySeq>287883</policySeq><serviceProviderCode>BPTDEV</serviceProviderCode><auditModel><auditDate>2015-06-08T16:04:12-06:00</auditDate><auditID>ADMIN</auditID><auditStatus>A</auditStatus></auditModel><data1>cap_tabbar</data1><data2>Fire Module Menu/[0]Record Data/[10]XRefCap[][B]</data2><levelData>Fire</levelData><levelType>Module</levelType><menuLevel>3</menuLevel><policyI18NModels/><policyName>Menu</policyName><rightGranted>Y</rightGranted><status>Y</status></menuItem><menuItem refId="14@MenuItemModel"><policySeq>287884</policySeq><serviceProviderCode>BPTDEV</serviceProviderCode><auditModel><auditDate>2015-06-08T16:04:12-06:00</auditDate><auditID>ADMIN</auditID><auditStatus>A</auditStatus></auditModel><data1>cap_tabbar</data1><data2>Fire Module Menu/[0]Record Data/[11]Status[][B]</data2><levelData>Fire</levelData><levelType>Module</levelType><menuLevel>3</menuLevel><policyI18NModels/><policyName>Menu</policyName><rightGranted>Y</rightGranted><status>Y</status></menuItem><menuItem refId="15@MenuItemModel"><policySeq>287885</policySeq><serviceProviderCode>BPTDEV</serviceProviderCode><auditModel><auditDate>2015-06-08T16:04:12-06:00</auditDate><auditID>ADMIN</auditID><auditStatus>A</auditStatus></auditModel><data1>cap_tabbar</data1><data2>Fire Module Menu/[0]Record Data/[12]StatusHistory[][B]</data2><levelData>Fire</levelData><levelType>Module</levelType><menuLevel>3</menuLevel><policyI18NModels/><policyName>Menu</policyName><rightGranted>Y</rightGranted><status>Y</status></menuItem><menuItem refId="16@MenuItemModel"><policySeq>287886</policySeq><serviceProviderCode>BPTDEV</serviceProviderCode><auditModel><auditDate>2015-06-08T16:04:12-06:00</auditDate><auditID>ADMIN</auditID><auditStatus>A</auditStatus></auditModel><data1>cap_tabbar</data1><data2>Fire Module Menu/[0]Record Data/[13]FeeValuation[][B]</data2><levelData>Fire</levelData><levelType>Module</levelType><menuLevel>3</menuLevel><policyI18NModels/><policyName>Menu</policyName><rightGranted>Y</rightGranted><status>Y</status></menuItem></menuItemModels><menuName>Fire Module Menu/[0]Record Data%</menuName></menu><menu refId="17@MenuModel"><policySeq>287923</policySeq><serviceProviderCode>BPTDEV</serviceProviderCode><auditModel><auditDate>2015-06-08T16:04:12-06:00</auditDate><auditID>ADMIN</auditID><auditStatus>A</auditStatus></auditModel><data1>cap_tabbar</data1><data2>Fire Module Menu/[5]People</data2><levelData>Fire</levelData><levelType>Module</levelType><menuLevel>2</menuLevel><policyI18NModels/><policyName>Menu</policyName><rightGranted>Y</rightGranted><status>Y</status><menuItemModels><menuItem refId="18@MenuItemModel"><policySeq>287924</policySeq><serviceProviderCode>BPTDEV</serviceProviderCode><auditModel><auditDate>2015-06-08T16:04:12-06:00</auditDate><auditID>ADMIN</auditID><auditStatus>A</auditStatus></auditModel><data1>cap_tabbar</data1><data2>Fire Module Menu/[5]People/[0]Contact[][B]</data2><levelData>Fire</levelData><levelType>Module</levelType><menuLevel>3</menuLevel><policyI18NModels/><policyName>Menu</policyName><rightGranted>Y</rightGranted><status>Y</status></menuItem><menuItem refId="19@MenuItemModel"><policySeq>287925</policySeq><serviceProviderCode>BPTDEV</serviceProviderCode><auditModel><auditDate>2015-06-08T16:04:12-06:00</auditDate><auditID>ADMIN</auditID><auditStatus>A</auditStatus></auditModel><data1>cap_tabbar</data1><data2>Fire Module Menu/[5]People/[1]Owner[][B]</data2><levelData>Fire</levelData><levelType>Module</levelType><menuLevel>3</menuLevel><policyI18NModels/><policyName>Menu</policyName><rightGranted>Y</rightGranted><status>Y</status></menuItem><menuItem refId="20@MenuItemModel"><policySeq>287926</policySeq><serviceProviderCode>BPTDEV</serviceProviderCode><auditModel><auditDate>2015-06-08T16:04:12-06:00</auditDate><auditID>ADMIN</auditID><auditStatus>A</auditStatus></auditModel><data1>cap_tabbar</data1><data2>Fire Module Menu/[5]People/[2]Professionals[][B]</data2><levelData>Fire</levelData><levelType>Module</levelType><menuLevel>3</menuLevel><policyI18NModels/><policyName>Menu</policyName><rightGranted>Y</rightGranted><status>Y</status></menuItem></menuItemModels><menuName>Fire Module Menu/[5]People%</menuName></menu><menu refId="21@MenuModel"><policySeq>287927</policySeq><serviceProviderCode>BPTDEV</serviceProviderCode><auditModel><auditDate>2015-06-08T16:04:12-06:00</auditDate><auditID>ADMIN</auditID><auditStatus>A</auditStatus></auditModel><data1>cap_tabbar</data1><data2>Fire Module Menu/[6]Workflow</data2><levelData>Fire</levelData><levelType>Module</levelType><menuLevel>2</menuLevel><policyI18NModels/><policyName>Menu</policyName><rightGranted>Y</rightGranted><status>Y</status><menuItemModels><menuItem refId="22@MenuItemModel"><policySeq>287928</policySeq><serviceProviderCode>BPTDEV</serviceProviderCode><auditModel><auditDate>2015-06-08T16:04:12-06:00</auditDate><auditID>ADMIN</auditID><auditStatus>A</auditStatus></auditModel><data1>cap_tabbar</data1><data2>Fire Module Menu/[6]Workflow/[0]Workflow[][B]</data2><levelData>Fire</levelData><levelType>Module</levelType><menuLevel>3</menuLevel><policyI18NModels/><policyName>Menu</policyName><rightGranted>Y</rightGranted><status>Y</status></menuItem><menuItem refId="23@MenuItemModel"><policySeq>287929</policySeq><serviceProviderCode>BPTDEV</serviceProviderCode><auditModel><auditDate>2015-06-08T16:04:12-06:00</auditDate><auditID>ADMIN</auditID><auditStatus>A</auditStatus></auditModel><data1>cap_tabbar</data1><data2>Fire Module Menu/[6]Workflow/[1]History[][B]</data2><levelData>Fire</levelData><levelType>Module</levelType><menuLevel>3</menuLevel><policyI18NModels/><policyName>Menu</policyName><rightGranted>Y</rightGranted><status>Y</status></menuItem><menuItem refId="24@MenuItemModel"><policySeq>287930</policySeq><serviceProviderCode>BPTDEV</serviceProviderCode><auditModel><auditDate>2015-06-08T16:04:12-06:00</auditDate><auditID>ADMIN</auditID><auditStatus>A</auditStatus></auditModel><data1>cap_tabbar</data1><data2>Fire Module Menu/[6]Workflow/[2]Activity[][B]</data2><levelData>Fire</levelData><levelType>Module</levelType><menuLevel>3</menuLevel><policyI18NModels/><policyName>Menu</policyName><rightGranted>Y</rightGranted><status>Y</status></menuItem><menuItem refId="25@MenuItemModel"><policySeq>287931</policySeq><serviceProviderCode>BPTDEV</serviceProviderCode><auditModel><auditDate>2015-06-08T16:04:12-06:00</auditDate><auditID>ADMIN</auditID><auditStatus>A</auditStatus></auditModel><data1>cap_tabbar</data1><data2>Fire Module Menu/[6]Workflow/[3]Activity Summary[][B]</data2><levelData>Fire</levelData><levelType>Module</levelType><menuLevel>3</menuLevel><policyI18NModels/><policyName>Menu</policyName><rightGranted>Y</rightGranted><status>Y</status></menuItem><menuItem refId="26@MenuItemModel"><policySeq>287932</policySeq><serviceProviderCode>BPTDEV</serviceProviderCode><auditModel><auditDate>2015-06-08T16:04:12-06:00</auditDate><auditID>ADMIN</auditID><auditStatus>A</auditStatus></auditModel><data1>cap_tabbar</data1><data2>Fire Module Menu/[6]Workflow/[4]RecordActivityReport[][B]</data2><levelData>Fire</levelData><levelType>Module</levelType><menuLevel>3</menuLevel><policyI18NModels/><policyName>Menu</policyName><rightGranted>Y</rightGranted><status>Y</status></menuItem></menuItemModels><menuName>Fire Module Menu/[6]Workflow%</menuName></menu><menu refId="27@MenuModel"><policySeq>287933</policySeq><serviceProviderCode>BPTDEV</serviceProviderCode><auditModel><auditDate>2015-06-08T16:04:12-06:00</auditDate><auditID>ADMIN</auditID><auditStatus>A</auditStatus></auditModel><data1>cap_tabbar</data1><data2>Fire Module Menu/[7]Inspections</data2><levelData>Fire</levelData><levelType>Module</levelType><menuLevel>2</menuLevel><policyI18NModels/><policyName>Menu</policyName><rightGranted>Y</rightGranted><status>Y</status><menuItemModels><menuItem refId="28@MenuItemModel"><policySeq>287934</policySeq><serviceProviderCode>BPTDEV</serviceProviderCode><auditModel><auditDate>2015-06-08T16:04:12-06:00</auditDate><auditID>ADMIN</auditID><auditStatus>A</auditStatus></auditModel><data1>cap_tabbar</data1><data2>Fire Module Menu/[7]Inspections/[0]Inspections[][B]</data2><levelData>Fire</levelData><levelType>Module</levelType><menuLevel>3</menuLevel><policyI18NModels/><policyName>Menu</policyName><rightGranted>Y</rightGranted><status>Y</status></menuItem><menuItem refId="29@MenuItemModel"><policySeq>287935</policySeq><serviceProviderCode>BPTDEV</serviceProviderCode><auditModel><auditDate>2015-06-08T16:04:12-06:00</auditDate><auditID>ADMIN</auditID><auditStatus>A</auditStatus></auditModel><data1>cap_tabbar</data1><data2>Fire Module Menu/[7]Inspections/[1]RecordActivityReport[][B]</data2><levelData>Fire</levelData><levelType>Module</levelType><menuLevel>3</menuLevel><policyI18NModels/><policyName>Menu</policyName><rightGranted>Y</rightGranted><status>Y</status></menuItem></menuItemModels><menuName>Fire Module Menu/[7]Inspections%</menuName></menu><menu refId="30@MenuModel"><policySeq>287918</policySeq><serviceProviderCode>BPTDEV</serviceProviderCode><auditModel><auditDate>2015-06-08T16:04:12-06:00</auditDate><auditID>ADMIN</auditID><auditStatus>A</auditStatus></auditModel><data1>cap_tabbar</data1><data2>Fire Module Menu/[4]Fees and Payments</data2><levelData>Fire</levelData><levelType>Module</levelType><menuLevel>2</menuLevel><policyI18NModels/><policyName>Menu</policyName><rightGranted>Y</rightGranted><status>Y</status><menuItemModels><menuItem refId="31@MenuItemModel"><policySeq>287919</policySeq><serviceProviderCode>BPTDEV</serviceProviderCode><auditModel><auditDate>2015-06-08T16:04:12-06:00</auditDate><auditID>ADMIN</auditID><auditStatus>A</auditStatus></auditModel><data1>cap_tabbar</data1><data2>Fire Module Menu/[4]Fees and Payments/[0]Fees[][B]</data2><levelData>Fire</levelData><levelType>Module</levelType><menuLevel>3</menuLevel><policyI18NModels/><policyName>Menu</policyName><rightGranted>Y</rightGranted><status>Y</status></menuItem><menuItem refId="32@MenuItemModel"><policySeq>287920</policySeq><serviceProviderCode>BPTDEV</serviceProviderCode><auditModel><auditDate>2015-06-08T16:04:12-06:00</auditDate><auditID>ADMIN</auditID><auditStatus>A</auditStatus></auditModel><data1>cap_tabbar</data1><data2>Fire Module Menu/[4]Fees and Payments/[1]AssessFeeHistory[][B]</data2><levelData>Fire</levelData><levelType>Module</levelType><menuLevel>3</menuLevel><policyI18NModels/><policyName>Menu</policyName><rightGranted>Y</rightGranted><status>Y</status></menuItem><menuItem refId="33@MenuItemModel"><policySeq>287921</policySeq><serviceProviderCode>BPTDEV</serviceProviderCode><auditModel><auditDate>2015-06-08T16:04:12-06:00</auditDate><auditID>ADMIN</auditID><auditStatus>A</auditStatus></auditModel><data1>cap_tabbar</data1><data2>Fire Module Menu/[4]Fees and Payments/[2]Payments[][B]</data2><levelData>Fire</levelData><levelType>Module</levelType><menuLevel>3</menuLevel><policyI18NModels/><policyName>Menu</policyName><rightGranted>Y</rightGranted><status>Y</status></menuItem><menuItem refId="34@MenuItemModel"><policySeq>287922</policySeq><serviceProviderCode>BPTDEV</serviceProviderCode><auditModel><auditDate>2015-06-08T16:04:12-06:00</auditDate><auditID>ADMIN</auditID><auditStatus>A</auditStatus></auditModel><data1>cap_tabbar</data1><data2>Fire Module Menu/[4]Fees and Payments/[3]PaymentHistory[][B]</data2><levelData>Fire</levelData><levelType>Module</levelType><menuLevel>3</menuLevel><policyI18NModels/><policyName>Menu</policyName><rightGranted>Y</rightGranted><status>Y</status></menuItem></menuItemModels><menuName>Fire Module Menu/[4]Fees and Payments%</menuName></menu><menu refId="35@MenuModel"><policySeq>287915</policySeq><serviceProviderCode>BPTDEV</serviceProviderCode><auditModel><auditDate>2015-06-08T16:04:12-06:00</auditDate><auditID>ADMIN</auditID><auditStatus>A</auditStatus></auditModel><data1>cap_tabbar</data1><data2>Fire Module Menu/[2]Property</data2><levelData>Fire</levelData><levelType>Module</levelType><menuLevel>2</menuLevel><policyI18NModels/><policyName>Menu</policyName><rightGranted>Y</rightGranted><status>Y</status><menuItemModels><menuItem refId="36@MenuItemModel"><policySeq>287916</policySeq><serviceProviderCode>BPTDEV</serviceProviderCode><auditModel><auditDate>2015-06-08T16:04:12-06:00</auditDate><auditID>ADMIN</auditID><auditStatus>A</auditStatus></auditModel><data1>cap_tabbar</data1><data2>Fire Module Menu/[2]Property/[0]Address[][B]</data2><levelData>Fire</levelData><levelType>Module</levelType><menuLevel>3</menuLevel><policyI18NModels/><policyName>Menu</policyName><rightGranted>Y</rightGranted><status>Y</status></menuItem><menuItem refId="37@MenuItemModel"><policySeq>287917</policySeq><serviceProviderCode>BPTDEV</serviceProviderCode><auditModel><auditDate>2015-06-08T16:04:12-06:00</auditDate><auditID>ADMIN</auditID><auditStatus>A</auditStatus></auditModel><data1>cap_tabbar</data1><data2>Fire Module Menu/[2]Property/[1]Parcel[][B]</data2><levelData>Fire</levelData><levelType>Module</levelType><menuLevel>3</menuLevel><policyI18NModels/><policyName>Menu</policyName><rightGranted>Y</rightGranted><status>Y</status></menuItem></menuItemModels><menuName>Fire Module Menu/[2]Property%</menuName></menu><menu refId="38@MenuModel"><policySeq>287936</policySeq><serviceProviderCode>BPTDEV</serviceProviderCode><auditModel><auditDate>2015-06-08T16:05:53-06:00</auditDate><auditID>ADMIN</auditID><auditStatus>A</auditStatus></auditModel><data1>cap_tabbar</data1><data2>Fire Module Menu/[8]Tab</data2><levelData>Fire</levelData><levelType>Module</levelType><menuLevel>2</menuLevel><policyI18NModels/><policyName>Menu</policyName><rightGranted>Y</rightGranted><status>Y</status><menuItemModels><menuItem refId="39@MenuItemModel"><policySeq>287937</policySeq><serviceProviderCode>BPTDEV</serviceProviderCode><auditModel><auditDate>2015-06-08T16:15:03-06:00</auditDate><auditID>ADMIN</auditID><auditStatus>A</auditStatus></auditModel><data1>cap_tabbar</data1><data2>Fire Module Menu/[8]Tab/[0]CapTabSummary[][B]</data2><levelData>Fire</levelData><levelType>Module</levelType><menuLevel>3</menuLevel><policyI18NModels/><policyName>Menu</policyName><rightGranted>Y</rightGranted><status>Y</status></menuItem><menuItem refId="40@MenuItemModel"><policySeq>287938</policySeq><serviceProviderCode>BPTDEV</serviceProviderCode><auditModel><auditDate>2015-06-08T16:15:03-06:00</auditDate><auditID>ADMIN</auditID><auditStatus>A</auditStatus></auditModel><data1>cap_tabbar</data1><data2>Fire Module Menu/[8]Tab/[1]CapDetail[][B]</data2><levelData>Fire</levelData><levelType>Module</levelType><menuLevel>3</menuLevel><policyI18NModels/><policyName>Menu</policyName><rightGranted>Y</rightGranted><status>Y</status></menuItem><menuItem refId="41@MenuItemModel"><policySeq>287941</policySeq><serviceProviderCode>BPTDEV</serviceProviderCode><auditModel><auditDate>2015-06-08T16:15:03-06:00</auditDate><auditID>ADMIN</auditID><auditStatus>A</auditStatus></auditModel><data1>cap_tabbar</data1><data2>Fire Module Menu/[8]Tab/[2]Address[][B]</data2><levelData>Fire</levelData><levelType>Module</levelType><menuLevel>3</menuLevel><policyI18NModels/><policyName>Menu</policyName><rightGranted>Y</rightGranted><status>Y</status></menuItem><menuItem refId="42@MenuItemModel"><policySeq>287943</policySeq><serviceProviderCode>BPTDEV</serviceProviderCode><auditModel><auditDate>2015-06-08T16:15:03-06:00</auditDate><auditID>ADMIN</auditID><auditStatus>A</auditStatus></auditModel><data1>cap_tabbar</data1><data2>Fire Module Menu/[8]Tab/[3]AppSpecInfo[Data Fields][B]</data2><levelData>Fire</levelData><levelType>Module</levelType><menuLevel>3</menuLevel><policyI18NModels/><policyName>Menu</policyName><rightGranted>Y</rightGranted><status>Y</status></menuItem><menuItem refId="43@MenuItemModel"><policySeq>287944</policySeq><serviceProviderCode>BPTDEV</serviceProviderCode><auditModel><auditDate>2015-06-08T16:15:03-06:00</auditDate><auditID>ADMIN</auditID><auditStatus>A</auditStatus></auditModel><data1>cap_tabbar</data1><data2>Fire Module Menu/[8]Tab/[4]AppSpecInfoTable[Data Tables][B]</data2><levelData>Fire</levelData><levelType>Module</levelType><menuLevel>3</menuLevel><policyI18NModels/><policyName>Menu</policyName><rightGranted>Y</rightGranted><status>Y</status></menuItem><menuItem refId="44@MenuItemModel"><policySeq>287947</policySeq><serviceProviderCode>BPTDEV</serviceProviderCode><auditModel><auditDate>2015-06-08T16:15:03-06:00</auditDate><auditID>ADMIN</auditID><auditStatus>A</auditStatus></auditModel><data1>cap_tabbar</data1><data2>Fire Module Menu/[8]Tab/[5]Comments[][B]</data2><levelData>Fire</levelData><levelType>Module</levelType><menuLevel>3</menuLevel><policyI18NModels/><policyName>Menu</policyName><rightGranted>Y</rightGranted><status>Y</status></menuItem><menuItem refId="45@MenuItemModel"><policySeq>287948</policySeq><serviceProviderCode>BPTDEV</serviceProviderCode><auditModel><auditDate>2015-06-08T16:15:03-06:00</auditDate><auditID>ADMIN</auditID><auditStatus>A</auditStatus></auditModel><data1>cap_tabbar</data1><data2>Fire Module Menu/[8]Tab/[6]Conditions[Flags][B]</data2><levelData>Fire</levelData><levelType>Module</levelType><menuLevel>3</menuLevel><policyI18NModels/><policyName>Menu</policyName><rightGranted>Y</rightGranted><status>Y</status></menuItem><menuItem refId="46@MenuItemModel"><policySeq>287949</policySeq><serviceProviderCode>BPTDEV</serviceProviderCode><auditModel><auditDate>2015-06-08T16:15:03-06:00</auditDate><auditID>ADMIN</auditID><auditStatus>A</auditStatus></auditModel><data1>cap_tabbar</data1><data2>Fire Module Menu/[8]Tab/[7]Contact[][B]</data2><levelData>Fire</levelData><levelType>Module</levelType><menuLevel>3</menuLevel><policyI18NModels/><policyName>Menu</policyName><rightGranted>Y</rightGranted><status>Y</status></menuItem><menuItem refId="47@MenuItemModel"><policySeq>287950</policySeq><serviceProviderCode>BPTDEV</serviceProviderCode><auditModel><auditDate>2015-06-08T16:15:03-06:00</auditDate><auditID>ADMIN</auditID><auditStatus>A</auditStatus></auditModel><data1>cap_tabbar</data1><data2>Fire Module Menu/[8]Tab/[8]Document[][B]</data2><levelData>Fire</levelData><levelType>Module</levelType><menuLevel>3</menuLevel><policyI18NModels/><policyName>Menu</policyName><rightGranted>Y</rightGranted><status>Y</status></menuItem><menuItem refId="48@MenuItemModel"><policySeq>287951</policySeq><serviceProviderCode>BPTDEV</serviceProviderCode><auditModel><auditDate>2015-06-08T16:15:03-06:00</auditDate><auditID>ADMIN</auditID><auditStatus>A</auditStatus></auditModel><data1>cap_tabbar</data1><data2>Fire Module Menu/[8]Tab/[9]Fees[][B]</data2><levelData>Fire</levelData><levelType>Module</levelType><menuLevel>3</menuLevel><policyI18NModels/><policyName>Menu</policyName><rightGranted>Y</rightGranted><status>Y</status></menuItem><menuItem refId="49@MenuItemModel"><policySeq>287952</policySeq><serviceProviderCode>BPTDEV</serviceProviderCode><auditModel><auditDate>2015-06-08T16:15:03-06:00</auditDate><auditID>ADMIN</auditID><auditStatus>A</auditStatus></auditModel><data1>cap_tabbar</data1><data2>Fire Module Menu/[8]Tab/[11]Inspections[][B]</data2><levelData>Fire</levelData><levelType>Module</levelType><menuLevel>3</menuLevel><policyI18NModels/><policyName>Menu</policyName><rightGranted>Y</rightGranted><status>Y</status></menuItem><menuItem refId="50@MenuItemModel"><policySeq>287953</policySeq><serviceProviderCode>BPTDEV</serviceProviderCode><auditModel><auditDate>2015-06-08T16:15:03-06:00</auditDate><auditID>ADMIN</auditID><auditStatus>A</auditStatus></auditModel><data1>cap_tabbar</data1><data2>Fire Module Menu/[8]Tab/[12]Owner[][B]</data2><levelData>Fire</levelData><levelType>Module</levelType><menuLevel>3</menuLevel><policyI18NModels/><policyName>Menu</policyName><rightGranted>Y</rightGranted><status>Y</status></menuItem><menuItem refId="51@MenuItemModel"><policySeq>287955</policySeq><serviceProviderCode>BPTDEV</serviceProviderCode><auditModel><auditDate>2015-06-08T16:15:03-06:00</auditDate><auditID>ADMIN</auditID><auditStatus>A</auditStatus></auditModel><data1>cap_tabbar</data1><data2>Fire Module Menu/[8]Tab/[13]Parcel[][B]</data2><levelData>Fire</levelData><levelType>Module</levelType><menuLevel>3</menuLevel><policyI18NModels/><policyName>Menu</policyName><rightGranted>Y</rightGranted><status>Y</status></menuItem><menuItem refId="52@MenuItemModel"><policySeq>287956</policySeq><serviceProviderCode>BPTDEV</serviceProviderCode><auditModel><auditDate>2015-06-08T16:15:03-06:00</auditDate><auditID>ADMIN</auditID><auditStatus>A</auditStatus></auditModel><data1>cap_tabbar</data1><data2>Fire Module Menu/[8]Tab/[14]Payments[][B]</data2><levelData>Fire</levelData><levelType>Module</levelType><menuLevel>3</menuLevel><policyI18NModels/><policyName>Menu</policyName><rightGranted>Y</rightGranted><status>Y</status></menuItem><menuItem refId="53@MenuItemModel"><policySeq>287957</policySeq><serviceProviderCode>BPTDEV</serviceProviderCode><auditModel><auditDate>2015-06-08T16:15:03-06:00</auditDate><auditID>ADMIN</auditID><auditStatus>A</auditStatus></auditModel><data1>cap_tabbar</data1><data2>Fire Module Menu/[8]Tab/[15]PaymentHistory[][B]</data2><levelData>Fire</levelData><levelType>Module</levelType><menuLevel>3</menuLevel><policyI18NModels/><policyName>Menu</policyName><rightGranted>Y</rightGranted><status>Y</status></menuItem><menuItem refId="54@MenuItemModel"><policySeq>287958</policySeq><serviceProviderCode>BPTDEV</serviceProviderCode><auditModel><auditDate>2015-06-08T16:15:03-06:00</auditDate><auditID>ADMIN</auditID><auditStatus>A</auditStatus></auditModel><data1>cap_tabbar</data1><data2>Fire Module Menu/[8]Tab/[16]Professionals[][B]</data2><levelData>Fire</levelData><levelType>Module</levelType><menuLevel>3</menuLevel><policyI18NModels/><policyName>Menu</policyName><rightGranted>Y</rightGranted><status>Y</status></menuItem><menuItem refId="55@MenuItemModel"><policySeq>287959</policySeq><serviceProviderCode>BPTDEV</serviceProviderCode><auditModel><auditDate>2015-06-08T16:15:03-06:00</auditDate><auditID>ADMIN</auditID><auditStatus>A</auditStatus></auditModel><data1>cap_tabbar</data1><data2>Fire Module Menu/[8]Tab/[17]XRefCap[][B]</data2><levelData>Fire</levelData><levelType>Module</levelType><menuLevel>3</menuLevel><policyI18NModels/><policyName>Menu</policyName><rightGranted>Y</rightGranted><status>Y</status></menuItem><menuItem refId="56@MenuItemModel"><policySeq>287960</policySeq><serviceProviderCode>BPTDEV</serviceProviderCode><auditModel><auditDate>2015-06-08T16:15:03-06:00</auditDate><auditID>ADMIN</auditID><auditStatus>A</auditStatus></auditModel><data1>cap_tabbar</data1><data2>Fire Module Menu/[8]Tab/[18]Status[][B]</data2><levelData>Fire</levelData><levelType>Module</levelType><menuLevel>3</menuLevel><policyI18NModels/><policyName>Menu</policyName><rightGranted>Y</rightGranted><status>Y</status></menuItem><menuItem refId="57@MenuItemModel"><policySeq>287962</policySeq><serviceProviderCode>BPTDEV</serviceProviderCode><auditModel><auditDate>2015-06-08T16:15:03-06:00</auditDate><auditID>ADMIN</auditID><auditStatus>A</auditStatus></auditModel><data1>cap_tabbar</data1><data2>Fire Module Menu/[8]Tab/[19]Workflow[][B]</data2><levelData>Fire</levelData><levelType>Module</levelType><menuLevel>3</menuLevel><policyI18NModels/><policyName>Menu</policyName><rightGranted>Y</rightGranted><status>Y</status></menuItem><menuItem refId="58@MenuItemModel"><policySeq>287963</policySeq><serviceProviderCode>BPTDEV</serviceProviderCode><auditModel><auditDate>2015-06-08T16:15:03-06:00</auditDate><auditID>ADMIN</auditID><auditStatus>A</auditStatus></auditModel><data1>cap_tabbar</data1><data2>Fire Module Menu/[8]Tab/[20]History[][B]</data2><levelData>Fire</levelData><levelType>Module</levelType><menuLevel>3</menuLevel><policyI18NModels/><policyName>Menu</policyName><rightGranted>Y</rightGranted><status>Y</status></menuItem><menuItem refId="59@MenuItemModel"><policySeq>287964</policySeq><serviceProviderCode>BPTDEV</serviceProviderCode><auditModel><auditDate>2015-06-08T16:15:03-06:00</auditDate><auditID>ADMIN</auditID><auditStatus>A</auditStatus></auditModel><data1>cap_tabbar</data1><data2>Fire Module Menu/[8]Tab/[10]AssessFeeHistory[Fee History][B]</data2><levelData>Fire</levelData><levelType>Module</levelType><menuLevel>3</menuLevel><policyI18NModels/><policyName>Menu</policyName><rightGranted>Y</rightGranted><status>Y</status></menuItem></menuItemModels><menuName>Fire Module Menu/[8]Tab%</menuName></menu></menuModels><menuName>Fire Module Menu%</menuName><upperMenuLevel refId="60@MenuLevelVirtualModel"><data1>cap_tabbar</data1><levelData>Fire</levelData><levelType>Module</levelType><menuLevel>1</menuLevel><MenuLevelModels><MenuLevelModel refId="61@MenuLevelModel"><policySeq>2160</policySeq><serviceProviderCode>BPTDEV</serviceProviderCode><auditModel><auditDate>2011-11-04T10:12:13-06:00</auditDate><auditID>ADMIN</auditID><auditStatus>A</auditStatus></auditModel><data1>cap_tabbar</data1><data4>Default agency menu</data4><levelData>BPTDEV</levelData><levelType>Agency</levelType><menuLevel>1</menuLevel><policyI18NModels/><policyName>Menu</policyName><rightGranted>Y</rightGranted><status>Y</status></MenuLevelModel></MenuLevelModels><moduleName> </moduleName><policyName>Menu</policyName><serviceProviderCode>BPTDEV</serviceProviderCode></upperMenuLevel></menuTemplate>
</list>