<?xml version="1.0" encoding="UTF-8" standalone="yes"?>
<list  version="8.0.0" minorVersion="15" exportUser="ADMIN" exportDateTime="03/30/2016 09:00 PM" description="null"><myNavigation><serviceProviderCode>BPTDEV</serviceProviderCode><xportletId>26</xportletId><auditModel><auditDate>2013-05-13T12:53:11-06:00</auditDate><auditID>Accela Administrator</auditID><auditStatus>A</auditStatus></auditModel><flowRecipients><flowRecipient><serviceProviderCode>BPTDEV</serviceProviderCode><portletID>26</portletID><recipientType>agency</recipientType><recipientKey>BPTDEV</recipientKey><auditModel><auditDate>2011-06-08T17:12:47-06:00</auditDate><auditID>ADMIN</auditID><auditStatus>A</auditStatus></auditModel></flowRecipient></flowRecipients><refLinksPortletI18NS/><portletComments>Agency</portletComments><portletDesc>Default My Nav portlet</portletDesc><portletId>1</portletId><portletName>My Nav - Agency Default</portletName><portletType>FLOW_DIAGRAM</portletType><refQuickLinks><refQuickLink><serviceProviderCode>BPTDEV</serviceProviderCode><linkId>2</linkId><auditModel><auditDate>2012-06-07T08:52:38-06:00</auditDate><auditID>ADMIN</auditID><auditStatus>A</auditStatus></auditModel><linkAlt>Workflow Tasks</linkAlt><linkDescription>Workflow</linkDescription><linkIcon>/portlets/images/icons/diag_update_workflow.gif</linkIcon><linkOrder>130</linkOrder><linkTarget>capForm</linkTarget><linkType>PORTLET</linkType><linkUrl>216</linkUrl><refPortletModel><serviceProviderCode>BPTDEV</serviceProviderCode><portletId>216</portletId><auditModel><auditDate>2011-06-08T17:07:40-06:00</auditDate><auditID>ADMIN</auditID><auditStatus>A</auditStatus></auditModel><fid>8132</fid><portalPageId>NA</portalPageId><portletDes>My Nav - Workflow</portletDes><portletIcon>/portlets/images/icons/diag_update_workflow.gif</portletIcon><portletUrl>/portlets/workflow/workflowStatusList.do</portletUrl><refPortletI18NS/></refPortletModel><refPortletI18NS/><xportletId>26</xportletId></refQuickLink><refQuickLink><serviceProviderCode>BPTDEV</serviceProviderCode><linkId>3</linkId><auditModel><auditDate>2015-03-26T10:22:58-06:00</auditDate><auditID>Accela Administrator</auditID><auditStatus>A</auditStatus></auditModel><linkAlt>Data Fields</linkAlt><linkDescription>Data Fields</linkDescription><linkOrder>10</linkOrder><linkTarget>capForm</linkTarget><linkType>PORTLET</linkType><linkUrl>225</linkUrl><refPortletModel><serviceProviderCode>BPTDEV</serviceProviderCode><portletId>225</portletId><auditModel><auditDate>2011-06-08T17:05:26-06:00</auditDate><auditID>ADMIN</auditID><auditStatus>A</auditStatus></auditModel><fid>8132</fid><portalPageId>NA</portalPageId><portletDes>My Nav - ASI</portletDes><portletIcon>/portlets/images/icons/diag_enter_permit.gif</portletIcon><portletUrl>/portlets/appspecinfo/appSpecInfoForm.do?mode=view</portletUrl><refPortletI18NS/></refPortletModel><refPortletI18NS/><xportletId>26</xportletId></refQuickLink><refQuickLink><serviceProviderCode>BPTDEV</serviceProviderCode><linkId>4</linkId><auditModel><auditDate>2015-03-26T10:23:12-06:00</auditDate><auditID>Accela Administrator</auditID><auditStatus>A</auditStatus></auditModel><linkAlt>Data Tables</linkAlt><linkDescription>Data Tables</linkDescription><linkOrder>20</linkOrder><linkTarget>capForm</linkTarget><linkType>PORTLET</linkType><linkUrl>215</linkUrl><refPortletModel><serviceProviderCode>BPTDEV</serviceProviderCode><portletId>215</portletId><auditModel><auditDate>2014-09-11T12:08:40-06:00</auditDate><auditID>ADMIN</auditID><auditStatus>A</auditStatus></auditModel><fid>8132</fid><portalPageId>NA</portalPageId><portletDes>My Nav - ASIT</portletDes><portletIcon>/portlets/images/icons/diag_enter_permit.gif</portletIcon><portletUrl>/portlets/appspecinfo/appSpecInfoTableForm.do?mode=list</portletUrl><refPortletI18NS/></refPortletModel><refPortletI18NS/><xportletId>26</xportletId></refQuickLink><refQuickLink><serviceProviderCode>BPTDEV</serviceProviderCode><linkId>83</linkId><auditModel><auditDate>2015-03-26T10:24:47-06:00</auditDate><auditID>Accela Administrator</auditID><auditStatus>A</auditStatus></auditModel><linkDescription>Requirements/COA</linkDescription><linkOrder>45</linkOrder><linkTarget>capForm</linkTarget><linkType>PORTLET</linkType><linkUrl>230</linkUrl><refPortletModel><serviceProviderCode>BPTDEV</serviceProviderCode><portletId>230</portletId><auditModel><auditDate>2012-09-05T11:56:09-06:00</auditDate><auditID>ADMIN</auditID><auditStatus>A</auditStatus></auditModel><fid>8480</fid><portalPageId>NA</portalPageId><portletDes>My Nav - Conditions of  Approval</portletDes><portletIcon>/portlets/images/icons/status.gif</portletIcon><portletUrl>/portlets/coa/conditionOfApprovalList.do?mode=list&amp;fromNotice=NO</portletUrl><refPortletI18NS/></refPortletModel><refPortletI18NS/><xportletId>26</xportletId></refQuickLink><refQuickLink><serviceProviderCode>BPTDEV</serviceProviderCode><linkId>5</linkId><auditModel><auditDate>2012-06-07T08:52:38-06:00</auditDate><auditID>ADMIN</auditID><auditStatus>A</auditStatus></auditModel><linkAlt>Schedule &amp; Result</linkAlt><linkDescription>Inspections</linkDescription><linkOrder>90</linkOrder><linkTarget>capForm</linkTarget><linkType>PORTLET</linkType><linkUrl>213</linkUrl><refPortletModel><serviceProviderCode>BPTDEV</serviceProviderCode><portletId>213</portletId><auditModel><auditDate>2011-06-08T17:06:50-06:00</auditDate><auditID>ADMIN</auditID><auditStatus>A</auditStatus></auditModel><fid>8132</fid><portalPageId>NA</portalPageId><portletDes>My Nav - Inspections</portletDes><portletIcon>/portlets/images/icons/diag_inspections.gif</portletIcon><portletUrl>/portlets/inspection/inspectionListCapSpecific.do?mode=list</portletUrl><refPortletI18NS/></refPortletModel><refPortletI18NS/><xportletId>26</xportletId></refQuickLink><refQuickLink><serviceProviderCode>BPTDEV</serviceProviderCode><linkId>6</linkId><auditModel><auditDate>2012-06-07T08:52:38-06:00</auditDate><auditID>ADMIN</auditID><auditStatus>A</auditStatus></auditModel><linkAlt>Assess Fees</linkAlt><linkDescription>Fees</linkDescription><linkOrder>70</linkOrder><linkTarget>capForm</linkTarget><linkType>PORTLET</linkType><linkUrl>219</linkUrl><refPortletModel><serviceProviderCode>BPTDEV</serviceProviderCode><portletId>219</portletId><auditModel><auditDate>2011-06-08T17:06:38-06:00</auditDate><auditID>ADMIN</auditID><auditStatus>A</auditStatus></auditModel><fid>8132</fid><portalPageId>NA</portalPageId><portletDes>My Nav - Fees</portletDes><portletIcon>/portlets/images/icons/diag_assess_fees.gif</portletIcon><portletUrl>/portlets/fee/feeList.do?mode=list</portletUrl><refPortletI18NS/></refPortletModel><refPortletI18NS/><xportletId>26</xportletId></refQuickLink><refQuickLink><serviceProviderCode>BPTDEV</serviceProviderCode><linkId>7</linkId><auditModel><auditDate>2012-06-07T08:52:38-06:00</auditDate><auditID>ADMIN</auditID><auditStatus>A</auditStatus></auditModel><linkAlt>Enter Payments</linkAlt><linkDescription>Payments</linkDescription><linkOrder>80</linkOrder><linkTarget>capForm</linkTarget><linkType>PORTLET</linkType><linkUrl>220</linkUrl><refPortletModel><serviceProviderCode>BPTDEV</serviceProviderCode><portletId>220</portletId><auditModel><auditDate>2011-06-08T17:06:57-06:00</auditDate><auditID>ADMIN</auditID><auditStatus>A</auditStatus></auditModel><fid>8132</fid><portalPageId>NA</portalPageId><portletDes>My Nav - Payments</portletDes><portletIcon>/portlets/images/icons/diag_payment_receipt.gif</portletIcon><portletUrl>/portlets/fee/paymentList.do</portletUrl><refPortletI18NS/></refPortletModel><refPortletI18NS/><xportletId>26</xportletId></refQuickLink><refQuickLink><serviceProviderCode>BPTDEV</serviceProviderCode><linkId>8</linkId><auditModel><auditDate>2012-06-07T08:52:38-06:00</auditDate><auditID>ADMIN</auditID><auditStatus>A</auditStatus></auditModel><linkAlt>People &amp; Addresses</linkAlt><linkDescription>Contacts</linkDescription><linkOrder>50</linkOrder><linkTarget>capForm</linkTarget><linkType>PORTLET</linkType><linkUrl>223</linkUrl><refPortletModel><serviceProviderCode>BPTDEV</serviceProviderCode><portletId>223</portletId><auditModel><auditDate>2011-06-08T17:06:28-06:00</auditDate><auditID>ADMIN</auditID><auditStatus>A</auditStatus></auditModel><fid>8132</fid><portalPageId>NA</portalPageId><portletDes>My Nav - Contacts</portletDes><portletIcon>/portlets/images/icons/diag_enter_activity.gif</portletIcon><portletUrl>/portlets/contact/contactList.do?mode=list</portletUrl><refPortletI18NS/></refPortletModel><refPortletI18NS/><xportletId>26</xportletId></refQuickLink><refQuickLink><serviceProviderCode>BPTDEV</serviceProviderCode><linkId>9</linkId><auditModel><auditDate>2015-03-26T10:24:37-06:00</auditDate><auditID>Accela Administrator</auditID><auditStatus>A</auditStatus></auditModel><linkAlt>Locks/Holds/Notices</linkAlt><linkDescription>Flags</linkDescription><linkOrder>40</linkOrder><linkTarget>capForm</linkTarget><linkType>PORTLET</linkType><linkUrl>218</linkUrl><refPortletModel><serviceProviderCode>BPTDEV</serviceProviderCode><portletId>218</portletId><auditModel><auditDate>2012-10-03T10:27:00-06:00</auditDate><auditID>ADMIN</auditID><auditStatus>A</auditStatus></auditModel><fid>8132</fid><portalPageId>NA</portalPageId><portletDes>My Nav - Conditions</portletDes><portletIcon>/portlets/images/icons/status.gif</portletIcon><portletUrl>/portlets/condition/capConditionList.do?mode=list</portletUrl><refPortletI18NS/></refPortletModel><refPortletI18NS/><xportletId>26</xportletId></refQuickLink><refQuickLink><serviceProviderCode>BPTDEV</serviceProviderCode><linkId>10</linkId><auditModel><auditDate>2012-06-07T08:52:38-06:00</auditDate><auditID>ADMIN</auditID><auditStatus>A</auditStatus></auditModel><linkDescription>Comments</linkDescription><linkOrder>30</linkOrder><linkTarget>capForm</linkTarget><linkType>PORTLET</linkType><linkUrl>214</linkUrl><refPortletModel><serviceProviderCode>BPTDEV</serviceProviderCode><portletId>214</portletId><auditModel><auditDate>2011-06-08T17:05:50-06:00</auditDate><auditID>ADMIN</auditID><auditStatus>A</auditStatus></auditModel><fid>8132</fid><portalPageId>NA</portalPageId><portletDes>My Nav - Comments</portletDes><portletIcon>/portlets/images/icons/diag_enter_activity.gif</portletIcon><portletUrl>/portlets/cap/capCommentList.do?mode=view</portletUrl><refPortletI18NS/></refPortletModel><refPortletI18NS/><xportletId>26</xportletId></refQuickLink><refQuickLink><serviceProviderCode>BPTDEV</serviceProviderCode><linkId>11</linkId><auditModel><auditDate>2012-06-07T08:52:38-06:00</auditDate><auditID>ADMIN</auditID><auditStatus>A</auditStatus></auditModel><linkAlt>Summary Form</linkAlt><linkDescription>Record Summary</linkDescription><linkOrder>120</linkOrder><linkTarget>capForm</linkTarget><linkType>PORTLET</linkType><linkUrl>217</linkUrl><refPortletModel><serviceProviderCode>BPTDEV</serviceProviderCode><portletId>217</portletId><auditModel><auditDate>2011-06-08T17:07:47-06:00</auditDate><auditID>ADMIN</auditID><auditStatus>A</auditStatus></auditModel><fid>8132</fid><portalPageId>NA</portalPageId><portletDes>My Nav - Record Summary</portletDes><portletIcon>/portlets/images/icons/diag_enter_permit.gif</portletIcon><portletUrl>/portlets/cap/capsummary/CapTabSummary.do?mode=tabSummary&amp;isRedirect=false</portletUrl><refPortletI18NS/></refPortletModel><refPortletI18NS/><xportletId>26</xportletId></refQuickLink><refQuickLink><serviceProviderCode>BPTDEV</serviceProviderCode><linkId>12</linkId><auditModel><auditDate>2012-06-07T08:52:38-06:00</auditDate><auditID>ADMIN</auditID><auditStatus>A</auditStatus></auditModel><linkDescription>Professionals</linkDescription><linkIcon>/portlets/images/icons/diag_enter_activity.gif</linkIcon><linkOrder>100</linkOrder><linkTarget>capForm</linkTarget><linkType>PORTLET</linkType><linkUrl>224</linkUrl><refPortletModel><serviceProviderCode>BPTDEV</serviceProviderCode><portletId>224</portletId><auditModel><auditDate>2011-06-08T17:30:47-06:00</auditDate><auditID>ADMIN</auditID><auditStatus>A</auditStatus></auditModel><fid>8132</fid><portalPageId>NA</portalPageId><portletDes>My Nav - Professionals</portletDes><portletIcon>/portlets/images/icons/diag_enter_activity.gif</portletIcon><portletUrl>/portlets/professional/professionalList.do?mode=list</portletUrl><refPortletI18NS/></refPortletModel><refPortletI18NS/><xportletId>26</xportletId></refQuickLink><refQuickLink><serviceProviderCode>BPTDEV</serviceProviderCode><linkId>13</linkId><auditModel><auditDate>2012-06-07T08:52:38-06:00</auditDate><auditID>ADMIN</auditID><auditStatus>A</auditStatus></auditModel><linkAlt>Attached documentation</linkAlt><linkDescription>Documents</linkDescription><linkOrder>60</linkOrder><linkTarget>capForm</linkTarget><linkType>PORTLET</linkType><linkUrl>222</linkUrl><refPortletModel><serviceProviderCode>BPTDEV</serviceProviderCode><portletId>222</portletId><auditModel><auditDate>2011-06-08T17:05:45-06:00</auditDate><auditID>ADMIN</auditID><auditStatus>A</auditStatus></auditModel><fid>8132</fid><portalPageId>NA</portalPageId><portletDes>My Nav - Attached Documents</portletDes><portletIcon>/portlets/images/icons/diag_reports.gif</portletIcon><portletUrl>/portlets/document/documentList.do?mode=list&amp;entityType=CAP&amp;entry=yes</portletUrl><refPortletI18NS/></refPortletModel><refPortletI18NS/><xportletId>26</xportletId></refQuickLink><refQuickLink><serviceProviderCode>BPTDEV</serviceProviderCode><linkId>14</linkId><auditModel><auditDate>2012-06-07T08:52:38-06:00</auditDate><auditID>ADMIN</auditID><auditStatus>A</auditStatus></auditModel><linkDescription>Related Records</linkDescription><linkOrder>110</linkOrder><linkTarget>capForm</linkTarget><linkType>PORTLET</linkType><linkUrl>221</linkUrl><refPortletModel><serviceProviderCode>BPTDEV</serviceProviderCode><portletId>221</portletId><auditModel><auditDate>2011-06-08T17:07:33-06:00</auditDate><auditID>ADMIN</auditID><auditStatus>A</auditStatus></auditModel><fid>8132</fid><portalPageId>NA</portalPageId><portletDes>My Nav - Related Records</portletDes><portletIcon>/portlets/images/icons/diag_update_workflow.gif</portletIcon><portletUrl>/portlets/xrefcap/crossReferenceXRefCapList.do?mode=doQuickQueryList</portletUrl><refPortletI18NS/></refPortletModel><refPortletI18NS/><xportletId>26</xportletId></refQuickLink></refQuickLinks><systemName>FlowDiagram</systemName></myNavigation>
<myNavigation><serviceProviderCode>BPTDEV</serviceProviderCode><xportletId>78</xportletId><auditModel><auditDate>2015-03-26T11:26:35-06:00</auditDate><auditID>Accela Administrator</auditID><auditStatus>A</auditStatus></auditModel><flowRecipients/><refLinksPortletI18NS/><portletId>1</portletId><portletName>My Nav - Fire</portletName><portletType>FLOW_DIAGRAM</portletType><refQuickLinks/><systemName>FlowDiagram</systemName></myNavigation>
</list>