<?xml version="1.0" encoding="UTF-8" standalone="yes"?>
<list  version="8.0.0" minorVersion="15" exportUser="ADMIN" exportDateTime="03/30/2016 08:15 PM" description="null"><user><serviceProviderCode>BPTDEV</serviceProviderCode><userName>AGENCYADMIN</userName><accountDisablePeriod>90</accountDisablePeriod><allowUserChangePassword>Y</allowUserChangePassword><auditModel><auditDate>2014-04-29T15:04:07-06:00</auditDate><auditID>AGENCYADMIN</auditID><auditStatus>A</auditStatus></auditModel><changePasswordNextLogin>N</changePasswordNextLogin><delegateUserModels/><displayName>AGENCYADMIN</displayName><firstName>Agency</firstName><gaUserId>AGENCYADMIN</gaUserId><inspectorStatus>N</inspectorStatus><ischeckedDelegateUserModel>Y</ischeckedDelegateUserModel><lastLoginTime>2014-04-29T00:00:00-06:00</lastLoginTime><lastName>Administrator</lastName><locked>N</locked><password>c405698e6e00aec76b48fba03bc09d0f3b59051e</password><passwordExpireTimeframe>90</passwordExpireTimeframe><section508Flag>N</section508Flag><staffs><serviceProviderCode>BPTDEV</serviceProviderCode><userId>AGENCYADMIN</userId><agencyCode>ADMIN</agencyCode><auditModel><auditDate>2014-02-20T12:04:26-07:00</auditDate><auditID>ADMIN</auditID><auditStatus>A</auditStatus></auditModel><bureauCode>NA</bureauCode><divisionCode>NA</divisionCode><firstName>Agency</firstName><groupCode>NA</groupCode><ivrSeq>535</ivrSeq><lastName>Administrator</lastName><officeCode>NA</officeCode><sectionCode>NA</sectionCode><staffsI18Ns/><userName>AGENCYADMIN</userName></staffs><status>ENABLE</status><userDisciplineModels/><userDistrictModels/><userGroups><userGroup><serviceProviderCode>BPTDEV</serviceProviderCode><groupSequenceNumber>560</groupSequenceNumber><userName>AGENCYADMIN</userName><auditModel><auditDate>2015-11-05T16:56:43-07:00</auditDate><auditID>ADMIN</auditID><auditStatus>A</auditStatus></auditModel><moduleName>Enforcement</moduleName><virtualUserGroupModel refId="1@VirtualUserGroupModel"><moduleName>Enforcement</moduleName><serviceProviderCode>BPTDEV</serviceProviderCode><userGroup>EnforcementAgencyAdmin</userGroup></virtualUserGroupModel></userGroup><userGroup><serviceProviderCode>BPTDEV</serviceProviderCode><groupSequenceNumber>561</groupSequenceNumber><userName>AGENCYADMIN</userName><auditModel><auditDate>2015-11-05T16:56:43-07:00</auditDate><auditID>ADMIN</auditID><auditStatus>I</auditStatus></auditModel><moduleName>Permits</moduleName><virtualUserGroupModel refId="2@VirtualUserGroupModel"><moduleName>Permits</moduleName><serviceProviderCode>BPTDEV</serviceProviderCode><userGroup>PermitsAgencyAdmin</userGroup></virtualUserGroupModel></userGroup><userGroup><serviceProviderCode>BPTDEV</serviceProviderCode><groupSequenceNumber>562</groupSequenceNumber><userName>AGENCYADMIN</userName><auditModel><auditDate>2016-03-04T14:33:07-07:00</auditDate><auditID>ADMIN</auditID><auditStatus>A</auditStatus></auditModel><moduleName>Planning</moduleName><virtualUserGroupModel refId="3@VirtualUserGroupModel"><moduleName>Planning</moduleName><serviceProviderCode>BPTDEV</serviceProviderCode><userGroup>PlanningAgencyAdmin</userGroup></virtualUserGroupModel></userGroup><userGroup><serviceProviderCode>BPTDEV</serviceProviderCode><groupSequenceNumber>563</groupSequenceNumber><userName>AGENCYADMIN</userName><auditModel><auditDate>2015-11-05T16:56:43-07:00</auditDate><auditID>ADMIN</auditID><auditStatus>A</auditStatus></auditModel><moduleName>AMS</moduleName><virtualUserGroupModel refId="4@VirtualUserGroupModel"><moduleName>AMS</moduleName><serviceProviderCode>BPTDEV</serviceProviderCode><userGroup>AMSAgencyAdmin</userGroup></virtualUserGroupModel></userGroup><userGroup><serviceProviderCode>BPTDEV</serviceProviderCode><groupSequenceNumber>565</groupSequenceNumber><userName>AGENCYADMIN</userName><auditModel><auditDate>2015-11-05T16:56:43-07:00</auditDate><auditID>ADMIN</auditID><auditStatus>A</auditStatus></auditModel><moduleName>Licenses</moduleName><virtualUserGroupModel refId="5@VirtualUserGroupModel"><moduleName>Licenses</moduleName><serviceProviderCode>BPTDEV</serviceProviderCode><userGroup>LicensesAgencyAdmin</userGroup></virtualUserGroupModel></userGroup><userGroup><serviceProviderCode>BPTDEV</serviceProviderCode><groupSequenceNumber>566</groupSequenceNumber><userName>AGENCYADMIN</userName><auditModel><auditDate>2015-11-05T16:56:43-07:00</auditDate><auditID>ADMIN</auditID><auditStatus>A</auditStatus></auditModel><moduleName>ServiceRequest</moduleName><virtualUserGroupModel refId="6@VirtualUserGroupModel"><moduleName>ServiceRequest</moduleName><serviceProviderCode>BPTDEV</serviceProviderCode><userGroup>ServiceRequestAgencyAdmin</userGroup></virtualUserGroupModel></userGroup></userGroups><userPolicys><userPolicy refId="7@UserSecurityModel"><policySeq>2908</policySeq><serviceProviderCode>BPTDEV</serviceProviderCode><auditModel><auditDate>2014-02-20T12:04:26-07:00</auditDate><auditID>ADMIN</auditID><auditStatus>A</auditStatus></auditModel><data1>AGIS=N;AMO=N;AW=N;DUMMYUSER=N</data1><levelData>AGENCYADMIN</levelData><levelType>User</levelType><policyI18NModels/><policyName>UserSettings</policyName><rightGranted>Y</rightGranted><status>Y</status></userPolicy></userPolicys></user>
<user><serviceProviderCode>BPTDEV</serviceProviderCode><userName>PUBLICUSER0</userName><accountDisablePeriod>90</accountDisablePeriod><allowUserChangePassword>Y</allowUserChangePassword><auditModel><auditDate>2015-06-19T17:08:53-06:00</auditDate><auditID>ADMIN</auditID><auditStatus>A</auditStatus></auditModel><changePasswordNextLogin>N</changePasswordNextLogin><delegateUserModels/><displayName>PUBLICUSER0</displayName><firstName>Anonymous</firstName><gaUserId>0</gaUserId><inspectorStatus>N</inspectorStatus><ischeckedDelegateUserModel>Y</ischeckedDelegateUserModel><lastName>Anonymous</lastName><locked>N</locked><password>822f6dd22fdb753eb748edc705008331d9859267</password><passwordExpireTimeframe>90</passwordExpireTimeframe><staffs><serviceProviderCode>BPTDEV</serviceProviderCode><userId>0</userId><agencyCode>ADMIN</agencyCode><auditModel><auditDate>2015-06-19T17:08:53-06:00</auditDate><auditID>ADMIN</auditID><auditStatus>A</auditStatus></auditModel><bureauCode>BPTDEV</bureauCode><divisionCode>PUBLIC</divisionCode><firstName>Anonymous</firstName><groupCode>NA</groupCode><lastName>Anonymous</lastName><officeCode>NA</officeCode><sectionCode>NA</sectionCode><staffsI18Ns/><userName>PUBLICUSER0</userName></staffs><status>ENABLE</status><userDisciplineModels/><userDistrictModels/><userGroups><userGroup><serviceProviderCode>BPTDEV</serviceProviderCode><groupSequenceNumber>390</groupSequenceNumber><userName>PUBLICUSER0</userName><auditModel><auditDate>2015-11-05T16:56:43-07:00</auditDate><auditID>ADMIN</auditID><auditStatus>A</auditStatus></auditModel><moduleName>Enforcement</moduleName><virtualUserGroupModel refId="1@VirtualUserGroupModel"><moduleName>Enforcement</moduleName><serviceProviderCode>BPTDEV</serviceProviderCode><userGroup>EnforcementPublicUser</userGroup></virtualUserGroupModel></userGroup><userGroup><serviceProviderCode>BPTDEV</serviceProviderCode><groupSequenceNumber>391</groupSequenceNumber><userName>PUBLICUSER0</userName><auditModel><auditDate>2015-11-05T16:56:43-07:00</auditDate><auditID>ADMIN</auditID><auditStatus>A</auditStatus></auditModel><moduleName>ServiceRequest</moduleName><virtualUserGroupModel refId="2@VirtualUserGroupModel"><moduleName>ServiceRequest</moduleName><serviceProviderCode>BPTDEV</serviceProviderCode><userGroup>ServiceRequestPublicUser</userGroup></virtualUserGroupModel></userGroup><userGroup><serviceProviderCode>BPTDEV</serviceProviderCode><groupSequenceNumber>392</groupSequenceNumber><userName>PUBLICUSER0</userName><auditModel><auditDate>2015-11-05T16:56:43-07:00</auditDate><auditID>ADMIN</auditID><auditStatus>A</auditStatus></auditModel><moduleName>Licenses</moduleName><virtualUserGroupModel refId="3@VirtualUserGroupModel"><moduleName>Licenses</moduleName><serviceProviderCode>BPTDEV</serviceProviderCode><userGroup>LicensesPublicUser</userGroup></virtualUserGroupModel></userGroup><userGroup><serviceProviderCode>BPTDEV</serviceProviderCode><groupSequenceNumber>394</groupSequenceNumber><userName>PUBLICUSER0</userName><auditModel><auditDate>2015-11-05T16:56:43-07:00</auditDate><auditID>ADMIN</auditID><auditStatus>A</auditStatus></auditModel><moduleName>Planning</moduleName><virtualUserGroupModel refId="4@VirtualUserGroupModel"><moduleName>Planning</moduleName><serviceProviderCode>BPTDEV</serviceProviderCode><userGroup>PlanningPublicUser</userGroup></virtualUserGroupModel></userGroup><userGroup><serviceProviderCode>BPTDEV</serviceProviderCode><groupSequenceNumber>402</groupSequenceNumber><userName>PUBLICUSER0</userName><auditModel><auditDate>2015-11-05T16:56:43-07:00</auditDate><auditID>ADMIN</auditID><auditStatus>I</auditStatus></auditModel><moduleName>CaseManagement</moduleName><virtualUserGroupModel refId="5@VirtualUserGroupModel"><moduleName>CaseManagement</moduleName><serviceProviderCode>BPTDEV</serviceProviderCode><userGroup>CaseManagementPublicUser</userGroup></virtualUserGroupModel></userGroup><userGroup><serviceProviderCode>BPTDEV</serviceProviderCode><groupSequenceNumber>420</groupSequenceNumber><userName>PUBLICUSER0</userName><auditModel><auditDate>2015-11-05T16:56:43-07:00</auditDate><auditID>ADMIN</auditID><auditStatus>I</auditStatus></auditModel><moduleName>Permits</moduleName><virtualUserGroupModel refId="6@VirtualUserGroupModel"><moduleName>Permits</moduleName><serviceProviderCode>BPTDEV</serviceProviderCode><userGroup>PermitsPublicUser</userGroup></virtualUserGroupModel></userGroup><userGroup><serviceProviderCode>BPTDEV</serviceProviderCode><groupSequenceNumber>421</groupSequenceNumber><userName>PUBLICUSER0</userName><auditModel><auditDate>2015-11-05T16:56:43-07:00</auditDate><auditID>ADMIN</auditID><auditStatus>A</auditStatus></auditModel><moduleName>AMS</moduleName><virtualUserGroupModel refId="7@VirtualUserGroupModel"><moduleName>AMS</moduleName><serviceProviderCode>BPTDEV</serviceProviderCode><userGroup>AMSPublicUser</userGroup></virtualUserGroupModel></userGroup><userGroup><serviceProviderCode>BPTDEV</serviceProviderCode><groupSequenceNumber>570</groupSequenceNumber><userName>PUBLICUSER0</userName><auditModel><auditDate>2015-11-05T16:56:43-07:00</auditDate><auditID>ADMIN</auditID><auditStatus>A</auditStatus></auditModel><moduleName>Building</moduleName><virtualUserGroupModel refId="8@VirtualUserGroupModel"><moduleName>Building</moduleName><serviceProviderCode>BPTDEV</serviceProviderCode><userGroup>BuildingPublicUser</userGroup></virtualUserGroupModel></userGroup><userGroup><serviceProviderCode>BPTDEV</serviceProviderCode><groupSequenceNumber>692</groupSequenceNumber><userName>PUBLICUSER0</userName><auditModel><auditDate>2015-11-05T16:56:43-07:00</auditDate><auditID>ADMIN</auditID><auditStatus>A</auditStatus></auditModel><moduleName>Fire</moduleName><virtualUserGroupModel refId="9@VirtualUserGroupModel"><moduleName>Fire</moduleName><serviceProviderCode>BPTDEV</serviceProviderCode><userGroup>FirePublicUser</userGroup></virtualUserGroupModel></userGroup></userGroups><userPolicys><userPolicy refId="10@UserSecurityModel"><policySeq>141</policySeq><serviceProviderCode>BPTDEV</serviceProviderCode><auditModel><auditDate>2015-06-19T17:08:53-06:00</auditDate><auditID>ADMIN</auditID><auditStatus>A</auditStatus></auditModel><data1>AGIS=N;AMO=N;AW=N;DUMMYUSER=Y</data1><levelData>PUBLICUSER0</levelData><levelType>User</levelType><policyI18NModels/><policyName>UserSettings</policyName><rightGranted>Y</rightGranted><status>Y</status></userPolicy></userPolicys></user>
<user><serviceProviderCode>BPTDEV</serviceProviderCode><userName>ADMIN</userName><accountDisablePeriod>0</accountDisablePeriod><allowUserChangePassword>Y</allowUserChangePassword><auditModel><auditDate>2016-03-30T17:24:43-06:00</auditDate><auditID>ADMIN</auditID><auditStatus>A</auditStatus></auditModel><changePasswordNextLogin>N</changePasswordNextLogin><delegateUserModels/><displayName>ADMIN</displayName><distinguishName>**** DO NOT EDIT THIS USER *****</distinguishName><firstName>Accela</firstName><gaUserId>ADMIN</gaUserId><inspectorStatus>Y</inspectorStatus><ischeckedDelegateUserModel>Y</ischeckedDelegateUserModel><lastChangePassword>2016-03-16T00:00:00-06:00</lastChangePassword><lastLoginTime>2016-03-30T00:00:00-06:00</lastLoginTime><lastName>Administrator</lastName><locked>N</locked><password>b7a875fc1ea228b9061041b7cec4bd3c52ab3ce3</password><passwordExpireTimeframe>90</passwordExpireTimeframe><staffs><serviceProviderCode>BPTDEV</serviceProviderCode><userId>ADMIN</userId><agencyCode>ADMIN</agencyCode><auditModel><auditDate>2016-03-16T18:13:02-06:00</auditDate><auditID>ADMIN</auditID><auditStatus>A</auditStatus></auditModel><bureauCode>NA</bureauCode><divisionCode>NA</divisionCode><firstName>Accela</firstName><groupCode>NA</groupCode><lastName>Administrator</lastName><officeCode>NA</officeCode><sectionCode>NA</sectionCode><staffsI18Ns/><userName>ADMIN</userName></staffs><status>ENABLE</status><userDisciplineModels/><userDistrictModels/><userGroups><userGroup><serviceProviderCode>BPTDEV</serviceProviderCode><groupSequenceNumber>361</groupSequenceNumber><userName>ADMIN</userName><auditModel><auditDate>2016-03-16T18:13:02-06:00</auditDate><auditID>ADMIN</auditID><auditStatus>A</auditStatus></auditModel><moduleName>Building</moduleName><virtualUserGroupModel refId="1@VirtualUserGroupModel"><moduleName>Building</moduleName><serviceProviderCode>BPTDEV</serviceProviderCode><userGroup>BuildingAdmin</userGroup></virtualUserGroupModel></userGroup><userGroup><serviceProviderCode>BPTDEV</serviceProviderCode><groupSequenceNumber>363</groupSequenceNumber><userName>ADMIN</userName><auditModel><auditDate>2016-03-16T18:13:02-06:00</auditDate><auditID>ADMIN</auditID><auditStatus>A</auditStatus></auditModel><moduleName>Enforcement</moduleName><virtualUserGroupModel refId="2@VirtualUserGroupModel"><moduleName>Enforcement</moduleName><serviceProviderCode>BPTDEV</serviceProviderCode><userGroup>EnforcementAdmin</userGroup></virtualUserGroupModel></userGroup><userGroup><serviceProviderCode>BPTDEV</serviceProviderCode><groupSequenceNumber>369</groupSequenceNumber><userName>ADMIN</userName><auditModel><auditDate>2016-03-16T18:13:02-06:00</auditDate><auditID>ADMIN</auditID><auditStatus>A</auditStatus></auditModel><moduleName>Planning</moduleName><virtualUserGroupModel refId="3@VirtualUserGroupModel"><moduleName>Planning</moduleName><serviceProviderCode>BPTDEV</serviceProviderCode><userGroup>PlanningAdmin</userGroup></virtualUserGroupModel></userGroup><userGroup><serviceProviderCode>BPTDEV</serviceProviderCode><groupSequenceNumber>371</groupSequenceNumber><userName>ADMIN</userName><auditModel><auditDate>2016-03-16T18:13:02-06:00</auditDate><auditID>ADMIN</auditID><auditStatus>A</auditStatus></auditModel><moduleName>Licenses</moduleName><virtualUserGroupModel refId="4@VirtualUserGroupModel"><moduleName>Licenses</moduleName><serviceProviderCode>BPTDEV</serviceProviderCode><userGroup>LicensesAdmin</userGroup></virtualUserGroupModel></userGroup><userGroup><serviceProviderCode>BPTDEV</serviceProviderCode><groupSequenceNumber>376</groupSequenceNumber><userName>ADMIN</userName><auditModel><auditDate>2016-03-16T18:13:02-06:00</auditDate><auditID>ADMIN</auditID><auditStatus>A</auditStatus></auditModel><moduleName>ServiceRequest</moduleName><virtualUserGroupModel refId="5@VirtualUserGroupModel"><moduleName>ServiceRequest</moduleName><serviceProviderCode>BPTDEV</serviceProviderCode><userGroup>ServiceRequestAdmin</userGroup></virtualUserGroupModel></userGroup><userGroup><serviceProviderCode>BPTDEV</serviceProviderCode><groupSequenceNumber>400</groupSequenceNumber><userName>ADMIN</userName><auditModel><auditDate>2015-11-05T16:56:43-07:00</auditDate><auditID>ADMIN</auditID><auditStatus>I</auditStatus></auditModel><moduleName>Permits</moduleName><virtualUserGroupModel refId="6@VirtualUserGroupModel"><moduleName>Permits</moduleName><serviceProviderCode>BPTDEV</serviceProviderCode><userGroup>PermitsAdmin</userGroup></virtualUserGroupModel></userGroup><userGroup><serviceProviderCode>BPTDEV</serviceProviderCode><groupSequenceNumber>401</groupSequenceNumber><userName>ADMIN</userName><auditModel><auditDate>2015-11-05T16:56:43-07:00</auditDate><auditID>ADMIN</auditID><auditStatus>I</auditStatus></auditModel><moduleName>CaseManagement</moduleName><virtualUserGroupModel refId="7@VirtualUserGroupModel"><moduleName>CaseManagement</moduleName><serviceProviderCode>BPTDEV</serviceProviderCode><userGroup>CaseManagementAdmin</userGroup></virtualUserGroupModel></userGroup><userGroup><serviceProviderCode>BPTDEV</serviceProviderCode><groupSequenceNumber>403</groupSequenceNumber><userName>ADMIN</userName><auditModel><auditDate>2016-03-16T18:13:02-06:00</auditDate><auditID>ADMIN</auditID><auditStatus>A</auditStatus></auditModel><moduleName>AMS</moduleName><virtualUserGroupModel refId="8@VirtualUserGroupModel"><moduleName>AMS</moduleName><serviceProviderCode>BPTDEV</serviceProviderCode><userGroup>AMSAdmin</userGroup></virtualUserGroupModel></userGroup><userGroup><serviceProviderCode>BPTDEV</serviceProviderCode><groupSequenceNumber>690</groupSequenceNumber><userName>ADMIN</userName><auditModel><auditDate>2016-03-16T18:13:02-06:00</auditDate><auditID>ADMIN</auditID><auditStatus>A</auditStatus></auditModel><moduleName>Fire</moduleName><virtualUserGroupModel refId="9@VirtualUserGroupModel"><moduleName>Fire</moduleName><serviceProviderCode>BPTDEV</serviceProviderCode><userGroup>FireAdmin</userGroup></virtualUserGroupModel></userGroup></userGroups><userPolicys><userPolicy refId="10@UserSecurityModel"><policySeq>172</policySeq><serviceProviderCode>BPTDEV</serviceProviderCode><auditModel><auditDate>2016-03-16T18:13:02-06:00</auditDate><auditID>ADMIN</auditID><auditStatus>A</auditStatus></auditModel><data1>AGIS=Y;AMO=N;AW=N;DUMMYUSER=N</data1><levelData>ADMIN</levelData><levelType>User</levelType><policyI18NModels/><policyName>UserSettings</policyName><rightGranted>Y</rightGranted><status>Y</status></userPolicy></userPolicys></user>
<user><serviceProviderCode>BPTDEV</serviceProviderCode><userName>ACAREPORTS</userName><accountDisablePeriod>9999</accountDisablePeriod><allowUserChangePassword>Y</allowUserChangePassword><auditModel><auditDate>2016-03-23T18:18:24-06:00</auditDate><auditID>ACAREPORTS</auditID><auditStatus>A</auditStatus></auditModel><changePasswordNextLogin>N</changePasswordNextLogin><delegateUserModels/><displayName>ACAREPORTS</displayName><distinguishName>DO NOT DELETE - for use in ACA_CONFIGS standard choice only</distinguishName><firstName>ACA Reports</firstName><gaUserId>ACAREPORTS</gaUserId><inspectorStatus>N</inspectorStatus><ischeckedDelegateUserModel>Y</ischeckedDelegateUserModel><lastChangePassword>2015-03-31T00:00:00-06:00</lastChangePassword><lastLoginTime>2016-03-23T00:00:00-06:00</lastLoginTime><lastName>Do Not Delete</lastName><locked>N</locked><password>c0bf8f3f8d3b80fe2bdf7ae838b3cb0135f0cf2b</password><passwordExpireTimeframe>9999</passwordExpireTimeframe><section508Flag>N</section508Flag><staffs><serviceProviderCode>BPTDEV</serviceProviderCode><userId>ACAREPORTS</userId><agencyCode>ADMIN</agencyCode><auditModel><auditDate>2015-06-19T17:09:56-06:00</auditDate><auditID>ADMIN</auditID><auditStatus>A</auditStatus></auditModel><bureauCode>NA</bureauCode><divisionCode>NA</divisionCode><firstName>ACA Reports</firstName><groupCode>NA</groupCode><ivrSeq>545</ivrSeq><lastName>Do Not Delete</lastName><officeCode>NA</officeCode><sectionCode>NA</sectionCode><staffsI18Ns/><title>does not consume a license</title><userName>ACAREPORTS</userName></staffs><status>ENABLE</status><userDisciplineModels/><userDistrictModels/><userGroups><userGroup><serviceProviderCode>BPTDEV</serviceProviderCode><groupSequenceNumber>390</groupSequenceNumber><userName>ACAREPORTS</userName><auditModel><auditDate>2015-11-05T16:56:43-07:00</auditDate><auditID>ADMIN</auditID><auditStatus>A</auditStatus></auditModel><moduleName>Enforcement</moduleName><virtualUserGroupModel refId="1@VirtualUserGroupModel"><moduleName>Enforcement</moduleName><serviceProviderCode>BPTDEV</serviceProviderCode><userGroup>EnforcementPublicUser</userGroup></virtualUserGroupModel></userGroup><userGroup><serviceProviderCode>BPTDEV</serviceProviderCode><groupSequenceNumber>391</groupSequenceNumber><userName>ACAREPORTS</userName><auditModel><auditDate>2015-11-05T16:56:43-07:00</auditDate><auditID>ADMIN</auditID><auditStatus>A</auditStatus></auditModel><moduleName>ServiceRequest</moduleName><virtualUserGroupModel refId="2@VirtualUserGroupModel"><moduleName>ServiceRequest</moduleName><serviceProviderCode>BPTDEV</serviceProviderCode><userGroup>ServiceRequestPublicUser</userGroup></virtualUserGroupModel></userGroup><userGroup><serviceProviderCode>BPTDEV</serviceProviderCode><groupSequenceNumber>392</groupSequenceNumber><userName>ACAREPORTS</userName><auditModel><auditDate>2015-11-05T16:56:43-07:00</auditDate><auditID>ADMIN</auditID><auditStatus>A</auditStatus></auditModel><moduleName>Licenses</moduleName><virtualUserGroupModel refId="3@VirtualUserGroupModel"><moduleName>Licenses</moduleName><serviceProviderCode>BPTDEV</serviceProviderCode><userGroup>LicensesPublicUser</userGroup></virtualUserGroupModel></userGroup><userGroup><serviceProviderCode>BPTDEV</serviceProviderCode><groupSequenceNumber>394</groupSequenceNumber><userName>ACAREPORTS</userName><auditModel><auditDate>2015-11-05T16:56:43-07:00</auditDate><auditID>ADMIN</auditID><auditStatus>A</auditStatus></auditModel><moduleName>Planning</moduleName><virtualUserGroupModel refId="4@VirtualUserGroupModel"><moduleName>Planning</moduleName><serviceProviderCode>BPTDEV</serviceProviderCode><userGroup>PlanningPublicUser</userGroup></virtualUserGroupModel></userGroup><userGroup><serviceProviderCode>BPTDEV</serviceProviderCode><groupSequenceNumber>420</groupSequenceNumber><userName>ACAREPORTS</userName><auditModel><auditDate>2015-11-05T16:56:43-07:00</auditDate><auditID>ADMIN</auditID><auditStatus>I</auditStatus></auditModel><moduleName>Permits</moduleName><virtualUserGroupModel refId="5@VirtualUserGroupModel"><moduleName>Permits</moduleName><serviceProviderCode>BPTDEV</serviceProviderCode><userGroup>PermitsPublicUser</userGroup></virtualUserGroupModel></userGroup><userGroup><serviceProviderCode>BPTDEV</serviceProviderCode><groupSequenceNumber>570</groupSequenceNumber><userName>ACAREPORTS</userName><auditModel><auditDate>2015-11-05T16:56:43-07:00</auditDate><auditID>ADMIN</auditID><auditStatus>A</auditStatus></auditModel><moduleName>Building</moduleName><virtualUserGroupModel refId="6@VirtualUserGroupModel"><moduleName>Building</moduleName><serviceProviderCode>BPTDEV</serviceProviderCode><userGroup>BuildingPublicUser</userGroup></virtualUserGroupModel></userGroup><userGroup><serviceProviderCode>BPTDEV</serviceProviderCode><groupSequenceNumber>692</groupSequenceNumber><userName>ACAREPORTS</userName><auditModel><auditDate>2015-11-05T16:56:43-07:00</auditDate><auditID>ADMIN</auditID><auditStatus>A</auditStatus></auditModel><moduleName>Fire</moduleName><virtualUserGroupModel refId="7@VirtualUserGroupModel"><moduleName>Fire</moduleName><serviceProviderCode>BPTDEV</serviceProviderCode><userGroup>FirePublicUser</userGroup></virtualUserGroupModel></userGroup></userGroups><userPolicys><userPolicy refId="8@UserSecurityModel"><policySeq>2940</policySeq><serviceProviderCode>BPTDEV</serviceProviderCode><auditModel><auditDate>2015-06-19T17:09:56-06:00</auditDate><auditID>ADMIN</auditID><auditStatus>A</auditStatus></auditModel><data1>AGIS=N;AMO=N;AW=N;DUMMYUSER=Y</data1><levelData>ACAREPORTS</levelData><levelType>User</levelType><policyI18NModels/><policyName>UserSettings</policyName><rightGranted>Y</rightGranted><status>Y</status></userPolicy></userPolicys></user>
</list>