<?xml version="1.0" encoding="UTF-8" standalone="yes"?>
<list  version="8.0.0" minorVersion="15" exportUser="ADMIN" exportDateTime="03/30/2016 08:15 PM" description="null"><inspectionGroup><inspCode>BLD_COMM</inspCode><servProvCode>BPTDEV</servProvCode><inspGroupName>BLD Commercial</inspGroupName><inspectionSec>BLD_COMM/%</inspectionSec><inspectionTypeModels><inspectionTypeModel><inspSeqNbr>109</inspSeqNbr><servProvCode>BPTDEV</servProvCode><allowFailedGuidesheet>Y</allowFailedGuidesheet><allowMultiInspInAca>Y</allowMultiInspInAca><autoAssign>N</autoAssign><displayInAca>Y</displayInAca><flowEnabled>N</flowEnabled><inspCode>BLD_COMM</inspCode><inspEditable>Y</inspEditable><inspGroupName>BLD Commercial</inspGroupName><inspPriority>14</inspPriority><inspRequired>N</inspRequired><inspResultGroup>BLD_STANDARD</inspResultGroup><inspType>Storm Sewer Final</inspType><inspectionTypeI18ns/><recDate>2013-07-09T15:01:13-06:00</recDate><recFulNam>ADMIN</recFulNam><recStatus>A</recStatus><totalScoreOption>SUM(list)</totalScoreOption></inspectionTypeModel><inspectionTypeModel><inspSeqNbr>110</inspSeqNbr><servProvCode>BPTDEV</servProvCode><allowFailedGuidesheet>Y</allowFailedGuidesheet><allowMultiInspInAca>Y</allowMultiInspInAca><autoAssign>N</autoAssign><displayInAca>Y</displayInAca><flowEnabled>N</flowEnabled><inspCode>BLD_COMM</inspCode><inspEditable>Y</inspEditable><inspGroupName>BLD Commercial</inspGroupName><inspPriority>13</inspPriority><inspRequired>N</inspRequired><inspResultGroup>BLD_STANDARD</inspResultGroup><inspType>Sanitary Sewer Final</inspType><inspectionTypeI18ns/><recDate>2013-07-09T15:01:13-06:00</recDate><recFulNam>ADMIN</recFulNam><recStatus>A</recStatus><totalScoreOption>SUM(list)</totalScoreOption></inspectionTypeModel><inspectionTypeModel><inspSeqNbr>97</inspSeqNbr><servProvCode>BPTDEV</servProvCode><allowFailedGuidesheet>Y</allowFailedGuidesheet><allowMultiInspInAca>Y</allowMultiInspInAca><autoAssign>N</autoAssign><displayInAca>Y</displayInAca><flowEnabled>N</flowEnabled><inspCode>BLD_COMM</inspCode><inspEditable>Y</inspEditable><inspGroupName>BLD Commercial</inspGroupName><inspPriority>1</inspPriority><inspRequired>N</inspRequired><inspResultGroup>BLD_STANDARD</inspResultGroup><inspType>Set Backs</inspType><inspectionTypeI18ns/><recDate>2013-07-09T15:01:13-06:00</recDate><recFulNam>ADMIN</recFulNam><recStatus>A</recStatus><totalScoreOption>SUM(list)</totalScoreOption></inspectionTypeModel><inspectionTypeModel><inspSeqNbr>98</inspSeqNbr><servProvCode>BPTDEV</servProvCode><allowFailedGuidesheet>Y</allowFailedGuidesheet><allowMultiInspInAca>Y</allowMultiInspInAca><autoAssign>N</autoAssign><displayInAca>Y</displayInAca><flowEnabled>N</flowEnabled><inspCode>BLD_COMM</inspCode><inspEditable>Y</inspEditable><inspGroupName>BLD Commercial</inspGroupName><inspPriority>2</inspPriority><inspRequired>N</inspRequired><inspResultGroup>BLD_STANDARD</inspResultGroup><inspType>Temp Power</inspType><inspectionTypeI18ns/><recDate>2013-07-09T15:01:13-06:00</recDate><recFulNam>ADMIN</recFulNam><recStatus>A</recStatus><totalScoreOption>SUM(list)</totalScoreOption></inspectionTypeModel><inspectionTypeModel><inspSeqNbr>99</inspSeqNbr><servProvCode>BPTDEV</servProvCode><allowFailedGuidesheet>Y</allowFailedGuidesheet><allowMultiInspInAca>Y</allowMultiInspInAca><autoAssign>N</autoAssign><displayInAca>Y</displayInAca><flowEnabled>N</flowEnabled><inspCode>BLD_COMM</inspCode><inspEditable>Y</inspEditable><inspGroupName>BLD Commercial</inspGroupName><inspPriority>3</inspPriority><inspRequired>N</inspRequired><inspResultGroup>BLD_STANDARD</inspResultGroup><inspType>Footings &amp; Forms</inspType><inspectionTypeI18ns/><recDate>2013-07-09T15:01:13-06:00</recDate><recFulNam>ADMIN</recFulNam><recStatus>A</recStatus><totalScoreOption>SUM(list)</totalScoreOption></inspectionTypeModel><inspectionTypeModel><inspSeqNbr>100</inspSeqNbr><servProvCode>BPTDEV</servProvCode><allowFailedGuidesheet>Y</allowFailedGuidesheet><allowMultiInspInAca>Y</allowMultiInspInAca><autoAssign>N</autoAssign><displayInAca>Y</displayInAca><flowEnabled>N</flowEnabled><inspCode>BLD_COMM</inspCode><inspEditable>Y</inspEditable><inspGroupName>BLD Commercial</inspGroupName><inspPriority>4</inspPriority><inspRequired>N</inspRequired><inspResultGroup>BLD_STANDARD</inspResultGroup><inspType>Foundation</inspType><inspectionTypeI18ns/><recDate>2013-07-09T15:01:13-06:00</recDate><recFulNam>ADMIN</recFulNam><recStatus>A</recStatus><totalScoreOption>SUM(list)</totalScoreOption></inspectionTypeModel><inspectionTypeModel><inspSeqNbr>101</inspSeqNbr><servProvCode>BPTDEV</servProvCode><allowFailedGuidesheet>Y</allowFailedGuidesheet><allowMultiInspInAca>Y</allowMultiInspInAca><autoAssign>N</autoAssign><displayInAca>Y</displayInAca><flowEnabled>N</flowEnabled><inspCode>BLD_COMM</inspCode><inspEditable>Y</inspEditable><inspGroupName>BLD Commercial</inspGroupName><inspPriority>5</inspPriority><inspRequired>N</inspRequired><inspResultGroup>BLD_STANDARD</inspResultGroup><inspType>Rough Frame</inspType><inspectionTypeI18ns/><recDate>2013-07-09T15:01:13-06:00</recDate><recFulNam>ADMIN</recFulNam><recStatus>A</recStatus><totalScoreOption>SUM(list)</totalScoreOption></inspectionTypeModel><inspectionTypeModel><inspSeqNbr>102</inspSeqNbr><servProvCode>BPTDEV</servProvCode><allowFailedGuidesheet>Y</allowFailedGuidesheet><allowMultiInspInAca>Y</allowMultiInspInAca><autoAssign>N</autoAssign><displayInAca>Y</displayInAca><flowEnabled>N</flowEnabled><inspCode>BLD_COMM</inspCode><inspEditable>Y</inspEditable><inspGroupName>BLD Commercial</inspGroupName><inspPriority>6</inspPriority><inspRequired>N</inspRequired><inspResultGroup>BLD_STANDARD</inspResultGroup><inspType>Frame</inspType><inspectionTypeI18ns/><recDate>2013-07-09T15:01:13-06:00</recDate><recFulNam>ADMIN</recFulNam><recStatus>A</recStatus><totalScoreOption>SUM(list)</totalScoreOption></inspectionTypeModel><inspectionTypeModel><inspSeqNbr>103</inspSeqNbr><servProvCode>BPTDEV</servProvCode><allowFailedGuidesheet>Y</allowFailedGuidesheet><allowMultiInspInAca>Y</allowMultiInspInAca><autoAssign>N</autoAssign><displayInAca>Y</displayInAca><flowEnabled>N</flowEnabled><inspCode>BLD_COMM</inspCode><inspEditable>Y</inspEditable><inspGroupName>BLD Commercial</inspGroupName><inspPriority>7</inspPriority><inspRequired>N</inspRequired><inspResultGroup>BLD_STANDARD</inspResultGroup><inspType>Floor Deck</inspType><inspectionTypeI18ns/><recDate>2013-07-09T15:01:13-06:00</recDate><recFulNam>ADMIN</recFulNam><recStatus>A</recStatus><totalScoreOption>SUM(list)</totalScoreOption></inspectionTypeModel><inspectionTypeModel><inspSeqNbr>104</inspSeqNbr><servProvCode>BPTDEV</servProvCode><allowFailedGuidesheet>Y</allowFailedGuidesheet><allowMultiInspInAca>Y</allowMultiInspInAca><autoAssign>N</autoAssign><displayInAca>Y</displayInAca><flowEnabled>N</flowEnabled><inspCode>BLD_COMM</inspCode><inspEditable>Y</inspEditable><inspGroupName>BLD Commercial</inspGroupName><inspPriority>8</inspPriority><inspRequired>N</inspRequired><inspResultGroup>BLD_STANDARD</inspResultGroup><inspType>Roof Deck</inspType><inspectionTypeI18ns/><recDate>2013-07-09T15:01:13-06:00</recDate><recFulNam>ADMIN</recFulNam><recStatus>A</recStatus><totalScoreOption>SUM(list)</totalScoreOption></inspectionTypeModel><inspectionTypeModel><inspSeqNbr>105</inspSeqNbr><servProvCode>BPTDEV</servProvCode><allowFailedGuidesheet>Y</allowFailedGuidesheet><allowMultiInspInAca>Y</allowMultiInspInAca><autoAssign>N</autoAssign><displayInAca>Y</displayInAca><flowEnabled>N</flowEnabled><inspCode>BLD_COMM</inspCode><inspEditable>Y</inspEditable><inspGroupName>BLD Commercial</inspGroupName><inspPriority>9</inspPriority><inspRequired>N</inspRequired><inspResultGroup>BLD_STANDARD</inspResultGroup><inspType>Partial/Temp Building Final</inspType><inspectionTypeI18ns/><recDate>2013-07-09T15:01:13-06:00</recDate><recFulNam>ADMIN</recFulNam><recStatus>A</recStatus><totalScoreOption>SUM(list)</totalScoreOption></inspectionTypeModel><inspectionTypeModel><inspSeqNbr>106</inspSeqNbr><servProvCode>BPTDEV</servProvCode><allowFailedGuidesheet>Y</allowFailedGuidesheet><allowMultiInspInAca>Y</allowMultiInspInAca><autoAssign>N</autoAssign><displayInAca>Y</displayInAca><flowEnabled>N</flowEnabled><inspCode>BLD_COMM</inspCode><inspEditable>Y</inspEditable><inspGroupName>BLD Commercial</inspGroupName><inspPriority>10</inspPriority><inspRequired>N</inspRequired><inspResultGroup>BLD_STANDARD</inspResultGroup><inspType>Building Final</inspType><inspectionTypeI18ns/><recDate>2013-07-09T15:01:13-06:00</recDate><recFulNam>ADMIN</recFulNam><recStatus>A</recStatus><totalScoreOption>SUM(list)</totalScoreOption></inspectionTypeModel><inspectionTypeModel><inspSeqNbr>107</inspSeqNbr><servProvCode>BPTDEV</servProvCode><allowFailedGuidesheet>Y</allowFailedGuidesheet><allowMultiInspInAca>Y</allowMultiInspInAca><autoAssign>N</autoAssign><displayInAca>Y</displayInAca><flowEnabled>N</flowEnabled><inspCode>BLD_COMM</inspCode><inspEditable>Y</inspEditable><inspGroupName>BLD Commercial</inspGroupName><inspPriority>16</inspPriority><inspRequired>N</inspRequired><inspResultGroup>BLD_STANDARD</inspResultGroup><inspType>Zoning Final</inspType><inspectionTypeI18ns/><recDate>2013-07-09T15:01:13-06:00</recDate><recFulNam>ADMIN</recFulNam><recStatus>A</recStatus><totalScoreOption>SUM(list)</totalScoreOption></inspectionTypeModel><inspectionTypeModel><inspSeqNbr>108</inspSeqNbr><servProvCode>BPTDEV</servProvCode><allowFailedGuidesheet>Y</allowFailedGuidesheet><allowMultiInspInAca>Y</allowMultiInspInAca><autoAssign>N</autoAssign><displayInAca>Y</displayInAca><flowEnabled>N</flowEnabled><inspCode>BLD_COMM</inspCode><inspEditable>Y</inspEditable><inspGroupName>BLD Commercial</inspGroupName><inspPriority>11</inspPriority><inspRequired>N</inspRequired><inspResultGroup>BLD_STANDARD</inspResultGroup><inspType>Fire Final</inspType><inspectionTypeI18ns/><recDate>2013-07-09T15:01:13-06:00</recDate><recFulNam>ADMIN</recFulNam><recStatus>A</recStatus><totalScoreOption>SUM(list)</totalScoreOption></inspectionTypeModel><inspectionTypeModel><inspSeqNbr>111</inspSeqNbr><servProvCode>BPTDEV</servProvCode><allowFailedGuidesheet>Y</allowFailedGuidesheet><allowMultiInspInAca>Y</allowMultiInspInAca><autoAssign>N</autoAssign><displayInAca>Y</displayInAca><flowEnabled>N</flowEnabled><inspCode>BLD_COMM</inspCode><inspEditable>Y</inspEditable><inspGroupName>BLD Commercial</inspGroupName><inspPriority>12</inspPriority><inspRequired>N</inspRequired><inspResultGroup>BLD_STANDARD</inspResultGroup><inspType>Health Final</inspType><inspectionTypeI18ns/><recDate>2013-07-09T15:01:13-06:00</recDate><recFulNam>ADMIN</recFulNam><recStatus>A</recStatus><totalScoreOption>SUM(list)</totalScoreOption></inspectionTypeModel><inspectionTypeModel><inspSeqNbr>112</inspSeqNbr><servProvCode>BPTDEV</servProvCode><allowFailedGuidesheet>Y</allowFailedGuidesheet><allowMultiInspInAca>Y</allowMultiInspInAca><autoAssign>N</autoAssign><displayInAca>Y</displayInAca><flowEnabled>N</flowEnabled><inspCode>BLD_COMM</inspCode><inspEditable>Y</inspEditable><inspGroupName>BLD Commercial</inspGroupName><inspPriority>15</inspPriority><inspRequired>N</inspRequired><inspResultGroup>BLD_STANDARD</inspResultGroup><inspType>Storm Water Quality Final</inspType><inspectionTypeI18ns/><recDate>2013-07-09T15:01:13-06:00</recDate><recFulNam>ADMIN</recFulNam><recStatus>A</recStatus><totalScoreOption>SUM(list)</totalScoreOption></inspectionTypeModel><inspectionTypeModel><inspSeqNbr>113</inspSeqNbr><servProvCode>BPTDEV</servProvCode><allowFailedGuidesheet>Y</allowFailedGuidesheet><allowMultiInspInAca>Y</allowMultiInspInAca><autoAssign>N</autoAssign><displayInAca>Y</displayInAca><flowEnabled>N</flowEnabled><inspCode>BLD_COMM</inspCode><inspEditable>Y</inspEditable><inspGroupName>BLD Commercial</inspGroupName><inspPriority>17</inspPriority><inspRequired>N</inspRequired><inspResultGroup>BLD_STANDARD</inspResultGroup><inspType>Progress Check</inspType><inspectionTypeI18ns/><recDate>2013-07-09T15:01:13-06:00</recDate><recFulNam>ADMIN</recFulNam><recStatus>A</recStatus><totalScoreOption>SUM(list)</totalScoreOption></inspectionTypeModel></inspectionTypeModels><inspectionTypeSecurityModels/><isDepartmentSelected>Y</isDepartmentSelected><isGradeGroupSelected>Y</isGradeGroupSelected><isGuideSheetSelected>Y</isGuideSheetSelected><isRelatedInspSelected>Y</isRelatedInspSelected><isResultGroupSelected>Y</isResultGroupSelected><isSecutirySelected>Y</isSecutirySelected></inspectionGroup>
<inspectionGroup><inspCode>BLD_DEMO</inspCode><servProvCode>BPTDEV</servProvCode><inspGroupName>BLD Demolition</inspGroupName><inspectionSec>BLD_DEMO/%</inspectionSec><inspectionTypeModels><inspectionTypeModel><inspSeqNbr>114</inspSeqNbr><servProvCode>BPTDEV</servProvCode><allowFailedGuidesheet>Y</allowFailedGuidesheet><allowMultiInspInAca>Y</allowMultiInspInAca><autoAssign>N</autoAssign><displayInAca>Y</displayInAca><flowEnabled>N</flowEnabled><inspCode>BLD_DEMO</inspCode><inspEditable>Y</inspEditable><inspGroupName>BLD Demolition</inspGroupName><inspPriority>1</inspPriority><inspRequired>N</inspRequired><inspResultGroup>BLD_STANDARD</inspResultGroup><inspType>Gas Disconnect</inspType><inspectionTypeI18ns/><recDate>2013-03-13T16:30:16-06:00</recDate><recFulNam>ADMIN</recFulNam><recStatus>A</recStatus><totalScoreOption>SUM(list)</totalScoreOption></inspectionTypeModel><inspectionTypeModel><inspSeqNbr>115</inspSeqNbr><servProvCode>BPTDEV</servProvCode><allowFailedGuidesheet>Y</allowFailedGuidesheet><allowMultiInspInAca>Y</allowMultiInspInAca><autoAssign>N</autoAssign><displayInAca>Y</displayInAca><flowEnabled>N</flowEnabled><inspCode>BLD_DEMO</inspCode><inspEditable>Y</inspEditable><inspGroupName>BLD Demolition</inspGroupName><inspPriority>2</inspPriority><inspRequired>N</inspRequired><inspResultGroup>BLD_STANDARD</inspResultGroup><inspType>Electrical Disconnect</inspType><inspectionTypeI18ns/><recDate>2013-03-13T16:30:16-06:00</recDate><recFulNam>ADMIN</recFulNam><recStatus>A</recStatus><totalScoreOption>SUM(list)</totalScoreOption></inspectionTypeModel><inspectionTypeModel><inspSeqNbr>116</inspSeqNbr><servProvCode>BPTDEV</servProvCode><allowFailedGuidesheet>Y</allowFailedGuidesheet><allowMultiInspInAca>Y</allowMultiInspInAca><autoAssign>N</autoAssign><displayInAca>Y</displayInAca><flowEnabled>N</flowEnabled><inspCode>BLD_DEMO</inspCode><inspEditable>Y</inspEditable><inspGroupName>BLD Demolition</inspGroupName><inspPriority>3</inspPriority><inspRequired>N</inspRequired><inspResultGroup>BLD_STANDARD</inspResultGroup><inspType>Hazardous Material Removal</inspType><inspectionTypeI18ns/><recDate>2013-03-13T16:30:16-06:00</recDate><recFulNam>ADMIN</recFulNam><recStatus>A</recStatus><totalScoreOption>SUM(list)</totalScoreOption></inspectionTypeModel><inspectionTypeModel><inspSeqNbr>117</inspSeqNbr><servProvCode>BPTDEV</servProvCode><allowFailedGuidesheet>Y</allowFailedGuidesheet><allowMultiInspInAca>Y</allowMultiInspInAca><autoAssign>N</autoAssign><displayInAca>Y</displayInAca><flowEnabled>N</flowEnabled><inspCode>BLD_DEMO</inspCode><inspEditable>Y</inspEditable><inspGroupName>BLD Demolition</inspGroupName><inspPriority>4</inspPriority><inspRequired>N</inspRequired><inspResultGroup>BLD_STANDARD</inspResultGroup><inspType>Building Final</inspType><inspectionTypeI18ns/><recDate>2013-03-13T16:30:16-06:00</recDate><recFulNam>ADMIN</recFulNam><recStatus>A</recStatus><totalScoreOption>SUM(list)</totalScoreOption></inspectionTypeModel><inspectionTypeModel><inspSeqNbr>118</inspSeqNbr><servProvCode>BPTDEV</servProvCode><allowFailedGuidesheet>Y</allowFailedGuidesheet><allowMultiInspInAca>Y</allowMultiInspInAca><autoAssign>N</autoAssign><displayInAca>Y</displayInAca><flowEnabled>N</flowEnabled><inspCode>BLD_DEMO</inspCode><inspEditable>Y</inspEditable><inspGroupName>BLD Demolition</inspGroupName><inspPriority>5</inspPriority><inspRequired>N</inspRequired><inspResultGroup>BLD_STANDARD</inspResultGroup><inspType>Progress Check</inspType><inspectionTypeI18ns/><recDate>2013-03-13T16:30:16-06:00</recDate><recFulNam>ADMIN</recFulNam><recStatus>A</recStatus><totalScoreOption>SUM(list)</totalScoreOption></inspectionTypeModel></inspectionTypeModels><inspectionTypeSecurityModels/><isDepartmentSelected>Y</isDepartmentSelected><isGradeGroupSelected>Y</isGradeGroupSelected><isGuideSheetSelected>Y</isGuideSheetSelected><isRelatedInspSelected>Y</isRelatedInspSelected><isResultGroupSelected>Y</isResultGroupSelected><isSecutirySelected>Y</isSecutirySelected></inspectionGroup>
<inspectionGroup><inspCode>BLD_ELE_C</inspCode><servProvCode>BPTDEV</servProvCode><inspGroupName>BLD Electrical Comm</inspGroupName><inspectionSec>BLD_ELE_C/%</inspectionSec><inspectionTypeModels><inspectionTypeModel><inspSeqNbr>73</inspSeqNbr><servProvCode>BPTDEV</servProvCode><allowFailedGuidesheet>Y</allowFailedGuidesheet><allowMultiInspInAca>Y</allowMultiInspInAca><autoAssign>N</autoAssign><displayInAca>Y</displayInAca><flowEnabled>N</flowEnabled><inspCode>BLD_ELE_C</inspCode><inspEditable>Y</inspEditable><inspGroupName>BLD Electrical Comm</inspGroupName><inspPriority>1</inspPriority><inspRequired>N</inspRequired><inspResultGroup>BLD_STANDARD</inspResultGroup><inspType>Rough</inspType><inspectionTypeI18ns/><recDate>2013-03-13T16:30:27-06:00</recDate><recFulNam>ADMIN</recFulNam><recStatus>A</recStatus><totalScoreOption>SUM(list)</totalScoreOption></inspectionTypeModel><inspectionTypeModel><inspSeqNbr>74</inspSeqNbr><servProvCode>BPTDEV</servProvCode><allowFailedGuidesheet>Y</allowFailedGuidesheet><allowMultiInspInAca>Y</allowMultiInspInAca><autoAssign>N</autoAssign><displayInAca>Y</displayInAca><flowEnabled>N</flowEnabled><inspCode>BLD_ELE_C</inspCode><inspEditable>Y</inspEditable><inspGroupName>BLD Electrical Comm</inspGroupName><inspPriority>2</inspPriority><inspRequired>N</inspRequired><inspResultGroup>BLD_STANDARD</inspResultGroup><inspType>Service</inspType><inspectionTypeI18ns/><recDate>2013-03-13T16:30:27-06:00</recDate><recFulNam>ADMIN</recFulNam><recStatus>A</recStatus><totalScoreOption>SUM(list)</totalScoreOption></inspectionTypeModel><inspectionTypeModel><inspSeqNbr>75</inspSeqNbr><servProvCode>BPTDEV</servProvCode><allowFailedGuidesheet>Y</allowFailedGuidesheet><allowMultiInspInAca>Y</allowMultiInspInAca><autoAssign>N</autoAssign><displayInAca>Y</displayInAca><flowEnabled>N</flowEnabled><inspCode>BLD_ELE_C</inspCode><inspEditable>Y</inspEditable><inspGroupName>BLD Electrical Comm</inspGroupName><inspPriority>3</inspPriority><inspRequired>N</inspRequired><inspResultGroup>BLD_STANDARD</inspResultGroup><inspType>Temp Service Pole</inspType><inspectionTypeI18ns/><recDate>2013-03-13T16:30:27-06:00</recDate><recFulNam>ADMIN</recFulNam><recStatus>A</recStatus><totalScoreOption>SUM(list)</totalScoreOption></inspectionTypeModel><inspectionTypeModel><inspSeqNbr>76</inspSeqNbr><servProvCode>BPTDEV</servProvCode><allowFailedGuidesheet>Y</allowFailedGuidesheet><allowMultiInspInAca>Y</allowMultiInspInAca><autoAssign>N</autoAssign><displayInAca>Y</displayInAca><flowEnabled>N</flowEnabled><inspCode>BLD_ELE_C</inspCode><inspEditable>Y</inspEditable><inspGroupName>BLD Electrical Comm</inspGroupName><inspPriority>4</inspPriority><inspRequired>N</inspRequired><inspResultGroup>BLD_STANDARD</inspResultGroup><inspType>Ground Work</inspType><inspectionTypeI18ns/><recDate>2013-03-13T16:30:27-06:00</recDate><recFulNam>ADMIN</recFulNam><recStatus>A</recStatus><totalScoreOption>SUM(list)</totalScoreOption></inspectionTypeModel><inspectionTypeModel><inspSeqNbr>77</inspSeqNbr><servProvCode>BPTDEV</servProvCode><allowFailedGuidesheet>Y</allowFailedGuidesheet><allowMultiInspInAca>Y</allowMultiInspInAca><autoAssign>N</autoAssign><displayInAca>Y</displayInAca><flowEnabled>N</flowEnabled><inspCode>BLD_ELE_C</inspCode><inspEditable>Y</inspEditable><inspGroupName>BLD Electrical Comm</inspGroupName><inspPriority>5</inspPriority><inspRequired>N</inspRequired><inspResultGroup>BLD_STANDARD</inspResultGroup><inspType>Electrical Final</inspType><inspectionTypeI18ns/><recDate>2013-03-13T16:30:27-06:00</recDate><recFulNam>ADMIN</recFulNam><recStatus>A</recStatus><totalScoreOption>SUM(list)</totalScoreOption></inspectionTypeModel><inspectionTypeModel><inspSeqNbr>81</inspSeqNbr><servProvCode>BPTDEV</servProvCode><allowFailedGuidesheet>Y</allowFailedGuidesheet><allowMultiInspInAca>Y</allowMultiInspInAca><autoAssign>N</autoAssign><displayInAca>Y</displayInAca><flowEnabled>N</flowEnabled><inspCode>BLD_ELE_C</inspCode><inspEditable>Y</inspEditable><inspGroupName>BLD Electrical Comm</inspGroupName><inspPriority>6</inspPriority><inspRequired>N</inspRequired><inspResultGroup>BLD_STANDARD</inspResultGroup><inspType>Progress Check</inspType><inspectionTypeI18ns/><recDate>2013-03-13T16:30:27-06:00</recDate><recFulNam>ADMIN</recFulNam><recStatus>A</recStatus><totalScoreOption>SUM(list)</totalScoreOption></inspectionTypeModel></inspectionTypeModels><inspectionTypeSecurityModels/><isDepartmentSelected>Y</isDepartmentSelected><isGradeGroupSelected>Y</isGradeGroupSelected><isGuideSheetSelected>Y</isGuideSheetSelected><isRelatedInspSelected>Y</isRelatedInspSelected><isResultGroupSelected>Y</isResultGroupSelected><isSecutirySelected>Y</isSecutirySelected></inspectionGroup>
<inspectionGroup><inspCode>BLD_MECH_C</inspCode><servProvCode>BPTDEV</servProvCode><inspGroupName>BLD Mechanical Comm</inspGroupName><inspectionSec>BLD_MECH_C/%</inspectionSec><inspectionTypeModels><inspectionTypeModel><inspSeqNbr>83</inspSeqNbr><servProvCode>BPTDEV</servProvCode><allowFailedGuidesheet>Y</allowFailedGuidesheet><allowMultiInspInAca>Y</allowMultiInspInAca><autoAssign>N</autoAssign><displayInAca>Y</displayInAca><flowEnabled>N</flowEnabled><inspCode>BLD_MECH_C</inspCode><inspEditable>Y</inspEditable><inspGroupName>BLD Mechanical Comm</inspGroupName><inspPriority>10</inspPriority><inspRequired>N</inspRequired><inspResultGroup>BLD_STANDARD</inspResultGroup><inspType>Progress Check</inspType><inspectionTypeI18ns/><recDate>2013-03-13T16:30:49-06:00</recDate><recFulNam>ADMIN</recFulNam><recStatus>A</recStatus><totalScoreOption>SUM(list)</totalScoreOption></inspectionTypeModel><inspectionTypeModel><inspSeqNbr>49</inspSeqNbr><servProvCode>BPTDEV</servProvCode><allowFailedGuidesheet>Y</allowFailedGuidesheet><allowMultiInspInAca>Y</allowMultiInspInAca><autoAssign>N</autoAssign><displayInAca>Y</displayInAca><flowEnabled>N</flowEnabled><inspCode>BLD_MECH_C</inspCode><inspEditable>Y</inspEditable><inspGroupName>BLD Mechanical Comm</inspGroupName><inspPriority>1</inspPriority><inspRequired>N</inspRequired><inspResultGroup>BLD_STANDARD</inspResultGroup><inspType>Ground Work</inspType><inspectionTypeI18ns/><recDate>2013-03-13T16:30:49-06:00</recDate><recFulNam>ADMIN</recFulNam><recStatus>A</recStatus><totalScoreOption>SUM(list)</totalScoreOption></inspectionTypeModel><inspectionTypeModel><inspSeqNbr>50</inspSeqNbr><servProvCode>BPTDEV</servProvCode><allowFailedGuidesheet>Y</allowFailedGuidesheet><allowMultiInspInAca>Y</allowMultiInspInAca><autoAssign>N</autoAssign><displayInAca>Y</displayInAca><flowEnabled>N</flowEnabled><inspCode>BLD_MECH_C</inspCode><inspEditable>Y</inspEditable><inspGroupName>BLD Mechanical Comm</inspGroupName><inspPriority>2</inspPriority><inspRequired>N</inspRequired><inspResultGroup>BLD_STANDARD</inspResultGroup><inspType>Rough In</inspType><inspectionTypeI18ns/><recDate>2013-03-13T16:30:49-06:00</recDate><recFulNam>ADMIN</recFulNam><recStatus>A</recStatus><totalScoreOption>SUM(list)</totalScoreOption></inspectionTypeModel><inspectionTypeModel><inspSeqNbr>51</inspSeqNbr><servProvCode>BPTDEV</servProvCode><allowFailedGuidesheet>Y</allowFailedGuidesheet><allowMultiInspInAca>Y</allowMultiInspInAca><autoAssign>N</autoAssign><displayInAca>Y</displayInAca><flowEnabled>N</flowEnabled><inspCode>BLD_MECH_C</inspCode><inspEditable>Y</inspEditable><inspGroupName>BLD Mechanical Comm</inspGroupName><inspPriority>3</inspPriority><inspRequired>N</inspRequired><inspResultGroup>BLD_STANDARD</inspResultGroup><inspType>Duct Work</inspType><inspectionTypeI18ns/><recDate>2013-03-13T16:30:49-06:00</recDate><recFulNam>ADMIN</recFulNam><recStatus>A</recStatus><totalScoreOption>SUM(list)</totalScoreOption></inspectionTypeModel><inspectionTypeModel><inspSeqNbr>52</inspSeqNbr><servProvCode>BPTDEV</servProvCode><allowFailedGuidesheet>Y</allowFailedGuidesheet><allowMultiInspInAca>Y</allowMultiInspInAca><autoAssign>N</autoAssign><displayInAca>Y</displayInAca><flowEnabled>N</flowEnabled><inspCode>BLD_MECH_C</inspCode><inspEditable>Y</inspEditable><inspGroupName>BLD Mechanical Comm</inspGroupName><inspPriority>4</inspPriority><inspRequired>N</inspRequired><inspResultGroup>BLD_STANDARD</inspResultGroup><inspType>Gas Meter Reset</inspType><inspectionTypeI18ns/><recDate>2013-03-13T16:30:49-06:00</recDate><recFulNam>ADMIN</recFulNam><recStatus>A</recStatus><totalScoreOption>SUM(list)</totalScoreOption></inspectionTypeModel><inspectionTypeModel><inspSeqNbr>53</inspSeqNbr><servProvCode>BPTDEV</servProvCode><allowFailedGuidesheet>Y</allowFailedGuidesheet><allowMultiInspInAca>Y</allowMultiInspInAca><autoAssign>N</autoAssign><displayInAca>Y</displayInAca><flowEnabled>N</flowEnabled><inspCode>BLD_MECH_C</inspCode><inspEditable>Y</inspEditable><inspGroupName>BLD Mechanical Comm</inspGroupName><inspPriority>5</inspPriority><inspRequired>N</inspRequired><inspResultGroup>BLD_STANDARD</inspResultGroup><inspType>Gas Service</inspType><inspectionTypeI18ns/><recDate>2013-03-13T16:30:49-06:00</recDate><recFulNam>ADMIN</recFulNam><recStatus>A</recStatus><totalScoreOption>SUM(list)</totalScoreOption></inspectionTypeModel><inspectionTypeModel><inspSeqNbr>54</inspSeqNbr><servProvCode>BPTDEV</servProvCode><allowFailedGuidesheet>Y</allowFailedGuidesheet><allowMultiInspInAca>Y</allowMultiInspInAca><autoAssign>N</autoAssign><displayInAca>Y</displayInAca><flowEnabled>N</flowEnabled><inspCode>BLD_MECH_C</inspCode><inspEditable>Y</inspEditable><inspGroupName>BLD Mechanical Comm</inspGroupName><inspPriority>6</inspPriority><inspRequired>N</inspRequired><inspResultGroup>BLD_STANDARD</inspResultGroup><inspType>Construction Gas</inspType><inspectionTypeI18ns/><recDate>2013-03-13T16:30:49-06:00</recDate><recFulNam>ADMIN</recFulNam><recStatus>A</recStatus><totalScoreOption>SUM(list)</totalScoreOption></inspectionTypeModel><inspectionTypeModel><inspSeqNbr>55</inspSeqNbr><servProvCode>BPTDEV</servProvCode><allowFailedGuidesheet>Y</allowFailedGuidesheet><allowMultiInspInAca>Y</allowMultiInspInAca><autoAssign>N</autoAssign><displayInAca>Y</displayInAca><flowEnabled>N</flowEnabled><inspCode>BLD_MECH_C</inspCode><inspEditable>Y</inspEditable><inspGroupName>BLD Mechanical Comm</inspGroupName><inspPriority>7</inspPriority><inspRequired>N</inspRequired><inspResultGroup>BLD_STANDARD</inspResultGroup><inspType>Service Interior</inspType><inspectionTypeI18ns/><recDate>2013-03-13T16:30:49-06:00</recDate><recFulNam>ADMIN</recFulNam><recStatus>A</recStatus><totalScoreOption>SUM(list)</totalScoreOption></inspectionTypeModel><inspectionTypeModel><inspSeqNbr>56</inspSeqNbr><servProvCode>BPTDEV</servProvCode><allowFailedGuidesheet>Y</allowFailedGuidesheet><allowMultiInspInAca>Y</allowMultiInspInAca><autoAssign>N</autoAssign><displayInAca>Y</displayInAca><flowEnabled>N</flowEnabled><inspCode>BLD_MECH_C</inspCode><inspEditable>Y</inspEditable><inspGroupName>BLD Mechanical Comm</inspGroupName><inspPriority>8</inspPriority><inspRequired>N</inspRequired><inspResultGroup>BLD_STANDARD</inspResultGroup><inspType>Relocate Service</inspType><inspectionTypeI18ns/><recDate>2013-03-13T16:30:49-06:00</recDate><recFulNam>ADMIN</recFulNam><recStatus>A</recStatus><totalScoreOption>SUM(list)</totalScoreOption></inspectionTypeModel><inspectionTypeModel><inspSeqNbr>57</inspSeqNbr><servProvCode>BPTDEV</servProvCode><allowFailedGuidesheet>Y</allowFailedGuidesheet><allowMultiInspInAca>Y</allowMultiInspInAca><autoAssign>N</autoAssign><displayInAca>Y</displayInAca><flowEnabled>N</flowEnabled><inspCode>BLD_MECH_C</inspCode><inspEditable>Y</inspEditable><inspGroupName>BLD Mechanical Comm</inspGroupName><inspPriority>9</inspPriority><inspRequired>N</inspRequired><inspResultGroup>BLD_STANDARD</inspResultGroup><inspType>Mechanical Final</inspType><inspectionTypeI18ns/><recDate>2013-03-13T16:30:49-06:00</recDate><recFulNam>ADMIN</recFulNam><recStatus>A</recStatus><totalScoreOption>SUM(list)</totalScoreOption></inspectionTypeModel></inspectionTypeModels><inspectionTypeSecurityModels/><isDepartmentSelected>Y</isDepartmentSelected><isGradeGroupSelected>Y</isGradeGroupSelected><isGuideSheetSelected>Y</isGuideSheetSelected><isRelatedInspSelected>Y</isRelatedInspSelected><isResultGroupSelected>Y</isResultGroupSelected><isSecutirySelected>Y</isSecutirySelected></inspectionGroup>
<inspectionGroup><inspCode>BLD_PLM_C</inspCode><servProvCode>BPTDEV</servProvCode><inspGroupName>BLD Plumbing Comm</inspGroupName><inspectionSec>BLD_PLM_C/%</inspectionSec><inspectionTypeModels><inspectionTypeModel><inspSeqNbr>62</inspSeqNbr><servProvCode>BPTDEV</servProvCode><allowFailedGuidesheet>Y</allowFailedGuidesheet><allowMultiInspInAca>N</allowMultiInspInAca><autoAssign>N</autoAssign><displayInAca>Y</displayInAca><flowEnabled>N</flowEnabled><inspCode>BLD_PLM_C</inspCode><inspEditable>Y</inspEditable><inspGroupName>BLD Plumbing Comm</inspGroupName><inspPriority>5</inspPriority><inspRequired>N</inspRequired><inspResultGroup>BLD_STANDARD</inspResultGroup><inspType>Water</inspType><inspectionTypeI18ns/><recDate>2013-03-13T16:31:16-06:00</recDate><recFulNam>ADMIN</recFulNam><recStatus>A</recStatus><totalScoreOption>SUM(list)</totalScoreOption></inspectionTypeModel><inspectionTypeModel><inspSeqNbr>63</inspSeqNbr><servProvCode>BPTDEV</servProvCode><allowFailedGuidesheet>Y</allowFailedGuidesheet><allowMultiInspInAca>N</allowMultiInspInAca><autoAssign>N</autoAssign><displayInAca>Y</displayInAca><flowEnabled>N</flowEnabled><inspCode>BLD_PLM_C</inspCode><inspEditable>Y</inspEditable><inspGroupName>BLD Plumbing Comm</inspGroupName><inspPriority>6</inspPriority><inspRequired>N</inspRequired><inspResultGroup>BLD_STANDARD</inspResultGroup><inspType>Gas</inspType><inspectionTypeI18ns/><recDate>2013-03-13T16:31:16-06:00</recDate><recFulNam>ADMIN</recFulNam><recStatus>A</recStatus><totalScoreOption>SUM(list)</totalScoreOption></inspectionTypeModel><inspectionTypeModel><inspSeqNbr>64</inspSeqNbr><servProvCode>BPTDEV</servProvCode><allowFailedGuidesheet>Y</allowFailedGuidesheet><allowMultiInspInAca>Y</allowMultiInspInAca><autoAssign>N</autoAssign><displayInAca>Y</displayInAca><flowEnabled>N</flowEnabled><inspCode>BLD_PLM_C</inspCode><inspEditable>Y</inspEditable><inspGroupName>BLD Plumbing Comm</inspGroupName><inspPriority>7</inspPriority><inspRequired>N</inspRequired><inspResultGroup>BLD_STANDARD</inspResultGroup><inspType>Service Interior</inspType><inspectionTypeI18ns/><recDate>2013-03-13T16:31:16-06:00</recDate><recFulNam>ADMIN</recFulNam><recStatus>A</recStatus><totalScoreOption>SUM(list)</totalScoreOption></inspectionTypeModel><inspectionTypeModel><inspSeqNbr>65</inspSeqNbr><servProvCode>BPTDEV</servProvCode><allowFailedGuidesheet>Y</allowFailedGuidesheet><allowMultiInspInAca>Y</allowMultiInspInAca><autoAssign>N</autoAssign><displayInAca>Y</displayInAca><flowEnabled>N</flowEnabled><inspCode>BLD_PLM_C</inspCode><inspEditable>Y</inspEditable><inspGroupName>BLD Plumbing Comm</inspGroupName><inspPriority>8</inspPriority><inspRequired>N</inspRequired><inspResultGroup>BLD_STANDARD</inspResultGroup><inspType>Relocate Service</inspType><inspectionTypeI18ns/><recDate>2013-03-13T16:31:16-06:00</recDate><recFulNam>ADMIN</recFulNam><recStatus>A</recStatus><totalScoreOption>SUM(list)</totalScoreOption></inspectionTypeModel><inspectionTypeModel><inspSeqNbr>66</inspSeqNbr><servProvCode>BPTDEV</servProvCode><allowFailedGuidesheet>Y</allowFailedGuidesheet><allowMultiInspInAca>Y</allowMultiInspInAca><autoAssign>N</autoAssign><displayInAca>Y</displayInAca><flowEnabled>N</flowEnabled><inspCode>BLD_PLM_C</inspCode><inspEditable>Y</inspEditable><inspGroupName>BLD Plumbing Comm</inspGroupName><inspPriority>9</inspPriority><inspRequired>N</inspRequired><inspResultGroup>BLD_STANDARD</inspResultGroup><inspType>Gas Meter Reset</inspType><inspectionTypeI18ns/><recDate>2013-03-13T16:31:16-06:00</recDate><recFulNam>ADMIN</recFulNam><recStatus>A</recStatus><totalScoreOption>SUM(list)</totalScoreOption></inspectionTypeModel><inspectionTypeModel><inspSeqNbr>67</inspSeqNbr><servProvCode>BPTDEV</servProvCode><allowFailedGuidesheet>Y</allowFailedGuidesheet><allowMultiInspInAca>Y</allowMultiInspInAca><autoAssign>N</autoAssign><displayInAca>Y</displayInAca><flowEnabled>N</flowEnabled><inspCode>BLD_PLM_C</inspCode><inspEditable>Y</inspEditable><inspGroupName>BLD Plumbing Comm</inspGroupName><inspPriority>10</inspPriority><inspRequired>N</inspRequired><inspResultGroup>BLD_STANDARD</inspResultGroup><inspType>Plumbing Final</inspType><inspectionTypeI18ns/><recDate>2013-03-13T16:31:16-06:00</recDate><recFulNam>ADMIN</recFulNam><recStatus>A</recStatus><totalScoreOption>SUM(list)</totalScoreOption></inspectionTypeModel><inspectionTypeModel><inspSeqNbr>85</inspSeqNbr><servProvCode>BPTDEV</servProvCode><allowFailedGuidesheet>Y</allowFailedGuidesheet><allowMultiInspInAca>Y</allowMultiInspInAca><autoAssign>N</autoAssign><displayInAca>Y</displayInAca><flowEnabled>N</flowEnabled><inspCode>BLD_PLM_C</inspCode><inspEditable>Y</inspEditable><inspGroupName>BLD Plumbing Comm</inspGroupName><inspPriority>11</inspPriority><inspRequired>N</inspRequired><inspResultGroup>BLD_STANDARD</inspResultGroup><inspType>Progress Check</inspType><inspectionTypeI18ns/><recDate>2013-03-13T16:31:16-06:00</recDate><recFulNam>ADMIN</recFulNam><recStatus>A</recStatus><totalScoreOption>SUM(list)</totalScoreOption></inspectionTypeModel><inspectionTypeModel><inspSeqNbr>58</inspSeqNbr><servProvCode>BPTDEV</servProvCode><allowFailedGuidesheet>Y</allowFailedGuidesheet><allowMultiInspInAca>Y</allowMultiInspInAca><autoAssign>N</autoAssign><displayInAca>Y</displayInAca><flowEnabled>N</flowEnabled><inspCode>BLD_PLM_C</inspCode><inspEditable>Y</inspEditable><inspGroupName>BLD Plumbing Comm</inspGroupName><inspPriority>1</inspPriority><inspRequired>N</inspRequired><inspResultGroup>BLD_STANDARD</inspResultGroup><inspType>Ground Work</inspType><inspectionTypeI18ns/><recDate>2013-03-13T16:31:16-06:00</recDate><recFulNam>ADMIN</recFulNam><recStatus>A</recStatus><totalScoreOption>SUM(list)</totalScoreOption></inspectionTypeModel><inspectionTypeModel><inspSeqNbr>59</inspSeqNbr><servProvCode>BPTDEV</servProvCode><allowFailedGuidesheet>Y</allowFailedGuidesheet><allowMultiInspInAca>Y</allowMultiInspInAca><autoAssign>N</autoAssign><displayInAca>Y</displayInAca><flowEnabled>N</flowEnabled><inspCode>BLD_PLM_C</inspCode><inspEditable>Y</inspEditable><inspGroupName>BLD Plumbing Comm</inspGroupName><inspPriority>2</inspPriority><inspRequired>N</inspRequired><inspResultGroup>BLD_STANDARD</inspResultGroup><inspType>Rough In</inspType><inspectionTypeI18ns/><recDate>2013-03-13T16:31:16-06:00</recDate><recFulNam>ADMIN</recFulNam><recStatus>A</recStatus><totalScoreOption>SUM(list)</totalScoreOption></inspectionTypeModel><inspectionTypeModel><inspSeqNbr>60</inspSeqNbr><servProvCode>BPTDEV</servProvCode><allowFailedGuidesheet>Y</allowFailedGuidesheet><allowMultiInspInAca>Y</allowMultiInspInAca><autoAssign>N</autoAssign><displayInAca>Y</displayInAca><flowEnabled>N</flowEnabled><inspCode>BLD_PLM_C</inspCode><inspEditable>Y</inspEditable><inspGroupName>BLD Plumbing Comm</inspGroupName><inspPriority>3</inspPriority><inspRequired>N</inspRequired><inspResultGroup>BLD_STANDARD</inspResultGroup><inspType>Construction Gas</inspType><inspectionTypeI18ns/><recDate>2013-03-13T16:31:16-06:00</recDate><recFulNam>ADMIN</recFulNam><recStatus>A</recStatus><totalScoreOption>SUM(list)</totalScoreOption></inspectionTypeModel><inspectionTypeModel><inspSeqNbr>61</inspSeqNbr><servProvCode>BPTDEV</servProvCode><allowFailedGuidesheet>Y</allowFailedGuidesheet><allowMultiInspInAca>Y</allowMultiInspInAca><autoAssign>N</autoAssign><displayInAca>Y</displayInAca><flowEnabled>N</flowEnabled><inspCode>BLD_PLM_C</inspCode><inspEditable>Y</inspEditable><inspGroupName>BLD Plumbing Comm</inspGroupName><inspPriority>4</inspPriority><inspRequired>N</inspRequired><inspResultGroup>BLD_STANDARD</inspResultGroup><inspType>Sewer</inspType><inspectionTypeI18ns/><recDate>2013-03-13T16:31:16-06:00</recDate><recFulNam>ADMIN</recFulNam><recStatus>A</recStatus><totalScoreOption>SUM(list)</totalScoreOption></inspectionTypeModel></inspectionTypeModels><inspectionTypeSecurityModels/><isDepartmentSelected>Y</isDepartmentSelected><isGradeGroupSelected>Y</isGradeGroupSelected><isGuideSheetSelected>Y</isGuideSheetSelected><isRelatedInspSelected>Y</isRelatedInspSelected><isResultGroupSelected>Y</isResultGroupSelected><isSecutirySelected>Y</isSecutirySelected></inspectionGroup>
<inspectionGroup><inspCode>BLD_COMM_RRF</inspCode><servProvCode>BPTDEV</servProvCode><inspGroupName>BLD Commercial Re-Roof</inspGroupName><inspectionSec>BLD_COMM_RRF/%</inspectionSec><inspectionTypeModels><inspectionTypeModel><inspSeqNbr>292</inspSeqNbr><servProvCode>BPTDEV</servProvCode><allowFailedGuidesheet>Y</allowFailedGuidesheet><allowMultiInspInAca>Y</allowMultiInspInAca><autoAssign>N</autoAssign><displayInAca>Y</displayInAca><flowEnabled>N</flowEnabled><inspCode>BLD_COMM_RRF</inspCode><inspEditable>Y</inspEditable><inspGroupName>BLD Commercial Re-Roof</inspGroupName><inspPriority>1</inspPriority><inspRequired>N</inspRequired><inspResultGroup>BLD_STANDARD</inspResultGroup><inspType>Frame</inspType><inspectionTypeI18ns/><recDate>2013-03-27T09:38:46-06:00</recDate><recFulNam>ADMIN</recFulNam><recStatus>A</recStatus><totalScoreOption>SUM(list)</totalScoreOption></inspectionTypeModel><inspectionTypeModel><inspSeqNbr>293</inspSeqNbr><servProvCode>BPTDEV</servProvCode><allowFailedGuidesheet>Y</allowFailedGuidesheet><allowMultiInspInAca>N</allowMultiInspInAca><autoAssign>N</autoAssign><displayInAca>Y</displayInAca><flowEnabled>N</flowEnabled><inspCode>BLD_COMM_RRF</inspCode><inspEditable>Y</inspEditable><inspGroupName>BLD Commercial Re-Roof</inspGroupName><inspPriority>2</inspPriority><inspRequired>N</inspRequired><inspResultGroup>BLD_STANDARD</inspResultGroup><inspType>Roof Final</inspType><inspectionTypeI18ns/><recDate>2013-03-27T09:38:46-06:00</recDate><recFulNam>ADMIN</recFulNam><recStatus>A</recStatus><totalScoreOption>SUM(list)</totalScoreOption></inspectionTypeModel><inspectionTypeModel><inspSeqNbr>294</inspSeqNbr><servProvCode>BPTDEV</servProvCode><allowFailedGuidesheet>Y</allowFailedGuidesheet><allowMultiInspInAca>N</allowMultiInspInAca><autoAssign>N</autoAssign><displayInAca>Y</displayInAca><flowEnabled>N</flowEnabled><inspCode>BLD_COMM_RRF</inspCode><inspEditable>Y</inspEditable><inspGroupName>BLD Commercial Re-Roof</inspGroupName><inspPriority>3</inspPriority><inspRequired>N</inspRequired><inspResultGroup>BLD_STANDARD</inspResultGroup><inspType>Progress Check</inspType><inspectionTypeI18ns/><recDate>2013-03-27T09:38:46-06:00</recDate><recFulNam>ADMIN</recFulNam><recStatus>A</recStatus><totalScoreOption>SUM(list)</totalScoreOption></inspectionTypeModel></inspectionTypeModels><inspectionTypeSecurityModels/><isDepartmentSelected>Y</isDepartmentSelected><isGradeGroupSelected>Y</isGradeGroupSelected><isGuideSheetSelected>Y</isGuideSheetSelected><isRelatedInspSelected>Y</isRelatedInspSelected><isResultGroupSelected>Y</isResultGroupSelected><isSecutirySelected>Y</isSecutirySelected></inspectionGroup>
<inspectionGroup><inspCode>BLD_FENCE</inspCode><servProvCode>BPTDEV</servProvCode><inspGroupName>BLD Fence</inspGroupName><inspectionSec>BLD_FENCE/%</inspectionSec><inspectionTypeModels><inspectionTypeModel><inspSeqNbr>342</inspSeqNbr><servProvCode>BPTDEV</servProvCode><allowFailedGuidesheet>Y</allowFailedGuidesheet><allowMultiInspInAca>Y</allowMultiInspInAca><autoAssign>N</autoAssign><displayInAca>Y</displayInAca><flowEnabled>N</flowEnabled><inspCode>BLD_FENCE</inspCode><inspEditable>Y</inspEditable><inspGroupName>BLD Fence</inspGroupName><inspPriority>1</inspPriority><inspRequired>N</inspRequired><inspResultGroup>BLD_STANDARD</inspResultGroup><inspType>Fence Final</inspType><inspectionTypeI18ns/><recDate>2014-05-08T13:21:46-06:00</recDate><recFulNam>ADMIN</recFulNam><recStatus>A</recStatus><totalScoreOption>SUM(list)</totalScoreOption></inspectionTypeModel><inspectionTypeModel><inspSeqNbr>343</inspSeqNbr><servProvCode>BPTDEV</servProvCode><allowFailedGuidesheet>Y</allowFailedGuidesheet><allowMultiInspInAca>N</allowMultiInspInAca><autoAssign>N</autoAssign><displayInAca>Y</displayInAca><flowEnabled>N</flowEnabled><inspCode>BLD_FENCE</inspCode><inspEditable>Y</inspEditable><inspGroupName>BLD Fence</inspGroupName><inspPriority>2</inspPriority><inspRequired>N</inspRequired><inspResultGroup>BLD_STANDARD</inspResultGroup><inspType>Progress Check</inspType><inspectionTypeI18ns/><recDate>2014-05-08T13:21:46-06:00</recDate><recFulNam>ADMIN</recFulNam><recStatus>A</recStatus><totalScoreOption>SUM(list)</totalScoreOption></inspectionTypeModel></inspectionTypeModels><inspectionTypeSecurityModels/><isDepartmentSelected>Y</isDepartmentSelected><isGradeGroupSelected>Y</isGradeGroupSelected><isGuideSheetSelected>Y</isGuideSheetSelected><isRelatedInspSelected>Y</isRelatedInspSelected><isResultGroupSelected>Y</isResultGroupSelected><isSecutirySelected>Y</isSecutirySelected></inspectionGroup>
<inspectionGroup><inspCode>BLD_GRADING</inspCode><servProvCode>BPTDEV</servProvCode><inspGroupName>BLD Grading</inspGroupName><inspectionSec>BLD_GRADING/%</inspectionSec><inspectionTypeModels><inspectionTypeModel><inspSeqNbr>298</inspSeqNbr><servProvCode>BPTDEV</servProvCode><allowFailedGuidesheet>Y</allowFailedGuidesheet><allowMultiInspInAca>N</allowMultiInspInAca><autoAssign>N</autoAssign><displayInAca>Y</displayInAca><flowEnabled>N</flowEnabled><inspCode>BLD_GRADING</inspCode><inspEditable>Y</inspEditable><inspGroupName>BLD Grading</inspGroupName><inspPriority>1</inspPriority><inspRequired>N</inspRequired><inspResultGroup>BLD_STANDARD</inspResultGroup><inspType>Grading Progress Check</inspType><inspectionTypeI18ns/><recDate>2013-03-27T14:04:23-06:00</recDate><recFulNam>ADMIN</recFulNam><recStatus>A</recStatus><totalScoreOption>SUM(list)</totalScoreOption></inspectionTypeModel><inspectionTypeModel><inspSeqNbr>299</inspSeqNbr><servProvCode>BPTDEV</servProvCode><allowFailedGuidesheet>Y</allowFailedGuidesheet><allowMultiInspInAca>N</allowMultiInspInAca><autoAssign>N</autoAssign><displayInAca>Y</displayInAca><flowEnabled>N</flowEnabled><inspCode>BLD_GRADING</inspCode><inspEditable>Y</inspEditable><inspGroupName>BLD Grading</inspGroupName><inspPriority>2</inspPriority><inspRequired>N</inspRequired><inspResultGroup>BLD_STANDARD</inspResultGroup><inspType>Grading Final</inspType><inspectionTypeI18ns/><recDate>2013-03-27T14:04:23-06:00</recDate><recFulNam>ADMIN</recFulNam><recStatus>A</recStatus><totalScoreOption>SUM(list)</totalScoreOption></inspectionTypeModel></inspectionTypeModels><inspectionTypeSecurityModels/><isDepartmentSelected>Y</isDepartmentSelected><isGradeGroupSelected>Y</isGradeGroupSelected><isGuideSheetSelected>Y</isGuideSheetSelected><isRelatedInspSelected>Y</isRelatedInspSelected><isResultGroupSelected>Y</isResultGroupSelected><isSecutirySelected>Y</isSecutirySelected></inspectionGroup>
<inspectionGroup><inspCode>BLD_POOL</inspCode><servProvCode>BPTDEV</servProvCode><inspGroupName>BLD Pool</inspGroupName><inspectionSec>BLD_POOL/%</inspectionSec><inspectionTypeModels><inspectionTypeModel><inspSeqNbr>122</inspSeqNbr><servProvCode>BPTDEV</servProvCode><allowFailedGuidesheet>Y</allowFailedGuidesheet><allowMultiInspInAca>Y</allowMultiInspInAca><autoAssign>N</autoAssign><displayInAca>Y</displayInAca><flowEnabled>N</flowEnabled><inspCode>BLD_POOL</inspCode><inspEditable>Y</inspEditable><inspGroupName>BLD Pool</inspGroupName><inspPriority>1</inspPriority><inspRequired>N</inspRequired><inspResultGroup>BLD_STANDARD</inspResultGroup><inspType>Building Final</inspType><inspectionTypeI18ns/><recDate>2013-03-13T16:31:50-06:00</recDate><recFulNam>ADMIN</recFulNam><recStatus>A</recStatus><totalScoreOption>SUM(list)</totalScoreOption></inspectionTypeModel><inspectionTypeModel><inspSeqNbr>123</inspSeqNbr><servProvCode>BPTDEV</servProvCode><allowFailedGuidesheet>Y</allowFailedGuidesheet><allowMultiInspInAca>Y</allowMultiInspInAca><autoAssign>N</autoAssign><displayInAca>Y</displayInAca><flowEnabled>N</flowEnabled><inspCode>BLD_POOL</inspCode><inspEditable>Y</inspEditable><inspGroupName>BLD Pool</inspGroupName><inspPriority>2</inspPriority><inspRequired>N</inspRequired><inspResultGroup>BLD_STANDARD</inspResultGroup><inspType>Health Final</inspType><inspectionTypeI18ns/><recDate>2013-03-13T16:31:50-06:00</recDate><recFulNam>ADMIN</recFulNam><recStatus>A</recStatus><totalScoreOption>SUM(list)</totalScoreOption></inspectionTypeModel><inspectionTypeModel><inspSeqNbr>124</inspSeqNbr><servProvCode>BPTDEV</servProvCode><allowFailedGuidesheet>Y</allowFailedGuidesheet><allowMultiInspInAca>Y</allowMultiInspInAca><autoAssign>N</autoAssign><displayInAca>Y</displayInAca><flowEnabled>N</flowEnabled><inspCode>BLD_POOL</inspCode><inspEditable>Y</inspEditable><inspGroupName>BLD Pool</inspGroupName><inspPriority>3</inspPriority><inspRequired>N</inspRequired><inspResultGroup>BLD_STANDARD</inspResultGroup><inspType>Progress Check</inspType><inspectionTypeI18ns/><recDate>2013-03-13T16:31:50-06:00</recDate><recFulNam>ADMIN</recFulNam><recStatus>A</recStatus><totalScoreOption>SUM(list)</totalScoreOption></inspectionTypeModel></inspectionTypeModels><inspectionTypeSecurityModels/><isDepartmentSelected>Y</isDepartmentSelected><isGradeGroupSelected>Y</isGradeGroupSelected><isGuideSheetSelected>Y</isGuideSheetSelected><isRelatedInspSelected>Y</isRelatedInspSelected><isResultGroupSelected>Y</isResultGroupSelected><isSecutirySelected>Y</isSecutirySelected></inspectionGroup>
<inspectionGroup><inspCode>BLD_RES</inspCode><servProvCode>BPTDEV</servProvCode><inspGroupName>BLD Residential</inspGroupName><inspectionSec>BLD_RES/%</inspectionSec><inspectionTypeModels><inspectionTypeModel><inspSeqNbr>78</inspSeqNbr><servProvCode>BPTDEV</servProvCode><allowFailedGuidesheet>Y</allowFailedGuidesheet><allowMultiInspInAca>Y</allowMultiInspInAca><autoAssign>N</autoAssign><displayInAca>Y</displayInAca><flowEnabled>N</flowEnabled><inspCode>BLD_RES</inspCode><inspEditable>Y</inspEditable><inspGroupName>BLD Residential</inspGroupName><inspPriority>4</inspPriority><inspRequired>N</inspRequired><inspResultGroup>BLD_STANDARD</inspResultGroup><inspType>Foundation</inspType><inspectionTypeI18ns/><recDate>2013-03-13T16:33:41-06:00</recDate><recFulNam>ADMIN</recFulNam><recStatus>A</recStatus><totalScoreOption>SUM(list)</totalScoreOption></inspectionTypeModel><inspectionTypeModel><inspSeqNbr>79</inspSeqNbr><servProvCode>BPTDEV</servProvCode><allowFailedGuidesheet>Y</allowFailedGuidesheet><allowMultiInspInAca>Y</allowMultiInspInAca><autoAssign>N</autoAssign><displayInAca>Y</displayInAca><flowEnabled>N</flowEnabled><inspCode>BLD_RES</inspCode><inspEditable>Y</inspEditable><inspGroupName>BLD Residential</inspGroupName><inspPriority>6</inspPriority><inspRequired>N</inspRequired><inspResultGroup>BLD_STANDARD</inspResultGroup><inspType>Frame</inspType><inspectionTypeI18ns/><recDate>2013-03-13T16:33:41-06:00</recDate><recFulNam>ADMIN</recFulNam><recStatus>A</recStatus><totalScoreOption>SUM(list)</totalScoreOption></inspectionTypeModel><inspectionTypeModel><inspSeqNbr>80</inspSeqNbr><servProvCode>BPTDEV</servProvCode><allowFailedGuidesheet>Y</allowFailedGuidesheet><allowMultiInspInAca>Y</allowMultiInspInAca><autoAssign>N</autoAssign><displayInAca>Y</displayInAca><flowEnabled>N</flowEnabled><inspCode>BLD_RES</inspCode><inspEditable>Y</inspEditable><inspGroupName>BLD Residential</inspGroupName><inspPriority>9</inspPriority><inspRequired>N</inspRequired><inspResultGroup>BLD_STANDARD</inspResultGroup><inspType>Partial/Temp Building Final</inspType><inspectionTypeI18ns/><recDate>2013-03-13T16:33:41-06:00</recDate><recFulNam>ADMIN</recFulNam><recStatus>A</recStatus><totalScoreOption>SUM(list)</totalScoreOption></inspectionTypeModel><inspectionTypeModel><inspSeqNbr>87</inspSeqNbr><servProvCode>BPTDEV</servProvCode><allowFailedGuidesheet>Y</allowFailedGuidesheet><allowMultiInspInAca>Y</allowMultiInspInAca><autoAssign>N</autoAssign><displayInAca>Y</displayInAca><flowEnabled>N</flowEnabled><inspCode>BLD_RES</inspCode><inspEditable>Y</inspEditable><inspGroupName>BLD Residential</inspGroupName><inspPriority>5</inspPriority><inspRequired>N</inspRequired><inspResultGroup>BLD_STANDARD</inspResultGroup><inspType>Rough Frame</inspType><inspectionTypeI18ns/><recDate>2013-03-13T16:33:41-06:00</recDate><recFulNam>ADMIN</recFulNam><recStatus>A</recStatus><totalScoreOption>SUM(list)</totalScoreOption></inspectionTypeModel><inspectionTypeModel><inspSeqNbr>88</inspSeqNbr><servProvCode>BPTDEV</servProvCode><allowFailedGuidesheet>Y</allowFailedGuidesheet><allowMultiInspInAca>Y</allowMultiInspInAca><autoAssign>N</autoAssign><displayInAca>Y</displayInAca><flowEnabled>N</flowEnabled><inspCode>BLD_RES</inspCode><inspEditable>Y</inspEditable><inspGroupName>BLD Residential</inspGroupName><inspPriority>1</inspPriority><inspRequired>N</inspRequired><inspResultGroup>BLD_STANDARD</inspResultGroup><inspType>Set Backs</inspType><inspectionTypeI18ns/><recDate>2013-03-13T16:33:41-06:00</recDate><recFulNam>ADMIN</recFulNam><recStatus>A</recStatus><totalScoreOption>SUM(list)</totalScoreOption></inspectionTypeModel><inspectionTypeModel><inspSeqNbr>89</inspSeqNbr><servProvCode>BPTDEV</servProvCode><allowFailedGuidesheet>Y</allowFailedGuidesheet><allowMultiInspInAca>Y</allowMultiInspInAca><autoAssign>N</autoAssign><displayInAca>Y</displayInAca><flowEnabled>N</flowEnabled><inspCode>BLD_RES</inspCode><inspEditable>Y</inspEditable><inspGroupName>BLD Residential</inspGroupName><inspPriority>3</inspPriority><inspRequired>N</inspRequired><inspResultGroup>BLD_STANDARD</inspResultGroup><inspType>Footings &amp; Forms</inspType><inspectionTypeI18ns/><recDate>2013-03-13T16:33:41-06:00</recDate><recFulNam>ADMIN</recFulNam><recStatus>A</recStatus><totalScoreOption>SUM(list)</totalScoreOption></inspectionTypeModel><inspectionTypeModel><inspSeqNbr>90</inspSeqNbr><servProvCode>BPTDEV</servProvCode><allowFailedGuidesheet>Y</allowFailedGuidesheet><allowMultiInspInAca>Y</allowMultiInspInAca><autoAssign>N</autoAssign><displayInAca>Y</displayInAca><flowEnabled>N</flowEnabled><inspCode>BLD_RES</inspCode><inspEditable>Y</inspEditable><inspGroupName>BLD Residential</inspGroupName><inspPriority>7</inspPriority><inspRequired>Y</inspRequired><inspResultGroup>BLD_STANDARD</inspResultGroup><inspType>Floor Deck</inspType><inspectionTypeI18ns/><recDate>2013-03-13T16:33:41-06:00</recDate><recFulNam>ADMIN</recFulNam><recStatus>A</recStatus><totalScoreOption>SUM(list)</totalScoreOption></inspectionTypeModel><inspectionTypeModel><inspSeqNbr>91</inspSeqNbr><servProvCode>BPTDEV</servProvCode><allowFailedGuidesheet>Y</allowFailedGuidesheet><allowMultiInspInAca>Y</allowMultiInspInAca><autoAssign>N</autoAssign><displayInAca>Y</displayInAca><flowEnabled>N</flowEnabled><inspCode>BLD_RES</inspCode><inspEditable>Y</inspEditable><inspGroupName>BLD Residential</inspGroupName><inspPriority>8</inspPriority><inspRequired>N</inspRequired><inspResultGroup>BLD_STANDARD</inspResultGroup><inspType>Roof Deck</inspType><inspectionTypeI18ns/><recDate>2013-03-13T16:33:41-06:00</recDate><recFulNam>ADMIN</recFulNam><recStatus>A</recStatus><totalScoreOption>SUM(list)</totalScoreOption></inspectionTypeModel><inspectionTypeModel><inspSeqNbr>92</inspSeqNbr><servProvCode>BPTDEV</servProvCode><allowFailedGuidesheet>Y</allowFailedGuidesheet><allowMultiInspInAca>Y</allowMultiInspInAca><autoAssign>N</autoAssign><displayInAca>Y</displayInAca><flowEnabled>N</flowEnabled><inspCode>BLD_RES</inspCode><inspEditable>Y</inspEditable><inspGroupName>BLD Residential</inspGroupName><inspPriority>10</inspPriority><inspRequired>N</inspRequired><inspResultGroup>BLD_STANDARD</inspResultGroup><inspType>Building Final</inspType><inspectionTypeI18ns/><recDate>2013-03-13T16:33:41-06:00</recDate><recFulNam>ADMIN</recFulNam><recStatus>A</recStatus><totalScoreOption>SUM(list)</totalScoreOption></inspectionTypeModel><inspectionTypeModel><inspSeqNbr>93</inspSeqNbr><servProvCode>BPTDEV</servProvCode><allowFailedGuidesheet>Y</allowFailedGuidesheet><allowMultiInspInAca>Y</allowMultiInspInAca><autoAssign>N</autoAssign><displayInAca>Y</displayInAca><flowEnabled>N</flowEnabled><inspCode>BLD_RES</inspCode><inspEditable>Y</inspEditable><inspGroupName>BLD Residential</inspGroupName><inspPriority>12</inspPriority><inspRequired>N</inspRequired><inspResultGroup>BLD_STANDARD</inspResultGroup><inspType>Zoning Final</inspType><inspectionTypeI18ns/><recDate>2013-03-13T16:33:41-06:00</recDate><recFulNam>ADMIN</recFulNam><recStatus>A</recStatus><totalScoreOption>SUM(list)</totalScoreOption></inspectionTypeModel><inspectionTypeModel><inspSeqNbr>94</inspSeqNbr><servProvCode>BPTDEV</servProvCode><allowFailedGuidesheet>Y</allowFailedGuidesheet><allowMultiInspInAca>Y</allowMultiInspInAca><autoAssign>N</autoAssign><displayInAca>Y</displayInAca><flowEnabled>N</flowEnabled><inspCode>BLD_RES</inspCode><inspEditable>Y</inspEditable><inspGroupName>BLD Residential</inspGroupName><inspPriority>11</inspPriority><inspRequired>N</inspRequired><inspResultGroup>BLD_STANDARD</inspResultGroup><inspType>Fire Final</inspType><inspectionTypeI18ns/><recDate>2013-03-13T16:33:41-06:00</recDate><recFulNam>ADMIN</recFulNam><recStatus>A</recStatus><totalScoreOption>SUM(list)</totalScoreOption></inspectionTypeModel><inspectionTypeModel><inspSeqNbr>95</inspSeqNbr><servProvCode>BPTDEV</servProvCode><allowFailedGuidesheet>Y</allowFailedGuidesheet><allowMultiInspInAca>Y</allowMultiInspInAca><autoAssign>N</autoAssign><displayInAca>Y</displayInAca><flowEnabled>N</flowEnabled><inspCode>BLD_RES</inspCode><inspEditable>Y</inspEditable><inspGroupName>BLD Residential</inspGroupName><inspPriority>2</inspPriority><inspRequired>N</inspRequired><inspResultGroup>BLD_STANDARD</inspResultGroup><inspType>Temp Power</inspType><inspectionTypeI18ns/><recDate>2013-03-13T16:33:41-06:00</recDate><recFulNam>ADMIN</recFulNam><recStatus>A</recStatus><totalScoreOption>SUM(list)</totalScoreOption></inspectionTypeModel><inspectionTypeModel><inspSeqNbr>96</inspSeqNbr><servProvCode>BPTDEV</servProvCode><allowFailedGuidesheet>Y</allowFailedGuidesheet><allowMultiInspInAca>Y</allowMultiInspInAca><autoAssign>N</autoAssign><displayInAca>Y</displayInAca><flowEnabled>N</flowEnabled><inspCode>BLD_RES</inspCode><inspEditable>Y</inspEditable><inspGroupName>BLD Residential</inspGroupName><inspPriority>13</inspPriority><inspRequired>N</inspRequired><inspResultGroup>BLD_STANDARD</inspResultGroup><inspType>Progress Check</inspType><inspectionTypeI18ns/><recDate>2013-03-13T16:33:41-06:00</recDate><recFulNam>ADMIN</recFulNam><recStatus>A</recStatus><totalScoreOption>SUM(list)</totalScoreOption></inspectionTypeModel></inspectionTypeModels><inspectionTypeSecurityModels/><isDepartmentSelected>Y</isDepartmentSelected><isGradeGroupSelected>Y</isGradeGroupSelected><isGuideSheetSelected>Y</isGuideSheetSelected><isRelatedInspSelected>Y</isRelatedInspSelected><isResultGroupSelected>Y</isResultGroupSelected><isSecutirySelected>Y</isSecutirySelected></inspectionGroup>
<inspectionGroup><inspCode>BLD_ELE_R</inspCode><servProvCode>BPTDEV</servProvCode><inspGroupName>BLD Electrical Res</inspGroupName><inspectionSec>BLD_ELE_R/%</inspectionSec><inspectionTypeModels><inspectionTypeModel><inspSeqNbr>68</inspSeqNbr><servProvCode>BPTDEV</servProvCode><allowFailedGuidesheet>Y</allowFailedGuidesheet><allowMultiInspInAca>Y</allowMultiInspInAca><autoAssign>N</autoAssign><displayInAca>Y</displayInAca><flowEnabled>N</flowEnabled><inspCode>BLD_ELE_R</inspCode><inspEditable>Y</inspEditable><inspGroupName>BLD Electrical Res</inspGroupName><inspPriority>2</inspPriority><inspRequired>N</inspRequired><inspResultGroup>BLD_STANDARD</inspResultGroup><inspType>Rough</inspType><inspectionTypeI18ns/><recDate>2013-04-04T16:15:09-06:00</recDate><recFulNam>ADMIN</recFulNam><recStatus>A</recStatus><totalScoreOption>SUM(list)</totalScoreOption></inspectionTypeModel><inspectionTypeModel><inspSeqNbr>69</inspSeqNbr><servProvCode>BPTDEV</servProvCode><allowFailedGuidesheet>Y</allowFailedGuidesheet><allowMultiInspInAca>Y</allowMultiInspInAca><autoAssign>N</autoAssign><displayInAca>Y</displayInAca><flowEnabled>N</flowEnabled><inspCode>BLD_ELE_R</inspCode><inspEditable>Y</inspEditable><inspGroupName>BLD Electrical Res</inspGroupName><inspPriority>4</inspPriority><inspRequired>N</inspRequired><inspResultGroup>BLD_STANDARD</inspResultGroup><inspType>Service</inspType><inspectionTypeI18ns/><recDate>2013-04-04T16:15:09-06:00</recDate><recFulNam>ADMIN</recFulNam><recStatus>A</recStatus><totalScoreOption>SUM(list)</totalScoreOption></inspectionTypeModel><inspectionTypeModel><inspSeqNbr>70</inspSeqNbr><servProvCode>BPTDEV</servProvCode><allowFailedGuidesheet>Y</allowFailedGuidesheet><allowMultiInspInAca>Y</allowMultiInspInAca><autoAssign>N</autoAssign><displayInAca>Y</displayInAca><flowEnabled>N</flowEnabled><inspCode>BLD_ELE_R</inspCode><inspEditable>Y</inspEditable><inspGroupName>BLD Electrical Res</inspGroupName><inspPriority>1</inspPriority><inspRequired>N</inspRequired><inspResultGroup>BLD_STANDARD</inspResultGroup><inspType>Temp Service Pole</inspType><inspectionTypeI18ns/><recDate>2013-04-04T16:15:09-06:00</recDate><recFulNam>ADMIN</recFulNam><recStatus>A</recStatus><totalScoreOption>SUM(list)</totalScoreOption></inspectionTypeModel><inspectionTypeModel><inspSeqNbr>71</inspSeqNbr><servProvCode>BPTDEV</servProvCode><allowFailedGuidesheet>Y</allowFailedGuidesheet><allowMultiInspInAca>Y</allowMultiInspInAca><autoAssign>N</autoAssign><displayInAca>Y</displayInAca><flowEnabled>N</flowEnabled><inspCode>BLD_ELE_R</inspCode><inspEditable>Y</inspEditable><inspGroupName>BLD Electrical Res</inspGroupName><inspPriority>3</inspPriority><inspRequired>N</inspRequired><inspResultGroup>BLD_STANDARD</inspResultGroup><inspType>Ground Work</inspType><inspectionTypeI18ns/><recDate>2013-04-04T16:15:09-06:00</recDate><recFulNam>ADMIN</recFulNam><recStatus>A</recStatus><totalScoreOption>SUM(list)</totalScoreOption></inspectionTypeModel><inspectionTypeModel><inspSeqNbr>72</inspSeqNbr><servProvCode>BPTDEV</servProvCode><allowFailedGuidesheet>Y</allowFailedGuidesheet><allowMultiInspInAca>Y</allowMultiInspInAca><autoAssign>N</autoAssign><displayInAca>Y</displayInAca><flowEnabled>N</flowEnabled><inspCode>BLD_ELE_R</inspCode><inspEditable>Y</inspEditable><inspGroupName>BLD Electrical Res</inspGroupName><inspPriority>7</inspPriority><inspRequired>N</inspRequired><inspResultGroup>BLD_STANDARD</inspResultGroup><inspType>Electrical Final</inspType><inspectionTypeI18ns/><recDate>2013-04-04T16:15:09-06:00</recDate><recFulNam>ADMIN</recFulNam><recStatus>A</recStatus><totalScoreOption>SUM(list)</totalScoreOption></inspectionTypeModel><inspectionTypeModel><inspSeqNbr>82</inspSeqNbr><servProvCode>BPTDEV</servProvCode><allowFailedGuidesheet>Y</allowFailedGuidesheet><allowMultiInspInAca>Y</allowMultiInspInAca><autoAssign>N</autoAssign><displayInAca>Y</displayInAca><flowEnabled>N</flowEnabled><inspCode>BLD_ELE_R</inspCode><inspEditable>Y</inspEditable><inspGroupName>BLD Electrical Res</inspGroupName><inspPriority>8</inspPriority><inspRequired>N</inspRequired><inspResultGroup>BLD_STANDARD</inspResultGroup><inspType>Progress Check</inspType><inspectionTypeI18ns/><recDate>2013-04-04T16:15:09-06:00</recDate><recFulNam>ADMIN</recFulNam><recStatus>A</recStatus><totalScoreOption>SUM(list)</totalScoreOption></inspectionTypeModel><inspectionTypeModel><inspSeqNbr>300</inspSeqNbr><servProvCode>BPTDEV</servProvCode><allowFailedGuidesheet>Y</allowFailedGuidesheet><allowMultiInspInAca>Y</allowMultiInspInAca><autoAssign>N</autoAssign><displayInAca>Y</displayInAca><flowEnabled>N</flowEnabled><inspCode>BLD_ELE_R</inspCode><inspEditable>Y</inspEditable><inspGroupName>BLD Electrical Res</inspGroupName><inspPriority>5</inspPriority><inspRequired>N</inspRequired><inspResultGroup>BLD_STANDARD</inspResultGroup><inspType>Breaker Box</inspType><inspectionTypeI18ns/><recDate>2013-04-04T16:15:09-06:00</recDate><recFulNam>ADMIN</recFulNam><recStatus>A</recStatus><totalScoreOption>SUM(list)</totalScoreOption></inspectionTypeModel><inspectionTypeModel><inspSeqNbr>301</inspSeqNbr><servProvCode>BPTDEV</servProvCode><allowFailedGuidesheet>Y</allowFailedGuidesheet><allowMultiInspInAca>Y</allowMultiInspInAca><autoAssign>N</autoAssign><displayInAca>Y</displayInAca><flowEnabled>N</flowEnabled><inspCode>BLD_ELE_R</inspCode><inspEditable>Y</inspEditable><inspGroupName>BLD Electrical Res</inspGroupName><inspPriority>6</inspPriority><inspRequired>N</inspRequired><inspResultGroup>BLD_STANDARD</inspResultGroup><inspType>Grounding</inspType><inspectionTypeI18ns/><recDate>2013-04-04T16:15:09-06:00</recDate><recFulNam>ADMIN</recFulNam><recStatus>A</recStatus><totalScoreOption>SUM(list)</totalScoreOption></inspectionTypeModel></inspectionTypeModels><inspectionTypeSecurityModels/><isDepartmentSelected>Y</isDepartmentSelected><isGradeGroupSelected>Y</isGradeGroupSelected><isGuideSheetSelected>Y</isGuideSheetSelected><isRelatedInspSelected>Y</isRelatedInspSelected><isResultGroupSelected>Y</isResultGroupSelected><isSecutirySelected>Y</isSecutirySelected></inspectionGroup>
<inspectionGroup><inspCode>BLD_MECH_R</inspCode><servProvCode>BPTDEV</servProvCode><inspGroupName>BLD Mechanical Res</inspGroupName><inspectionSec>BLD_MECH_R/%</inspectionSec><inspectionTypeModels><inspectionTypeModel><inspSeqNbr>84</inspSeqNbr><servProvCode>BPTDEV</servProvCode><allowFailedGuidesheet>Y</allowFailedGuidesheet><allowMultiInspInAca>Y</allowMultiInspInAca><autoAssign>N</autoAssign><displayInAca>Y</displayInAca><flowEnabled>N</flowEnabled><inspCode>BLD_MECH_R</inspCode><inspEditable>Y</inspEditable><inspGroupName>BLD Mechanical Res</inspGroupName><inspPriority>10</inspPriority><inspRequired>N</inspRequired><inspResultGroup>BLD_STANDARD</inspResultGroup><inspType>Progress Check</inspType><inspectionTypeI18ns/><recDate>2013-03-13T16:31:04-06:00</recDate><recFulNam>ADMIN</recFulNam><recStatus>A</recStatus><totalScoreOption>SUM(list)</totalScoreOption></inspectionTypeModel><inspectionTypeModel><inspSeqNbr>26</inspSeqNbr><servProvCode>BPTDEV</servProvCode><allowFailedGuidesheet>Y</allowFailedGuidesheet><allowMultiInspInAca>Y</allowMultiInspInAca><autoAssign>N</autoAssign><displayInAca>Y</displayInAca><flowEnabled>N</flowEnabled><inspCode>BLD_MECH_R</inspCode><inspEditable>Y</inspEditable><inspGroupName>BLD Mechanical Res</inspGroupName><inspPriority>5</inspPriority><inspRequired>N</inspRequired><inspResultGroup>BLD_STANDARD</inspResultGroup><inspType>Gas Service</inspType><inspectionTypeI18ns/><recDate>2013-03-13T16:31:04-06:00</recDate><recFulNam>ADMIN</recFulNam><recStatus>A</recStatus><totalScoreOption>SUM(list)</totalScoreOption></inspectionTypeModel><inspectionTypeModel><inspSeqNbr>27</inspSeqNbr><servProvCode>BPTDEV</servProvCode><allowFailedGuidesheet>Y</allowFailedGuidesheet><allowMultiInspInAca>Y</allowMultiInspInAca><autoAssign>N</autoAssign><displayInAca>Y</displayInAca><flowEnabled>N</flowEnabled><inspCode>BLD_MECH_R</inspCode><inspEditable>Y</inspEditable><inspGroupName>BLD Mechanical Res</inspGroupName><inspPriority>9</inspPriority><inspRequired>N</inspRequired><inspResultGroup>BLD_STANDARD</inspResultGroup><inspType>Mechanical Final</inspType><inspectionTypeI18ns/><recDate>2013-03-13T16:31:04-06:00</recDate><recFulNam>ADMIN</recFulNam><recStatus>A</recStatus><totalScoreOption>SUM(list)</totalScoreOption></inspectionTypeModel><inspectionTypeModel><inspSeqNbr>28</inspSeqNbr><servProvCode>BPTDEV</servProvCode><allowFailedGuidesheet>Y</allowFailedGuidesheet><allowMultiInspInAca>Y</allowMultiInspInAca><autoAssign>N</autoAssign><displayInAca>Y</displayInAca><flowEnabled>N</flowEnabled><inspCode>BLD_MECH_R</inspCode><inspEditable>Y</inspEditable><inspGroupName>BLD Mechanical Res</inspGroupName><inspPriority>6</inspPriority><inspRequired>N</inspRequired><inspResultGroup>BLD_STANDARD</inspResultGroup><inspType>Construction Gas</inspType><inspectionTypeI18ns/><recDate>2013-03-13T16:31:04-06:00</recDate><recFulNam>ADMIN</recFulNam><recStatus>A</recStatus><totalScoreOption>SUM(list)</totalScoreOption></inspectionTypeModel><inspectionTypeModel><inspSeqNbr>29</inspSeqNbr><servProvCode>BPTDEV</servProvCode><allowFailedGuidesheet>Y</allowFailedGuidesheet><allowMultiInspInAca>Y</allowMultiInspInAca><autoAssign>N</autoAssign><displayInAca>Y</displayInAca><flowEnabled>N</flowEnabled><inspCode>BLD_MECH_R</inspCode><inspEditable>Y</inspEditable><inspGroupName>BLD Mechanical Res</inspGroupName><inspPriority>8</inspPriority><inspRequired>N</inspRequired><inspResultGroup>BLD_STANDARD</inspResultGroup><inspType>Service Interior</inspType><inspectionTypeI18ns/><recDate>2013-03-13T16:31:04-06:00</recDate><recFulNam>ADMIN</recFulNam><recStatus>A</recStatus><totalScoreOption>SUM(list)</totalScoreOption></inspectionTypeModel><inspectionTypeModel><inspSeqNbr>30</inspSeqNbr><servProvCode>BPTDEV</servProvCode><allowFailedGuidesheet>Y</allowFailedGuidesheet><allowMultiInspInAca>Y</allowMultiInspInAca><autoAssign>N</autoAssign><displayInAca>Y</displayInAca><flowEnabled>N</flowEnabled><inspCode>BLD_MECH_R</inspCode><inspEditable>Y</inspEditable><inspGroupName>BLD Mechanical Res</inspGroupName><inspPriority>7</inspPriority><inspRequired>N</inspRequired><inspResultGroup>BLD_STANDARD</inspResultGroup><inspType>Relocate Service</inspType><inspectionTypeI18ns/><recDate>2013-03-13T16:31:04-06:00</recDate><recFulNam>ADMIN</recFulNam><recStatus>A</recStatus><totalScoreOption>SUM(list)</totalScoreOption></inspectionTypeModel><inspectionTypeModel><inspSeqNbr>22</inspSeqNbr><servProvCode>BPTDEV</servProvCode><allowFailedGuidesheet>Y</allowFailedGuidesheet><allowMultiInspInAca>Y</allowMultiInspInAca><autoAssign>N</autoAssign><displayInAca>Y</displayInAca><flowEnabled>N</flowEnabled><inspCode>BLD_MECH_R</inspCode><inspEditable>Y</inspEditable><inspGroupName>BLD Mechanical Res</inspGroupName><inspPriority>1</inspPriority><inspRequired>N</inspRequired><inspResultGroup>BLD_STANDARD</inspResultGroup><inspType>Ground Work</inspType><inspectionTypeI18ns/><recDate>2013-03-13T16:31:04-06:00</recDate><recFulNam>ADMIN</recFulNam><recStatus>A</recStatus><totalScoreOption>SUM(list)</totalScoreOption></inspectionTypeModel><inspectionTypeModel><inspSeqNbr>23</inspSeqNbr><servProvCode>BPTDEV</servProvCode><allowFailedGuidesheet>Y</allowFailedGuidesheet><allowMultiInspInAca>Y</allowMultiInspInAca><autoAssign>N</autoAssign><displayInAca>Y</displayInAca><flowEnabled>N</flowEnabled><inspCode>BLD_MECH_R</inspCode><inspEditable>Y</inspEditable><inspGroupName>BLD Mechanical Res</inspGroupName><inspPriority>2</inspPriority><inspRequired>N</inspRequired><inspResultGroup>BLD_STANDARD</inspResultGroup><inspType>Rough In</inspType><inspectionTypeI18ns/><recDate>2013-03-13T16:31:04-06:00</recDate><recFulNam>ADMIN</recFulNam><recStatus>A</recStatus><totalScoreOption>SUM(list)</totalScoreOption></inspectionTypeModel><inspectionTypeModel><inspSeqNbr>24</inspSeqNbr><servProvCode>BPTDEV</servProvCode><allowFailedGuidesheet>Y</allowFailedGuidesheet><allowMultiInspInAca>Y</allowMultiInspInAca><autoAssign>N</autoAssign><displayInAca>Y</displayInAca><flowEnabled>N</flowEnabled><inspCode>BLD_MECH_R</inspCode><inspEditable>Y</inspEditable><inspGroupName>BLD Mechanical Res</inspGroupName><inspPriority>3</inspPriority><inspRequired>N</inspRequired><inspResultGroup>BLD_STANDARD</inspResultGroup><inspType>Duct Work</inspType><inspectionTypeI18ns/><recDate>2013-03-13T16:31:04-06:00</recDate><recFulNam>ADMIN</recFulNam><recStatus>A</recStatus><totalScoreOption>SUM(list)</totalScoreOption></inspectionTypeModel><inspectionTypeModel><inspSeqNbr>25</inspSeqNbr><servProvCode>BPTDEV</servProvCode><allowFailedGuidesheet>Y</allowFailedGuidesheet><allowMultiInspInAca>Y</allowMultiInspInAca><autoAssign>N</autoAssign><displayInAca>Y</displayInAca><flowEnabled>N</flowEnabled><inspCode>BLD_MECH_R</inspCode><inspEditable>Y</inspEditable><inspGroupName>BLD Mechanical Res</inspGroupName><inspPriority>4</inspPriority><inspRequired>N</inspRequired><inspResultGroup>BLD_STANDARD</inspResultGroup><inspType>Gas Meter Reset</inspType><inspectionTypeI18ns/><recDate>2013-03-13T16:31:04-06:00</recDate><recFulNam>ADMIN</recFulNam><recStatus>A</recStatus><totalScoreOption>SUM(list)</totalScoreOption></inspectionTypeModel></inspectionTypeModels><inspectionTypeSecurityModels/><isDepartmentSelected>Y</isDepartmentSelected><isGradeGroupSelected>Y</isGradeGroupSelected><isGuideSheetSelected>Y</isGuideSheetSelected><isRelatedInspSelected>Y</isRelatedInspSelected><isResultGroupSelected>Y</isResultGroupSelected><isSecutirySelected>Y</isSecutirySelected></inspectionGroup>
<inspectionGroup><inspCode>BLD_PLM_R</inspCode><servProvCode>BPTDEV</servProvCode><inspGroupName>BLD Plumbing Res</inspGroupName><inspectionSec>BLD_PLM_R/%</inspectionSec><inspectionTypeModels><inspectionTypeModel><inspSeqNbr>86</inspSeqNbr><servProvCode>BPTDEV</servProvCode><allowFailedGuidesheet>Y</allowFailedGuidesheet><allowMultiInspInAca>Y</allowMultiInspInAca><autoAssign>N</autoAssign><displayInAca>Y</displayInAca><flowEnabled>N</flowEnabled><inspCode>BLD_PLM_R</inspCode><inspEditable>Y</inspEditable><inspGroupName>BLD Plumbing Res</inspGroupName><inspPriority>11</inspPriority><inspRequired>N</inspRequired><inspResultGroup>BLD_STANDARD</inspResultGroup><inspType>Progress Check</inspType><inspectionTypeI18ns/><recDate>2013-03-13T16:31:30-06:00</recDate><recFulNam>ADMIN</recFulNam><recStatus>A</recStatus><totalScoreOption>SUM(list)</totalScoreOption></inspectionTypeModel><inspectionTypeModel><inspSeqNbr>39</inspSeqNbr><servProvCode>BPTDEV</servProvCode><allowFailedGuidesheet>Y</allowFailedGuidesheet><allowMultiInspInAca>Y</allowMultiInspInAca><autoAssign>N</autoAssign><displayInAca>Y</displayInAca><flowEnabled>N</flowEnabled><inspCode>BLD_PLM_R</inspCode><inspEditable>Y</inspEditable><inspGroupName>BLD Plumbing Res</inspGroupName><inspPriority>1</inspPriority><inspRequired>N</inspRequired><inspResultGroup>BLD_STANDARD</inspResultGroup><inspType>Ground Work</inspType><inspectionTypeI18ns/><recDate>2013-03-13T16:31:30-06:00</recDate><recFulNam>ADMIN</recFulNam><recStatus>A</recStatus><totalScoreOption>SUM(list)</totalScoreOption></inspectionTypeModel><inspectionTypeModel><inspSeqNbr>40</inspSeqNbr><servProvCode>BPTDEV</servProvCode><allowFailedGuidesheet>Y</allowFailedGuidesheet><allowMultiInspInAca>Y</allowMultiInspInAca><autoAssign>N</autoAssign><displayInAca>Y</displayInAca><flowEnabled>N</flowEnabled><inspCode>BLD_PLM_R</inspCode><inspEditable>Y</inspEditable><inspGroupName>BLD Plumbing Res</inspGroupName><inspPriority>2</inspPriority><inspRequired>N</inspRequired><inspResultGroup>BLD_STANDARD</inspResultGroup><inspType>Rough In</inspType><inspectionTypeI18ns/><recDate>2013-03-13T16:31:30-06:00</recDate><recFulNam>ADMIN</recFulNam><recStatus>A</recStatus><totalScoreOption>SUM(list)</totalScoreOption></inspectionTypeModel><inspectionTypeModel><inspSeqNbr>41</inspSeqNbr><servProvCode>BPTDEV</servProvCode><allowFailedGuidesheet>Y</allowFailedGuidesheet><allowMultiInspInAca>Y</allowMultiInspInAca><autoAssign>N</autoAssign><displayInAca>Y</displayInAca><flowEnabled>N</flowEnabled><inspCode>BLD_PLM_R</inspCode><inspEditable>Y</inspEditable><inspGroupName>BLD Plumbing Res</inspGroupName><inspPriority>3</inspPriority><inspRequired>N</inspRequired><inspResultGroup>BLD_STANDARD</inspResultGroup><inspType>Construction Gas</inspType><inspectionTypeI18ns/><recDate>2013-03-13T16:31:30-06:00</recDate><recFulNam>ADMIN</recFulNam><recStatus>A</recStatus><totalScoreOption>SUM(list)</totalScoreOption></inspectionTypeModel><inspectionTypeModel><inspSeqNbr>42</inspSeqNbr><servProvCode>BPTDEV</servProvCode><allowFailedGuidesheet>Y</allowFailedGuidesheet><allowMultiInspInAca>Y</allowMultiInspInAca><autoAssign>N</autoAssign><displayInAca>Y</displayInAca><flowEnabled>N</flowEnabled><inspCode>BLD_PLM_R</inspCode><inspEditable>Y</inspEditable><inspGroupName>BLD Plumbing Res</inspGroupName><inspPriority>4</inspPriority><inspRequired>N</inspRequired><inspResultGroup>BLD_STANDARD</inspResultGroup><inspType>Sewer</inspType><inspectionTypeI18ns/><recDate>2013-03-13T16:31:30-06:00</recDate><recFulNam>ADMIN</recFulNam><recStatus>A</recStatus><totalScoreOption>SUM(list)</totalScoreOption></inspectionTypeModel><inspectionTypeModel><inspSeqNbr>43</inspSeqNbr><servProvCode>BPTDEV</servProvCode><allowFailedGuidesheet>Y</allowFailedGuidesheet><allowMultiInspInAca>Y</allowMultiInspInAca><autoAssign>N</autoAssign><displayInAca>Y</displayInAca><flowEnabled>N</flowEnabled><inspCode>BLD_PLM_R</inspCode><inspEditable>Y</inspEditable><inspGroupName>BLD Plumbing Res</inspGroupName><inspPriority>5</inspPriority><inspRequired>N</inspRequired><inspResultGroup>BLD_STANDARD</inspResultGroup><inspType>Water</inspType><inspectionTypeI18ns/><recDate>2013-03-13T16:31:30-06:00</recDate><recFulNam>ADMIN</recFulNam><recStatus>A</recStatus><totalScoreOption>SUM(list)</totalScoreOption></inspectionTypeModel><inspectionTypeModel><inspSeqNbr>44</inspSeqNbr><servProvCode>BPTDEV</servProvCode><allowFailedGuidesheet>Y</allowFailedGuidesheet><allowMultiInspInAca>Y</allowMultiInspInAca><autoAssign>N</autoAssign><displayInAca>Y</displayInAca><flowEnabled>N</flowEnabled><inspCode>BLD_PLM_R</inspCode><inspEditable>Y</inspEditable><inspGroupName>BLD Plumbing Res</inspGroupName><inspPriority>6</inspPriority><inspRequired>N</inspRequired><inspResultGroup>BLD_STANDARD</inspResultGroup><inspType>Gas</inspType><inspectionTypeI18ns/><recDate>2013-03-13T16:31:30-06:00</recDate><recFulNam>ADMIN</recFulNam><recStatus>A</recStatus><totalScoreOption>SUM(list)</totalScoreOption></inspectionTypeModel><inspectionTypeModel><inspSeqNbr>45</inspSeqNbr><servProvCode>BPTDEV</servProvCode><allowFailedGuidesheet>Y</allowFailedGuidesheet><allowMultiInspInAca>Y</allowMultiInspInAca><autoAssign>N</autoAssign><displayInAca>Y</displayInAca><flowEnabled>N</flowEnabled><inspCode>BLD_PLM_R</inspCode><inspEditable>Y</inspEditable><inspGroupName>BLD Plumbing Res</inspGroupName><inspPriority>7</inspPriority><inspRequired>N</inspRequired><inspResultGroup>BLD_STANDARD</inspResultGroup><inspType>Service Interior</inspType><inspectionTypeI18ns/><recDate>2013-03-13T16:31:30-06:00</recDate><recFulNam>ADMIN</recFulNam><recStatus>A</recStatus><totalScoreOption>SUM(list)</totalScoreOption></inspectionTypeModel><inspectionTypeModel><inspSeqNbr>46</inspSeqNbr><servProvCode>BPTDEV</servProvCode><allowFailedGuidesheet>Y</allowFailedGuidesheet><allowMultiInspInAca>Y</allowMultiInspInAca><autoAssign>N</autoAssign><displayInAca>Y</displayInAca><flowEnabled>N</flowEnabled><inspCode>BLD_PLM_R</inspCode><inspEditable>Y</inspEditable><inspGroupName>BLD Plumbing Res</inspGroupName><inspPriority>8</inspPriority><inspRequired>N</inspRequired><inspResultGroup>BLD_STANDARD</inspResultGroup><inspType>Relocate Service</inspType><inspectionTypeI18ns/><recDate>2013-03-13T16:31:30-06:00</recDate><recFulNam>ADMIN</recFulNam><recStatus>A</recStatus><totalScoreOption>SUM(list)</totalScoreOption></inspectionTypeModel><inspectionTypeModel><inspSeqNbr>47</inspSeqNbr><servProvCode>BPTDEV</servProvCode><allowFailedGuidesheet>Y</allowFailedGuidesheet><allowMultiInspInAca>Y</allowMultiInspInAca><autoAssign>N</autoAssign><displayInAca>Y</displayInAca><flowEnabled>N</flowEnabled><inspCode>BLD_PLM_R</inspCode><inspEditable>Y</inspEditable><inspGroupName>BLD Plumbing Res</inspGroupName><inspPriority>9</inspPriority><inspRequired>N</inspRequired><inspResultGroup>BLD_STANDARD</inspResultGroup><inspType>Gas Meter Reset</inspType><inspectionTypeI18ns/><recDate>2013-03-13T16:31:30-06:00</recDate><recFulNam>ADMIN</recFulNam><recStatus>A</recStatus><totalScoreOption>SUM(list)</totalScoreOption></inspectionTypeModel><inspectionTypeModel><inspSeqNbr>48</inspSeqNbr><servProvCode>BPTDEV</servProvCode><allowFailedGuidesheet>Y</allowFailedGuidesheet><allowMultiInspInAca>Y</allowMultiInspInAca><autoAssign>N</autoAssign><displayInAca>Y</displayInAca><flowEnabled>N</flowEnabled><inspCode>BLD_PLM_R</inspCode><inspEditable>Y</inspEditable><inspGroupName>BLD Plumbing Res</inspGroupName><inspPriority>10</inspPriority><inspRequired>N</inspRequired><inspResultGroup>BLD_STANDARD</inspResultGroup><inspType>Plumbing Final</inspType><inspectionTypeI18ns/><recDate>2013-03-13T16:31:30-06:00</recDate><recFulNam>ADMIN</recFulNam><recStatus>A</recStatus><totalScoreOption>SUM(list)</totalScoreOption></inspectionTypeModel></inspectionTypeModels><inspectionTypeSecurityModels/><isDepartmentSelected>Y</isDepartmentSelected><isGradeGroupSelected>Y</isGradeGroupSelected><isGuideSheetSelected>Y</isGuideSheetSelected><isRelatedInspSelected>Y</isRelatedInspSelected><isResultGroupSelected>Y</isResultGroupSelected><isSecutirySelected>Y</isSecutirySelected></inspectionGroup>
<inspectionGroup><inspCode>BLD_RES_RRF</inspCode><servProvCode>BPTDEV</servProvCode><inspGroupName>BLD Residential Re-Roof</inspGroupName><inspectionSec>BLD_RES_RRF/%</inspectionSec><inspectionTypeModels><inspectionTypeModel><inspSeqNbr>295</inspSeqNbr><servProvCode>BPTDEV</servProvCode><allowFailedGuidesheet>Y</allowFailedGuidesheet><allowMultiInspInAca>Y</allowMultiInspInAca><autoAssign>N</autoAssign><displayInAca>Y</displayInAca><flowEnabled>N</flowEnabled><inspCode>BLD_RES_RRF</inspCode><inspEditable>Y</inspEditable><inspGroupName>BLD Residential Re-Roof</inspGroupName><inspPriority>1</inspPriority><inspRequired>N</inspRequired><inspResultGroup>BLD_STANDARD</inspResultGroup><inspType>Frame</inspType><inspectionTypeI18ns/><recDate>2013-03-27T09:41:18-06:00</recDate><recFulNam>ADMIN</recFulNam><recStatus>A</recStatus><totalScoreOption>SUM(list)</totalScoreOption></inspectionTypeModel><inspectionTypeModel><inspSeqNbr>296</inspSeqNbr><servProvCode>BPTDEV</servProvCode><allowFailedGuidesheet>Y</allowFailedGuidesheet><allowMultiInspInAca>Y</allowMultiInspInAca><autoAssign>N</autoAssign><displayInAca>Y</displayInAca><flowEnabled>N</flowEnabled><inspCode>BLD_RES_RRF</inspCode><inspEditable>Y</inspEditable><inspGroupName>BLD Residential Re-Roof</inspGroupName><inspPriority>2</inspPriority><inspRequired>N</inspRequired><inspResultGroup>BLD_STANDARD</inspResultGroup><inspType>Roof Final</inspType><inspectionTypeI18ns/><recDate>2013-03-27T09:41:18-06:00</recDate><recFulNam>ADMIN</recFulNam><recStatus>A</recStatus><totalScoreOption>SUM(list)</totalScoreOption></inspectionTypeModel><inspectionTypeModel><inspSeqNbr>297</inspSeqNbr><servProvCode>BPTDEV</servProvCode><allowFailedGuidesheet>Y</allowFailedGuidesheet><allowMultiInspInAca>Y</allowMultiInspInAca><autoAssign>N</autoAssign><displayInAca>Y</displayInAca><flowEnabled>N</flowEnabled><inspCode>BLD_RES_RRF</inspCode><inspEditable>Y</inspEditable><inspGroupName>BLD Residential Re-Roof</inspGroupName><inspPriority>3</inspPriority><inspRequired>N</inspRequired><inspResultGroup>BLD_STANDARD</inspResultGroup><inspType>Progress Check</inspType><inspectionTypeI18ns/><recDate>2013-03-27T09:41:18-06:00</recDate><recFulNam>ADMIN</recFulNam><recStatus>A</recStatus><totalScoreOption>SUM(list)</totalScoreOption></inspectionTypeModel></inspectionTypeModels><inspectionTypeSecurityModels/><isDepartmentSelected>Y</isDepartmentSelected><isGradeGroupSelected>Y</isGradeGroupSelected><isGuideSheetSelected>Y</isGuideSheetSelected><isRelatedInspSelected>Y</isRelatedInspSelected><isResultGroupSelected>Y</isResultGroupSelected><isSecutirySelected>Y</isSecutirySelected></inspectionGroup>
<inspectionGroup><inspCode>BLD_ROW</inspCode><servProvCode>BPTDEV</servProvCode><inspGroupName>BLD ROW</inspGroupName><inspectionSec>BLD_ROW/%</inspectionSec><inspectionTypeModels><inspectionTypeModel><inspSeqNbr>620</inspSeqNbr><servProvCode>BPTDEV</servProvCode><allowFailedGuidesheet>Y</allowFailedGuidesheet><allowMultiInspInAca>Y</allowMultiInspInAca><autoAssign>N</autoAssign><displayInAca>Y</displayInAca><flowEnabled>N</flowEnabled><inspCode>BLD_ROW</inspCode><inspEditable>Y</inspEditable><inspGroupName>BLD ROW</inspGroupName><inspPriority>2</inspPriority><inspRequired>N</inspRequired><inspResultGroup>BLD_STANDARD</inspResultGroup><inspType>Progress Check</inspType><inspectionTypeI18ns/><recDate>2014-10-14T11:53:21-06:00</recDate><recFulNam>ADMIN</recFulNam><recStatus>A</recStatus><totalScoreOption>SUM(list)</totalScoreOption></inspectionTypeModel><inspectionTypeModel><inspSeqNbr>621</inspSeqNbr><servProvCode>BPTDEV</servProvCode><allowFailedGuidesheet>Y</allowFailedGuidesheet><allowMultiInspInAca>Y</allowMultiInspInAca><autoAssign>N</autoAssign><displayInAca>Y</displayInAca><flowEnabled>N</flowEnabled><inspCode>BLD_ROW</inspCode><inspEditable>Y</inspEditable><inspGroupName>BLD ROW</inspGroupName><inspPriority>1</inspPriority><inspRequired>N</inspRequired><inspResultGroup>BLD_STANDARD</inspResultGroup><inspType>ROW Final</inspType><inspectionTypeI18ns/><recDate>2014-10-14T11:53:21-06:00</recDate><recFulNam>ADMIN</recFulNam><recStatus>A</recStatus><totalScoreOption>SUM(list)</totalScoreOption></inspectionTypeModel></inspectionTypeModels><inspectionTypeSecurityModels/><isDepartmentSelected>Y</isDepartmentSelected><isGradeGroupSelected>Y</isGradeGroupSelected><isGuideSheetSelected>Y</isGuideSheetSelected><isRelatedInspSelected>Y</isRelatedInspSelected><isResultGroupSelected>Y</isResultGroupSelected><isSecutirySelected>Y</isSecutirySelected></inspectionGroup>
<inspectionGroup><inspCode>BLD_SIGN</inspCode><servProvCode>BPTDEV</servProvCode><inspGroupName>BLD Sign</inspGroupName><inspectionSec>BLD_SIGN/%</inspectionSec><inspectionTypeModels><inspectionTypeModel><inspSeqNbr>119</inspSeqNbr><servProvCode>BPTDEV</servProvCode><allowFailedGuidesheet>Y</allowFailedGuidesheet><allowMultiInspInAca>Y</allowMultiInspInAca><autoAssign>N</autoAssign><displayInAca>Y</displayInAca><flowEnabled>N</flowEnabled><inspCode>BLD_SIGN</inspCode><inspEditable>Y</inspEditable><inspGroupName>BLD Sign</inspGroupName><inspPriority>1</inspPriority><inspRequired>N</inspRequired><inspResultGroup>BLD_STANDARD</inspResultGroup><inspType>Sign Final</inspType><inspectionTypeI18ns/><recDate>2014-05-19T14:13:48-06:00</recDate><recFulNam>ADMIN</recFulNam><recStatus>A</recStatus><totalScoreOption>SUM(list)</totalScoreOption></inspectionTypeModel><inspectionTypeModel><inspSeqNbr>120</inspSeqNbr><servProvCode>BPTDEV</servProvCode><allowFailedGuidesheet>Y</allowFailedGuidesheet><allowMultiInspInAca>Y</allowMultiInspInAca><autoAssign>N</autoAssign><displayInAca>Y</displayInAca><flowEnabled>N</flowEnabled><inspCode>BLD_SIGN</inspCode><inspEditable>Y</inspEditable><inspGroupName>BLD Sign</inspGroupName><inspPriority>2</inspPriority><inspRequired>N</inspRequired><inspResultGroup>BLD_STANDARD</inspResultGroup><inspType>Electrical Sign Final</inspType><inspectionTypeI18ns/><recDate>2014-05-19T14:13:48-06:00</recDate><recFulNam>ADMIN</recFulNam><recStatus>A</recStatus><totalScoreOption>SUM(list)</totalScoreOption></inspectionTypeModel><inspectionTypeModel><inspSeqNbr>121</inspSeqNbr><servProvCode>BPTDEV</servProvCode><allowFailedGuidesheet>Y</allowFailedGuidesheet><allowMultiInspInAca>Y</allowMultiInspInAca><autoAssign>N</autoAssign><displayInAca>Y</displayInAca><flowEnabled>N</flowEnabled><inspCode>BLD_SIGN</inspCode><inspEditable>Y</inspEditable><inspGroupName>BLD Sign</inspGroupName><inspPriority>3</inspPriority><inspRequired>N</inspRequired><inspResultGroup>BLD_STANDARD</inspResultGroup><inspType>Progress Check</inspType><inspectionTypeI18ns/><recDate>2014-05-19T14:13:48-06:00</recDate><recFulNam>ADMIN</recFulNam><recStatus>A</recStatus><totalScoreOption>SUM(list)</totalScoreOption></inspectionTypeModel></inspectionTypeModels><inspectionTypeSecurityModels/><isDepartmentSelected>Y</isDepartmentSelected><isGradeGroupSelected>Y</isGradeGroupSelected><isGuideSheetSelected>Y</isGuideSheetSelected><isRelatedInspSelected>Y</isRelatedInspSelected><isResultGroupSelected>Y</isResultGroupSelected><isSecutirySelected>Y</isSecutirySelected></inspectionGroup>
<inspectionGroup><inspCode>BLD_SOLAR</inspCode><servProvCode>BPTDEV</servProvCode><inspGroupName>BLD Solar</inspGroupName><inspectionSec>BLD_SOLAR/%</inspectionSec><inspectionTypeModels><inspectionTypeModel><inspSeqNbr>344</inspSeqNbr><servProvCode>BPTDEV</servProvCode><allowFailedGuidesheet>Y</allowFailedGuidesheet><allowMultiInspInAca>Y</allowMultiInspInAca><autoAssign>N</autoAssign><displayInAca>Y</displayInAca><flowEnabled>N</flowEnabled><inspCode>BLD_SOLAR</inspCode><inspEditable>Y</inspEditable><inspGroupName>BLD Solar</inspGroupName><inspPriority>20</inspPriority><inspRequired>N</inspRequired><inspResultGroup>BLD_STANDARD</inspResultGroup><inspType>Solar Final</inspType><inspectionTypeI18ns/><recDate>2014-05-13T14:37:07-06:00</recDate><recFulNam>ADMIN</recFulNam><recStatus>A</recStatus><totalScoreOption>SUM(list)</totalScoreOption></inspectionTypeModel><inspectionTypeModel><inspSeqNbr>345</inspSeqNbr><servProvCode>BPTDEV</servProvCode><allowFailedGuidesheet>Y</allowFailedGuidesheet><allowMultiInspInAca>N</allowMultiInspInAca><autoAssign>N</autoAssign><displayInAca>Y</displayInAca><flowEnabled>N</flowEnabled><inspCode>BLD_SOLAR</inspCode><inspEditable>Y</inspEditable><inspGroupName>BLD Solar</inspGroupName><inspPriority>30</inspPriority><inspRequired>N</inspRequired><inspResultGroup>BLD_STANDARD</inspResultGroup><inspType>Progress Check</inspType><inspectionTypeI18ns/><recDate>2014-05-13T14:37:07-06:00</recDate><recFulNam>ADMIN</recFulNam><recStatus>A</recStatus><totalScoreOption>SUM(list)</totalScoreOption></inspectionTypeModel><inspectionTypeModel><inspSeqNbr>346</inspSeqNbr><servProvCode>BPTDEV</servProvCode><allowFailedGuidesheet>Y</allowFailedGuidesheet><allowMultiInspInAca>N</allowMultiInspInAca><autoAssign>N</autoAssign><displayInAca>Y</displayInAca><flowEnabled>N</flowEnabled><inspCode>BLD_SOLAR</inspCode><inspEditable>Y</inspEditable><inspGroupName>BLD Solar</inspGroupName><inspPriority>10</inspPriority><inspRequired>N</inspRequired><inspResultGroup>BLD_STANDARD</inspResultGroup><inspType>Rough</inspType><inspectionTypeI18ns/><recDate>2014-05-13T14:37:07-06:00</recDate><recFulNam>ADMIN</recFulNam><recStatus>A</recStatus><totalScoreOption>SUM(list)</totalScoreOption></inspectionTypeModel></inspectionTypeModels><inspectionTypeSecurityModels/><isDepartmentSelected>Y</isDepartmentSelected><isGradeGroupSelected>Y</isGradeGroupSelected><isGuideSheetSelected>Y</isGuideSheetSelected><isRelatedInspSelected>Y</isRelatedInspSelected><isResultGroupSelected>Y</isResultGroupSelected><isSecutirySelected>Y</isSecutirySelected></inspectionGroup>
<inspectionGroup><inspCode>BLD_STREET</inspCode><servProvCode>BPTDEV</servProvCode><inspGroupName>BLD Street</inspGroupName><inspectionSec>BLD_STREET/%</inspectionSec><inspectionTypeModels><inspectionTypeModel><inspSeqNbr>618</inspSeqNbr><servProvCode>BPTDEV</servProvCode><allowFailedGuidesheet>Y</allowFailedGuidesheet><allowMultiInspInAca>Y</allowMultiInspInAca><autoAssign>N</autoAssign><displayInAca>Y</displayInAca><flowEnabled>N</flowEnabled><inspCode>BLD_STREET</inspCode><inspEditable>Y</inspEditable><inspGroupName>BLD Street</inspGroupName><inspPriority>1</inspPriority><inspRequired>N</inspRequired><inspResultGroup>BLD_STANDARD</inspResultGroup><inspType>Street Cut Final</inspType><inspectionTypeI18ns/><recDate>2014-10-16T11:46:24-06:00</recDate><recFulNam>ADMIN</recFulNam><recStatus>A</recStatus><totalScoreOption>SUM(list)</totalScoreOption></inspectionTypeModel><inspectionTypeModel><inspSeqNbr>619</inspSeqNbr><servProvCode>BPTDEV</servProvCode><allowFailedGuidesheet>Y</allowFailedGuidesheet><allowMultiInspInAca>Y</allowMultiInspInAca><autoAssign>N</autoAssign><displayInAca>Y</displayInAca><flowEnabled>N</flowEnabled><inspCode>BLD_STREET</inspCode><inspEditable>Y</inspEditable><inspGroupName>BLD Street</inspGroupName><inspPriority>2</inspPriority><inspRequired>N</inspRequired><inspResultGroup>BLD_STANDARD</inspResultGroup><inspType>Progress Check</inspType><inspectionTypeI18ns/><recDate>2014-10-16T11:46:24-06:00</recDate><recFulNam>ADMIN</recFulNam><recStatus>A</recStatus><totalScoreOption>SUM(list)</totalScoreOption></inspectionTypeModel></inspectionTypeModels><inspectionTypeSecurityModels/><isDepartmentSelected>Y</isDepartmentSelected><isGradeGroupSelected>Y</isGradeGroupSelected><isGuideSheetSelected>Y</isGuideSheetSelected><isRelatedInspSelected>Y</isRelatedInspSelected><isResultGroupSelected>Y</isResultGroupSelected><isSecutirySelected>Y</isSecutirySelected></inspectionGroup>
</list>