<?xml version="1.0" encoding="UTF-8" standalone="yes"?>
<list  version="8.0.0" minorVersion="15" exportUser="ADMIN" exportDateTime="03/30/2016 08:15 PM" description="null"><refDocument refId="1@RefDocumentModel"><docCode>BLD</docCode><docSeqNumber>4981</docSeqNumber><serviceProviderCode>BPTDEV</serviceProviderCode><auditModel><auditDate>2013-04-09T15:23:18-06:00</auditDate><auditID>ADMIN</auditID><auditStatus>A</auditStatus></auditModel><autoDownload>N</autoDownload><deleteRole>0000000000</deleteRole><XDocEntityTypes/><docStatusGroup>DOCUMENT STATUS</docStatusGroup><documentComment> </documentComment><refDocumentI18NModels/><documentType>Construction Plans</documentType><documentsecurityModels/><restrictDocTypeForACA>Y</restrictDocTypeForACA><reviewStatusGroup>DOCUMENT REVIEW STATUS</reviewStatusGroup><titleRestrictRole>0111000000</titleRestrictRole><uploadRole>0000000000</uploadRole><viewRole>0111000000</viewRole></refDocument>
<refDocument refId="1@RefDocumentModel"><docCode>BLD</docCode><docSeqNumber>4982</docSeqNumber><serviceProviderCode>BPTDEV</serviceProviderCode><auditModel><auditDate>2013-04-09T15:23:34-06:00</auditDate><auditID>ADMIN</auditID><auditStatus>A</auditStatus></auditModel><autoDownload>N</autoDownload><deleteRole>0000000000</deleteRole><XDocEntityTypes/><docStatusGroup>DOCUMENT STATUS</docStatusGroup><documentComment> </documentComment><refDocumentI18NModels/><documentType>Plans</documentType><documentsecurityModels/><restrictDocTypeForACA>Y</restrictDocTypeForACA><reviewStatusGroup>DOCUMENT REVIEW STATUS</reviewStatusGroup><titleRestrictRole>0111000000</titleRestrictRole><uploadRole>0000000000</uploadRole><viewRole>0111000000</viewRole></refDocument>
<refDocument refId="1@RefDocumentModel"><docCode>BLD</docCode><docSeqNumber>4983</docSeqNumber><serviceProviderCode>BPTDEV</serviceProviderCode><auditModel><auditDate>2013-04-02T16:58:43-06:00</auditDate><auditID>ADMIN</auditID><auditStatus>A</auditStatus></auditModel><autoDownload>N</autoDownload><deleteRole>0000000000</deleteRole><XDocEntityTypes/><documentComment> </documentComment><refDocumentI18NModels/><documentType>Photos</documentType><documentsecurityModels/><restrictDocTypeForACA>Y</restrictDocTypeForACA><titleRestrictRole>0111000000</titleRestrictRole><uploadRole>0000000000</uploadRole><viewRole>0111000000</viewRole></refDocument>
<refDocument refId="1@RefDocumentModel"><docCode>BLD</docCode><docSeqNumber>4984</docSeqNumber><serviceProviderCode>BPTDEV</serviceProviderCode><auditModel><auditDate>2013-04-02T16:58:52-06:00</auditDate><auditID>ADMIN</auditID><auditStatus>A</auditStatus></auditModel><autoDownload>N</autoDownload><deleteRole>0000000000</deleteRole><XDocEntityTypes/><documentComment> </documentComment><refDocumentI18NModels/><documentType>Correspondence</documentType><documentsecurityModels/><restrictDocTypeForACA>Y</restrictDocTypeForACA><titleRestrictRole>0111000000</titleRestrictRole><uploadRole>0000000000</uploadRole><viewRole>0111000000</viewRole></refDocument>
<refDocument refId="1@RefDocumentModel"><docCode>BLD</docCode><docSeqNumber>4985</docSeqNumber><serviceProviderCode>BPTDEV</serviceProviderCode><auditModel><auditDate>2013-04-02T16:59:01-06:00</auditDate><auditID>ADMIN</auditID><auditStatus>A</auditStatus></auditModel><autoDownload>N</autoDownload><deleteRole>0000000000</deleteRole><XDocEntityTypes/><documentComment> </documentComment><refDocumentI18NModels/><documentType>Document</documentType><documentsecurityModels/><restrictDocTypeForACA>Y</restrictDocTypeForACA><titleRestrictRole>0111000000</titleRestrictRole><uploadRole>0000000000</uploadRole><viewRole>0111000000</viewRole></refDocument>
<refDocument refId="1@RefDocumentModel"><docCode>BLD</docCode><docSeqNumber>4990</docSeqNumber><serviceProviderCode>BPTDEV</serviceProviderCode><auditModel><auditDate>2013-04-02T15:37:39-06:00</auditDate><auditID>ADMIN</auditID><auditStatus>A</auditStatus></auditModel><autoDownload>N</autoDownload><deleteRole>0000000000</deleteRole><XDocEntityTypes/><documentComment> </documentComment><refDocumentI18NModels/><documentType>Permit</documentType><documentsecurityModels/><restrictDocTypeForACA>Y</restrictDocTypeForACA><titleRestrictRole>0111000000</titleRestrictRole><uploadRole>0000000000</uploadRole><viewRole>0111000000</viewRole></refDocument>
<refDocument refId="1@RefDocumentModel"><docCode>BLD</docCode><docSeqNumber>4991</docSeqNumber><serviceProviderCode>BPTDEV</serviceProviderCode><auditModel><auditDate>2013-04-02T16:47:03-06:00</auditDate><auditID>ADMIN</auditID><auditStatus>A</auditStatus></auditModel><autoDownload>N</autoDownload><deleteRole>0000000000</deleteRole><XDocEntityTypes/><documentComment> </documentComment><refDocumentI18NModels/><documentType>Certificate of Occupancy</documentType><documentsecurityModels/><restrictDocTypeForACA>Y</restrictDocTypeForACA><titleRestrictRole>0111000000</titleRestrictRole><uploadRole>0000000000</uploadRole><viewRole>0111000000</viewRole></refDocument>
<refDocument refId="1@RefDocumentModel"><docCode>BLD</docCode><docSeqNumber>4992</docSeqNumber><serviceProviderCode>BPTDEV</serviceProviderCode><auditModel><auditDate>2013-04-09T15:23:49-06:00</auditDate><auditID>ADMIN</auditID><auditStatus>A</auditStatus></auditModel><autoDownload>N</autoDownload><deleteRole>0000000000</deleteRole><XDocEntityTypes/><docStatusGroup>DOCUMENT STATUS</docStatusGroup><documentComment> </documentComment><refDocumentI18NModels/><documentType>Site Plans</documentType><documentsecurityModels/><restrictDocTypeForACA>Y</restrictDocTypeForACA><reviewStatusGroup>DOCUMENT REVIEW STATUS</reviewStatusGroup><titleRestrictRole>0111000000</titleRestrictRole><uploadRole>0000000000</uploadRole><viewRole>0111000000</viewRole></refDocument>
<refDocument refId="1@RefDocumentModel"><docCode>BLD</docCode><docSeqNumber>5000</docSeqNumber><serviceProviderCode>BPTDEV</serviceProviderCode><auditModel><auditDate>2013-04-18T13:43:52-06:00</auditDate><auditID>ADMIN</auditID><auditStatus>A</auditStatus></auditModel><autoDownload>N</autoDownload><deleteRole>0000000000</deleteRole><XDocEntityTypes/><documentComment> </documentComment><refDocumentI18NModels/><documentType>Email</documentType><documentsecurityModels/><restrictDocTypeForACA>Y</restrictDocTypeForACA><titleRestrictRole>0111000000</titleRestrictRole><uploadRole>0000000000</uploadRole><viewRole>0111000000</viewRole></refDocument>
</list>