<?xml version="1.0" encoding="UTF-8" standalone="yes"?>
<list  version="8.0.0" minorVersion="15" exportUser="ADMIN" exportDateTime="03/30/2016 08:15 PM" description="null"><mask><name>Default</name><serviceProviderCode>BPTDEV</serviceProviderCode><type>Cap Key</type><auditModel><auditDate>2014-03-20T13:46:14-06:00</auditDate><auditID>SYSTEM</auditID><auditStatus>A</auditStatus></auditModel><description>Default Cap Key Mask</description><maxLength>17</maxLength><minLength>17</minLength><pattern>REC$$yy$$-00000-$$SEQ05$$</pattern><radixValue>36</radixValue><seqName>Default</seqName></mask>
<mask><name>Building/Commercial/Addition/NA</name><serviceProviderCode>BPTDEV</serviceProviderCode><type>Cap ID</type><auditModel><auditDate>2013-03-14T09:50:26-06:00</auditDate><auditID>SYSTEM</auditID><auditStatus>A</auditStatus></auditModel><description> </description><maxLength>30</maxLength><minLength>1</minLength><pattern>BLD$$yy$$-$$SEQ05$$</pattern><radixValue>10</radixValue><seqName>Building///</seqName></mask>
<mask><name>Default</name><serviceProviderCode>BPTDEV</serviceProviderCode><type>Partial CAP ID</type><auditModel><auditDate>2008-03-11T07:29:47-06:00</auditDate><auditID>ADMIN</auditID><auditStatus>A</auditStatus></auditModel><description>Mask Definition for Partial CAP ID</description><maxLength>30</maxLength><minLength>1</minLength><pattern>$$yy$$EST-$$SEQ06$$</pattern><radixValue>10</radixValue><seqName>Default</seqName></mask>
<mask><name>Default</name><serviceProviderCode>BPTDEV</serviceProviderCode><type>Temporary CAP ID</type><auditModel><auditDate>2008-03-11T07:29:47-06:00</auditDate><auditID>ADMIN</auditID><auditStatus>A</auditStatus></auditModel><description>Mask Definition for Temporary CAP ID</description><maxLength>30</maxLength><minLength>1</minLength><pattern>$$yy$$TMP-$$SEQ06$$</pattern><radixValue>10</radixValue><seqName>Default</seqName></mask>
<mask><name>Building/Commercial/Alteration/NA</name><serviceProviderCode>BPTDEV</serviceProviderCode><type>Cap ID</type><auditModel><auditDate>2013-03-14T09:51:12-06:00</auditDate><auditID>SYSTEM</auditID><auditStatus>A</auditStatus></auditModel><description> </description><maxLength>30</maxLength><minLength>1</minLength><pattern>BLD$$yy$$-$$SEQ05$$</pattern><radixValue>10</radixValue><seqName>Building///</seqName></mask>
<mask><name>Building/Commercial/Demolition/NA</name><serviceProviderCode>BPTDEV</serviceProviderCode><type>Cap ID</type><auditModel><auditDate>2013-03-14T10:01:38-06:00</auditDate><auditID>SYSTEM</auditID><auditStatus>A</auditStatus></auditModel><description> </description><maxLength>30</maxLength><minLength>1</minLength><pattern>BLD$$yy$$-$$SEQ05$$</pattern><radixValue>10</radixValue><seqName>Building///</seqName></mask>
<mask><name>Agency-Receipt</name><serviceProviderCode>BPTDEV</serviceProviderCode><type>Receipt</type><auditModel><auditDate>2011-08-09T07:07:28-06:00</auditDate><auditID>SYSTEM</auditID><auditStatus>A</auditStatus></auditModel><description>Mask Definition for Receipt Number</description><maxLength>30</maxLength><minLength>1</minLength><pattern>$$SEQ12$$</pattern><radixValue>10</radixValue><seqName>Agency-Receipt</seqName></mask>
<mask><name>Building/Electrical/Commercial/NA</name><serviceProviderCode>BPTDEV</serviceProviderCode><type>Cap ID</type><auditModel><auditDate>2013-03-14T10:03:21-06:00</auditDate><auditID>SYSTEM</auditID><auditStatus>A</auditStatus></auditModel><description> </description><maxLength>30</maxLength><minLength>1</minLength><pattern>BLD$$yy$$-$$SEQ05$$</pattern><radixValue>10</radixValue><seqName>Building///</seqName></mask>
<mask><name>Building/Mechanical/Commercial/NA</name><serviceProviderCode>BPTDEV</serviceProviderCode><type>Cap ID</type><auditModel><auditDate>2013-03-14T10:04:53-06:00</auditDate><auditID>SYSTEM</auditID><auditStatus>A</auditStatus></auditModel><description> </description><maxLength>30</maxLength><minLength>1</minLength><pattern>BLD$$yy$$-$$SEQ05$$</pattern><radixValue>10</radixValue><seqName>Building///</seqName></mask>
<mask><name>Building/Commercial/New/NA</name><serviceProviderCode>BPTDEV</serviceProviderCode><type>Cap ID</type><auditModel><auditDate>2013-03-14T09:55:06-06:00</auditDate><auditID>SYSTEM</auditID><auditStatus>A</auditStatus></auditModel><description> </description><maxLength>30</maxLength><minLength>1</minLength><pattern>BLD$$yy$$-$$SEQ05$$</pattern><radixValue>10</radixValue><seqName>Building///</seqName></mask>
<mask><name>Building/Plumbing/Commercial/NA</name><serviceProviderCode>BPTDEV</serviceProviderCode><type>Cap ID</type><auditModel><auditDate>2013-03-14T10:03:48-06:00</auditDate><auditID>SYSTEM</auditID><auditStatus>A</auditStatus></auditModel><description> </description><maxLength>30</maxLength><minLength>1</minLength><pattern>BLD$$yy$$-$$SEQ05$$</pattern><radixValue>10</radixValue><seqName>Building///</seqName></mask>
<mask><name>Building/Re-Roof/Commercial/NA</name><serviceProviderCode>BPTDEV</serviceProviderCode><type>Cap ID</type><auditModel><auditDate>2013-03-27T09:46:32-06:00</auditDate><auditID>SYSTEM</auditID><auditStatus>A</auditStatus></auditModel><description> </description><maxLength>30</maxLength><minLength>1</minLength><pattern>BLD$$yy$$-$$SEQ05$$</pattern><radixValue>10</radixValue><seqName>Building///</seqName></mask>
<mask><name>Default</name><serviceProviderCode>BPTDEV</serviceProviderCode><type>Cap ID</type><auditModel><auditDate>2011-06-06T11:25:34-06:00</auditDate><auditID>SYSTEM</auditID><auditStatus>A</auditStatus></auditModel><description>Default Cap ID Mask</description><maxLength>30</maxLength><minLength>1</minLength><pattern>$$yy$$CAP-$$SEQ08$$</pattern><radixValue>10</radixValue><seqName>Default</seqName></mask>
<mask><name>Building/Fence/NA/NA</name><serviceProviderCode>BPTDEV</serviceProviderCode><type>Cap ID</type><auditModel><auditDate>2014-05-08T12:40:05-06:00</auditDate><auditID>SYSTEM</auditID><auditStatus>A</auditStatus></auditModel><description> </description><maxLength>30</maxLength><minLength>1</minLength><pattern>BLD$$yy$$-$$SEQ05$$</pattern><radixValue>10</radixValue><seqName>Building///</seqName></mask>
<mask><name>Building/Grading/NA/NA</name><serviceProviderCode>BPTDEV</serviceProviderCode><type>Cap ID</type><auditModel><auditDate>2013-03-27T16:37:36-06:00</auditDate><auditID>SYSTEM</auditID><auditStatus>A</auditStatus></auditModel><description> </description><maxLength>30</maxLength><minLength>1</minLength><pattern>BLD$$yy$$-$$SEQ05$$</pattern><radixValue>10</radixValue><seqName>Building///</seqName></mask>
<mask><name>Building/Multi-Family/Addition/NA</name><serviceProviderCode>BPTDEV</serviceProviderCode><type>Cap ID</type><auditModel><auditDate>2013-03-14T09:59:04-06:00</auditDate><auditID>SYSTEM</auditID><auditStatus>A</auditStatus></auditModel><description> </description><maxLength>30</maxLength><minLength>1</minLength><pattern>BLD$$yy$$-$$SEQ05$$</pattern><radixValue>10</radixValue><seqName>Building///</seqName></mask>
<mask><name>Building/Multi-Family/Alteration/NA</name><serviceProviderCode>BPTDEV</serviceProviderCode><type>Cap ID</type><auditModel><auditDate>2013-03-14T09:59:32-06:00</auditDate><auditID>SYSTEM</auditID><auditStatus>A</auditStatus></auditModel><description> </description><maxLength>30</maxLength><minLength>1</minLength><pattern>BLD$$yy$$-$$SEQ05$$</pattern><radixValue>10</radixValue><seqName>Building///</seqName></mask>
<mask><name>Building/Multi-Family/Demolition/NA</name><serviceProviderCode>BPTDEV</serviceProviderCode><type>Cap ID</type><auditModel><auditDate>2013-03-14T10:00:01-06:00</auditDate><auditID>SYSTEM</auditID><auditStatus>A</auditStatus></auditModel><description> </description><maxLength>30</maxLength><minLength>1</minLength><pattern>BLD$$yy$$-$$SEQ05$$</pattern><radixValue>10</radixValue><seqName>Building///</seqName></mask>
<mask><name>Building/Multi-Family/New/NA</name><serviceProviderCode>BPTDEV</serviceProviderCode><type>Cap ID</type><auditModel><auditDate>2013-03-14T10:00:28-06:00</auditDate><auditID>SYSTEM</auditID><auditStatus>A</auditStatus></auditModel><description> </description><maxLength>30</maxLength><minLength>1</minLength><pattern>BLD$$yy$$-$$SEQ05$$</pattern><radixValue>10</radixValue><seqName>Building///</seqName></mask>
<mask><name>Building/Pool-Spa/Commercial/NA</name><serviceProviderCode>BPTDEV</serviceProviderCode><type>Cap ID</type><auditModel><auditDate>2013-03-14T10:06:56-06:00</auditDate><auditID>SYSTEM</auditID><auditStatus>A</auditStatus></auditModel><description> </description><maxLength>30</maxLength><minLength>1</minLength><pattern>BLD$$yy$$-$$SEQ05$$</pattern><radixValue>10</radixValue><seqName>Building///</seqName></mask>
<mask><name>Building/Pool-Spa/Residential/NA</name><serviceProviderCode>BPTDEV</serviceProviderCode><type>Cap ID</type><auditModel><auditDate>2013-03-14T10:07:20-06:00</auditDate><auditID>SYSTEM</auditID><auditStatus>A</auditStatus></auditModel><description> </description><maxLength>30</maxLength><minLength>1</minLength><pattern>BLD$$yy$$-$$SEQ05$$</pattern><radixValue>10</radixValue><seqName>Building///</seqName></mask>
<mask><name>Building/Residential/Addition/NA</name><serviceProviderCode>BPTDEV</serviceProviderCode><type>Cap ID</type><auditModel><auditDate>2013-03-14T09:57:06-06:00</auditDate><auditID>SYSTEM</auditID><auditStatus>A</auditStatus></auditModel><description> </description><maxLength>30</maxLength><minLength>1</minLength><pattern>BLD$$yy$$-$$SEQ05$$</pattern><radixValue>10</radixValue><seqName>Building///</seqName></mask>
<mask><name>Building/Residential/Alteration/NA</name><serviceProviderCode>BPTDEV</serviceProviderCode><type>Cap ID</type><auditModel><auditDate>2013-03-14T09:57:36-06:00</auditDate><auditID>SYSTEM</auditID><auditStatus>A</auditStatus></auditModel><description> </description><maxLength>30</maxLength><minLength>1</minLength><pattern>BLD$$yy$$-$$SEQ05$$</pattern><radixValue>10</radixValue><seqName>Building///</seqName></mask>
<mask><name>Building/Residential/Demolition/NA</name><serviceProviderCode>BPTDEV</serviceProviderCode><type>Cap ID</type><auditModel><auditDate>2013-03-14T09:58:07-06:00</auditDate><auditID>SYSTEM</auditID><auditStatus>A</auditStatus></auditModel><description> </description><maxLength>30</maxLength><minLength>1</minLength><pattern>BLD$$yy$$-$$SEQ05$$</pattern><radixValue>10</radixValue><seqName>Building///</seqName></mask>
<mask><name>Building/Electrical/Residential/NA</name><serviceProviderCode>BPTDEV</serviceProviderCode><type>Cap ID</type><auditModel><auditDate>2013-03-14T10:02:52-06:00</auditDate><auditID>SYSTEM</auditID><auditStatus>A</auditStatus></auditModel><description> </description><maxLength>30</maxLength><minLength>1</minLength><pattern>BLD$$yy$$-$$SEQ05$$</pattern><radixValue>10</radixValue><seqName>Building///</seqName></mask>
<mask><name>Building/Mechanical/Residential/NA</name><serviceProviderCode>BPTDEV</serviceProviderCode><type>Cap ID</type><auditModel><auditDate>2013-03-14T10:05:15-06:00</auditDate><auditID>SYSTEM</auditID><auditStatus>A</auditStatus></auditModel><description> </description><maxLength>30</maxLength><minLength>1</minLength><pattern>BLD$$yy$$-$$SEQ05$$</pattern><radixValue>10</radixValue><seqName>Building///</seqName></mask>
<mask><name>Building/Residential/New/NA</name><serviceProviderCode>BPTDEV</serviceProviderCode><type>Cap ID</type><auditModel><auditDate>2013-03-14T09:58:30-06:00</auditDate><auditID>SYSTEM</auditID><auditStatus>A</auditStatus></auditModel><description> </description><maxLength>30</maxLength><minLength>1</minLength><pattern>BLD$$yy$$-$$SEQ05$$</pattern><radixValue>10</radixValue><seqName>Building///</seqName></mask>
<mask><name>Building/Plumbing/Residential/NA</name><serviceProviderCode>BPTDEV</serviceProviderCode><type>Cap ID</type><auditModel><auditDate>2013-03-14T10:04:11-06:00</auditDate><auditID>SYSTEM</auditID><auditStatus>A</auditStatus></auditModel><description> </description><maxLength>30</maxLength><minLength>1</minLength><pattern>BLD$$yy$$-$$SEQ05$$</pattern><radixValue>10</radixValue><seqName>Building///</seqName></mask>
<mask><name>Building/Re-Roof/Residential/NA</name><serviceProviderCode>BPTDEV</serviceProviderCode><type>Cap ID</type><auditModel><auditDate>2013-03-27T09:47:08-06:00</auditDate><auditID>SYSTEM</auditID><auditStatus>A</auditStatus></auditModel><description> </description><maxLength>30</maxLength><minLength>1</minLength><pattern>BLD$$yy$$-$$SEQ05$$</pattern><radixValue>10</radixValue><seqName>Building///</seqName></mask>
<mask><name>Building/ROW/NA/NA</name><serviceProviderCode>BPTDEV</serviceProviderCode><type>Cap ID</type><auditModel><auditDate>2014-10-14T11:20:31-06:00</auditDate><auditID>SYSTEM</auditID><auditStatus>A</auditStatus></auditModel><description>Right of Way Permit</description><maxLength>30</maxLength><minLength>1</minLength><pattern>BLD$$yy$$-$$SEQ05$$</pattern><radixValue>10</radixValue><seqName>Building///</seqName></mask>
<mask><name>Building/Sign/Permanent/NA</name><serviceProviderCode>BPTDEV</serviceProviderCode><type>Cap ID</type><auditModel><auditDate>2013-03-14T10:08:01-06:00</auditDate><auditID>SYSTEM</auditID><auditStatus>A</auditStatus></auditModel><description> </description><maxLength>30</maxLength><minLength>1</minLength><pattern>BLD$$yy$$-$$SEQ05$$</pattern><radixValue>10</radixValue><seqName>Building///</seqName></mask>
<mask><name>Building/Solar/NA/NA</name><serviceProviderCode>BPTDEV</serviceProviderCode><type>Cap ID</type><auditModel><auditDate>2014-05-13T11:56:59-06:00</auditDate><auditID>SYSTEM</auditID><auditStatus>A</auditStatus></auditModel><description> </description><maxLength>30</maxLength><minLength>1</minLength><pattern>BLD$$yy$$-$$SEQ05$$</pattern><radixValue>10</radixValue><seqName>Building///</seqName></mask>
<mask><name>Building/Sign/Temporary/NA</name><serviceProviderCode>BPTDEV</serviceProviderCode><type>Cap ID</type><auditModel><auditDate>2013-03-14T10:08:22-06:00</auditDate><auditID>SYSTEM</auditID><auditStatus>A</auditStatus></auditModel><description> </description><maxLength>30</maxLength><minLength>1</minLength><pattern>BLD$$yy$$-$$SEQ05$$</pattern><radixValue>10</radixValue><seqName>Building///</seqName></mask>
<mask><name>Building/Street Cut/NA/NA</name><serviceProviderCode>BPTDEV</serviceProviderCode><type>Cap ID</type><auditModel><auditDate>2014-10-16T10:50:54-06:00</auditDate><auditID>SYSTEM</auditID><auditStatus>A</auditStatus></auditModel><description>Street Cut Permit</description><maxLength>30</maxLength><minLength>1</minLength><pattern>BLD$$yy$$-$$SEQ05$$</pattern><radixValue>10</radixValue><seqName>Building///</seqName></mask>
</list>