<?xml version="1.0" encoding="UTF-8" standalone="yes"?>
<list  version="8.0.0" minorVersion="15" exportUser="ADMIN" exportDateTime="03/30/2016 08:15 PM" description="null"><sharedDropDownListModel><name>BLD_BACKFLOW</name><serviceProviderCode>BPTDEV</serviceProviderCode><auditModel><auditDate>2009-07-24T09:12:01-06:00</auditDate><auditID>ADMIN</auditID><auditStatus>A</auditStatus></auditModel><sharedDropDownList><sharedDropDownValue><bdvSeqNbr>4920</bdvSeqNbr><servProvCode>BPTDEV</servProvCode><auditModel><auditDate>2009-07-24T09:12:19-06:00</auditDate><auditID>ADMIN</auditID><auditStatus>A</auditStatus></auditModel><bizdomain>BLD_BACKFLOW</bizdomain><bizdomainValue>Double Check Valve</bizdomainValue><resId>14531</resId><sortOrder>0</sortOrder><standardChoiceValueI18NModels/></sharedDropDownValue><sharedDropDownValue><bdvSeqNbr>4921</bdvSeqNbr><servProvCode>BPTDEV</servProvCode><auditModel><auditDate>2009-07-24T09:12:32-06:00</auditDate><auditID>ADMIN</auditID><auditStatus>A</auditStatus></auditModel><bizdomain>BLD_BACKFLOW</bizdomain><bizdomainValue>Double Detector Check</bizdomainValue><resId>14532</resId><sortOrder>0</sortOrder><standardChoiceValueI18NModels/></sharedDropDownValue><sharedDropDownValue><bdvSeqNbr>4922</bdvSeqNbr><servProvCode>BPTDEV</servProvCode><auditModel><auditDate>2009-07-24T09:12:39-06:00</auditDate><auditID>ADMIN</auditID><auditStatus>A</auditStatus></auditModel><bizdomain>BLD_BACKFLOW</bizdomain><bizdomainValue>Existing</bizdomainValue><resId>14533</resId><sortOrder>0</sortOrder><standardChoiceValueI18NModels/></sharedDropDownValue><sharedDropDownValue><bdvSeqNbr>4923</bdvSeqNbr><servProvCode>BPTDEV</servProvCode><auditModel><auditDate>2009-07-24T09:12:50-06:00</auditDate><auditID>ADMIN</auditID><auditStatus>A</auditStatus></auditModel><bizdomain>BLD_BACKFLOW</bizdomain><bizdomainValue>Not Applicable</bizdomainValue><resId>14534</resId><sortOrder>0</sortOrder><standardChoiceValueI18NModels/></sharedDropDownValue><sharedDropDownValue><bdvSeqNbr>4924</bdvSeqNbr><servProvCode>BPTDEV</servProvCode><auditModel><auditDate>2009-07-24T09:13:01-06:00</auditDate><auditID>ADMIN</auditID><auditStatus>A</auditStatus></auditModel><bizdomain>BLD_BACKFLOW</bizdomain><bizdomainValue>Reduced Pressure</bizdomainValue><resId>14535</resId><sortOrder>0</sortOrder><standardChoiceValueI18NModels/></sharedDropDownValue><sharedDropDownValue><bdvSeqNbr>4925</bdvSeqNbr><servProvCode>BPTDEV</servProvCode><auditModel><auditDate>2009-07-24T09:13:09-06:00</auditDate><auditID>ADMIN</auditID><auditStatus>A</auditStatus></auditModel><bizdomain>BLD_BACKFLOW</bizdomain><bizdomainValue>Unknown</bizdomainValue><resId>14536</resId><sortOrder>0</sortOrder><standardChoiceValueI18NModels/></sharedDropDownValue></sharedDropDownList><type>ShareDropDown</type></sharedDropDownListModel>
<sharedDropDownListModel><name>BLD_USE</name><serviceProviderCode>BPTDEV</serviceProviderCode><auditModel><auditDate>2009-10-20T10:25:55-06:00</auditDate><auditID>ADMIN</auditID><auditStatus>A</auditStatus></auditModel><description>Exisiting and Proposed for Building</description><sharedDropDownList><sharedDropDownValue><bdvSeqNbr>5008</bdvSeqNbr><servProvCode>BPTDEV</servProvCode><auditModel><auditDate>2009-10-20T10:27:14-06:00</auditDate><auditID>ADMIN</auditID><auditStatus>A</auditStatus></auditModel><bizdomain>BLD_USE</bizdomain><bizdomainValue>1 &amp; 2 Family Residence</bizdomainValue><resId>14619</resId><sortOrder>0</sortOrder><standardChoiceValueI18NModels/></sharedDropDownValue><sharedDropDownValue><bdvSeqNbr>5009</bdvSeqNbr><servProvCode>BPTDEV</servProvCode><auditModel><auditDate>2009-10-20T11:39:02-06:00</auditDate><auditID>ADMIN</auditID><auditStatus>A</auditStatus></auditModel><bizdomain>BLD_USE</bizdomain><bizdomainValue>Adult Living Facility</bizdomainValue><resId>14620</resId><sortOrder>0</sortOrder><standardChoiceValueI18NModels/></sharedDropDownValue><sharedDropDownValue><bdvSeqNbr>5010</bdvSeqNbr><servProvCode>BPTDEV</servProvCode><auditModel><auditDate>2012-07-01T19:00:46-06:00</auditDate><auditID>ADMIN</auditID><auditStatus>A</auditStatus></auditModel><bizdomain>BLD_USE</bizdomain><bizdomainValue>Apartment</bizdomainValue><resId>14621</resId><sortOrder>0</sortOrder><standardChoiceValueI18NModels/></sharedDropDownValue><sharedDropDownValue><bdvSeqNbr>5011</bdvSeqNbr><servProvCode>BPTDEV</servProvCode><auditModel><auditDate>2009-10-20T10:27:52-06:00</auditDate><auditID>ADMIN</auditID><auditStatus>A</auditStatus></auditModel><bizdomain>BLD_USE</bizdomain><bizdomainValue>Auto Parking Structure/Lot</bizdomainValue><resId>14622</resId><sortOrder>0</sortOrder><standardChoiceValueI18NModels/></sharedDropDownValue><sharedDropDownValue><bdvSeqNbr>5012</bdvSeqNbr><servProvCode>BPTDEV</servProvCode><auditModel><auditDate>2009-10-20T11:39:08-06:00</auditDate><auditID>ADMIN</auditID><auditStatus>A</auditStatus></auditModel><bizdomain>BLD_USE</bizdomain><bizdomainValue>Church</bizdomainValue><resId>14623</resId><sortOrder>0</sortOrder><standardChoiceValueI18NModels/></sharedDropDownValue><sharedDropDownValue><bdvSeqNbr>104581845</bdvSeqNbr><servProvCode>BPTDEV</servProvCode><auditModel><auditDate>2012-07-01T19:01:12-06:00</auditDate><auditID>ADMIN</auditID><auditStatus>A</auditStatus></auditModel><bizdomain>BLD_USE</bizdomain><bizdomainValue>Condominium</bizdomainValue><sortOrder>0</sortOrder><standardChoiceValueI18NModels/></sharedDropDownValue><sharedDropDownValue><bdvSeqNbr>5013</bdvSeqNbr><servProvCode>BPTDEV</servProvCode><auditModel><auditDate>2009-10-20T11:40:07-06:00</auditDate><auditID>ADMIN</auditID><auditStatus>A</auditStatus></auditModel><bizdomain>BLD_USE</bizdomain><bizdomainValue>Construction Trailer</bizdomainValue><resId>14624</resId><sortOrder>0</sortOrder><standardChoiceValueI18NModels/></sharedDropDownValue><sharedDropDownValue><bdvSeqNbr>5014</bdvSeqNbr><servProvCode>BPTDEV</servProvCode><auditModel><auditDate>2009-10-20T11:38:49-06:00</auditDate><auditID>ADMIN</auditID><auditStatus>A</auditStatus></auditModel><bizdomain>BLD_USE</bizdomain><bizdomainValue>Convalescent Hospital</bizdomainValue><resId>14625</resId><sortOrder>0</sortOrder><standardChoiceValueI18NModels/></sharedDropDownValue><sharedDropDownValue><bdvSeqNbr>5015</bdvSeqNbr><servProvCode>BPTDEV</servProvCode><auditModel><auditDate>2009-10-20T11:38:38-06:00</auditDate><auditID>ADMIN</auditID><auditStatus>A</auditStatus></auditModel><bizdomain>BLD_USE</bizdomain><bizdomainValue>Educational</bizdomainValue><resId>14626</resId><sortOrder>0</sortOrder><standardChoiceValueI18NModels/></sharedDropDownValue><sharedDropDownValue><bdvSeqNbr>5016</bdvSeqNbr><servProvCode>BPTDEV</servProvCode><auditModel><auditDate>2009-10-20T10:28:30-06:00</auditDate><auditID>ADMIN</auditID><auditStatus>A</auditStatus></auditModel><bizdomain>BLD_USE</bizdomain><bizdomainValue>Factory-Industrial</bizdomainValue><resId>14627</resId><sortOrder>0</sortOrder><standardChoiceValueI18NModels/></sharedDropDownValue><sharedDropDownValue><bdvSeqNbr>5017</bdvSeqNbr><servProvCode>BPTDEV</servProvCode><auditModel><auditDate>2009-10-20T11:38:17-06:00</auditDate><auditID>ADMIN</auditID><auditStatus>A</auditStatus></auditModel><bizdomain>BLD_USE</bizdomain><bizdomainValue>Hazardous</bizdomainValue><resId>14628</resId><sortOrder>0</sortOrder><standardChoiceValueI18NModels/></sharedDropDownValue><sharedDropDownValue><bdvSeqNbr>5018</bdvSeqNbr><servProvCode>BPTDEV</servProvCode><auditModel><auditDate>2009-10-20T11:37:17-06:00</auditDate><auditID>ADMIN</auditID><auditStatus>A</auditStatus></auditModel><bizdomain>BLD_USE</bizdomain><bizdomainValue>Hospital</bizdomainValue><resId>14629</resId><sortOrder>0</sortOrder><standardChoiceValueI18NModels/></sharedDropDownValue><sharedDropDownValue><bdvSeqNbr>5019</bdvSeqNbr><servProvCode>BPTDEV</servProvCode><auditModel><auditDate>2009-10-20T10:29:36-06:00</auditDate><auditID>ADMIN</auditID><auditStatus>A</auditStatus></auditModel><bizdomain>BLD_USE</bizdomain><bizdomainValue>Hotel</bizdomainValue><resId>14630</resId><sortOrder>0</sortOrder><standardChoiceValueI18NModels/></sharedDropDownValue><sharedDropDownValue><bdvSeqNbr>5020</bdvSeqNbr><servProvCode>BPTDEV</servProvCode><auditModel><auditDate>2009-10-20T10:27:26-06:00</auditDate><auditID>ADMIN</auditID><auditStatus>A</auditStatus></auditModel><bizdomain>BLD_USE</bizdomain><bizdomainValue>Mobile Home</bizdomainValue><resId>14631</resId><sortOrder>0</sortOrder><standardChoiceValueI18NModels/></sharedDropDownValue><sharedDropDownValue><bdvSeqNbr>5021</bdvSeqNbr><servProvCode>BPTDEV</servProvCode><auditModel><auditDate>2009-10-20T10:28:37-06:00</auditDate><auditID>ADMIN</auditID><auditStatus>A</auditStatus></auditModel><bizdomain>BLD_USE</bizdomain><bizdomainValue>Office</bizdomainValue><resId>14632</resId><sortOrder>0</sortOrder><standardChoiceValueI18NModels/></sharedDropDownValue><sharedDropDownValue><bdvSeqNbr>5022</bdvSeqNbr><servProvCode>BPTDEV</servProvCode><auditModel><auditDate>2009-10-20T10:29:48-06:00</auditDate><auditID>ADMIN</auditID><auditStatus>A</auditStatus></auditModel><bizdomain>BLD_USE</bizdomain><bizdomainValue>Private Garage</bizdomainValue><resId>14633</resId><sortOrder>0</sortOrder><standardChoiceValueI18NModels/></sharedDropDownValue><sharedDropDownValue><bdvSeqNbr>5023</bdvSeqNbr><servProvCode>BPTDEV</servProvCode><auditModel><auditDate>2009-10-20T10:28:47-06:00</auditDate><auditID>ADMIN</auditID><auditStatus>A</auditStatus></auditModel><bizdomain>BLD_USE</bizdomain><bizdomainValue>Repair Garage</bizdomainValue><resId>14634</resId><sortOrder>0</sortOrder><standardChoiceValueI18NModels/></sharedDropDownValue><sharedDropDownValue><bdvSeqNbr>5024</bdvSeqNbr><servProvCode>BPTDEV</servProvCode><auditModel><auditDate>2009-10-20T10:28:54-06:00</auditDate><auditID>ADMIN</auditID><auditStatus>A</auditStatus></auditModel><bizdomain>BLD_USE</bizdomain><bizdomainValue>Restaurant</bizdomainValue><resId>14635</resId><sortOrder>0</sortOrder><standardChoiceValueI18NModels/></sharedDropDownValue><sharedDropDownValue><bdvSeqNbr>5025</bdvSeqNbr><servProvCode>BPTDEV</servProvCode><auditModel><auditDate>2009-10-20T11:37:00-06:00</auditDate><auditID>ADMIN</auditID><auditStatus>A</auditStatus></auditModel><bizdomain>BLD_USE</bizdomain><bizdomainValue>Retail</bizdomainValue><resId>14636</resId><sortOrder>0</sortOrder><standardChoiceValueI18NModels/></sharedDropDownValue><sharedDropDownValue><bdvSeqNbr>5026</bdvSeqNbr><servProvCode>BPTDEV</servProvCode><auditModel><auditDate>2009-10-19T21:00:00-06:00</auditDate><auditID>ADMIN</auditID><auditStatus>A</auditStatus></auditModel><bizdomain>BLD_USE</bizdomain><bizdomainValue>Service Station</bizdomainValue><resId>14637</resId><sortOrder>0</sortOrder><standardChoiceValueI18NModels/></sharedDropDownValue><sharedDropDownValue><bdvSeqNbr>5027</bdvSeqNbr><servProvCode>BPTDEV</servProvCode><auditModel><auditDate>2009-10-20T11:37:55-06:00</auditDate><auditID>ADMIN</auditID><auditStatus>A</auditStatus></auditModel><bizdomain>BLD_USE</bizdomain><bizdomainValue>Shell Industrial</bizdomainValue><resId>14638</resId><sortOrder>0</sortOrder><standardChoiceValueI18NModels/></sharedDropDownValue><sharedDropDownValue><bdvSeqNbr>5028</bdvSeqNbr><servProvCode>BPTDEV</servProvCode><auditModel><auditDate>2009-10-20T11:38:09-06:00</auditDate><auditID>ADMIN</auditID><auditStatus>A</auditStatus></auditModel><bizdomain>BLD_USE</bizdomain><bizdomainValue>Shell Office</bizdomainValue><resId>14639</resId><sortOrder>0</sortOrder><standardChoiceValueI18NModels/></sharedDropDownValue><sharedDropDownValue><bdvSeqNbr>5029</bdvSeqNbr><servProvCode>BPTDEV</servProvCode><auditModel><auditDate>2009-10-20T11:37:46-06:00</auditDate><auditID>ADMIN</auditID><auditStatus>A</auditStatus></auditModel><bizdomain>BLD_USE</bizdomain><bizdomainValue>Shell Retail</bizdomainValue><resId>14640</resId><sortOrder>0</sortOrder><standardChoiceValueI18NModels/></sharedDropDownValue><sharedDropDownValue><bdvSeqNbr>5030</bdvSeqNbr><servProvCode>BPTDEV</servProvCode><auditModel><auditDate>2009-10-20T11:38:30-06:00</auditDate><auditID>ADMIN</auditID><auditStatus>A</auditStatus></auditModel><bizdomain>BLD_USE</bizdomain><bizdomainValue>Shell Warehouse</bizdomainValue><resId>14641</resId><sortOrder>0</sortOrder><standardChoiceValueI18NModels/></sharedDropDownValue><sharedDropDownValue><bdvSeqNbr>5031</bdvSeqNbr><servProvCode>BPTDEV</servProvCode><auditModel><auditDate>2009-10-20T11:37:26-06:00</auditDate><auditID>ADMIN</auditID><auditStatus>A</auditStatus></auditModel><bizdomain>BLD_USE</bizdomain><bizdomainValue>Theater</bizdomainValue><resId>14642</resId><sortOrder>0</sortOrder><standardChoiceValueI18NModels/></sharedDropDownValue><sharedDropDownValue><bdvSeqNbr>5032</bdvSeqNbr><servProvCode>BPTDEV</servProvCode><auditModel><auditDate>2009-10-20T10:26:40-06:00</auditDate><auditID>ADMIN</auditID><auditStatus>A</auditStatus></auditModel><bizdomain>BLD_USE</bizdomain><bizdomainValue>Transit/Bus Shelter</bizdomainValue><resId>14643</resId><sortOrder>0</sortOrder><standardChoiceValueI18NModels/></sharedDropDownValue><sharedDropDownValue><bdvSeqNbr>5033</bdvSeqNbr><servProvCode>BPTDEV</servProvCode><auditModel><auditDate>2009-10-20T10:26:18-06:00</auditDate><auditID>ADMIN</auditID><auditStatus>A</auditStatus></auditModel><bizdomain>BLD_USE</bizdomain><bizdomainValue>Vacant Property</bizdomainValue><resId>14644</resId><sortOrder>0</sortOrder><standardChoiceValueI18NModels/></sharedDropDownValue><sharedDropDownValue><bdvSeqNbr>5034</bdvSeqNbr><servProvCode>BPTDEV</servProvCode><auditModel><auditDate>2009-10-20T11:39:28-06:00</auditDate><auditID>ADMIN</auditID><auditStatus>A</auditStatus></auditModel><bizdomain>BLD_USE</bizdomain><bizdomainValue>Vehicle Sales &amp; Display</bizdomainValue><resId>14645</resId><sortOrder>0</sortOrder><standardChoiceValueI18NModels/></sharedDropDownValue><sharedDropDownValue><bdvSeqNbr>5037</bdvSeqNbr><servProvCode>BPTDEV</servProvCode><auditModel><auditDate>2009-10-20T11:37:10-06:00</auditDate><auditID>ADMIN</auditID><auditStatus>A</auditStatus></auditModel><bizdomain>BLD_USE</bizdomain><bizdomainValue>Vehicle Service</bizdomainValue><resId>14648</resId><sortOrder>0</sortOrder><standardChoiceValueI18NModels/></sharedDropDownValue><sharedDropDownValue><bdvSeqNbr>5039</bdvSeqNbr><servProvCode>BPTDEV</servProvCode><auditModel><auditDate>2009-10-20T11:37:33-06:00</auditDate><auditID>ADMIN</auditID><auditStatus>A</auditStatus></auditModel><bizdomain>BLD_USE</bizdomain><bizdomainValue>Warehouse</bizdomainValue><resId>14650</resId><sortOrder>0</sortOrder><standardChoiceValueI18NModels/></sharedDropDownValue></sharedDropDownList><type>ShareDropDown</type></sharedDropDownListModel>
<sharedDropDownListModel><name>BLD_FIRE_SPRINKLER</name><serviceProviderCode>BPTDEV</serviceProviderCode><auditModel><auditDate>2011-12-06T18:13:13-07:00</auditDate><auditID>ADMIN</auditID><auditStatus>A</auditStatus></auditModel><sharedDropDownList><sharedDropDownValue><bdvSeqNbr>7508</bdvSeqNbr><servProvCode>BPTDEV</servProvCode><auditModel><auditDate>2011-12-06T18:13:29-07:00</auditDate><auditID>ADMIN</auditID><auditStatus>A</auditStatus></auditModel><bizdomain>BLD_FIRE_SPRINKLER</bizdomain><bizdomainValue>FM200</bizdomainValue><sortOrder>10</sortOrder><standardChoiceValueI18NModels/></sharedDropDownValue><sharedDropDownValue><bdvSeqNbr>7509</bdvSeqNbr><servProvCode>BPTDEV</servProvCode><auditModel><auditDate>2011-12-06T18:13:49-07:00</auditDate><auditID>ADMIN</auditID><auditStatus>A</auditStatus></auditModel><bizdomain>BLD_FIRE_SPRINKLER</bizdomain><bizdomainValue>NFPA13</bizdomainValue><sortOrder>20</sortOrder><standardChoiceValueI18NModels/></sharedDropDownValue><sharedDropDownValue><bdvSeqNbr>7510</bdvSeqNbr><servProvCode>BPTDEV</servProvCode><auditModel><auditDate>2011-12-06T18:14:00-07:00</auditDate><auditID>ADMIN</auditID><auditStatus>A</auditStatus></auditModel><bizdomain>BLD_FIRE_SPRINKLER</bizdomain><bizdomainValue>NFPA13D</bizdomainValue><sortOrder>30</sortOrder><standardChoiceValueI18NModels/></sharedDropDownValue><sharedDropDownValue><bdvSeqNbr>7511</bdvSeqNbr><servProvCode>BPTDEV</servProvCode><auditModel><auditDate>2011-12-06T18:14:17-07:00</auditDate><auditID>ADMIN</auditID><auditStatus>A</auditStatus></auditModel><bizdomain>BLD_FIRE_SPRINKLER</bizdomain><bizdomainValue>NFPA13R</bizdomainValue><sortOrder>40</sortOrder><standardChoiceValueI18NModels/></sharedDropDownValue></sharedDropDownList><type>ShareDropDown</type></sharedDropDownListModel>
<sharedDropDownListModel><name>BLD_IRR_METER</name><serviceProviderCode>BPTDEV</serviceProviderCode><auditModel><auditDate>2009-07-24T09:01:25-06:00</auditDate><auditID>ADMIN</auditID><auditStatus>A</auditStatus></auditModel><sharedDropDownList><sharedDropDownValue><bdvSeqNbr>4971</bdvSeqNbr><servProvCode>BPTDEV</servProvCode><auditModel><auditDate>2009-07-23T21:00:00-06:00</auditDate><auditID>ADMIN</auditID><auditStatus>A</auditStatus></auditModel><bizdomain>BLD_IRR_METER</bizdomain><bizdomainValue>2 - 1 in Mani</bizdomainValue><resId>14582</resId><sortOrder>50</sortOrder><standardChoiceValueI18NModels/></sharedDropDownValue><sharedDropDownValue><bdvSeqNbr>4972</bdvSeqNbr><servProvCode>BPTDEV</servProvCode><auditModel><auditDate>2009-07-23T21:00:00-06:00</auditDate><auditID>ADMIN</auditID><auditStatus>A</auditStatus></auditModel><bizdomain>BLD_IRR_METER</bizdomain><bizdomainValue>2 - 2 in Mani</bizdomainValue><resId>14583</resId><sortOrder>60</sortOrder><standardChoiceValueI18NModels/></sharedDropDownValue><sharedDropDownValue><bdvSeqNbr>4973</bdvSeqNbr><servProvCode>BPTDEV</servProvCode><auditModel><auditDate>2009-07-23T21:00:00-06:00</auditDate><auditID>ADMIN</auditID><auditStatus>A</auditStatus></auditModel><bizdomain>BLD_IRR_METER</bizdomain><bizdomainValue>3 in Compound</bizdomainValue><resId>14584</resId><sortOrder>70</sortOrder><standardChoiceValueI18NModels/></sharedDropDownValue><sharedDropDownValue><bdvSeqNbr>4974</bdvSeqNbr><servProvCode>BPTDEV</servProvCode><auditModel><auditDate>2009-07-24T09:04:55-06:00</auditDate><auditID>ADMIN</auditID><auditStatus>A</auditStatus></auditModel><bizdomain>BLD_IRR_METER</bizdomain><bizdomainValue>3 in Turbo</bizdomainValue><resId>14585</resId><sortOrder>100</sortOrder><standardChoiceValueI18NModels/></sharedDropDownValue><sharedDropDownValue><bdvSeqNbr>4975</bdvSeqNbr><servProvCode>BPTDEV</servProvCode><auditModel><auditDate>2009-07-24T09:04:21-06:00</auditDate><auditID>ADMIN</auditID><auditStatus>A</auditStatus></auditModel><bizdomain>BLD_IRR_METER</bizdomain><bizdomainValue>4 in Compound</bizdomainValue><resId>14586</resId><sortOrder>80</sortOrder><standardChoiceValueI18NModels/></sharedDropDownValue><sharedDropDownValue><bdvSeqNbr>4976</bdvSeqNbr><servProvCode>BPTDEV</servProvCode><auditModel><auditDate>2009-07-24T09:04:39-06:00</auditDate><auditID>ADMIN</auditID><auditStatus>A</auditStatus></auditModel><bizdomain>BLD_IRR_METER</bizdomain><bizdomainValue>6 in Compound</bizdomainValue><resId>14587</resId><sortOrder>90</sortOrder><standardChoiceValueI18NModels/></sharedDropDownValue><sharedDropDownValue><bdvSeqNbr>4977</bdvSeqNbr><servProvCode>BPTDEV</servProvCode><auditModel><auditDate>2009-07-23T21:00:00-06:00</auditDate><auditID>ADMIN</auditID><auditStatus>A</auditStatus></auditModel><bizdomain>BLD_IRR_METER</bizdomain><bizdomainValue>Existing</bizdomainValue><resId>14588</resId><sortOrder>110</sortOrder><standardChoiceValueI18NModels/></sharedDropDownValue><sharedDropDownValue><bdvSeqNbr>4978</bdvSeqNbr><servProvCode>BPTDEV</servProvCode><auditModel><auditDate>2009-07-23T21:00:00-06:00</auditDate><auditID>ADMIN</auditID><auditStatus>A</auditStatus></auditModel><bizdomain>BLD_IRR_METER</bizdomain><bizdomainValue>Irrigation - 1 in</bizdomainValue><resId>14589</resId><sortOrder>20</sortOrder><standardChoiceValueI18NModels/></sharedDropDownValue><sharedDropDownValue><bdvSeqNbr>4979</bdvSeqNbr><servProvCode>BPTDEV</servProvCode><auditModel><auditDate>2009-07-23T21:00:00-06:00</auditDate><auditID>ADMIN</auditID><auditStatus>A</auditStatus></auditModel><bizdomain>BLD_IRR_METER</bizdomain><bizdomainValue>Irrigation - 1-1/2 in</bizdomainValue><resId>14590</resId><sortOrder>30</sortOrder><standardChoiceValueI18NModels/></sharedDropDownValue><sharedDropDownValue><bdvSeqNbr>4980</bdvSeqNbr><servProvCode>BPTDEV</servProvCode><auditModel><auditDate>2009-07-23T21:00:00-06:00</auditDate><auditID>ADMIN</auditID><auditStatus>A</auditStatus></auditModel><bizdomain>BLD_IRR_METER</bizdomain><bizdomainValue>Irrigation - 2 in</bizdomainValue><resId>14591</resId><sortOrder>40</sortOrder><standardChoiceValueI18NModels/></sharedDropDownValue><sharedDropDownValue><bdvSeqNbr>4981</bdvSeqNbr><servProvCode>BPTDEV</servProvCode><auditModel><auditDate>2009-07-23T21:00:00-06:00</auditDate><auditID>ADMIN</auditID><auditStatus>A</auditStatus></auditModel><bizdomain>BLD_IRR_METER</bizdomain><bizdomainValue>Irrigation - 5/8 in</bizdomainValue><resId>14592</resId><sortOrder>10</sortOrder><standardChoiceValueI18NModels/></sharedDropDownValue><sharedDropDownValue><bdvSeqNbr>4982</bdvSeqNbr><servProvCode>BPTDEV</servProvCode><auditModel><auditDate>2009-07-24T09:11:47-06:00</auditDate><auditID>ADMIN</auditID><auditStatus>A</auditStatus></auditModel><bizdomain>BLD_IRR_METER</bizdomain><bizdomainValue>Not Applicable</bizdomainValue><resId>14593</resId><sortOrder>120</sortOrder><standardChoiceValueI18NModels/></sharedDropDownValue></sharedDropDownList><type>ShareDropDown</type></sharedDropDownListModel>
<sharedDropDownListModel><name>BLD_OCC_CLASS</name><serviceProviderCode>BPTDEV</serviceProviderCode><auditModel><auditDate>2009-07-24T08:51:13-06:00</auditDate><auditID>ADMIN</auditID><auditStatus>A</auditStatus></auditModel><sharedDropDownList><sharedDropDownValue><bdvSeqNbr>7483</bdvSeqNbr><servProvCode>BPTDEV</servProvCode><auditModel><auditDate>2011-12-06T17:09:09-07:00</auditDate><auditID>ADMIN</auditID><auditStatus>A</auditStatus></auditModel><bizdomain>BLD_OCC_CLASS</bizdomain><bizdomainValue>A-1 Theaters/Concert Halls</bizdomainValue><sortOrder>50</sortOrder><standardChoiceValueI18NModels/></sharedDropDownValue><sharedDropDownValue><bdvSeqNbr>7484</bdvSeqNbr><servProvCode>BPTDEV</servProvCode><auditModel><auditDate>2011-12-06T17:09:45-07:00</auditDate><auditID>ADMIN</auditID><auditStatus>A</auditStatus></auditModel><bizdomain>BLD_OCC_CLASS</bizdomain><bizdomainValue>A-2 Nightclub/Restaurant/Bar/Banquet Hall</bizdomainValue><sortOrder>60</sortOrder><standardChoiceValueI18NModels/></sharedDropDownValue><sharedDropDownValue><bdvSeqNbr>7485</bdvSeqNbr><servProvCode>BPTDEV</servProvCode><auditModel><auditDate>2011-12-06T17:10:22-07:00</auditDate><auditID>ADMIN</auditID><auditStatus>A</auditStatus></auditModel><bizdomain>BLD_OCC_CLASS</bizdomain><bizdomainValue>A-3 Amusement/Church/Gym/Library/Museum</bizdomainValue><sortOrder>70</sortOrder><standardChoiceValueI18NModels/></sharedDropDownValue><sharedDropDownValue><bdvSeqNbr>7486</bdvSeqNbr><servProvCode>BPTDEV</servProvCode><auditModel><auditDate>2011-12-06T17:11:08-07:00</auditDate><auditID>ADMIN</auditID><auditStatus>A</auditStatus></auditModel><bizdomain>BLD_OCC_CLASS</bizdomain><bizdomainValue>A-4 Arena/Spectator Seating</bizdomainValue><sortOrder>80</sortOrder><standardChoiceValueI18NModels/></sharedDropDownValue><sharedDropDownValue><bdvSeqNbr>7487</bdvSeqNbr><servProvCode>BPTDEV</servProvCode><auditModel><auditDate>2011-12-06T17:11:50-07:00</auditDate><auditID>ADMIN</auditID><auditStatus>A</auditStatus></auditModel><bizdomain>BLD_OCC_CLASS</bizdomain><bizdomainValue>A-5 Amusement Park/Bleachers/Stadium/Grandstand</bizdomainValue><sortOrder>90</sortOrder><standardChoiceValueI18NModels/></sharedDropDownValue><sharedDropDownValue><bdvSeqNbr>7488</bdvSeqNbr><servProvCode>BPTDEV</servProvCode><auditModel><auditDate>2011-12-06T17:12:05-07:00</auditDate><auditID>ADMIN</auditID><auditStatus>A</auditStatus></auditModel><bizdomain>BLD_OCC_CLASS</bizdomain><bizdomainValue>B Business</bizdomainValue><sortOrder>100</sortOrder><standardChoiceValueI18NModels/></sharedDropDownValue><sharedDropDownValue><bdvSeqNbr>7489</bdvSeqNbr><servProvCode>BPTDEV</servProvCode><auditModel><auditDate>2011-12-06T00:00:00-07:00</auditDate><auditID>ADMIN</auditID><auditStatus>A</auditStatus></auditModel><bizdomain>BLD_OCC_CLASS</bizdomain><bizdomainValue>E Educational School to 12th Grade/ Child Care (More than 5)</bizdomainValue><sortOrder>110</sortOrder><standardChoiceValueI18NModels/></sharedDropDownValue><sharedDropDownValue><bdvSeqNbr>7490</bdvSeqNbr><servProvCode>BPTDEV</servProvCode><auditModel><auditDate>2011-12-06T00:00:00-07:00</auditDate><auditID>ADMIN</auditID><auditStatus>A</auditStatus></auditModel><bizdomain>BLD_OCC_CLASS</bizdomain><bizdomainValue>F-1 Factory Moderate Hazard</bizdomainValue><sortOrder>120</sortOrder><standardChoiceValueI18NModels/></sharedDropDownValue><sharedDropDownValue><bdvSeqNbr>7491</bdvSeqNbr><servProvCode>BPTDEV</servProvCode><auditModel><auditDate>2011-12-06T00:00:00-07:00</auditDate><auditID>ADMIN</auditID><auditStatus>A</auditStatus></auditModel><bizdomain>BLD_OCC_CLASS</bizdomain><bizdomainValue>F-2 Factory Low Hazard</bizdomainValue><sortOrder>130</sortOrder><standardChoiceValueI18NModels/></sharedDropDownValue><sharedDropDownValue><bdvSeqNbr>7492</bdvSeqNbr><servProvCode>BPTDEV</servProvCode><auditModel><auditDate>2011-12-06T00:00:00-07:00</auditDate><auditID>ADMIN</auditID><auditStatus>A</auditStatus></auditModel><bizdomain>BLD_OCC_CLASS</bizdomain><bizdomainValue>H-1 Hazard Detonation</bizdomainValue><sortOrder>140</sortOrder><standardChoiceValueI18NModels/></sharedDropDownValue><sharedDropDownValue><bdvSeqNbr>7493</bdvSeqNbr><servProvCode>BPTDEV</servProvCode><auditModel><auditDate>2011-12-06T17:15:18-07:00</auditDate><auditID>ADMIN</auditID><auditStatus>A</auditStatus></auditModel><bizdomain>BLD_OCC_CLASS</bizdomain><bizdomainValue>H-2 Hazard Air-Born Deflagration</bizdomainValue><sortOrder>150</sortOrder><standardChoiceValueI18NModels/></sharedDropDownValue><sharedDropDownValue><bdvSeqNbr>7494</bdvSeqNbr><servProvCode>BPTDEV</servProvCode><auditModel><auditDate>2011-12-06T17:15:49-07:00</auditDate><auditID>ADMIN</auditID><auditStatus>A</auditStatus></auditModel><bizdomain>BLD_OCC_CLASS</bizdomain><bizdomainValue>H-3 Hazard Flamable/Combustible</bizdomainValue><sortOrder>160</sortOrder><standardChoiceValueI18NModels/></sharedDropDownValue><sharedDropDownValue><bdvSeqNbr>7495</bdvSeqNbr><servProvCode>BPTDEV</servProvCode><auditModel><auditDate>2011-12-06T17:16:07-07:00</auditDate><auditID>ADMIN</auditID><auditStatus>A</auditStatus></auditModel><bizdomain>BLD_OCC_CLASS</bizdomain><bizdomainValue>H-4 Hazard Health</bizdomainValue><sortOrder>170</sortOrder><standardChoiceValueI18NModels/></sharedDropDownValue><sharedDropDownValue><bdvSeqNbr>7496</bdvSeqNbr><servProvCode>BPTDEV</servProvCode><auditModel><auditDate>2011-12-06T00:00:00-07:00</auditDate><auditID>ADMIN</auditID><auditStatus>A</auditStatus></auditModel><bizdomain>BLD_OCC_CLASS</bizdomain><bizdomainValue>H-5 Hazard Semi-Conductors</bizdomainValue><sortOrder>180</sortOrder><standardChoiceValueI18NModels/></sharedDropDownValue><sharedDropDownValue><bdvSeqNbr>7497</bdvSeqNbr><servProvCode>BPTDEV</servProvCode><auditModel><auditDate>2011-12-06T17:17:20-07:00</auditDate><auditID>ADMIN</auditID><auditStatus>A</auditStatus></auditModel><bizdomain>BLD_OCC_CLASS</bizdomain><bizdomainValue>I-1 Institutional Rehab/Assisted Living/Group Home</bizdomainValue><sortOrder>190</sortOrder><standardChoiceValueI18NModels/></sharedDropDownValue><sharedDropDownValue><bdvSeqNbr>7498</bdvSeqNbr><servProvCode>BPTDEV</servProvCode><auditModel><auditDate>2011-12-06T17:17:47-07:00</auditDate><auditID>ADMIN</auditID><auditStatus>A</auditStatus></auditModel><bizdomain>BLD_OCC_CLASS</bizdomain><bizdomainValue>I-2  Institutional Hospital/Nursing Home</bizdomainValue><sortOrder>200</sortOrder><standardChoiceValueI18NModels/></sharedDropDownValue><sharedDropDownValue><bdvSeqNbr>7499</bdvSeqNbr><servProvCode>BPTDEV</servProvCode><auditModel><auditDate>2011-12-06T00:00:00-07:00</auditDate><auditID>ADMIN</auditID><auditStatus>A</auditStatus></auditModel><bizdomain>BLD_OCC_CLASS</bizdomain><bizdomainValue>I-3 Institutional Prisons/Dentention</bizdomainValue><sortOrder>210</sortOrder><standardChoiceValueI18NModels/></sharedDropDownValue><sharedDropDownValue><bdvSeqNbr>7501</bdvSeqNbr><servProvCode>BPTDEV</servProvCode><auditModel><auditDate>2011-12-06T17:31:34-07:00</auditDate><auditID>ADMIN</auditID><auditStatus>A</auditStatus></auditModel><bizdomain>BLD_OCC_CLASS</bizdomain><bizdomainValue>I-4 Institutional Day Care (More than 5)</bizdomainValue><sortOrder>220</sortOrder><standardChoiceValueI18NModels/></sharedDropDownValue><sharedDropDownValue><bdvSeqNbr>7500</bdvSeqNbr><servProvCode>BPTDEV</servProvCode><auditModel><auditDate>2011-12-06T00:00:00-07:00</auditDate><auditID>ADMIN</auditID><auditStatus>A</auditStatus></auditModel><bizdomain>BLD_OCC_CLASS</bizdomain><bizdomainValue>M Mercantile</bizdomainValue><sortOrder>230</sortOrder><standardChoiceValueI18NModels/></sharedDropDownValue><sharedDropDownValue><bdvSeqNbr>7505</bdvSeqNbr><servProvCode>BPTDEV</servProvCode><auditModel><auditDate>2011-12-06T17:33:53-07:00</auditDate><auditID>ADMIN</auditID><auditStatus>A</auditStatus></auditModel><bizdomain>BLD_OCC_CLASS</bizdomain><bizdomainValue>Mixed Occupancy</bizdomainValue><sortOrder>270</sortOrder><standardChoiceValueI18NModels/></sharedDropDownValue><sharedDropDownValue><bdvSeqNbr>7479</bdvSeqNbr><servProvCode>BPTDEV</servProvCode><auditModel><auditDate>2011-12-06T17:05:09-07:00</auditDate><auditID>ADMIN</auditID><auditStatus>A</auditStatus></auditModel><bizdomain>BLD_OCC_CLASS</bizdomain><bizdomainValue>R-1 Hotel/Motel/Boarding House/Transient</bizdomainValue><sortOrder>10</sortOrder><standardChoiceValueI18NModels/></sharedDropDownValue><sharedDropDownValue><bdvSeqNbr>7480</bdvSeqNbr><servProvCode>BPTDEV</servProvCode><auditModel><auditDate>2011-12-06T17:05:47-07:00</auditDate><auditID>ADMIN</auditID><auditStatus>A</auditStatus></auditModel><bizdomain>BLD_OCC_CLASS</bizdomain><bizdomainValue>R-2 Apartment/Non-Transient Hotel/Convent/Fraternity</bizdomainValue><sortOrder>20</sortOrder><standardChoiceValueI18NModels/></sharedDropDownValue><sharedDropDownValue><bdvSeqNbr>7481</bdvSeqNbr><servProvCode>BPTDEV</servProvCode><auditModel><auditDate>2011-12-06T17:07:01-07:00</auditDate><auditID>ADMIN</auditID><auditStatus>A</auditStatus></auditModel><bizdomain>BLD_OCC_CLASS</bizdomain><bizdomainValue>R-3 Single Family/Duplex Residence/Child Care 5 or Less/Congregate Living 15 or Less</bizdomainValue><sortOrder>30</sortOrder><standardChoiceValueI18NModels/></sharedDropDownValue><sharedDropDownValue><bdvSeqNbr>7482</bdvSeqNbr><servProvCode>BPTDEV</servProvCode><auditModel><auditDate>2011-12-06T17:08:44-07:00</auditDate><auditID>ADMIN</auditID><auditStatus>A</auditStatus></auditModel><bizdomain>BLD_OCC_CLASS</bizdomain><bizdomainValue>R-4 Residential Assisted Living (5-15)</bizdomainValue><sortOrder>40</sortOrder><standardChoiceValueI18NModels/></sharedDropDownValue><sharedDropDownValue><bdvSeqNbr>7503</bdvSeqNbr><servProvCode>BPTDEV</servProvCode><auditModel><auditDate>2011-12-06T17:32:21-07:00</auditDate><auditID>ADMIN</auditID><auditStatus>A</auditStatus></auditModel><bizdomain>BLD_OCC_CLASS</bizdomain><bizdomainValue>S-1 Moderate Hazard Storage</bizdomainValue><sortOrder>250</sortOrder><standardChoiceValueI18NModels/></sharedDropDownValue><sharedDropDownValue><bdvSeqNbr>7502</bdvSeqNbr><servProvCode>BPTDEV</servProvCode><auditModel><auditDate>2011-12-06T17:31:56-07:00</auditDate><auditID>ADMIN</auditID><auditStatus>A</auditStatus></auditModel><bizdomain>BLD_OCC_CLASS</bizdomain><bizdomainValue>S-2 Light Hazard Storage</bizdomainValue><sortOrder>240</sortOrder><standardChoiceValueI18NModels/></sharedDropDownValue><sharedDropDownValue><bdvSeqNbr>7504</bdvSeqNbr><servProvCode>BPTDEV</servProvCode><auditModel><auditDate>2011-12-06T17:33:31-07:00</auditDate><auditID>ADMIN</auditID><auditStatus>A</auditStatus></auditModel><bizdomain>BLD_OCC_CLASS</bizdomain><bizdomainValue>U Utility Agriculture/Accessory/Fence/Tower</bizdomainValue><sortOrder>260</sortOrder><standardChoiceValueI18NModels/></sharedDropDownValue></sharedDropDownList><type>ShareDropDown</type></sharedDropDownListModel>
<sharedDropDownListModel><name>BLD_CONST_TYPE</name><serviceProviderCode>BPTDEV</serviceProviderCode><auditModel><auditDate>2009-07-24T08:38:27-06:00</auditDate><auditID>ADMIN</auditID><auditStatus>A</auditStatus></auditModel><sharedDropDownList><sharedDropDownValue><bdvSeqNbr>4926</bdvSeqNbr><servProvCode>BPTDEV</servProvCode><auditModel><auditDate>2011-12-06T00:00:00-07:00</auditDate><auditID>ADMIN</auditID><auditStatus>A</auditStatus></auditModel><bizdomain>BLD_CONST_TYPE</bizdomain><bizdomainValue>I Non-Combustible</bizdomainValue><resId>14537</resId><sortOrder>1</sortOrder><standardChoiceValueI18NModels/></sharedDropDownValue><sharedDropDownValue><bdvSeqNbr>4927</bdvSeqNbr><servProvCode>BPTDEV</servProvCode><auditModel><auditDate>2011-12-06T00:00:00-07:00</auditDate><auditID>ADMIN</auditID><auditStatus>A</auditStatus></auditModel><bizdomain>BLD_CONST_TYPE</bizdomain><bizdomainValue>IA Non-Combustible (3 HR)</bizdomainValue><resId>14538</resId><sortOrder>2</sortOrder><standardChoiceValueI18NModels/></sharedDropDownValue><sharedDropDownValue><bdvSeqNbr>4928</bdvSeqNbr><servProvCode>BPTDEV</servProvCode><auditModel><auditDate>2011-12-06T00:00:00-07:00</auditDate><auditID>ADMIN</auditID><auditStatus>A</auditStatus></auditModel><bizdomain>BLD_CONST_TYPE</bizdomain><bizdomainValue>IB Non-Combustible (2 HR)</bizdomainValue><resId>14539</resId><sortOrder>3</sortOrder><standardChoiceValueI18NModels/></sharedDropDownValue><sharedDropDownValue><bdvSeqNbr>4929</bdvSeqNbr><servProvCode>BPTDEV</servProvCode><auditModel><auditDate>2011-12-06T00:00:00-07:00</auditDate><auditID>ADMIN</auditID><auditStatus>A</auditStatus></auditModel><bizdomain>BLD_CONST_TYPE</bizdomain><bizdomainValue>II Non-Combustible</bizdomainValue><resId>14540</resId><sortOrder>4</sortOrder><standardChoiceValueI18NModels/></sharedDropDownValue><sharedDropDownValue><bdvSeqNbr>4930</bdvSeqNbr><servProvCode>BPTDEV</servProvCode><auditModel><auditDate>2011-12-06T00:00:00-07:00</auditDate><auditID>ADMIN</auditID><auditStatus>A</auditStatus></auditModel><bizdomain>BLD_CONST_TYPE</bizdomain><bizdomainValue>IIA Non-Combustible (1 HR)</bizdomainValue><resId>14541</resId><sortOrder>5</sortOrder><standardChoiceValueI18NModels/></sharedDropDownValue><sharedDropDownValue><bdvSeqNbr>4931</bdvSeqNbr><servProvCode>BPTDEV</servProvCode><auditModel><auditDate>2011-12-06T00:00:00-07:00</auditDate><auditID>ADMIN</auditID><auditStatus>A</auditStatus></auditModel><bizdomain>BLD_CONST_TYPE</bizdomain><bizdomainValue>IIB Non-Combustible (0 HR)</bizdomainValue><resId>14542</resId><sortOrder>6</sortOrder><standardChoiceValueI18NModels/></sharedDropDownValue><sharedDropDownValue><bdvSeqNbr>4932</bdvSeqNbr><servProvCode>BPTDEV</servProvCode><auditModel><auditDate>2011-12-06T00:00:00-07:00</auditDate><auditID>ADMIN</auditID><auditStatus>A</auditStatus></auditModel><bizdomain>BLD_CONST_TYPE</bizdomain><bizdomainValue>III Heavy Timber</bizdomainValue><resId>14543</resId><sortOrder>7</sortOrder><standardChoiceValueI18NModels/></sharedDropDownValue><sharedDropDownValue><bdvSeqNbr>4933</bdvSeqNbr><servProvCode>BPTDEV</servProvCode><auditModel><auditDate>2011-12-06T00:00:00-07:00</auditDate><auditID>ADMIN</auditID><auditStatus>A</auditStatus></auditModel><bizdomain>BLD_CONST_TYPE</bizdomain><bizdomainValue>IIIA Mixed (1 HR)</bizdomainValue><resId>14544</resId><sortOrder>8</sortOrder><standardChoiceValueI18NModels/></sharedDropDownValue><sharedDropDownValue><bdvSeqNbr>4934</bdvSeqNbr><servProvCode>BPTDEV</servProvCode><auditModel><auditDate>2011-12-06T00:00:00-07:00</auditDate><auditID>ADMIN</auditID><auditStatus>A</auditStatus></auditModel><bizdomain>BLD_CONST_TYPE</bizdomain><bizdomainValue>IIIB Mixed (0 HR)</bizdomainValue><resId>14545</resId><sortOrder>9</sortOrder><standardChoiceValueI18NModels/></sharedDropDownValue><sharedDropDownValue><bdvSeqNbr>4935</bdvSeqNbr><servProvCode>BPTDEV</servProvCode><auditModel><auditDate>2011-12-06T00:00:00-07:00</auditDate><auditID>ADMIN</auditID><auditStatus>A</auditStatus></auditModel><bizdomain>BLD_CONST_TYPE</bizdomain><bizdomainValue>IV Heavy Timber</bizdomainValue><resId>14546</resId><sortOrder>10</sortOrder><standardChoiceValueI18NModels/></sharedDropDownValue><sharedDropDownValue><bdvSeqNbr>4936</bdvSeqNbr><servProvCode>BPTDEV</servProvCode><auditModel><auditDate>2011-12-06T00:00:00-07:00</auditDate><auditID>ADMIN</auditID><auditStatus>A</auditStatus></auditModel><bizdomain>BLD_CONST_TYPE</bizdomain><bizdomainValue>IV-P Non-Combustible (1 HR)</bizdomainValue><resId>14547</resId><sortOrder>11</sortOrder><standardChoiceValueI18NModels/></sharedDropDownValue><sharedDropDownValue><bdvSeqNbr>4937</bdvSeqNbr><servProvCode>BPTDEV</servProvCode><auditModel><auditDate>2011-12-06T00:00:00-07:00</auditDate><auditID>ADMIN</auditID><auditStatus>A</auditStatus></auditModel><bizdomain>BLD_CONST_TYPE</bizdomain><bizdomainValue>IV-U Non-Combustible</bizdomainValue><resId>14548</resId><sortOrder>12</sortOrder><standardChoiceValueI18NModels/></sharedDropDownValue><sharedDropDownValue><bdvSeqNbr>4938</bdvSeqNbr><servProvCode>BPTDEV</servProvCode><auditModel><auditDate>2011-12-06T00:00:00-07:00</auditDate><auditID>ADMIN</auditID><auditStatus>A</auditStatus></auditModel><bizdomain>BLD_CONST_TYPE</bizdomain><bizdomainValue>Not Applicable</bizdomainValue><resId>14549</resId><sortOrder>20</sortOrder><standardChoiceValueI18NModels/></sharedDropDownValue><sharedDropDownValue><bdvSeqNbr>4939</bdvSeqNbr><servProvCode>BPTDEV</servProvCode><auditModel><auditDate>2011-12-06T00:00:00-07:00</auditDate><auditID>ADMIN</auditID><auditStatus>A</auditStatus></auditModel><bizdomain>BLD_CONST_TYPE</bizdomain><bizdomainValue>Unknown</bizdomainValue><resId>14550</resId><sortOrder>19</sortOrder><standardChoiceValueI18NModels/></sharedDropDownValue><sharedDropDownValue><bdvSeqNbr>4940</bdvSeqNbr><servProvCode>BPTDEV</servProvCode><auditModel><auditDate>2011-12-06T00:00:00-07:00</auditDate><auditID>ADMIN</auditID><auditStatus>A</auditStatus></auditModel><bizdomain>BLD_CONST_TYPE</bizdomain><bizdomainValue>V-P Combust &amp; Wood (1 HR)</bizdomainValue><resId>14551</resId><sortOrder>13</sortOrder><standardChoiceValueI18NModels/></sharedDropDownValue><sharedDropDownValue><bdvSeqNbr>4941</bdvSeqNbr><servProvCode>BPTDEV</servProvCode><auditModel><auditDate>2011-12-06T00:00:00-07:00</auditDate><auditID>ADMIN</auditID><auditStatus>A</auditStatus></auditModel><bizdomain>BLD_CONST_TYPE</bizdomain><bizdomainValue>V-U Combust &amp; Wood</bizdomainValue><resId>14552</resId><sortOrder>14</sortOrder><standardChoiceValueI18NModels/></sharedDropDownValue><sharedDropDownValue><bdvSeqNbr>4942</bdvSeqNbr><servProvCode>BPTDEV</servProvCode><auditModel><auditDate>2011-12-06T00:00:00-07:00</auditDate><auditID>ADMIN</auditID><auditStatus>A</auditStatus></auditModel><bizdomain>BLD_CONST_TYPE</bizdomain><bizdomainValue>VA Any Material (1 HR)</bizdomainValue><resId>14553</resId><sortOrder>17</sortOrder><standardChoiceValueI18NModels/></sharedDropDownValue><sharedDropDownValue><bdvSeqNbr>4943</bdvSeqNbr><servProvCode>BPTDEV</servProvCode><auditModel><auditDate>2011-12-06T00:00:00-07:00</auditDate><auditID>ADMIN</auditID><auditStatus>A</auditStatus></auditModel><bizdomain>BLD_CONST_TYPE</bizdomain><bizdomainValue>VB Any Material (0 HR)</bizdomainValue><resId>14554</resId><sortOrder>18</sortOrder><standardChoiceValueI18NModels/></sharedDropDownValue><sharedDropDownValue><bdvSeqNbr>4944</bdvSeqNbr><servProvCode>BPTDEV</servProvCode><auditModel><auditDate>2011-12-06T00:00:00-07:00</auditDate><auditID>ADMIN</auditID><auditStatus>A</auditStatus></auditModel><bizdomain>BLD_CONST_TYPE</bizdomain><bizdomainValue>VI-P Wood (1 HR)</bizdomainValue><resId>14555</resId><sortOrder>15</sortOrder><standardChoiceValueI18NModels/></sharedDropDownValue><sharedDropDownValue><bdvSeqNbr>4945</bdvSeqNbr><servProvCode>BPTDEV</servProvCode><auditModel><auditDate>2011-12-06T00:00:00-07:00</auditDate><auditID>ADMIN</auditID><auditStatus>A</auditStatus></auditModel><bizdomain>BLD_CONST_TYPE</bizdomain><bizdomainValue>VI-U Wood</bizdomainValue><resId>14556</resId><sortOrder>16</sortOrder><standardChoiceValueI18NModels/></sharedDropDownValue></sharedDropDownList><type>ShareDropDown</type></sharedDropDownListModel>
<sharedDropDownListModel><name>BLD_WATER_METER</name><serviceProviderCode>BPTDEV</serviceProviderCode><auditModel><auditDate>2009-07-24T08:41:45-06:00</auditDate><auditID>ADMIN</auditID><auditStatus>A</auditStatus></auditModel><sharedDropDownList><sharedDropDownValue><bdvSeqNbr>5040</bdvSeqNbr><servProvCode>BPTDEV</servProvCode><auditModel><auditDate>2009-07-24T08:42:32-06:00</auditDate><auditID>ADMIN</auditID><auditStatus>A</auditStatus></auditModel><bizdomain>BLD_WATER_METER</bizdomain><bizdomainValue>1 1/2 in</bizdomainValue><resId>14651</resId><sortOrder>30</sortOrder><standardChoiceValueI18NModels/></sharedDropDownValue><sharedDropDownValue><bdvSeqNbr>5041</bdvSeqNbr><servProvCode>BPTDEV</servProvCode><auditModel><auditDate>2009-07-24T08:42:21-06:00</auditDate><auditID>ADMIN</auditID><auditStatus>A</auditStatus></auditModel><bizdomain>BLD_WATER_METER</bizdomain><bizdomainValue>1 in</bizdomainValue><resId>14652</resId><sortOrder>20</sortOrder><standardChoiceValueI18NModels/></sharedDropDownValue><sharedDropDownValue><bdvSeqNbr>5042</bdvSeqNbr><servProvCode>BPTDEV</servProvCode><auditModel><auditDate>2009-07-24T08:42:43-06:00</auditDate><auditID>ADMIN</auditID><auditStatus>A</auditStatus></auditModel><bizdomain>BLD_WATER_METER</bizdomain><bizdomainValue>2 in</bizdomainValue><resId>14653</resId><sortOrder>40</sortOrder><standardChoiceValueI18NModels/></sharedDropDownValue><sharedDropDownValue><bdvSeqNbr>5043</bdvSeqNbr><servProvCode>BPTDEV</servProvCode><auditModel><auditDate>2009-07-24T08:42:57-06:00</auditDate><auditID>ADMIN</auditID><auditStatus>A</auditStatus></auditModel><bizdomain>BLD_WATER_METER</bizdomain><bizdomainValue>3 in Compound</bizdomainValue><resId>14654</resId><sortOrder>50</sortOrder><standardChoiceValueI18NModels/></sharedDropDownValue><sharedDropDownValue><bdvSeqNbr>5044</bdvSeqNbr><servProvCode>BPTDEV</servProvCode><auditModel><auditDate>2009-07-24T08:45:16-06:00</auditDate><auditID>ADMIN</auditID><auditStatus>A</auditStatus></auditModel><bizdomain>BLD_WATER_METER</bizdomain><bizdomainValue>3 in Turbo</bizdomainValue><resId>14655</resId><sortOrder>80</sortOrder><standardChoiceValueI18NModels/></sharedDropDownValue><sharedDropDownValue><bdvSeqNbr>5045</bdvSeqNbr><servProvCode>BPTDEV</servProvCode><auditModel><auditDate>2009-07-24T08:43:56-06:00</auditDate><auditID>ADMIN</auditID><auditStatus>A</auditStatus></auditModel><bizdomain>BLD_WATER_METER</bizdomain><bizdomainValue>4 in Compound</bizdomainValue><resId>14656</resId><sortOrder>60</sortOrder><standardChoiceValueI18NModels/></sharedDropDownValue><sharedDropDownValue><bdvSeqNbr>5046</bdvSeqNbr><servProvCode>BPTDEV</servProvCode><auditModel><auditDate>2009-07-24T08:46:13-06:00</auditDate><auditID>ADMIN</auditID><auditStatus>A</auditStatus></auditModel><bizdomain>BLD_WATER_METER</bizdomain><bizdomainValue>4 in Turbo</bizdomainValue><resId>14657</resId><sortOrder>90</sortOrder><standardChoiceValueI18NModels/></sharedDropDownValue><sharedDropDownValue><bdvSeqNbr>5047</bdvSeqNbr><servProvCode>BPTDEV</servProvCode><auditModel><auditDate>2009-07-24T08:42:11-06:00</auditDate><auditID>ADMIN</auditID><auditStatus>A</auditStatus></auditModel><bizdomain>BLD_WATER_METER</bizdomain><bizdomainValue>5/8 in</bizdomainValue><resId>14658</resId><sortOrder>10</sortOrder><standardChoiceValueI18NModels/></sharedDropDownValue><sharedDropDownValue><bdvSeqNbr>5048</bdvSeqNbr><servProvCode>BPTDEV</servProvCode><auditModel><auditDate>2009-07-24T08:44:35-06:00</auditDate><auditID>ADMIN</auditID><auditStatus>A</auditStatus></auditModel><bizdomain>BLD_WATER_METER</bizdomain><bizdomainValue>6 in Compound</bizdomainValue><resId>14659</resId><sortOrder>70</sortOrder><standardChoiceValueI18NModels/></sharedDropDownValue><sharedDropDownValue><bdvSeqNbr>5049</bdvSeqNbr><servProvCode>BPTDEV</servProvCode><auditModel><auditDate>2009-07-24T08:46:30-06:00</auditDate><auditID>ADMIN</auditID><auditStatus>A</auditStatus></auditModel><bizdomain>BLD_WATER_METER</bizdomain><bizdomainValue>6 in Turbo</bizdomainValue><resId>14660</resId><sortOrder>100</sortOrder><standardChoiceValueI18NModels/></sharedDropDownValue><sharedDropDownValue><bdvSeqNbr>5050</bdvSeqNbr><servProvCode>BPTDEV</servProvCode><auditModel><auditDate>2009-07-24T08:46:56-06:00</auditDate><auditID>ADMIN</auditID><auditStatus>A</auditStatus></auditModel><bizdomain>BLD_WATER_METER</bizdomain><bizdomainValue>Not Applicable</bizdomainValue><resId>14661</resId><sortOrder>110</sortOrder><standardChoiceValueI18NModels/></sharedDropDownValue></sharedDropDownList><type>ShareDropDown</type></sharedDropDownListModel>
<sharedDropDownListModel><name>BLD_FLOOD_ZONE</name><serviceProviderCode>BPTDEV</serviceProviderCode><auditModel><auditDate>2009-10-20T11:21:29-06:00</auditDate><auditID>ADMIN</auditID><auditStatus>A</auditStatus></auditModel><sharedDropDownList><sharedDropDownValue><bdvSeqNbr>4957</bdvSeqNbr><servProvCode>BPTDEV</servProvCode><auditModel><auditDate>2009-10-20T11:21:29-06:00</auditDate><auditID>ADMIN</auditID><auditStatus>A</auditStatus></auditModel><bizdomain>BLD_FLOOD_ZONE</bizdomain><bizdomainValue>NAVD A - No Base Flood Elev. Determined</bizdomainValue><resId>14568</resId><sortOrder>0</sortOrder><standardChoiceValueI18NModels/></sharedDropDownValue><sharedDropDownValue><bdvSeqNbr>4958</bdvSeqNbr><servProvCode>BPTDEV</servProvCode><auditModel><auditDate>2009-10-20T11:21:29-06:00</auditDate><auditID>ADMIN</auditID><auditStatus>A</auditStatus></auditModel><bizdomain>BLD_FLOOD_ZONE</bizdomain><bizdomainValue>NAVD A99</bizdomainValue><resId>14569</resId><sortOrder>0</sortOrder><standardChoiceValueI18NModels/></sharedDropDownValue><sharedDropDownValue><bdvSeqNbr>4959</bdvSeqNbr><servProvCode>BPTDEV</servProvCode><auditModel><auditDate>2009-10-20T11:21:29-06:00</auditDate><auditID>ADMIN</auditID><auditStatus>A</auditStatus></auditModel><bizdomain>BLD_FLOOD_ZONE</bizdomain><bizdomainValue>NAVD AE - Base Flood Elev. Determined</bizdomainValue><resId>14570</resId><sortOrder>0</sortOrder><standardChoiceValueI18NModels/></sharedDropDownValue><sharedDropDownValue><bdvSeqNbr>4960</bdvSeqNbr><servProvCode>BPTDEV</servProvCode><auditModel><auditDate>2009-10-20T11:21:29-06:00</auditDate><auditID>ADMIN</auditID><auditStatus>A</auditStatus></auditModel><bizdomain>BLD_FLOOD_ZONE</bizdomain><bizdomainValue>NAVD AH</bizdomainValue><resId>14571</resId><sortOrder>0</sortOrder><standardChoiceValueI18NModels/></sharedDropDownValue><sharedDropDownValue><bdvSeqNbr>4961</bdvSeqNbr><servProvCode>BPTDEV</servProvCode><auditModel><auditDate>2009-10-20T11:21:29-06:00</auditDate><auditID>ADMIN</auditID><auditStatus>A</auditStatus></auditModel><bizdomain>BLD_FLOOD_ZONE</bizdomain><bizdomainValue>NAVD AO</bizdomainValue><resId>14572</resId><sortOrder>0</sortOrder><standardChoiceValueI18NModels/></sharedDropDownValue><sharedDropDownValue><bdvSeqNbr>4962</bdvSeqNbr><servProvCode>BPTDEV</servProvCode><auditModel><auditDate>2009-10-20T11:21:29-06:00</auditDate><auditID>ADMIN</auditID><auditStatus>A</auditStatus></auditModel><bizdomain>BLD_FLOOD_ZONE</bizdomain><bizdomainValue>NAVD D</bizdomainValue><resId>14573</resId><sortOrder>0</sortOrder><standardChoiceValueI18NModels/></sharedDropDownValue><sharedDropDownValue><bdvSeqNbr>4963</bdvSeqNbr><servProvCode>BPTDEV</servProvCode><auditModel><auditDate>2009-10-20T11:21:29-06:00</auditDate><auditID>ADMIN</auditID><auditStatus>A</auditStatus></auditModel><bizdomain>BLD_FLOOD_ZONE</bizdomain><bizdomainValue>NAVD VE Coastal Flooding, Velocity Wave; Elevation</bizdomainValue><resId>14574</resId><sortOrder>0</sortOrder><standardChoiceValueI18NModels/></sharedDropDownValue><sharedDropDownValue><bdvSeqNbr>4964</bdvSeqNbr><servProvCode>BPTDEV</servProvCode><auditModel><auditDate>2009-10-20T11:21:29-06:00</auditDate><auditID>ADMIN</auditID><auditStatus>A</auditStatus></auditModel><bizdomain>BLD_FLOOD_ZONE</bizdomain><bizdomainValue>NAVD X - Shaded - Outside 100 Yr Flood</bizdomainValue><resId>14575</resId><sortOrder>0</sortOrder><standardChoiceValueI18NModels/></sharedDropDownValue><sharedDropDownValue><bdvSeqNbr>4965</bdvSeqNbr><servProvCode>BPTDEV</servProvCode><auditModel><auditDate>2009-10-20T11:21:29-06:00</auditDate><auditID>ADMIN</auditID><auditStatus>A</auditStatus></auditModel><bizdomain>BLD_FLOOD_ZONE</bizdomain><bizdomainValue>NAVD X Unshaded - Outside 500 Yr Flood</bizdomainValue><resId>14576</resId><sortOrder>0</sortOrder><standardChoiceValueI18NModels/></sharedDropDownValue></sharedDropDownList><type>ShareDropDown</type></sharedDropDownListModel>
<sharedDropDownListModel><name>BLD_DEMO_POWER</name><serviceProviderCode>BPTDEV</serviceProviderCode><auditModel><auditDate>2013-03-31T17:59:24-06:00</auditDate><auditID>ADMIN</auditID><auditStatus>A</auditStatus></auditModel><description>Power connection type</description><sharedDropDownList><sharedDropDownValue><bdvSeqNbr>104592380</bdvSeqNbr><servProvCode>BPTDEV</servProvCode><auditModel><auditDate>2013-03-31T18:00:05-06:00</auditDate><auditID>ADMIN</auditID><auditStatus>A</auditStatus></auditModel><bizdomain>BLD_DEMO_POWER</bizdomain><bizdomainValue>Electricity</bizdomainValue><sortOrder>1</sortOrder><standardChoiceValueI18NModels/></sharedDropDownValue><sharedDropDownValue><bdvSeqNbr>104592381</bdvSeqNbr><servProvCode>BPTDEV</servProvCode><auditModel><auditDate>2013-03-31T18:00:05-06:00</auditDate><auditID>ADMIN</auditID><auditStatus>A</auditStatus></auditModel><bizdomain>BLD_DEMO_POWER</bizdomain><bizdomainValue>Electricity/Home Heating Oil</bizdomainValue><sortOrder>2</sortOrder><standardChoiceValueI18NModels/></sharedDropDownValue><sharedDropDownValue><bdvSeqNbr>104592382</bdvSeqNbr><servProvCode>BPTDEV</servProvCode><auditModel><auditDate>2013-03-31T18:00:23-06:00</auditDate><auditID>ADMIN</auditID><auditStatus>A</auditStatus></auditModel><bizdomain>BLD_DEMO_POWER</bizdomain><bizdomainValue>Electricity/Natural Gas</bizdomainValue><sortOrder>3</sortOrder><standardChoiceValueI18NModels/></sharedDropDownValue><sharedDropDownValue><bdvSeqNbr>104592383</bdvSeqNbr><servProvCode>BPTDEV</servProvCode><auditModel><auditDate>2013-03-31T18:00:39-06:00</auditDate><auditID>ADMIN</auditID><auditStatus>A</auditStatus></auditModel><bizdomain>BLD_DEMO_POWER</bizdomain><bizdomainValue>Electricity/Propane</bizdomainValue><sortOrder>4</sortOrder><standardChoiceValueI18NModels/></sharedDropDownValue><sharedDropDownValue><bdvSeqNbr>104592384</bdvSeqNbr><servProvCode>BPTDEV</servProvCode><auditModel><auditDate>2013-03-31T18:00:52-06:00</auditDate><auditID>ADMIN</auditID><auditStatus>A</auditStatus></auditModel><bizdomain>BLD_DEMO_POWER</bizdomain><bizdomainValue>Home Heating Oil</bizdomainValue><sortOrder>5</sortOrder><standardChoiceValueI18NModels/></sharedDropDownValue><sharedDropDownValue><bdvSeqNbr>104592385</bdvSeqNbr><servProvCode>BPTDEV</servProvCode><auditModel><auditDate>2013-03-31T18:01:05-06:00</auditDate><auditID>ADMIN</auditID><auditStatus>A</auditStatus></auditModel><bizdomain>BLD_DEMO_POWER</bizdomain><bizdomainValue>Natural Gas</bizdomainValue><sortOrder>6</sortOrder><standardChoiceValueI18NModels/></sharedDropDownValue><sharedDropDownValue><bdvSeqNbr>104592387</bdvSeqNbr><servProvCode>BPTDEV</servProvCode><auditModel><auditDate>2013-03-31T18:01:26-06:00</auditDate><auditID>ADMIN</auditID><auditStatus>A</auditStatus></auditModel><bizdomain>BLD_DEMO_POWER</bizdomain><bizdomainValue>No Connection</bizdomainValue><sortOrder>8</sortOrder><standardChoiceValueI18NModels/></sharedDropDownValue><sharedDropDownValue><bdvSeqNbr>104592386</bdvSeqNbr><servProvCode>BPTDEV</servProvCode><auditModel><auditDate>2013-03-31T18:01:15-06:00</auditDate><auditID>ADMIN</auditID><auditStatus>A</auditStatus></auditModel><bizdomain>BLD_DEMO_POWER</bizdomain><bizdomainValue>Propane</bizdomainValue><sortOrder>7</sortOrder><standardChoiceValueI18NModels/></sharedDropDownValue></sharedDropDownList><type>ShareDropDown</type></sharedDropDownListModel>
<sharedDropDownListModel><name>BLD_DEMO_REASON</name><serviceProviderCode>BPTDEV</serviceProviderCode><auditModel><auditDate>2013-03-31T17:52:09-06:00</auditDate><auditID>ADMIN</auditID><auditStatus>A</auditStatus></auditModel><description>Reason for demolition</description><sharedDropDownList><sharedDropDownValue><bdvSeqNbr>104592362</bdvSeqNbr><servProvCode>BPTDEV</servProvCode><auditModel><auditDate>2013-03-31T17:52:34-06:00</auditDate><auditID>ADMIN</auditID><auditStatus>A</auditStatus></auditModel><bizdomain>BLD_DEMO_REASON</bizdomain><bizdomainValue>Abandoned or Eliminated</bizdomainValue><sortOrder>0</sortOrder><standardChoiceValueI18NModels/></sharedDropDownValue><sharedDropDownValue><bdvSeqNbr>104592363</bdvSeqNbr><servProvCode>BPTDEV</servProvCode><auditModel><auditDate>2013-03-31T17:52:48-06:00</auditDate><auditID>ADMIN</auditID><auditStatus>A</auditStatus></auditModel><bizdomain>BLD_DEMO_REASON</bizdomain><bizdomainValue>Building New Replacement Structure</bizdomainValue><sortOrder>0</sortOrder><standardChoiceValueI18NModels/></sharedDropDownValue><sharedDropDownValue><bdvSeqNbr>104592364</bdvSeqNbr><servProvCode>BPTDEV</servProvCode><auditModel><auditDate>2013-03-31T17:52:59-06:00</auditDate><auditID>ADMIN</auditID><auditStatus>A</auditStatus></auditModel><bizdomain>BLD_DEMO_REASON</bizdomain><bizdomainValue>Dangerous Building</bizdomainValue><sortOrder>0</sortOrder><standardChoiceValueI18NModels/></sharedDropDownValue><sharedDropDownValue><bdvSeqNbr>104592365</bdvSeqNbr><servProvCode>BPTDEV</servProvCode><auditModel><auditDate>2013-03-31T17:53:06-06:00</auditDate><auditID>ADMIN</auditID><auditStatus>A</auditStatus></auditModel><bizdomain>BLD_DEMO_REASON</bizdomain><bizdomainValue>Dry Rot</bizdomainValue><sortOrder>0</sortOrder><standardChoiceValueI18NModels/></sharedDropDownValue><sharedDropDownValue><bdvSeqNbr>104592366</bdvSeqNbr><servProvCode>BPTDEV</servProvCode><auditModel><auditDate>2013-03-31T17:53:13-06:00</auditDate><auditID>ADMIN</auditID><auditStatus>A</auditStatus></auditModel><bizdomain>BLD_DEMO_REASON</bizdomain><bizdomainValue>Fire</bizdomainValue><sortOrder>0</sortOrder><standardChoiceValueI18NModels/></sharedDropDownValue><sharedDropDownValue><bdvSeqNbr>104592367</bdvSeqNbr><servProvCode>BPTDEV</servProvCode><auditModel><auditDate>2013-03-31T17:53:23-06:00</auditDate><auditID>ADMIN</auditID><auditStatus>A</auditStatus></auditModel><bizdomain>BLD_DEMO_REASON</bizdomain><bizdomainValue>Future Remodel</bizdomainValue><sortOrder>0</sortOrder><standardChoiceValueI18NModels/></sharedDropDownValue><sharedDropDownValue><bdvSeqNbr>104592368</bdvSeqNbr><servProvCode>BPTDEV</servProvCode><auditModel><auditDate>2013-03-31T17:53:32-06:00</auditDate><auditID>ADMIN</auditID><auditStatus>A</auditStatus></auditModel><bizdomain>BLD_DEMO_REASON</bizdomain><bizdomainValue>Interior Only</bizdomainValue><sortOrder>0</sortOrder><standardChoiceValueI18NModels/></sharedDropDownValue><sharedDropDownValue><bdvSeqNbr>104592369</bdvSeqNbr><servProvCode>BPTDEV</servProvCode><auditModel><auditDate>2013-03-31T17:53:51-06:00</auditDate><auditID>ADMIN</auditID><auditStatus>A</auditStatus></auditModel><bizdomain>BLD_DEMO_REASON</bizdomain><bizdomainValue>No Longer Needed or Used</bizdomainValue><sortOrder>0</sortOrder><standardChoiceValueI18NModels/></sharedDropDownValue><sharedDropDownValue><bdvSeqNbr>104592370</bdvSeqNbr><servProvCode>BPTDEV</servProvCode><auditModel><auditDate>2013-03-31T17:54:01-06:00</auditDate><auditID>ADMIN</auditID><auditStatus>A</auditStatus></auditModel><bizdomain>BLD_DEMO_REASON</bizdomain><bizdomainValue>Other</bizdomainValue><sortOrder>0</sortOrder><standardChoiceValueI18NModels/></sharedDropDownValue><sharedDropDownValue><bdvSeqNbr>104592371</bdvSeqNbr><servProvCode>BPTDEV</servProvCode><auditModel><auditDate>2013-03-31T17:54:14-06:00</auditDate><auditID>ADMIN</auditID><auditStatus>A</auditStatus></auditModel><bizdomain>BLD_DEMO_REASON</bizdomain><bizdomainValue>Required by Code Enforcement</bizdomainValue><sortOrder>0</sortOrder><standardChoiceValueI18NModels/></sharedDropDownValue><sharedDropDownValue><bdvSeqNbr>104592372</bdvSeqNbr><servProvCode>BPTDEV</servProvCode><auditModel><auditDate>2013-03-31T17:54:35-06:00</auditDate><auditID>ADMIN</auditID><auditStatus>A</auditStatus></auditModel><bizdomain>BLD_DEMO_REASON</bizdomain><bizdomainValue>Substandard/Hazardous</bizdomainValue><sortOrder>0</sortOrder><standardChoiceValueI18NModels/></sharedDropDownValue></sharedDropDownList><type>ShareDropDown</type></sharedDropDownListModel>
<sharedDropDownListModel><name>BLD_DEMO_WASTE_WTR</name><serviceProviderCode>BPTDEV</serviceProviderCode><auditModel><auditDate>2013-03-31T17:56:35-06:00</auditDate><auditID>ADMIN</auditID><auditStatus>A</auditStatus></auditModel><description>Waste water connection type</description><sharedDropDownList><sharedDropDownValue><bdvSeqNbr>104592373</bdvSeqNbr><servProvCode>BPTDEV</servProvCode><auditModel><auditDate>2013-03-31T17:57:19-06:00</auditDate><auditID>ADMIN</auditID><auditStatus>A</auditStatus></auditModel><bizdomain>BLD_DEMO_WASTE_WTR</bizdomain><bizdomainValue>City Sewer</bizdomainValue><sortOrder>1</sortOrder><standardChoiceValueI18NModels/></sharedDropDownValue><sharedDropDownValue><bdvSeqNbr>104592375</bdvSeqNbr><servProvCode>BPTDEV</servProvCode><auditModel><auditDate>2013-03-31T17:57:19-06:00</auditDate><auditID>ADMIN</auditID><auditStatus>A</auditStatus></auditModel><bizdomain>BLD_DEMO_WASTE_WTR</bizdomain><bizdomainValue>No Connection</bizdomainValue><sortOrder>3</sortOrder><standardChoiceValueI18NModels/></sharedDropDownValue><sharedDropDownValue><bdvSeqNbr>104592374</bdvSeqNbr><servProvCode>BPTDEV</servProvCode><auditModel><auditDate>2013-03-31T17:57:19-06:00</auditDate><auditID>ADMIN</auditID><auditStatus>A</auditStatus></auditModel><bizdomain>BLD_DEMO_WASTE_WTR</bizdomain><bizdomainValue>Septic System</bizdomainValue><sortOrder>2</sortOrder><standardChoiceValueI18NModels/></sharedDropDownValue></sharedDropDownList><type>ShareDropDown</type></sharedDropDownListModel>
<sharedDropDownListModel><name>BLD_DEMO_WATER</name><serviceProviderCode>BPTDEV</serviceProviderCode><auditModel><auditDate>2013-03-31T17:57:48-06:00</auditDate><auditID>ADMIN</auditID><auditStatus>A</auditStatus></auditModel><description>Water connection type</description><sharedDropDownList><sharedDropDownValue><bdvSeqNbr>104592376</bdvSeqNbr><servProvCode>BPTDEV</servProvCode><auditModel><auditDate>2013-03-31T17:58:34-06:00</auditDate><auditID>ADMIN</auditID><auditStatus>A</auditStatus></auditModel><bizdomain>BLD_DEMO_WATER</bizdomain><bizdomainValue>City Water</bizdomainValue><sortOrder>1</sortOrder><standardChoiceValueI18NModels/></sharedDropDownValue><sharedDropDownValue><bdvSeqNbr>104592377</bdvSeqNbr><servProvCode>BPTDEV</servProvCode><auditModel><auditDate>2013-03-31T17:58:34-06:00</auditDate><auditID>ADMIN</auditID><auditStatus>A</auditStatus></auditModel><bizdomain>BLD_DEMO_WATER</bizdomain><bizdomainValue>City Water/Well</bizdomainValue><sortOrder>2</sortOrder><standardChoiceValueI18NModels/></sharedDropDownValue><sharedDropDownValue><bdvSeqNbr>104592379</bdvSeqNbr><servProvCode>BPTDEV</servProvCode><auditModel><auditDate>2013-03-31T17:58:45-06:00</auditDate><auditID>ADMIN</auditID><auditStatus>A</auditStatus></auditModel><bizdomain>BLD_DEMO_WATER</bizdomain><bizdomainValue>No Connection</bizdomainValue><sortOrder>4</sortOrder><standardChoiceValueI18NModels/></sharedDropDownValue><sharedDropDownValue><bdvSeqNbr>104592378</bdvSeqNbr><servProvCode>BPTDEV</servProvCode><auditModel><auditDate>2013-03-31T17:58:34-06:00</auditDate><auditID>ADMIN</auditID><auditStatus>A</auditStatus></auditModel><bizdomain>BLD_DEMO_WATER</bizdomain><bizdomainValue>Well</bizdomainValue><sortOrder>3</sortOrder><standardChoiceValueI18NModels/></sharedDropDownValue></sharedDropDownList><type>ShareDropDown</type></sharedDropDownListModel>
<sharedDropDownListModel><name>BLD_TRADE_USE</name><serviceProviderCode>BPTDEV</serviceProviderCode><auditModel><auditDate>2013-06-18T12:07:10-06:00</auditDate><auditID>ADMIN</auditID><auditStatus>A</auditStatus></auditModel><description>Use type for electrical, mechanical and plumbing permits</description><sharedDropDownList><sharedDropDownValue><bdvSeqNbr>104592631</bdvSeqNbr><servProvCode>BPTDEV</servProvCode><auditModel><auditDate>2013-06-18T12:08:16-06:00</auditDate><auditID>ADMIN</auditID><auditStatus>A</auditStatus></auditModel><bizdomain>BLD_TRADE_USE</bizdomain><bizdomainValue>1 - 2 Family Dwelling</bizdomainValue><sortOrder>10</sortOrder><standardChoiceValueI18NModels/></sharedDropDownValue><sharedDropDownValue><bdvSeqNbr>104592634</bdvSeqNbr><servProvCode>BPTDEV</servProvCode><auditModel><auditDate>2013-06-18T12:09:10-06:00</auditDate><auditID>ADMIN</auditID><auditStatus>A</auditStatus></auditModel><bizdomain>BLD_TRADE_USE</bizdomain><bizdomainValue>Accessory Building</bizdomainValue><sortOrder>40</sortOrder><standardChoiceValueI18NModels/></sharedDropDownValue><sharedDropDownValue><bdvSeqNbr>104592633</bdvSeqNbr><servProvCode>BPTDEV</servProvCode><auditModel><auditDate>2013-06-18T12:08:54-06:00</auditDate><auditID>ADMIN</auditID><auditStatus>A</auditStatus></auditModel><bizdomain>BLD_TRADE_USE</bizdomain><bizdomainValue>Commercial/Industrial</bizdomainValue><sortOrder>30</sortOrder><standardChoiceValueI18NModels/></sharedDropDownValue><sharedDropDownValue><bdvSeqNbr>104592632</bdvSeqNbr><servProvCode>BPTDEV</servProvCode><auditModel><auditDate>2013-06-18T12:08:35-06:00</auditDate><auditID>ADMIN</auditID><auditStatus>A</auditStatus></auditModel><bizdomain>BLD_TRADE_USE</bizdomain><bizdomainValue>Multi-Family Dwelling</bizdomainValue><sortOrder>20</sortOrder><standardChoiceValueI18NModels/></sharedDropDownValue><sharedDropDownValue><bdvSeqNbr>104592635</bdvSeqNbr><servProvCode>BPTDEV</servProvCode><auditModel><auditDate>2013-06-18T12:09:22-06:00</auditDate><auditID>ADMIN</auditID><auditStatus>A</auditStatus></auditModel><bizdomain>BLD_TRADE_USE</bizdomain><bizdomainValue>Other</bizdomainValue><sortOrder>50</sortOrder><standardChoiceValueI18NModels/></sharedDropDownValue></sharedDropDownList><type>ShareDropDown</type></sharedDropDownListModel>
<sharedDropDownListModel><name>BLD_JOB_TYPE</name><serviceProviderCode>BPTDEV</serviceProviderCode><auditModel><auditDate>2011-11-03T12:12:20-06:00</auditDate><auditID>ADOTTAVIO</auditID><auditStatus>A</auditStatus></auditModel><description>New, Alteration, Addition</description><sharedDropDownList><sharedDropDownValue><bdvSeqNbr>5414</bdvSeqNbr><servProvCode>BPTDEV</servProvCode><auditModel><auditDate>2011-11-03T00:00:00-06:00</auditDate><auditID>ADOTTAVIO</auditID><auditStatus>A</auditStatus></auditModel><bizdomain>BLD_JOB_TYPE</bizdomain><bizdomainValue>Addition</bizdomainValue><sortOrder>10</sortOrder><standardChoiceValueI18NModels/></sharedDropDownValue><sharedDropDownValue><bdvSeqNbr>5415</bdvSeqNbr><servProvCode>BPTDEV</servProvCode><auditModel><auditDate>2011-11-03T00:00:00-06:00</auditDate><auditID>ADOTTAVIO</auditID><auditStatus>A</auditStatus></auditModel><bizdomain>BLD_JOB_TYPE</bizdomain><bizdomainValue>Alteration</bizdomainValue><sortOrder>20</sortOrder><standardChoiceValueI18NModels/></sharedDropDownValue><sharedDropDownValue><bdvSeqNbr>5416</bdvSeqNbr><servProvCode>BPTDEV</servProvCode><auditModel><auditDate>2011-11-03T00:00:00-06:00</auditDate><auditID>ADOTTAVIO</auditID><auditStatus>A</auditStatus></auditModel><bizdomain>BLD_JOB_TYPE</bizdomain><bizdomainValue>New</bizdomainValue><sortOrder>30</sortOrder><standardChoiceValueI18NModels/></sharedDropDownValue></sharedDropDownList><type>ShareDropDown</type></sharedDropDownListModel>
<sharedDropDownListModel><name>BLD_REROOF_CLASS</name><serviceProviderCode>BPTDEV</serviceProviderCode><auditModel><auditDate>2013-03-27T09:05:22-06:00</auditDate><auditID>ADMIN</auditID><auditStatus>A</auditStatus></auditModel><description>Re-roof fire classification</description><sharedDropDownList><sharedDropDownValue><bdvSeqNbr>104592343</bdvSeqNbr><servProvCode>BPTDEV</servProvCode><auditModel><auditDate>2013-03-27T09:05:38-06:00</auditDate><auditID>ADMIN</auditID><auditStatus>A</auditStatus></auditModel><bizdomain>BLD_REROOF_CLASS</bizdomain><bizdomainValue>A</bizdomainValue><sortOrder>0</sortOrder><standardChoiceValueI18NModels/></sharedDropDownValue><sharedDropDownValue><bdvSeqNbr>104592344</bdvSeqNbr><servProvCode>BPTDEV</servProvCode><auditModel><auditDate>2013-03-27T09:05:43-06:00</auditDate><auditID>ADMIN</auditID><auditStatus>A</auditStatus></auditModel><bizdomain>BLD_REROOF_CLASS</bizdomain><bizdomainValue>B</bizdomainValue><sortOrder>0</sortOrder><standardChoiceValueI18NModels/></sharedDropDownValue><sharedDropDownValue><bdvSeqNbr>104592345</bdvSeqNbr><servProvCode>BPTDEV</servProvCode><auditModel><auditDate>2013-03-27T09:05:49-06:00</auditDate><auditID>ADMIN</auditID><auditStatus>A</auditStatus></auditModel><bizdomain>BLD_REROOF_CLASS</bizdomain><bizdomainValue>C</bizdomainValue><sortOrder>0</sortOrder><standardChoiceValueI18NModels/></sharedDropDownValue></sharedDropDownList><type>ShareDropDown</type></sharedDropDownListModel>
<sharedDropDownListModel><name>BLD_FENCE_MATERIAL</name><serviceProviderCode>BPTDEV</serviceProviderCode><auditModel><auditDate>2014-06-10T10:43:09-06:00</auditDate><auditID>ADMIN</auditID><auditStatus>A</auditStatus></auditModel><description>Fence material for fence permit</description><sharedDropDownList><sharedDropDownValue><bdvSeqNbr>4948</bdvSeqNbr><servProvCode>BPTDEV</servProvCode><auditModel><auditDate>2014-05-20T10:08:50-06:00</auditDate><auditID>ADMIN</auditID><auditStatus>A</auditStatus></auditModel><bizdomain>BLD_FENCE_MATERIAL</bizdomain><bizdomainValue>Aluminum</bizdomainValue><resId>14559</resId><sortOrder>10</sortOrder><standardChoiceValueI18NModels/></sharedDropDownValue><sharedDropDownValue><bdvSeqNbr>104594857</bdvSeqNbr><servProvCode>BPTDEV</servProvCode><auditModel><auditDate>2014-05-20T10:08:50-06:00</auditDate><auditID>ADMIN</auditID><auditStatus>A</auditStatus></auditModel><bizdomain>BLD_FENCE_MATERIAL</bizdomain><bizdomainValue>Brick</bizdomainValue><sortOrder>20</sortOrder><standardChoiceValueI18NModels/></sharedDropDownValue><sharedDropDownValue><bdvSeqNbr>4949</bdvSeqNbr><servProvCode>BPTDEV</servProvCode><auditModel><auditDate>2014-05-20T10:08:50-06:00</auditDate><auditID>ADMIN</auditID><auditStatus>A</auditStatus></auditModel><bizdomain>BLD_FENCE_MATERIAL</bizdomain><bizdomainValue>Chain Link</bizdomainValue><resId>14560</resId><sortOrder>30</sortOrder><standardChoiceValueI18NModels/></sharedDropDownValue><sharedDropDownValue><bdvSeqNbr>4950</bdvSeqNbr><servProvCode>BPTDEV</servProvCode><auditModel><auditDate>2014-05-20T10:08:50-06:00</auditDate><auditID>ADMIN</auditID><auditStatus>A</auditStatus></auditModel><bizdomain>BLD_FENCE_MATERIAL</bizdomain><bizdomainValue>Concrete</bizdomainValue><resId>14561</resId><sortOrder>40</sortOrder><standardChoiceValueI18NModels/></sharedDropDownValue><sharedDropDownValue><bdvSeqNbr>4951</bdvSeqNbr><servProvCode>BPTDEV</servProvCode><auditModel><auditDate>2014-05-20T10:08:50-06:00</auditDate><auditID>ADMIN</auditID><auditStatus>A</auditStatus></auditModel><bizdomain>BLD_FENCE_MATERIAL</bizdomain><bizdomainValue>Concrete Block</bizdomainValue><resId>14562</resId><sortOrder>50</sortOrder><standardChoiceValueI18NModels/></sharedDropDownValue><sharedDropDownValue><bdvSeqNbr>104594858</bdvSeqNbr><servProvCode>BPTDEV</servProvCode><auditModel><auditDate>2014-05-20T10:08:50-06:00</auditDate><auditID>ADMIN</auditID><auditStatus>A</auditStatus></auditModel><bizdomain>BLD_FENCE_MATERIAL</bizdomain><bizdomainValue>Other</bizdomainValue><sortOrder>100</sortOrder><standardChoiceValueI18NModels/></sharedDropDownValue><sharedDropDownValue><bdvSeqNbr>4953</bdvSeqNbr><servProvCode>BPTDEV</servProvCode><auditModel><auditDate>2014-05-20T10:08:50-06:00</auditDate><auditID>ADMIN</auditID><auditStatus>A</auditStatus></auditModel><bizdomain>BLD_FENCE_MATERIAL</bizdomain><bizdomainValue>PVC Vinyl Fencing</bizdomainValue><resId>14564</resId><sortOrder>60</sortOrder><standardChoiceValueI18NModels/></sharedDropDownValue><sharedDropDownValue><bdvSeqNbr>4954</bdvSeqNbr><servProvCode>BPTDEV</servProvCode><auditModel><auditDate>2014-05-20T10:08:50-06:00</auditDate><auditID>ADMIN</auditID><auditStatus>A</auditStatus></auditModel><bizdomain>BLD_FENCE_MATERIAL</bizdomain><bizdomainValue>Rock</bizdomainValue><resId>14565</resId><sortOrder>70</sortOrder><standardChoiceValueI18NModels/></sharedDropDownValue><sharedDropDownValue><bdvSeqNbr>4956</bdvSeqNbr><servProvCode>BPTDEV</servProvCode><auditModel><auditDate>2014-05-20T10:08:50-06:00</auditDate><auditID>ADMIN</auditID><auditStatus>A</auditStatus></auditModel><bizdomain>BLD_FENCE_MATERIAL</bizdomain><bizdomainValue>Wood</bizdomainValue><resId>14567</resId><sortOrder>80</sortOrder><standardChoiceValueI18NModels/></sharedDropDownValue><sharedDropDownValue><bdvSeqNbr>104594856</bdvSeqNbr><servProvCode>BPTDEV</servProvCode><auditModel><auditDate>2014-05-20T10:08:50-06:00</auditDate><auditID>ADMIN</auditID><auditStatus>A</auditStatus></auditModel><bizdomain>BLD_FENCE_MATERIAL</bizdomain><bizdomainValue>Wrought Iron</bizdomainValue><sortOrder>90</sortOrder><standardChoiceValueI18NModels/></sharedDropDownValue></sharedDropDownList><type>ShareDropDown</type></sharedDropDownListModel>
<sharedDropDownListModel><name>BLD_FENCE_TYPE</name><serviceProviderCode>BPTDEV</serviceProviderCode><auditModel><auditDate>2014-06-10T10:40:30-06:00</auditDate><auditID>ADMIN</auditID><auditStatus>A</auditStatus></auditModel><description>Type of fence for fence permit</description><sharedDropDownList><sharedDropDownValue><bdvSeqNbr>104595083</bdvSeqNbr><servProvCode>BPTDEV</servProvCode><auditModel><auditDate>2014-06-10T10:41:08-06:00</auditDate><auditID>ADMIN</auditID><auditStatus>A</auditStatus></auditModel><bizdomain>BLD_FENCE_TYPE</bizdomain><bizdomainValue>Lattice</bizdomainValue><sortOrder>10</sortOrder><standardChoiceValueI18NModels/></sharedDropDownValue><sharedDropDownValue><bdvSeqNbr>104595084</bdvSeqNbr><servProvCode>BPTDEV</servProvCode><auditModel><auditDate>2014-06-10T10:41:25-06:00</auditDate><auditID>ADMIN</auditID><auditStatus>A</auditStatus></auditModel><bizdomain>BLD_FENCE_TYPE</bizdomain><bizdomainValue>Open</bizdomainValue><sortOrder>20</sortOrder><standardChoiceValueI18NModels/></sharedDropDownValue><sharedDropDownValue><bdvSeqNbr>104595088</bdvSeqNbr><servProvCode>BPTDEV</servProvCode><auditModel><auditDate>2014-06-10T10:42:29-06:00</auditDate><auditID>ADMIN</auditID><auditStatus>A</auditStatus></auditModel><bizdomain>BLD_FENCE_TYPE</bizdomain><bizdomainValue>Other</bizdomainValue><sortOrder>60</sortOrder><standardChoiceValueI18NModels/></sharedDropDownValue><sharedDropDownValue><bdvSeqNbr>104595085</bdvSeqNbr><servProvCode>BPTDEV</servProvCode><auditModel><auditDate>2014-06-10T10:41:42-06:00</auditDate><auditID>ADMIN</auditID><auditStatus>A</auditStatus></auditModel><bizdomain>BLD_FENCE_TYPE</bizdomain><bizdomainValue>Picket</bizdomainValue><sortOrder>30</sortOrder><standardChoiceValueI18NModels/></sharedDropDownValue><sharedDropDownValue><bdvSeqNbr>104595086</bdvSeqNbr><servProvCode>BPTDEV</servProvCode><auditModel><auditDate>2014-06-10T10:41:55-06:00</auditDate><auditID>ADMIN</auditID><auditStatus>A</auditStatus></auditModel><bizdomain>BLD_FENCE_TYPE</bizdomain><bizdomainValue>Solid</bizdomainValue><sortOrder>40</sortOrder><standardChoiceValueI18NModels/></sharedDropDownValue><sharedDropDownValue><bdvSeqNbr>104595087</bdvSeqNbr><servProvCode>BPTDEV</servProvCode><auditModel><auditDate>2014-06-10T10:42:16-06:00</auditDate><auditID>ADMIN</auditID><auditStatus>A</auditStatus></auditModel><bizdomain>BLD_FENCE_TYPE</bizdomain><bizdomainValue>Stockade</bizdomainValue><sortOrder>50</sortOrder><standardChoiceValueI18NModels/></sharedDropDownValue></sharedDropDownList><type>ShareDropDown</type></sharedDropDownListModel>
<sharedDropDownListModel><name>BLD_FENCE_JOB_TYPE</name><serviceProviderCode>BPTDEV</serviceProviderCode><auditModel><auditDate>2014-06-10T10:39:21-06:00</auditDate><auditID>ADMIN</auditID><auditStatus>A</auditStatus></auditModel><description>Type of job for fence permits</description><sharedDropDownList><sharedDropDownValue><bdvSeqNbr>104595081</bdvSeqNbr><servProvCode>BPTDEV</servProvCode><auditModel><auditDate>2014-06-10T10:39:41-06:00</auditDate><auditID>ADMIN</auditID><auditStatus>A</auditStatus></auditModel><bizdomain>BLD_FENCE_JOB_TYPE</bizdomain><bizdomainValue>New</bizdomainValue><sortOrder>10</sortOrder><standardChoiceValueI18NModels/></sharedDropDownValue><sharedDropDownValue><bdvSeqNbr>104595082</bdvSeqNbr><servProvCode>BPTDEV</servProvCode><auditModel><auditDate>2014-06-10T10:39:56-06:00</auditDate><auditID>ADMIN</auditID><auditStatus>A</auditStatus></auditModel><bizdomain>BLD_FENCE_JOB_TYPE</bizdomain><bizdomainValue>Replace Existing</bizdomainValue><sortOrder>20</sortOrder><standardChoiceValueI18NModels/></sharedDropDownValue></sharedDropDownList><type>ShareDropDown</type></sharedDropDownListModel>
<sharedDropDownListModel><name>BLD_GRADING_PROJECT</name><serviceProviderCode>BPTDEV</serviceProviderCode><auditModel><auditDate>2013-03-27T13:55:36-06:00</auditDate><auditID>ADMIN</auditID><auditStatus>A</auditStatus></auditModel><description>Grading Permit project type</description><sharedDropDownList><sharedDropDownValue><bdvSeqNbr>104592348</bdvSeqNbr><servProvCode>BPTDEV</servProvCode><auditModel><auditDate>2013-03-27T13:56:41-06:00</auditDate><auditID>ADMIN</auditID><auditStatus>A</auditStatus></auditModel><bizdomain>BLD_GRADING_PROJECT</bizdomain><bizdomainValue>Commercial</bizdomainValue><sortOrder>3</sortOrder><standardChoiceValueI18NModels/></sharedDropDownValue><sharedDropDownValue><bdvSeqNbr>104592347</bdvSeqNbr><servProvCode>BPTDEV</servProvCode><auditModel><auditDate>2013-03-27T13:56:41-06:00</auditDate><auditID>ADMIN</auditID><auditStatus>A</auditStatus></auditModel><bizdomain>BLD_GRADING_PROJECT</bizdomain><bizdomainValue>Multi-Family Home</bizdomainValue><sortOrder>2</sortOrder><standardChoiceValueI18NModels/></sharedDropDownValue><sharedDropDownValue><bdvSeqNbr>104592346</bdvSeqNbr><servProvCode>BPTDEV</servProvCode><auditModel><auditDate>2013-03-27T13:56:41-06:00</auditDate><auditID>ADMIN</auditID><auditStatus>A</auditStatus></auditModel><bizdomain>BLD_GRADING_PROJECT</bizdomain><bizdomainValue>Single Family Home</bizdomainValue><sortOrder>1</sortOrder><standardChoiceValueI18NModels/></sharedDropDownValue></sharedDropDownList><type>ShareDropDown</type></sharedDropDownListModel>
<sharedDropDownListModel><name>BLD_POOL_HEATER</name><serviceProviderCode>BPTDEV</serviceProviderCode><auditModel><auditDate>2013-04-01T16:15:25-06:00</auditDate><auditID>ADMIN</auditID><auditStatus>A</auditStatus></auditModel><description>Pool heater type</description><sharedDropDownList><sharedDropDownValue><bdvSeqNbr>104592390</bdvSeqNbr><servProvCode>BPTDEV</servProvCode><auditModel><auditDate>2013-04-01T16:16:08-06:00</auditDate><auditID>ADMIN</auditID><auditStatus>A</auditStatus></auditModel><bizdomain>BLD_POOL_HEATER</bizdomain><bizdomainValue>Electric</bizdomainValue><sortOrder>1</sortOrder><standardChoiceValueI18NModels/></sharedDropDownValue><sharedDropDownValue><bdvSeqNbr>104592391</bdvSeqNbr><servProvCode>BPTDEV</servProvCode><auditModel><auditDate>2013-04-01T16:16:08-06:00</auditDate><auditID>ADMIN</auditID><auditStatus>A</auditStatus></auditModel><bizdomain>BLD_POOL_HEATER</bizdomain><bizdomainValue>Gas</bizdomainValue><sortOrder>2</sortOrder><standardChoiceValueI18NModels/></sharedDropDownValue><sharedDropDownValue><bdvSeqNbr>104592392</bdvSeqNbr><servProvCode>BPTDEV</servProvCode><auditModel><auditDate>2013-04-01T16:16:08-06:00</auditDate><auditID>ADMIN</auditID><auditStatus>A</auditStatus></auditModel><bizdomain>BLD_POOL_HEATER</bizdomain><bizdomainValue>LPG</bizdomainValue><sortOrder>3</sortOrder><standardChoiceValueI18NModels/></sharedDropDownValue></sharedDropDownList><type>ShareDropDown</type></sharedDropDownListModel>
<sharedDropDownListModel><name>BLD_POOL_TYPE</name><serviceProviderCode>BPTDEV</serviceProviderCode><auditModel><auditDate>2011-11-03T14:39:18-06:00</auditDate><auditID>ADOTTAVIO</auditID><auditStatus>A</auditStatus></auditModel><sharedDropDownList><sharedDropDownValue><bdvSeqNbr>5423</bdvSeqNbr><servProvCode>BPTDEV</servProvCode><auditModel><auditDate>2011-11-03T14:41:06-06:00</auditDate><auditID>ADOTTAVIO</auditID><auditStatus>A</auditStatus></auditModel><bizdomain>BLD_POOL_TYPE</bizdomain><bizdomainValue>Above Ground</bizdomainValue><sortOrder>10</sortOrder><standardChoiceValueI18NModels/></sharedDropDownValue><sharedDropDownValue><bdvSeqNbr>5424</bdvSeqNbr><servProvCode>BPTDEV</servProvCode><auditModel><auditDate>2011-11-03T14:41:15-06:00</auditDate><auditID>ADOTTAVIO</auditID><auditStatus>A</auditStatus></auditModel><bizdomain>BLD_POOL_TYPE</bizdomain><bizdomainValue>Concrete</bizdomainValue><sortOrder>20</sortOrder><standardChoiceValueI18NModels/></sharedDropDownValue><sharedDropDownValue><bdvSeqNbr>5425</bdvSeqNbr><servProvCode>BPTDEV</servProvCode><auditModel><auditDate>2011-11-03T14:41:25-06:00</auditDate><auditID>ADOTTAVIO</auditID><auditStatus>A</auditStatus></auditModel><bizdomain>BLD_POOL_TYPE</bizdomain><bizdomainValue>Fiberglass</bizdomainValue><sortOrder>30</sortOrder><standardChoiceValueI18NModels/></sharedDropDownValue><sharedDropDownValue><bdvSeqNbr>5426</bdvSeqNbr><servProvCode>BPTDEV</servProvCode><auditModel><auditDate>2011-11-03T14:41:34-06:00</auditDate><auditID>ADOTTAVIO</auditID><auditStatus>A</auditStatus></auditModel><bizdomain>BLD_POOL_TYPE</bizdomain><bizdomainValue>Other</bizdomainValue><sortOrder>40</sortOrder><standardChoiceValueI18NModels/></sharedDropDownValue></sharedDropDownList><type>ShareDropDown</type></sharedDropDownListModel>
<sharedDropDownListModel><name>BLD_ROW_CLOSURE</name><serviceProviderCode>BPTDEV</serviceProviderCode><auditModel><auditDate>2014-11-17T02:32:14-07:00</auditDate><auditID>ADMIN</auditID><auditStatus>A</auditStatus></auditModel><sharedDropDownList><sharedDropDownValue><bdvSeqNbr>105005637</bdvSeqNbr><servProvCode>BPTDEV</servProvCode><auditModel><auditDate>2014-11-17T02:32:34-07:00</auditDate><auditID>ADMIN</auditID><auditStatus>A</auditStatus></auditModel><bizdomain>BLD_ROW_CLOSURE</bizdomain><bizdomainValue>Partial</bizdomainValue><sortOrder>20</sortOrder><standardChoiceValueI18NModels/></sharedDropDownValue><sharedDropDownValue><bdvSeqNbr>105005636</bdvSeqNbr><servProvCode>BPTDEV</servProvCode><auditModel><auditDate>2014-11-17T02:32:25-07:00</auditDate><auditID>ADMIN</auditID><auditStatus>A</auditStatus></auditModel><bizdomain>BLD_ROW_CLOSURE</bizdomain><bizdomainValue>Total</bizdomainValue><sortOrder>10</sortOrder><standardChoiceValueI18NModels/></sharedDropDownValue></sharedDropDownList><type>ShareDropDown</type></sharedDropDownListModel>
<sharedDropDownListModel><name>BLD_ROW_USE_TYPE</name><serviceProviderCode>BPTDEV</serviceProviderCode><auditModel><auditDate>2014-11-17T02:31:06-07:00</auditDate><auditID>ADMIN</auditID><auditStatus>A</auditStatus></auditModel><sharedDropDownList><sharedDropDownValue><bdvSeqNbr>105005641</bdvSeqNbr><servProvCode>BPTDEV</servProvCode><auditModel><auditDate>2014-11-17T02:31:55-07:00</auditDate><auditID>ADMIN</auditID><auditStatus>A</auditStatus></auditModel><bizdomain>BLD_ROW_USE_TYPE</bizdomain><bizdomainValue>Driveway</bizdomainValue><sortOrder>40</sortOrder><standardChoiceValueI18NModels/></sharedDropDownValue><sharedDropDownValue><bdvSeqNbr>105005639</bdvSeqNbr><servProvCode>BPTDEV</servProvCode><auditModel><auditDate>2014-11-17T02:31:36-07:00</auditDate><auditID>ADMIN</auditID><auditStatus>A</auditStatus></auditModel><bizdomain>BLD_ROW_USE_TYPE</bizdomain><bizdomainValue>Excavation/Opening</bizdomainValue><sortOrder>20</sortOrder><standardChoiceValueI18NModels/></sharedDropDownValue><sharedDropDownValue><bdvSeqNbr>105005638</bdvSeqNbr><servProvCode>BPTDEV</servProvCode><auditModel><auditDate>2014-11-17T02:31:19-07:00</auditDate><auditID>ADMIN</auditID><auditStatus>A</auditStatus></auditModel><bizdomain>BLD_ROW_USE_TYPE</bizdomain><bizdomainValue>Obstruction</bizdomainValue><sortOrder>10</sortOrder><standardChoiceValueI18NModels/></sharedDropDownValue><sharedDropDownValue><bdvSeqNbr>105005640</bdvSeqNbr><servProvCode>BPTDEV</servProvCode><auditModel><auditDate>2014-11-17T02:31:45-07:00</auditDate><auditID>ADMIN</auditID><auditStatus>A</auditStatus></auditModel><bizdomain>BLD_ROW_USE_TYPE</bizdomain><bizdomainValue>Utility</bizdomainValue><sortOrder>30</sortOrder><standardChoiceValueI18NModels/></sharedDropDownValue></sharedDropDownList><type>ShareDropDown</type></sharedDropDownListModel>
<sharedDropDownListModel><name>BLD_SIGN_PERMIT_TYPE</name><serviceProviderCode>BPTDEV</serviceProviderCode><auditModel><auditDate>2011-11-02T17:55:21-06:00</auditDate><auditID>ADMIN</auditID><auditStatus>A</auditStatus></auditModel><sharedDropDownList><sharedDropDownValue><bdvSeqNbr>5396</bdvSeqNbr><servProvCode>BPTDEV</servProvCode><auditModel><auditDate>2011-11-02T00:00:00-06:00</auditDate><auditID>ADMIN</auditID><auditStatus>A</auditStatus></auditModel><bizdomain>BLD_SIGN_PERMIT_TYPE</bizdomain><bizdomainValue>New Sign</bizdomainValue><sortOrder>1</sortOrder><standardChoiceValueI18NModels/></sharedDropDownValue><sharedDropDownValue><bdvSeqNbr>5401</bdvSeqNbr><servProvCode>BPTDEV</servProvCode><auditModel><auditDate>2011-11-03T00:00:00-06:00</auditDate><auditID>ADMIN</auditID><auditStatus>A</auditStatus></auditModel><bizdomain>BLD_SIGN_PERMIT_TYPE</bizdomain><bizdomainValue>Relocate Sign</bizdomainValue><sortOrder>3</sortOrder><standardChoiceValueI18NModels/></sharedDropDownValue><sharedDropDownValue><bdvSeqNbr>5397</bdvSeqNbr><servProvCode>BPTDEV</servProvCode><auditModel><auditDate>2011-11-03T00:00:00-06:00</auditDate><auditID>ADMIN</auditID><auditStatus>A</auditStatus></auditModel><bizdomain>BLD_SIGN_PERMIT_TYPE</bizdomain><bizdomainValue>Remove Sign</bizdomainValue><sortOrder>2</sortOrder><standardChoiceValueI18NModels/></sharedDropDownValue><sharedDropDownValue><bdvSeqNbr>5398</bdvSeqNbr><servProvCode>BPTDEV</servProvCode><auditModel><auditDate>2011-11-03T00:00:00-06:00</auditDate><auditID>ADMIN</auditID><auditStatus>A</auditStatus></auditModel><bizdomain>BLD_SIGN_PERMIT_TYPE</bizdomain><bizdomainValue>Repair/Remodel Sign</bizdomainValue><sortOrder>4</sortOrder><standardChoiceValueI18NModels/></sharedDropDownValue></sharedDropDownList><type>ShareDropDown</type></sharedDropDownListModel>
<sharedDropDownListModel><name>BLD_SOLAR_ROOF</name><serviceProviderCode>BPTDEV</serviceProviderCode><auditModel><auditDate>2014-05-21T15:34:14-06:00</auditDate><auditID>ADMIN</auditID><auditStatus>A</auditStatus></auditModel><sharedDropDownList><sharedDropDownValue><bdvSeqNbr>104594941</bdvSeqNbr><servProvCode>BPTDEV</servProvCode><auditModel><auditDate>2014-05-21T15:34:14-06:00</auditDate><auditID>ADMIN</auditID><auditStatus>A</auditStatus></auditModel><bizdomain>BLD_SOLAR_ROOF</bizdomain><bizdomainValue>Flat</bizdomainValue><standardChoiceValueI18NModels/></sharedDropDownValue><sharedDropDownValue><bdvSeqNbr>104594942</bdvSeqNbr><servProvCode>BPTDEV</servProvCode><auditModel><auditDate>2014-05-21T15:34:14-06:00</auditDate><auditID>ADMIN</auditID><auditStatus>A</auditStatus></auditModel><bizdomain>BLD_SOLAR_ROOF</bizdomain><bizdomainValue>Pitched</bizdomainValue><standardChoiceValueI18NModels/></sharedDropDownValue></sharedDropDownList><type>ShareDropDown</type><valueSize>0</valueSize></sharedDropDownListModel>
<sharedDropDownListModel><name>BLD_SIGN_TYPE_TEMP</name><serviceProviderCode>BPTDEV</serviceProviderCode><auditModel><auditDate>2011-11-03T12:42:10-06:00</auditDate><auditID>ADMIN</auditID><auditStatus>A</auditStatus></auditModel><sharedDropDownList><sharedDropDownValue><bdvSeqNbr>5417</bdvSeqNbr><servProvCode>BPTDEV</servProvCode><auditModel><auditDate>2011-11-03T00:00:00-06:00</auditDate><auditID>ADMIN</auditID><auditStatus>A</auditStatus></auditModel><bizdomain>BLD_SIGN_TYPE_TEMP</bizdomain><bizdomainValue>Banner</bizdomainValue><sortOrder>1</sortOrder><standardChoiceValueI18NModels/></sharedDropDownValue><sharedDropDownValue><bdvSeqNbr>5419</bdvSeqNbr><servProvCode>BPTDEV</servProvCode><auditModel><auditDate>2013-07-08T14:07:04-06:00</auditDate><auditID>ADMIN</auditID><auditStatus>A</auditStatus></auditModel><bizdomain>BLD_SIGN_TYPE_TEMP</bizdomain><bizdomainValue>Freestanding (A-Frame)</bizdomainValue><sortOrder>3</sortOrder><standardChoiceValueI18NModels/></sharedDropDownValue><sharedDropDownValue><bdvSeqNbr>104592852</bdvSeqNbr><servProvCode>BPTDEV</servProvCode><auditModel><auditDate>2013-07-08T14:07:16-06:00</auditDate><auditID>ADMIN</auditID><auditStatus>A</auditStatus></auditModel><bizdomain>BLD_SIGN_TYPE_TEMP</bizdomain><bizdomainValue>Other</bizdomainValue><sortOrder>4</sortOrder><standardChoiceValueI18NModels/></sharedDropDownValue><sharedDropDownValue><bdvSeqNbr>5418</bdvSeqNbr><servProvCode>BPTDEV</servProvCode><auditModel><auditDate>2013-07-08T14:06:31-06:00</auditDate><auditID>ADMIN</auditID><auditStatus>A</auditStatus></auditModel><bizdomain>BLD_SIGN_TYPE_TEMP</bizdomain><bizdomainValue>Window</bizdomainValue><sortOrder>2</sortOrder><standardChoiceValueI18NModels/></sharedDropDownValue></sharedDropDownList><type>ShareDropDown</type></sharedDropDownListModel>
<sharedDropDownListModel><name>BLD_BOND_TYPE</name><serviceProviderCode>BPTDEV</serviceProviderCode><auditModel><auditDate>2014-11-17T02:29:20-07:00</auditDate><auditID>ADMIN</auditID><auditStatus>A</auditStatus></auditModel><sharedDropDownList><sharedDropDownValue><bdvSeqNbr>105005623</bdvSeqNbr><servProvCode>BPTDEV</servProvCode><auditModel><auditDate>2014-11-17T02:29:34-07:00</auditDate><auditID>ADMIN</auditID><auditStatus>A</auditStatus></auditModel><bizdomain>BLD_BOND_TYPE</bizdomain><bizdomainValue>Cash</bizdomainValue><sortOrder>10</sortOrder><standardChoiceValueI18NModels/></sharedDropDownValue><sharedDropDownValue><bdvSeqNbr>105005622</bdvSeqNbr><servProvCode>BPTDEV</servProvCode><auditModel><auditDate>2014-11-17T02:29:58-07:00</auditDate><auditID>ADMIN</auditID><auditStatus>A</auditStatus></auditModel><bizdomain>BLD_BOND_TYPE</bizdomain><bizdomainValue>License/Permit</bizdomainValue><sortOrder>30</sortOrder><standardChoiceValueI18NModels/></sharedDropDownValue><sharedDropDownValue><bdvSeqNbr>105005624</bdvSeqNbr><servProvCode>BPTDEV</servProvCode><auditModel><auditDate>2014-11-17T02:29:44-07:00</auditDate><auditID>ADMIN</auditID><auditStatus>A</auditStatus></auditModel><bizdomain>BLD_BOND_TYPE</bizdomain><bizdomainValue>Performance</bizdomainValue><sortOrder>20</sortOrder><standardChoiceValueI18NModels/></sharedDropDownValue></sharedDropDownList><type>ShareDropDown</type></sharedDropDownListModel>
<sharedDropDownListModel><name>BLD_PAVING_TYPE</name><serviceProviderCode>BPTDEV</serviceProviderCode><auditModel><auditDate>2014-11-17T02:24:01-07:00</auditDate><auditID>ADMIN</auditID><auditStatus>A</auditStatus></auditModel><sharedDropDownList><sharedDropDownValue><bdvSeqNbr>105005626</bdvSeqNbr><servProvCode>BPTDEV</servProvCode><auditModel><auditDate>2014-11-17T02:24:33-07:00</auditDate><auditID>ADMIN</auditID><auditStatus>A</auditStatus></auditModel><bizdomain>BLD_PAVING_TYPE</bizdomain><bizdomainValue>Asphalt</bizdomainValue><sortOrder>20</sortOrder><standardChoiceValueI18NModels/></sharedDropDownValue><sharedDropDownValue><bdvSeqNbr>105005625</bdvSeqNbr><servProvCode>BPTDEV</servProvCode><auditModel><auditDate>2014-11-17T02:24:17-07:00</auditDate><auditID>ADMIN</auditID><auditStatus>A</auditStatus></auditModel><bizdomain>BLD_PAVING_TYPE</bizdomain><bizdomainValue>Concrete</bizdomainValue><sortOrder>10</sortOrder><standardChoiceValueI18NModels/></sharedDropDownValue></sharedDropDownList><type>ShareDropDown</type></sharedDropDownListModel>
<sharedDropDownListModel><name>BLD_STREET_CUT_TYPE</name><serviceProviderCode>BPTDEV</serviceProviderCode><auditModel><auditDate>2014-11-17T02:06:32-07:00</auditDate><auditID>ADMIN</auditID><auditStatus>A</auditStatus></auditModel><description>BLD_STREET_CUT_TYPE</description><sharedDropDownList><sharedDropDownValue><bdvSeqNbr>105005632</bdvSeqNbr><servProvCode>BPTDEV</servProvCode><auditModel><auditDate>2014-11-18T03:58:49-07:00</auditDate><auditID>ADMIN</auditID><auditStatus>A</auditStatus></auditModel><bizdomain>BLD_STREET_CUT_TYPE</bizdomain><bizdomainValue>Cable</bizdomainValue><sortOrder>50</sortOrder><standardChoiceValueI18NModels/></sharedDropDownValue><sharedDropDownValue><bdvSeqNbr>105005634</bdvSeqNbr><servProvCode>BPTDEV</servProvCode><auditModel><auditDate>2014-11-18T03:58:49-07:00</auditDate><auditID>ADMIN</auditID><auditStatus>A</auditStatus></auditModel><bizdomain>BLD_STREET_CUT_TYPE</bizdomain><bizdomainValue>Curb &amp; Gutter</bizdomainValue><sortOrder>80</sortOrder><standardChoiceValueI18NModels/></sharedDropDownValue><sharedDropDownValue><bdvSeqNbr>105005627</bdvSeqNbr><servProvCode>BPTDEV</servProvCode><auditModel><auditDate>2014-11-18T03:58:49-07:00</auditDate><auditID>ADMIN</auditID><auditStatus>A</auditStatus></auditModel><bizdomain>BLD_STREET_CUT_TYPE</bizdomain><bizdomainValue>Electric</bizdomainValue><sortOrder>10</sortOrder><standardChoiceValueI18NModels/></sharedDropDownValue><sharedDropDownValue><bdvSeqNbr>105005629</bdvSeqNbr><servProvCode>BPTDEV</servProvCode><auditModel><auditDate>2014-11-18T03:58:49-07:00</auditDate><auditID>ADMIN</auditID><auditStatus>A</auditStatus></auditModel><bizdomain>BLD_STREET_CUT_TYPE</bizdomain><bizdomainValue>Gas</bizdomainValue><sortOrder>30</sortOrder><standardChoiceValueI18NModels/></sharedDropDownValue><sharedDropDownValue><bdvSeqNbr>105005635</bdvSeqNbr><servProvCode>BPTDEV</servProvCode><auditModel><auditDate>2014-11-18T03:58:49-07:00</auditDate><auditID>ADMIN</auditID><auditStatus>A</auditStatus></auditModel><bizdomain>BLD_STREET_CUT_TYPE</bizdomain><bizdomainValue>Other</bizdomainValue><sortOrder>90</sortOrder><standardChoiceValueI18NModels/></sharedDropDownValue><sharedDropDownValue><bdvSeqNbr>105005630</bdvSeqNbr><servProvCode>BPTDEV</servProvCode><auditModel><auditDate>2014-11-18T03:58:49-07:00</auditDate><auditID>ADMIN</auditID><auditStatus>A</auditStatus></auditModel><bizdomain>BLD_STREET_CUT_TYPE</bizdomain><bizdomainValue>Sewer</bizdomainValue><sortOrder>60</sortOrder><standardChoiceValueI18NModels/></sharedDropDownValue><sharedDropDownValue><bdvSeqNbr>105005633</bdvSeqNbr><servProvCode>BPTDEV</servProvCode><auditModel><auditDate>2014-11-18T03:58:49-07:00</auditDate><auditID>ADMIN</auditID><auditStatus>A</auditStatus></auditModel><bizdomain>BLD_STREET_CUT_TYPE</bizdomain><bizdomainValue>Storm Drain</bizdomainValue><sortOrder>70</sortOrder><standardChoiceValueI18NModels/></sharedDropDownValue><sharedDropDownValue><bdvSeqNbr>105005631</bdvSeqNbr><servProvCode>BPTDEV</servProvCode><auditModel><auditDate>2014-11-18T03:58:49-07:00</auditDate><auditID>ADMIN</auditID><auditStatus>A</auditStatus></auditModel><bizdomain>BLD_STREET_CUT_TYPE</bizdomain><bizdomainValue>Telephone</bizdomainValue><sortOrder>40</sortOrder><standardChoiceValueI18NModels/></sharedDropDownValue><sharedDropDownValue><bdvSeqNbr>105005628</bdvSeqNbr><servProvCode>BPTDEV</servProvCode><auditModel><auditDate>2014-11-18T03:58:49-07:00</auditDate><auditID>ADMIN</auditID><auditStatus>A</auditStatus></auditModel><bizdomain>BLD_STREET_CUT_TYPE</bizdomain><bizdomainValue>Water</bizdomainValue><sortOrder>20</sortOrder><standardChoiceValueI18NModels/></sharedDropDownValue></sharedDropDownList><type>ShareDropDown</type></sharedDropDownListModel>
<sharedDropDownListModel><name>BLD_PLAN_TYPE</name><serviceProviderCode>BPTDEV</serviceProviderCode><auditModel><auditDate>2011-12-06T18:36:38-07:00</auditDate><auditID>ADMIN</auditID><auditStatus>A</auditStatus></auditModel><sharedDropDownList><sharedDropDownValue><bdvSeqNbr>7515</bdvSeqNbr><servProvCode>BPTDEV</servProvCode><auditModel><auditDate>2011-12-06T18:37:05-07:00</auditDate><auditID>ADMIN</auditID><auditStatus>A</auditStatus></auditModel><bizdomain>BLD_PLAN_TYPE</bizdomain><bizdomainValue>Architectural</bizdomainValue><sortOrder>20</sortOrder><standardChoiceValueI18NModels/></sharedDropDownValue><sharedDropDownValue><bdvSeqNbr>7514</bdvSeqNbr><servProvCode>BPTDEV</servProvCode><auditModel><auditDate>2011-12-06T18:36:52-07:00</auditDate><auditID>ADMIN</auditID><auditStatus>A</auditStatus></auditModel><bizdomain>BLD_PLAN_TYPE</bizdomain><bizdomainValue>Civil</bizdomainValue><sortOrder>10</sortOrder><standardChoiceValueI18NModels/></sharedDropDownValue><sharedDropDownValue><bdvSeqNbr>7518</bdvSeqNbr><servProvCode>BPTDEV</servProvCode><auditModel><auditDate>2011-12-06T00:00:00-07:00</auditDate><auditID>ADMIN</auditID><auditStatus>A</auditStatus></auditModel><bizdomain>BLD_PLAN_TYPE</bizdomain><bizdomainValue>Electrical</bizdomainValue><sortOrder>50</sortOrder><standardChoiceValueI18NModels/></sharedDropDownValue><sharedDropDownValue><bdvSeqNbr>7521</bdvSeqNbr><servProvCode>BPTDEV</servProvCode><auditModel><auditDate>2011-12-06T18:38:39-07:00</auditDate><auditID>ADMIN</auditID><auditStatus>A</auditStatus></auditModel><bizdomain>BLD_PLAN_TYPE</bizdomain><bizdomainValue>Fire Assembly</bizdomainValue><sortOrder>80</sortOrder><standardChoiceValueI18NModels/></sharedDropDownValue><sharedDropDownValue><bdvSeqNbr>7520</bdvSeqNbr><servProvCode>BPTDEV</servProvCode><auditModel><auditDate>2011-12-06T18:38:25-07:00</auditDate><auditID>ADMIN</auditID><auditStatus>A</auditStatus></auditModel><bizdomain>BLD_PLAN_TYPE</bizdomain><bizdomainValue>Fire Site</bizdomainValue><sortOrder>70</sortOrder><standardChoiceValueI18NModels/></sharedDropDownValue><sharedDropDownValue><bdvSeqNbr>7516</bdvSeqNbr><servProvCode>BPTDEV</servProvCode><auditModel><auditDate>2011-12-06T18:37:14-07:00</auditDate><auditID>ADMIN</auditID><auditStatus>A</auditStatus></auditModel><bizdomain>BLD_PLAN_TYPE</bizdomain><bizdomainValue>HVAC</bizdomainValue><sortOrder>30</sortOrder><standardChoiceValueI18NModels/></sharedDropDownValue><sharedDropDownValue><bdvSeqNbr>7522</bdvSeqNbr><servProvCode>BPTDEV</servProvCode><auditModel><auditDate>2011-12-06T18:38:50-07:00</auditDate><auditID>ADMIN</auditID><auditStatus>A</auditStatus></auditModel><bizdomain>BLD_PLAN_TYPE</bizdomain><bizdomainValue>Health</bizdomainValue><sortOrder>90</sortOrder><standardChoiceValueI18NModels/></sharedDropDownValue><sharedDropDownValue><bdvSeqNbr>7519</bdvSeqNbr><servProvCode>BPTDEV</servProvCode><auditModel><auditDate>2011-12-06T18:37:58-07:00</auditDate><auditID>ADMIN</auditID><auditStatus>A</auditStatus></auditModel><bizdomain>BLD_PLAN_TYPE</bizdomain><bizdomainValue>Hydro</bizdomainValue><sortOrder>60</sortOrder><standardChoiceValueI18NModels/></sharedDropDownValue><sharedDropDownValue><bdvSeqNbr>7517</bdvSeqNbr><servProvCode>BPTDEV</servProvCode><auditModel><auditDate>2011-12-06T18:37:33-07:00</auditDate><auditID>ADMIN</auditID><auditStatus>A</auditStatus></auditModel><bizdomain>BLD_PLAN_TYPE</bizdomain><bizdomainValue>Plumbing</bizdomainValue><sortOrder>40</sortOrder><standardChoiceValueI18NModels/></sharedDropDownValue><sharedDropDownValue><bdvSeqNbr>7523</bdvSeqNbr><servProvCode>BPTDEV</servProvCode><auditModel><auditDate>2011-12-06T18:39:01-07:00</auditDate><auditID>ADMIN</auditID><auditStatus>A</auditStatus></auditModel><bizdomain>BLD_PLAN_TYPE</bizdomain><bizdomainValue>Water</bizdomainValue><sortOrder>100</sortOrder><standardChoiceValueI18NModels/></sharedDropDownValue></sharedDropDownList><type>ShareDropDown</type></sharedDropDownListModel>
<sharedDropDownListModel><name>BLD_ROW_SURFACE</name><serviceProviderCode>BPTDEV</serviceProviderCode><auditModel><auditDate>2014-11-17T02:32:59-07:00</auditDate><auditID>ADMIN</auditID><auditStatus>A</auditStatus></auditModel><sharedDropDownList><sharedDropDownValue><bdvSeqNbr>105005642</bdvSeqNbr><servProvCode>BPTDEV</servProvCode><auditModel><auditDate>2014-11-17T02:33:22-07:00</auditDate><auditID>ADMIN</auditID><auditStatus>A</auditStatus></auditModel><bizdomain>BLD_ROW_SURFACE</bizdomain><bizdomainValue>Non-Pavement</bizdomainValue><sortOrder>20</sortOrder><standardChoiceValueI18NModels/></sharedDropDownValue><sharedDropDownValue><bdvSeqNbr>105005643</bdvSeqNbr><servProvCode>BPTDEV</servProvCode><auditModel><auditDate>2014-11-17T02:33:10-07:00</auditDate><auditID>ADMIN</auditID><auditStatus>A</auditStatus></auditModel><bizdomain>BLD_ROW_SURFACE</bizdomain><bizdomainValue>Pavement</bizdomainValue><sortOrder>10</sortOrder><standardChoiceValueI18NModels/></sharedDropDownValue></sharedDropDownList><type>ShareDropDown</type></sharedDropDownListModel>
<sharedDropDownListModel><name>BLD_SIGN_TYPE</name><serviceProviderCode>BPTDEV</serviceProviderCode><auditModel><auditDate>2011-11-03T11:06:14-06:00</auditDate><auditID>ADMIN</auditID><auditStatus>A</auditStatus></auditModel><sharedDropDownList><sharedDropDownValue><bdvSeqNbr>5406</bdvSeqNbr><servProvCode>BPTDEV</servProvCode><auditModel><auditDate>2011-11-03T00:00:00-06:00</auditDate><auditID>ADMIN</auditID><auditStatus>A</auditStatus></auditModel><bizdomain>BLD_SIGN_TYPE</bizdomain><bizdomainValue>Attached Canopy</bizdomainValue><sortOrder>1</sortOrder><standardChoiceValueI18NModels/></sharedDropDownValue><sharedDropDownValue><bdvSeqNbr>5407</bdvSeqNbr><servProvCode>BPTDEV</servProvCode><auditModel><auditDate>2011-11-03T00:00:00-06:00</auditDate><auditID>ADMIN</auditID><auditStatus>A</auditStatus></auditModel><bizdomain>BLD_SIGN_TYPE</bizdomain><bizdomainValue>Attached Roof</bizdomainValue><sortOrder>2</sortOrder><standardChoiceValueI18NModels/></sharedDropDownValue><sharedDropDownValue><bdvSeqNbr>5408</bdvSeqNbr><servProvCode>BPTDEV</servProvCode><auditModel><auditDate>2011-11-03T00:00:00-06:00</auditDate><auditID>ADMIN</auditID><auditStatus>A</auditStatus></auditModel><bizdomain>BLD_SIGN_TYPE</bizdomain><bizdomainValue>Attached Wall</bizdomainValue><sortOrder>3</sortOrder><standardChoiceValueI18NModels/></sharedDropDownValue><sharedDropDownValue><bdvSeqNbr>5409</bdvSeqNbr><servProvCode>BPTDEV</servProvCode><auditModel><auditDate>2011-11-03T00:00:00-06:00</auditDate><auditID>ADMIN</auditID><auditStatus>A</auditStatus></auditModel><bizdomain>BLD_SIGN_TYPE</bizdomain><bizdomainValue>Freestanding Monument</bizdomainValue><sortOrder>4</sortOrder><standardChoiceValueI18NModels/></sharedDropDownValue><sharedDropDownValue><bdvSeqNbr>5410</bdvSeqNbr><servProvCode>BPTDEV</servProvCode><auditModel><auditDate>2011-11-03T00:00:00-06:00</auditDate><auditID>ADMIN</auditID><auditStatus>A</auditStatus></auditModel><bizdomain>BLD_SIGN_TYPE</bizdomain><bizdomainValue>Freestanding Pylon</bizdomainValue><sortOrder>5</sortOrder><standardChoiceValueI18NModels/></sharedDropDownValue><sharedDropDownValue><bdvSeqNbr>5411</bdvSeqNbr><servProvCode>BPTDEV</servProvCode><auditModel><auditDate>2011-11-03T00:00:00-06:00</auditDate><auditID>ADMIN</auditID><auditStatus>A</auditStatus></auditModel><bizdomain>BLD_SIGN_TYPE</bizdomain><bizdomainValue>Other</bizdomainValue><sortOrder>6</sortOrder><standardChoiceValueI18NModels/></sharedDropDownValue></sharedDropDownList><type>ShareDropDown</type></sharedDropDownListModel>
</list>