<?xml version="1.0" encoding="UTF-8" standalone="yes"?>
<list  version="8.0.0" minorVersion="20" exportUser="ADMIN" exportDateTime="06/30/2016 10:25 AM" description="EnvHealth EMSE Scripts includes (Expression Builder; Standard Choices, java, Include_Custom; Batch scripts; Set Type)"><asiGroup><appSpecInfoGroupCode>EH_CMP</appSpecInfoGroupCode><r1CheckboxGroup>APPLICATION</r1CheckboxGroup><serviceProviderCode>BPTDEV</serviceProviderCode><asiModels><asiModel><r1CheckboxCode>EH_CMP</r1CheckboxCode><r1CheckboxDesc>Other Complaint Type</r1CheckboxDesc><r1CheckboxGroup>APPLICATION</r1CheckboxGroup><r1CheckboxType>COMPLAINT INFORMATION</r1CheckboxType><servProvCode>BPTDEV</servProvCode><asiDropdownModels/><displayLength>0</displayLength><locationQueryFlag>N</locationQueryFlag><maxLength>0</maxLength><r1AttributeValueReqFlag>N</r1AttributeValueReqFlag><r1CheckboxDescAlt>If other is selected, fill out the type of complaint</r1CheckboxDescAlt><r1CheckboxInd>1</r1CheckboxInd><r1DisplayOrder>20</r1DisplayOrder><r1ReqFeeCalc>N</r1ReqFeeCalc><r1SearchableFlag>N</r1SearchableFlag><r1SearchableForAca>N</r1SearchableForAca><r1SupervisorEditOnlyFlag>N</r1SupervisorEditOnlyFlag><recDate>2016-04-25T12:02:49-06:00</recDate><recFulNam>ADMIN</recFulNam><recStatus>A</recStatus><vchDispFlag>Y</vchDispFlag></asiModel><asiModel><r1CheckboxCode>EH_CMP</r1CheckboxCode><r1CheckboxDesc>Complaint Description</r1CheckboxDesc><r1CheckboxGroup>APPLICATION</r1CheckboxGroup><r1CheckboxType>COMPLAINT INFORMATION</r1CheckboxType><servProvCode>BPTDEV</servProvCode><asiDropdownModels/><displayLength>0</displayLength><locationQueryFlag>N</locationQueryFlag><maxLength>0</maxLength><r1AttributeValueReqFlag>Y</r1AttributeValueReqFlag><r1CheckboxInd>6</r1CheckboxInd><r1DisplayOrder>40</r1DisplayOrder><r1ReqFeeCalc>N</r1ReqFeeCalc><r1SearchableFlag>N</r1SearchableFlag><r1SearchableForAca>N</r1SearchableForAca><r1SupervisorEditOnlyFlag>N</r1SupervisorEditOnlyFlag><recDate>2016-04-25T12:02:49-06:00</recDate><recFulNam>ADMIN</recFulNam><recStatus>A</recStatus><vchDispFlag>Y</vchDispFlag></asiModel><asiModel><r1CheckboxCode>EH_CMP</r1CheckboxCode><r1CheckboxDesc>Type of Complaint</r1CheckboxDesc><r1CheckboxGroup>APPLICATION</r1CheckboxGroup><r1CheckboxType>COMPLAINT INFORMATION</r1CheckboxType><servProvCode>BPTDEV</servProvCode><asiDropdownModels/><displayLength>0</displayLength><locationQueryFlag>N</locationQueryFlag><maxLength>0</maxLength><r1AttributeValueReqFlag>N</r1AttributeValueReqFlag><r1CheckboxInd>5</r1CheckboxInd><r1DisplayOrder>10</r1DisplayOrder><r1ReqFeeCalc>N</r1ReqFeeCalc><r1SearchableFlag>N</r1SearchableFlag><r1SearchableForAca>N</r1SearchableForAca><r1SupervisorEditOnlyFlag>N</r1SupervisorEditOnlyFlag><recDate>2016-04-25T12:02:49-06:00</recDate><recFulNam>ADMIN</recFulNam><recStatus>A</recStatus><vchDispFlag>Y</vchDispFlag></asiModel><asiModel><r1CheckboxCode>EH_CMP</r1CheckboxCode><r1CheckboxDesc>Date of Complaint</r1CheckboxDesc><r1CheckboxGroup>APPLICATION</r1CheckboxGroup><r1CheckboxType>COMPLAINT INFORMATION</r1CheckboxType><servProvCode>BPTDEV</servProvCode><asiDropdownModels/><displayLength>0</displayLength><locationQueryFlag>N</locationQueryFlag><maxLength>0</maxLength><r1AttributeValueReqFlag>Y</r1AttributeValueReqFlag><r1CheckboxInd>2</r1CheckboxInd><r1DisplayOrder>30</r1DisplayOrder><r1ReqFeeCalc>N</r1ReqFeeCalc><r1SearchableFlag>N</r1SearchableFlag><r1SearchableForAca>N</r1SearchableForAca><r1SupervisorEditOnlyFlag>N</r1SupervisorEditOnlyFlag><recDate>2016-04-25T12:02:49-06:00</recDate><recFulNam>ADMIN</recFulNam><recStatus>A</recStatus><vchDispFlag>Y</vchDispFlag></asiModel></asiModels><asiSecurityModels/><fieldVariableMapping/><isASITSelected>Y</isASITSelected><isSecuritySelected>Y</isSecuritySelected><r1CheckboxType>COMPLAINT INFORMATION</r1CheckboxType><sharedDropDownModels><sharedDropDownModel refId="1@SharedDropDownModel"><sequenceNbr>22613</sequenceNbr><serviceProviderCode>BPTDEV</serviceProviderCode><auditModel><auditDate>2016-04-24T20:38:51-06:00</auditDate><auditID>ADMIN</auditID><auditStatus>A</auditStatus></auditModel><level1>EH_CMP</level1><level2>COMPLAINT INFORMATION</level2><level3>APPLICATION</level3><level4>Type of Complaint</level4><relationType>APPLICATION_SPECIFIC_INFO</relationType><standardChoiceName>EH_COMPLAINT_TYPE</standardChoiceName></sharedDropDownModel></sharedDropDownModels><templateLayoutConfigModels><templateLayoutConfigModel><resId>7896</resId><serviceProviderCode>BPTDEV</serviceProviderCode><alternativeLabel>If other is selected, fill out the type of complaint</alternativeLabel><auditModel><auditDate>2016-04-24T20:40:33-06:00</auditDate><auditID>ADMIN</auditID><auditStatus>A</auditStatus></auditModel><columnLayout xmlns:xsi="http://www.w3.org/2001/XMLSchema-instance" xsi:nil="true"/><configLevel>FIELDNAME</configLevel><entityType>ASI</entityType><fieldName>Other Complaint Type</fieldName><templateCode>EH_CMP</templateCode><templateLayoutConfigI18NModels/><templateType>COMPLAINT INFORMATION</templateType></templateLayoutConfigModel><templateLayoutConfigModel><resId>7895</resId><serviceProviderCode>BPTDEV</serviceProviderCode><auditModel><auditDate>2016-04-25T12:01:43-06:00</auditDate><auditID>ADMIN</auditID><auditStatus>A</auditStatus></auditModel><columnLayout xmlns:xsi="http://www.w3.org/2001/XMLSchema-instance" xsi:nil="true"/><configLevel>TEMPLATENAME</configLevel><entityType>ASI</entityType><fieldName>N/A</fieldName><templateCode>EH_CMP</templateCode><templateLayoutConfigI18NModels/><templateType>COMPLAINT INFORMATION</templateType></templateLayoutConfigModel></templateLayoutConfigModels></asiGroup>
</list>