<?xml version="1.0" encoding="UTF-8" standalone="yes"?>
<list  version="8.0.0" minorVersion="20" exportUser="ADMIN" exportDateTime="06/30/2016 10:25 AM" description="EnvHealth EMSE Scripts includes (Expression Builder; Standard Choices, java, Include_Custom; Batch scripts; Set Type)"><expression><serviceProviderCode>BPTDEV</serviceProviderCode><expressionName>EH_COMPLAINT</expressionName><auditModel><auditDate>2016-06-23T17:42:14-06:00</auditDate><auditID>ADMIN</auditID><auditStatus>A</auditStatus></auditModel><checkboxCode>EH_CMP</checkboxCode><entityKey1>EH_CMP</entityKey1><entityKey2>EH_CMP</entityKey2><entityKey3>EH_FAC_TSI</entityKey3><executeIn>V360</executeIn><executeOrder>1</executeOrder><expressCalculations/><expressCriterias/><expressFields><expressField><serviceProviderCode>BPTDEV</serviceProviderCode><expressionName>EH_COMPLAINT</expressionName><usage>EXECUTE_FIELD</usage><portletId>-3</portletId><variableKey>TSI::EH_FAC_TSI::Existing Facility</variableKey><auditModel><auditDate>2016-06-23T17:42:14-06:00</auditDate><auditID>ADMIN</auditID><auditStatus>A</auditStatus></auditModel><event>onChange</event><isRequired>N</isRequired><name>app_spec_info_EH_FAC_TSI_Existing_Facility</name><type>5</type></expressField><expressField><serviceProviderCode>BPTDEV</serviceProviderCode><expressionName>EH_COMPLAINT</expressionName><usage>EXECUTE_FIELD</usage><portletId>-3</portletId><variableKey>TSI::EH_FAC_TSI::Facility ID</variableKey><auditModel><auditDate>2016-06-23T17:42:14-06:00</auditDate><auditID>ADMIN</auditID><auditStatus>A</auditStatus></auditModel><event>onChange</event><isRequired>N</isRequired><name>app_spec_info_EH_FAC_TSI_Facility_ID</name><type>1</type></expressField><expressField><serviceProviderCode>BPTDEV</serviceProviderCode><expressionName>EH_COMPLAINT</expressionName><usage>EXECUTE_FIELD</usage><portletId>19</portletId><variableKey>WORKFLOW::taskItem*disposition</variableKey><auditModel><auditDate>2016-06-23T17:42:14-06:00</auditDate><auditID>ADMIN</auditID><auditStatus>A</auditStatus></auditModel><event>onChange</event><isRequired>N</isRequired><name>taskItem*disposition</name><type>5</type></expressField><expressField><serviceProviderCode>BPTDEV</serviceProviderCode><expressionName>EH_COMPLAINT</expressionName><usage>VARIABLE</usage><portletId>-3</portletId><variableKey>TSI::EH_FAC_TSI::Existing Facility</variableKey><auditModel><auditDate>2016-06-23T17:42:14-06:00</auditDate><auditID>ADMIN</auditID><auditStatus>A</auditStatus></auditModel><isRequired>Y</isRequired><label>Existing Facility</label><name>app_spec_info_EH_FAC_TSI_Existing_Facility</name><type>5</type></expressField><expressField><serviceProviderCode>BPTDEV</serviceProviderCode><expressionName>EH_COMPLAINT</expressionName><usage>VARIABLE</usage><portletId>-3</portletId><variableKey>TSI::EH_FAC_TSI::Facility ID</variableKey><auditModel><auditDate>2016-06-23T17:42:14-06:00</auditDate><auditID>ADMIN</auditID><auditStatus>A</auditStatus></auditModel><isRequired>N</isRequired><label>Facility ID</label><name>app_spec_info_EH_FAC_TSI_Facility_ID</name><type>1</type></expressField><expressField><serviceProviderCode>BPTDEV</serviceProviderCode><expressionName>EH_COMPLAINT</expressionName><usage>VARIABLE</usage><portletId>19</portletId><variableKey>WORKFLOW::FORM</variableKey><auditModel><auditDate>2016-06-23T17:42:14-06:00</auditDate><auditID>ADMIN</auditID><auditStatus>A</auditStatus></auditModel><name>FORM</name><type>1</type></expressField><expressField><serviceProviderCode>BPTDEV</serviceProviderCode><expressionName>EH_COMPLAINT</expressionName><usage>VARIABLE</usage><portletId>19</portletId><variableKey>WORKFLOW::actionUser*userID</variableKey><auditModel><auditDate>2016-06-23T17:42:14-06:00</auditDate><auditID>ADMIN</auditID><auditStatus>A</auditStatus></auditModel><isRequired>Y</isRequired><label>workflow.processeditform.firstname.label</label><name>actionUser*userID</name><refColName>[PERSON]GPROCESS.GA_FNAME;GPROCESS.GA_MNAME;GPROCESS.GA_LNAME</refColName><type>5</type></expressField><expressField><serviceProviderCode>BPTDEV</serviceProviderCode><expressionName>EH_COMPLAINT</expressionName><usage>VARIABLE</usage><portletId>19</portletId><variableKey>WORKFLOW::department</variableKey><auditModel><auditDate>2016-06-23T17:42:14-06:00</auditDate><auditID>ADMIN</auditID><auditStatus>A</auditStatus></auditModel><isRequired>Y</isRequired><label>workflow.processeditform.department.label</label><name>department</name><refColName>[DEPARTMENT]GPROCESS.SERV_PROV_CODE;GPROCESS.ASGN_AGENCY_CODE;GPROCESS.ASGN_BUREAU_CODE;GPROCESS.ASGN_DIVISION_CODE;GPROCESS.ASGN_GROUP_CODE;GPROCESS.ASGN_SECTION_CODE;GPROCESS.ASGN_OFFICE_CODE</refColName><type>5</type></expressField><expressField><serviceProviderCode>BPTDEV</serviceProviderCode><expressionName>EH_COMPLAINT</expressionName><usage>VARIABLE</usage><portletId>19</portletId><variableKey>WORKFLOW::taskItem*disposition</variableKey><auditModel><auditDate>2016-06-23T17:42:14-06:00</auditDate><auditID>ADMIN</auditID><auditStatus>A</auditStatus></auditModel><isRequired>Y</isRequired><label>workflow.processeditform.status.label</label><name>taskItem*disposition</name><refColName>GPROCESS.SD_APP_DES</refColName><type>5</type></expressField><expressField><serviceProviderCode>BPTDEV</serviceProviderCode><expressionName>EH_COMPLAINT</expressionName><usage>VARIABLE</usage><portletId>19</portletId><variableKey>WORKFLOW::taskItem*statusDate</variableKey><auditModel><auditDate>2016-06-23T17:42:14-06:00</auditDate><auditID>ADMIN</auditID><auditStatus>A</auditStatus></auditModel><isRequired>Y</isRequired><label>workflow.processeditform.statusdate.label</label><name>taskItem*statusDate</name><refColName>GPROCESS.G6_STAT_DD</refColName><type>2</type></expressField></expressFields><expressPortlets/><expressionI18Ns/><expressionMode>Manual</expressionMode><expressionVersion>660</expressionVersion><scriptText>var servProvCode=expression.getValue("$$servProvCode$$").value;
var aa = expression.getScriptRoot();
var wfStates=expression.getValue("WORKFLOW::taskItem*disposition");
var existFac=expression.getValue("TSI::EH_FAC_TSI::Existing Facility");
var facID=expression.getValue("TSI::EH_FAC_TSI::Facility ID");
var wfForm=expression.getValue("WORKFLOW::FORM");


var totalRowCount = expression.getTotalRowCount();

		if(wfStates.value!=null &amp;&amp; wfStates.value.equals(String("Closed")) &amp;&amp; existFac.value!=null &amp;&amp; existFac.value.equals(String("Yes"))){

			if( facID.value != "" )
			{
				var capId = aa.cap.getCapID(facID.value);
				if(capId.getSuccess() ){
					capId = capId.getOutput();
					var cap = aa.cap.getCap(capId);
					if ( cap.getSuccess() )
					{
						wfForm.message = "";
						wfForm.blockSubmit=false;
					}
				}
				else
				{
					wfForm.message="Facility ID:" + facID.getValue() +" is not found";
					wfForm.blockSubmit=true;
				}
			}

			facID.required=true;
		expression.setReturn(facID);
	}else{ 
		facID.required=false;
		expression.setReturn(facID);
	}
	expression.setReturn(wfForm);
</scriptText><viewID>19</viewID><xexpressEMSEScripts/></expression>
<expression><serviceProviderCode>BPTDEV</serviceProviderCode><expressionName>EH_COMPLAINT_CUSTOM</expressionName><auditModel><auditDate>2016-06-23T17:41:52-06:00</auditDate><auditID>ADMIN</auditID><auditStatus>A</auditStatus></auditModel><checkboxCode>EH_CMP</checkboxCode><executeIn>ALL</executeIn><expressCalculations/><expressCriterias/><expressFields><expressField><serviceProviderCode>BPTDEV</serviceProviderCode><expressionName>EH_COMPLAINT_CUSTOM</expressionName><usage>EXECUTE_FIELD</usage><portletId>-1</portletId><variableKey>ASI::COMPLAINT INFORMATION::Type of Complaint</variableKey><auditModel><auditDate>2016-06-23T17:41:52-06:00</auditDate><auditID>ADMIN</auditID><auditStatus>A</auditStatus></auditModel><event>onChange</event><isRequired>N</isRequired><name>app_spec_info_COMPLAINT_INFORMATION_Type_of_Complaint</name><type>5</type></expressField><expressField><serviceProviderCode>BPTDEV</serviceProviderCode><expressionName>EH_COMPLAINT_CUSTOM</expressionName><usage>EXECUTE_FIELD</usage><portletId>-1</portletId><variableKey>onLoad</variableKey><auditModel><auditDate>2016-06-23T17:41:52-06:00</auditDate><auditID>ADMIN</auditID><auditStatus>A</auditStatus></auditModel><event>onLoad</event><isRequired>N</isRequired><name>onLoad</name><type>1</type></expressField><expressField><serviceProviderCode>BPTDEV</serviceProviderCode><expressionName>EH_COMPLAINT_CUSTOM</expressionName><usage>VARIABLE</usage><portletId>-1</portletId><variableKey>ASI::COMPLAINT INFORMATION::Complaint Description</variableKey><auditModel><auditDate>2016-06-23T17:41:52-06:00</auditDate><auditID>ADMIN</auditID><auditStatus>A</auditStatus></auditModel><isRequired>Y</isRequired><label>Complaint Description</label><name>app_spec_info_COMPLAINT_INFORMATION_Complaint_Description</name><type>6</type></expressField><expressField><serviceProviderCode>BPTDEV</serviceProviderCode><expressionName>EH_COMPLAINT_CUSTOM</expressionName><usage>VARIABLE</usage><portletId>-1</portletId><variableKey>ASI::COMPLAINT INFORMATION::Date of Complaint</variableKey><auditModel><auditDate>2016-06-23T17:41:52-06:00</auditDate><auditID>ADMIN</auditID><auditStatus>A</auditStatus></auditModel><isRequired>Y</isRequired><label>Date of Complaint</label><name>app_spec_info_COMPLAINT_INFORMATION_Date_of_Complaint</name><type>2</type></expressField><expressField><serviceProviderCode>BPTDEV</serviceProviderCode><expressionName>EH_COMPLAINT_CUSTOM</expressionName><usage>VARIABLE</usage><portletId>-1</portletId><variableKey>ASI::COMPLAINT INFORMATION::Other Complaint Type</variableKey><auditModel><auditDate>2016-06-23T17:41:52-06:00</auditDate><auditID>ADMIN</auditID><auditStatus>A</auditStatus></auditModel><isRequired>N</isRequired><label>Other Complaint Type</label><name>app_spec_info_COMPLAINT_INFORMATION_Other_Complaint_Type</name><type>1</type></expressField><expressField><serviceProviderCode>BPTDEV</serviceProviderCode><expressionName>EH_COMPLAINT_CUSTOM</expressionName><usage>VARIABLE</usage><portletId>-1</portletId><variableKey>ASI::COMPLAINT INFORMATION::Type of Complaint</variableKey><auditModel><auditDate>2016-06-23T17:41:52-06:00</auditDate><auditID>ADMIN</auditID><auditStatus>A</auditStatus></auditModel><isRequired>N</isRequired><label>Type of Complaint</label><name>app_spec_info_COMPLAINT_INFORMATION_Type_of_Complaint</name><type>5</type></expressField></expressFields><expressPortlets/><expressionI18Ns/><expressionMode>Manual</expressionMode><expressionVersion>660</expressionVersion><scriptText>var servProvCode=expression.getValue("$$servProvCode$$").value;
var variable0=expression.getValue("ASI::COMPLAINT INFORMATION::Type of Complaint");
var variable1=expression.getValue("ASI::COMPLAINT INFORMATION::Other Complaint Type");

var totalRowCount = expression.getTotalRowCount();
		if(variable0.value!=null &amp;&amp; variable0.value.equals(String("Other"))){
			variable1.required=true;
		expression.setReturn(variable1);
	} else{ 
		variable1.required=false;
		expression.setReturn(variable1);
	}
</scriptText><viewID>-1</viewID><xexpressEMSEScripts/></expression>
</list>