<?xml version="1.0" encoding="UTF-8" standalone="yes"?>
<list  version="8.0.0" minorVersion="20" exportUser="ADMIN" exportDateTime="06/30/2016 10:25 AM" description="EnvHealth EMSE Scripts includes (Expression Builder; Standard Choices, java, Include_Custom; Batch scripts; Set Type)"><rsetType><resId>174</resId><servProvCode>BPTDEV</servProvCode><recDate>2016-04-27T00:05:22-06:00</recDate><recFulNam>ADMIN</recFulNam><recStatus>A</recStatus><setStatusModels><setTypeStatus><resId>64</resId><serviceProviderCode>BPTDEV</serviceProviderCode><auditModel><auditDate>2016-04-26T23:47:40-06:00</auditDate><auditID>ADMIN</auditID><auditStatus>A</auditStatus></auditModel><isDefault>N</isDefault><setStatusI18Ns/><setStatusName>Completed</setStatusName><setTypeID>174</setTypeID></setTypeStatus><setTypeStatus><resId>65</resId><serviceProviderCode>BPTDEV</serviceProviderCode><auditModel><auditDate>2016-04-26T23:47:39-06:00</auditDate><auditID>ADMIN</auditID><auditStatus>A</auditStatus></auditModel><isDefault>Y</isDefault><setStatusI18Ns/><setStatusName>Ready to Process</setStatusName><setTypeID>174</setTypeID></setTypeStatus></setStatusModels><setTypeAttributeRelationModels><SetTypeAttributeRelation><resId>2654</resId><serviceProviderCode>BPTDEV</serviceProviderCode><attributeID>EH_RENEWAL_PROCESS_SET</attributeID><attributeType>SCRIPT</attributeType><auditModel><auditDate>2016-04-26T23:47:59-06:00</auditDate><auditID>ADMIN</auditID><auditStatus>A</auditStatus></auditModel><setTypeID>174</setTypeID></SetTypeAttributeRelation></setTypeAttributeRelationModels><setTypeI18Ns/><setTypeName>EnvHealth Renewal</setTypeName><setTypeRecipientRelationModels><SetTypeRecipientRelation><resID>152</resID><serviceProviderCode>BPTDEV</serviceProviderCode><auditModel><auditDate>2016-04-26T23:47:46-06:00</auditDate><auditID>ADMIN</auditID><auditStatus>A</auditStatus></auditModel><recipientKey>BPTDEV</recipientKey><recipientType>agency</recipientType><setTypeID>174</setTypeID></SetTypeRecipientRelation></setTypeRecipientRelationModels></rsetType>
<rsetType><resId>173</resId><servProvCode>BPTDEV</servProvCode><recDate>2016-04-27T02:39:12-06:00</recDate><recFulNam>ADMIN</recFulNam><recStatus>A</recStatus><setStatusModels><setTypeStatus><resId>62</resId><serviceProviderCode>BPTDEV</serviceProviderCode><auditModel><auditDate>2016-04-27T02:38:29-06:00</auditDate><auditID>ADMIN</auditID><auditStatus>A</auditStatus></auditModel><isDefault>N</isDefault><setStatusI18Ns/><setStatusName>Completed</setStatusName><setTypeID>173</setTypeID></setTypeStatus><setTypeStatus><resId>63</resId><serviceProviderCode>BPTDEV</serviceProviderCode><auditModel><auditDate>2016-04-27T02:38:29-06:00</auditDate><auditID>ADMIN</auditID><auditStatus>A</auditStatus></auditModel><isDefault>Y</isDefault><setStatusI18Ns/><setStatusName>Ready to Process</setStatusName><setTypeID>173</setTypeID></setTypeStatus></setStatusModels><setTypeAttributeRelationModels><SetTypeAttributeRelation><resId>2653</resId><serviceProviderCode>BPTDEV</serviceProviderCode><attributeID>EH_EXPIRED_PROCESS_SET</attributeID><attributeType>SCRIPT</attributeType><auditModel><auditDate>2016-04-27T02:40:50-06:00</auditDate><auditID>ADMIN</auditID><auditStatus>A</auditStatus></auditModel><setTypeID>173</setTypeID></SetTypeAttributeRelation></setTypeAttributeRelationModels><setTypeI18Ns/><setTypeName>Expired Permits</setTypeName><setTypeRecipientRelationModels><SetTypeRecipientRelation><resID>150</resID><serviceProviderCode>BPTDEV</serviceProviderCode><auditModel><auditDate>2016-04-27T02:38:33-06:00</auditDate><auditID>ADMIN</auditID><auditStatus>A</auditStatus></auditModel><recipientKey>BPTDEV</recipientKey><recipientType>agency</recipientType><setTypeID>173</setTypeID></SetTypeRecipientRelation><SetTypeRecipientRelation><resID>151</resID><serviceProviderCode>BPTDEV</serviceProviderCode><auditModel><auditDate>2016-05-09T15:08:29-06:00</auditDate><auditID>ADMIN</auditID><auditStatus>A</auditStatus></auditModel><recipientKey>EnvHealth</recipientKey><recipientType>module</recipientType><setTypeID>173</setTypeID></SetTypeRecipientRelation></setTypeRecipientRelationModels></rsetType>
</list>