<?xml version="1.0" encoding="UTF-8" standalone="yes"?>
<list  version="8.0.0" minorVersion="20" exportUser="ADMIN" exportDateTime="06/30/2016 10:25 AM" description="EnvHealth EMSE Scripts includes (Expression Builder; Standard Choices, java, Include_Custom; Batch scripts; Set Type)"><sharedDropDownListModel><name>EH_COMPLAINT_TYPE</name><serviceProviderCode>BPTDEV</serviceProviderCode><auditModel><auditDate>2016-04-24T20:39:30-06:00</auditDate><auditID>ADMIN</auditID><auditStatus>A</auditStatus></auditModel><sharedDropDownList><sharedDropDownValue><bdvSeqNbr>105213348</bdvSeqNbr><servProvCode>BPTDEV</servProvCode><auditModel><auditDate>2016-04-24T20:39:30-06:00</auditDate><auditID>ADMIN</auditID><auditStatus>A</auditStatus></auditModel><bizdomain>EH_COMPLAINT_TYPE</bizdomain><bizdomainValue>Air Quality</bizdomainValue><standardChoiceValueI18NModels/></sharedDropDownValue><sharedDropDownValue><bdvSeqNbr>105213349</bdvSeqNbr><servProvCode>BPTDEV</servProvCode><auditModel><auditDate>2016-04-24T20:39:30-06:00</auditDate><auditID>ADMIN</auditID><auditStatus>A</auditStatus></auditModel><bizdomain>EH_COMPLAINT_TYPE</bizdomain><bizdomainValue>Body Art</bizdomainValue><standardChoiceValueI18NModels/></sharedDropDownValue><sharedDropDownValue><bdvSeqNbr>105213350</bdvSeqNbr><servProvCode>BPTDEV</servProvCode><auditModel><auditDate>2016-04-24T20:39:30-06:00</auditDate><auditID>ADMIN</auditID><auditStatus>A</auditStatus></auditModel><bizdomain>EH_COMPLAINT_TYPE</bizdomain><bizdomainValue>Drinking Water</bizdomainValue><standardChoiceValueI18NModels/></sharedDropDownValue><sharedDropDownValue><bdvSeqNbr>105213351</bdvSeqNbr><servProvCode>BPTDEV</servProvCode><auditModel><auditDate>2016-04-24T20:39:30-06:00</auditDate><auditID>ADMIN</auditID><auditStatus>A</auditStatus></auditModel><bizdomain>EH_COMPLAINT_TYPE</bizdomain><bizdomainValue>Food</bizdomainValue><standardChoiceValueI18NModels/></sharedDropDownValue><sharedDropDownValue><bdvSeqNbr>105213352</bdvSeqNbr><servProvCode>BPTDEV</servProvCode><auditModel><auditDate>2016-04-24T20:39:30-06:00</auditDate><auditID>ADMIN</auditID><auditStatus>A</auditStatus></auditModel><bizdomain>EH_COMPLAINT_TYPE</bizdomain><bizdomainValue>Hazmat</bizdomainValue><standardChoiceValueI18NModels/></sharedDropDownValue><sharedDropDownValue><bdvSeqNbr>105213353</bdvSeqNbr><servProvCode>BPTDEV</servProvCode><auditModel><auditDate>2016-04-24T20:39:30-06:00</auditDate><auditID>ADMIN</auditID><auditStatus>A</auditStatus></auditModel><bizdomain>EH_COMPLAINT_TYPE</bizdomain><bizdomainValue>Housing</bizdomainValue><standardChoiceValueI18NModels/></sharedDropDownValue><sharedDropDownValue><bdvSeqNbr>105213354</bdvSeqNbr><servProvCode>BPTDEV</servProvCode><auditModel><auditDate>2016-04-24T20:39:30-06:00</auditDate><auditID>ADMIN</auditID><auditStatus>A</auditStatus></auditModel><bizdomain>EH_COMPLAINT_TYPE</bizdomain><bizdomainValue>Institutional</bizdomainValue><standardChoiceValueI18NModels/></sharedDropDownValue><sharedDropDownValue><bdvSeqNbr>105213355</bdvSeqNbr><servProvCode>BPTDEV</servProvCode><auditModel><auditDate>2016-04-24T20:39:30-06:00</auditDate><auditID>ADMIN</auditID><auditStatus>A</auditStatus></auditModel><bizdomain>EH_COMPLAINT_TYPE</bizdomain><bizdomainValue>Land</bizdomainValue><standardChoiceValueI18NModels/></sharedDropDownValue><sharedDropDownValue><bdvSeqNbr>105213356</bdvSeqNbr><servProvCode>BPTDEV</servProvCode><auditModel><auditDate>2016-04-24T20:39:30-06:00</auditDate><auditID>ADMIN</auditID><auditStatus>A</auditStatus></auditModel><bizdomain>EH_COMPLAINT_TYPE</bizdomain><bizdomainValue>Milk &amp; Dairy</bizdomainValue><standardChoiceValueI18NModels/></sharedDropDownValue><sharedDropDownValue><bdvSeqNbr>105213357</bdvSeqNbr><servProvCode>BPTDEV</servProvCode><auditModel><auditDate>2016-04-24T20:39:30-06:00</auditDate><auditID>ADMIN</auditID><auditStatus>A</auditStatus></auditModel><bizdomain>EH_COMPLAINT_TYPE</bizdomain><bizdomainValue>Other</bizdomainValue><standardChoiceValueI18NModels/></sharedDropDownValue><sharedDropDownValue><bdvSeqNbr>105213358</bdvSeqNbr><servProvCode>BPTDEV</servProvCode><auditModel><auditDate>2016-04-24T20:39:30-06:00</auditDate><auditID>ADMIN</auditID><auditStatus>A</auditStatus></auditModel><bizdomain>EH_COMPLAINT_TYPE</bizdomain><bizdomainValue>Recreational Health</bizdomainValue><standardChoiceValueI18NModels/></sharedDropDownValue><sharedDropDownValue><bdvSeqNbr>105213359</bdvSeqNbr><servProvCode>BPTDEV</servProvCode><auditModel><auditDate>2016-04-24T20:39:30-06:00</auditDate><auditID>ADMIN</auditID><auditStatus>A</auditStatus></auditModel><bizdomain>EH_COMPLAINT_TYPE</bizdomain><bizdomainValue>Retail</bizdomainValue><standardChoiceValueI18NModels/></sharedDropDownValue><sharedDropDownValue><bdvSeqNbr>105213360</bdvSeqNbr><servProvCode>BPTDEV</servProvCode><auditModel><auditDate>2016-04-24T20:39:30-06:00</auditDate><auditID>ADMIN</auditID><auditStatus>A</auditStatus></auditModel><bizdomain>EH_COMPLAINT_TYPE</bizdomain><bizdomainValue>Services</bizdomainValue><standardChoiceValueI18NModels/></sharedDropDownValue><sharedDropDownValue><bdvSeqNbr>105213361</bdvSeqNbr><servProvCode>BPTDEV</servProvCode><auditModel><auditDate>2016-04-24T20:39:30-06:00</auditDate><auditID>ADMIN</auditID><auditStatus>A</auditStatus></auditModel><bizdomain>EH_COMPLAINT_TYPE</bizdomain><bizdomainValue>Solid Waste</bizdomainValue><standardChoiceValueI18NModels/></sharedDropDownValue><sharedDropDownValue><bdvSeqNbr>105213362</bdvSeqNbr><servProvCode>BPTDEV</servProvCode><auditModel><auditDate>2016-04-24T20:39:30-06:00</auditDate><auditID>ADMIN</auditID><auditStatus>A</auditStatus></auditModel><bizdomain>EH_COMPLAINT_TYPE</bizdomain><bizdomainValue>Vector</bizdomainValue><standardChoiceValueI18NModels/></sharedDropDownValue></sharedDropDownList><type>ShareDropDown</type><valueSize>0</valueSize></sharedDropDownListModel>
</list>