<?xml version="1.0" encoding="UTF-8" standalone="yes"?>
<list  version="8.0.0" minorVersion="15" exportUser="ADMIN" exportDateTime="03/30/2016 09:00 PM" description="null"><applicationStatusGroup><appStatusGroupCode>FIRE_GENERAL</appStatusGroupCode><serviceProviderCode>BPTDEV</serviceProviderCode><appStatusGroupModels><appStatusGroupModel refId="1@AppStatusGroupModel"><serviceProviderCode>BPTDEV</serviceProviderCode><appStatusGroupCode>FIRE_GENERAL</appStatusGroupCode><status>Active</status><appStatusGroupI18Ns/><auditModel><auditDate>2015-05-21T02:52:09-06:00</auditDate><auditID>ADMIN</auditID><auditStatus>A</auditStatus></auditModel></appStatusGroupModel><appStatusGroupModel refId="2@AppStatusGroupModel"><serviceProviderCode>BPTDEV</serviceProviderCode><appStatusGroupCode>FIRE_GENERAL</appStatusGroupCode><status>Application Accepted</status><appStatusGroupI18Ns/><auditModel><auditDate>2015-05-21T02:55:20-06:00</auditDate><auditID>ADMIN</auditID><auditStatus>A</auditStatus></auditModel></appStatusGroupModel><appStatusGroupModel refId="3@AppStatusGroupModel"><serviceProviderCode>BPTDEV</serviceProviderCode><appStatusGroupCode>FIRE_GENERAL</appStatusGroupCode><status>Approved</status><appStatusGroupI18Ns/><auditModel><auditDate>2015-05-21T02:54:48-06:00</auditDate><auditID>ADMIN</auditID><auditStatus>A</auditStatus></auditModel></appStatusGroupModel><appStatusGroupModel refId="4@AppStatusGroupModel"><serviceProviderCode>BPTDEV</serviceProviderCode><appStatusGroupCode>FIRE_GENERAL</appStatusGroupCode><status>Closed</status><appStatusGroupI18Ns/><auditModel><auditDate>2015-05-21T02:56:24-06:00</auditDate><auditID>ADMIN</auditID><auditStatus>A</auditStatus></auditModel></appStatusGroupModel><appStatusGroupModel refId="5@AppStatusGroupModel"><serviceProviderCode>BPTDEV</serviceProviderCode><appStatusGroupCode>FIRE_GENERAL</appStatusGroupCode><status>Expired</status><appStatusGroupI18Ns/><auditModel><auditDate>2015-05-21T02:56:14-06:00</auditDate><auditID>ADMIN</auditID><auditStatus>A</auditStatus></auditModel></appStatusGroupModel><appStatusGroupModel refId="6@AppStatusGroupModel"><serviceProviderCode>BPTDEV</serviceProviderCode><appStatusGroupCode>FIRE_GENERAL</appStatusGroupCode><status>Finaled</status><appStatusGroupI18Ns/><auditModel><auditDate>2015-05-21T02:55:53-06:00</auditDate><auditID>ADMIN</auditID><auditStatus>A</auditStatus></auditModel></appStatusGroupModel><appStatusGroupModel refId="7@AppStatusGroupModel"><serviceProviderCode>BPTDEV</serviceProviderCode><appStatusGroupCode>FIRE_GENERAL</appStatusGroupCode><status>Inactive</status><appStatusGroupI18Ns/><auditModel><auditDate>2015-05-21T02:54:35-06:00</auditDate><auditID>ADMIN</auditID><auditStatus>A</auditStatus></auditModel></appStatusGroupModel><appStatusGroupModel refId="8@AppStatusGroupModel"><serviceProviderCode>BPTDEV</serviceProviderCode><appStatusGroupCode>FIRE_GENERAL</appStatusGroupCode><status>Issued</status><appStatusGroupI18Ns/><auditModel><auditDate>2015-05-21T02:56:03-06:00</auditDate><auditID>ADMIN</auditID><auditStatus>A</auditStatus></auditModel></appStatusGroupModel><appStatusGroupModel refId="9@AppStatusGroupModel"><serviceProviderCode>BPTDEV</serviceProviderCode><appStatusGroupCode>FIRE_GENERAL</appStatusGroupCode><status>Not Approved</status><appStatusGroupI18Ns/><auditModel><auditDate>2015-05-21T02:55:01-06:00</auditDate><auditID>ADMIN</auditID><auditStatus>A</auditStatus></auditModel></appStatusGroupModel><appStatusGroupModel refId="10@AppStatusGroupModel"><serviceProviderCode>BPTDEV</serviceProviderCode><appStatusGroupCode>FIRE_GENERAL</appStatusGroupCode><status>Plan Approved</status><appStatusGroupI18Ns/><auditModel><auditDate>2015-05-21T02:55:31-06:00</auditDate><auditID>ADMIN</auditID><auditStatus>A</auditStatus></auditModel></appStatusGroupModel><appStatusGroupModel refId="11@AppStatusGroupModel"><serviceProviderCode>BPTDEV</serviceProviderCode><appStatusGroupCode>FIRE_GENERAL</appStatusGroupCode><status>Void</status><appStatusGroupI18Ns/><auditModel><auditDate>2015-05-21T02:56:35-06:00</auditDate><auditID>ADMIN</auditID><auditStatus>A</auditStatus></auditModel></appStatusGroupModel><appStatusGroupModel refId="12@AppStatusGroupModel"><serviceProviderCode>BPTDEV</serviceProviderCode><appStatusGroupCode>FIRE_GENERAL</appStatusGroupCode><status>Withdrawn</status><appStatusGroupI18Ns/><auditModel><auditDate>2015-05-21T02:55:42-06:00</auditDate><auditID>ADMIN</auditID><auditStatus>A</auditStatus></auditModel></appStatusGroupModel></appStatusGroupModels></applicationStatusGroup>
<applicationStatusGroup><appStatusGroupCode>FIRE_COMPLAINT</appStatusGroupCode><serviceProviderCode>BPTDEV</serviceProviderCode><appStatusGroupModels><appStatusGroupModel refId="1@AppStatusGroupModel"><serviceProviderCode>BPTDEV</serviceProviderCode><appStatusGroupCode>FIRE_COMPLAINT</appStatusGroupCode><status>Citation Issued</status><appStatusGroupI18Ns/><auditModel><auditDate>2015-05-23T00:04:35-06:00</auditDate><auditID>ADMIN</auditID><auditStatus>A</auditStatus></auditModel></appStatusGroupModel><appStatusGroupModel refId="2@AppStatusGroupModel"><serviceProviderCode>BPTDEV</serviceProviderCode><appStatusGroupCode>FIRE_COMPLAINT</appStatusGroupCode><status>Closed</status><appStatusGroupI18Ns/><auditModel><auditDate>2015-05-23T00:05:16-06:00</auditDate><auditID>ADMIN</auditID><auditStatus>A</auditStatus></auditModel></appStatusGroupModel><appStatusGroupModel refId="3@AppStatusGroupModel"><serviceProviderCode>BPTDEV</serviceProviderCode><appStatusGroupCode>FIRE_COMPLAINT</appStatusGroupCode><status>Complaint Received</status><appStatusGroupI18Ns/><auditModel><auditDate>2015-05-23T00:04:20-06:00</auditDate><auditID>ADMIN</auditID><auditStatus>A</auditStatus></auditModel></appStatusGroupModel><appStatusGroupModel refId="4@AppStatusGroupModel"><serviceProviderCode>BPTDEV</serviceProviderCode><appStatusGroupCode>FIRE_COMPLAINT</appStatusGroupCode><status>Violation Corrected</status><appStatusGroupI18Ns/><auditModel><auditDate>2015-05-23T00:05:03-06:00</auditDate><auditID>ADMIN</auditID><auditStatus>A</auditStatus></auditModel></appStatusGroupModel><appStatusGroupModel refId="5@AppStatusGroupModel"><serviceProviderCode>BPTDEV</serviceProviderCode><appStatusGroupCode>FIRE_COMPLAINT</appStatusGroupCode><status>Void</status><appStatusGroupI18Ns/><auditModel><auditDate>2015-05-23T00:05:28-06:00</auditDate><auditID>ADMIN</auditID><auditStatus>A</auditStatus></auditModel></appStatusGroupModel><appStatusGroupModel refId="6@AppStatusGroupModel"><serviceProviderCode>BPTDEV</serviceProviderCode><appStatusGroupCode>FIRE_COMPLAINT</appStatusGroupCode><status>Withdrawn</status><appStatusGroupI18Ns/><auditModel><auditDate>2015-05-23T00:04:51-06:00</auditDate><auditID>ADMIN</auditID><auditStatus>A</auditStatus></auditModel></appStatusGroupModel></appStatusGroupModels></applicationStatusGroup>
<applicationStatusGroup><appStatusGroupCode>FIRE_WATERFLOW</appStatusGroupCode><serviceProviderCode>BPTDEV</serviceProviderCode><appStatusGroupModels><appStatusGroupModel refId="1@AppStatusGroupModel"><serviceProviderCode>BPTDEV</serviceProviderCode><appStatusGroupCode>FIRE_WATERFLOW</appStatusGroupCode><status>Application Accepted</status><appStatusGroupI18Ns/><auditModel><auditDate>2015-05-22T03:07:57-06:00</auditDate><auditID>ADMIN</auditID><auditStatus>A</auditStatus></auditModel></appStatusGroupModel><appStatusGroupModel refId="2@AppStatusGroupModel"><serviceProviderCode>BPTDEV</serviceProviderCode><appStatusGroupCode>FIRE_WATERFLOW</appStatusGroupCode><status>Closed</status><appStatusGroupI18Ns/><auditModel><auditDate>2015-05-22T03:09:03-06:00</auditDate><auditID>ADMIN</auditID><auditStatus>A</auditStatus></auditModel></appStatusGroupModel><appStatusGroupModel refId="3@AppStatusGroupModel"><serviceProviderCode>BPTDEV</serviceProviderCode><appStatusGroupCode>FIRE_WATERFLOW</appStatusGroupCode><status>Failed</status><appStatusGroupI18Ns/><auditModel><auditDate>2015-05-22T03:08:45-06:00</auditDate><auditID>ADMIN</auditID><auditStatus>A</auditStatus></auditModel></appStatusGroupModel><appStatusGroupModel refId="4@AppStatusGroupModel"><serviceProviderCode>BPTDEV</serviceProviderCode><appStatusGroupCode>FIRE_WATERFLOW</appStatusGroupCode><status>Passed</status><appStatusGroupI18Ns/><auditModel><auditDate>2015-05-22T03:08:35-06:00</auditDate><auditID>ADMIN</auditID><auditStatus>A</auditStatus></auditModel></appStatusGroupModel><appStatusGroupModel refId="5@AppStatusGroupModel"><serviceProviderCode>BPTDEV</serviceProviderCode><appStatusGroupCode>FIRE_WATERFLOW</appStatusGroupCode><status>Plan Approved</status><appStatusGroupI18Ns/><auditModel><auditDate>2015-05-22T03:08:10-06:00</auditDate><auditID>ADMIN</auditID><auditStatus>A</auditStatus></auditModel></appStatusGroupModel><appStatusGroupModel refId="6@AppStatusGroupModel"><serviceProviderCode>BPTDEV</serviceProviderCode><appStatusGroupCode>FIRE_WATERFLOW</appStatusGroupCode><status>Report Issued</status><appStatusGroupI18Ns/><auditModel><auditDate>2015-05-22T03:08:54-06:00</auditDate><auditID>ADMIN</auditID><auditStatus>A</auditStatus></auditModel></appStatusGroupModel><appStatusGroupModel refId="7@AppStatusGroupModel"><serviceProviderCode>BPTDEV</serviceProviderCode><appStatusGroupCode>FIRE_WATERFLOW</appStatusGroupCode><status>Void</status><appStatusGroupI18Ns/><auditModel><auditDate>2015-05-22T03:09:14-06:00</auditDate><auditID>ADMIN</auditID><auditStatus>A</auditStatus></auditModel></appStatusGroupModel><appStatusGroupModel refId="8@AppStatusGroupModel"><serviceProviderCode>BPTDEV</serviceProviderCode><appStatusGroupCode>FIRE_WATERFLOW</appStatusGroupCode><status>Withdrawn</status><appStatusGroupI18Ns/><auditModel><auditDate>2015-05-22T03:08:25-06:00</auditDate><auditID>ADMIN</auditID><auditStatus>A</auditStatus></auditModel></appStatusGroupModel></appStatusGroupModels></applicationStatusGroup>
</list>