<?xml version="1.0" encoding="UTF-8" standalone="yes"?>
<list  version="8.0.0" minorVersion="15" exportUser="ADMIN" exportDateTime="03/30/2016 09:00 PM" description="null"><checklistGroup><guideGroup>Fire Group A Occupancy</guideGroup><serviceProviderCode>BPTDEV</serviceProviderCode><guideSheetGroupModels><guideSheetGroupModel><serviceProviderCode>BPTDEV</serviceProviderCode><guideGroup>Fire Group A Occupancy</guideGroup><guideType>FIRE ADDITIONAL PROTECTION</guideType><auditModel><auditDate>2015-05-22T00:00:00-06:00</auditDate><auditID>ADMIN</auditID><auditStatus>A</auditStatus></auditModel><guideAutoCreate>N</guideAutoCreate><guideItemDisplayOrder>7</guideItemDisplayOrder><guideSheetGroupI18ns/></guideSheetGroupModel><guideSheetGroupModel><serviceProviderCode>BPTDEV</serviceProviderCode><guideGroup>Fire Group A Occupancy</guideGroup><guideType>FIRE ELECTRICAL SYSTEM</guideType><auditModel><auditDate>2015-05-22T00:00:00-06:00</auditDate><auditID>ADMIN</auditID><auditStatus>A</auditStatus></auditModel><guideAutoCreate>N</guideAutoCreate><guideItemDisplayOrder>4</guideItemDisplayOrder><guideSheetGroupI18ns/></guideSheetGroupModel><guideSheetGroupModel><serviceProviderCode>BPTDEV</serviceProviderCode><guideGroup>Fire Group A Occupancy</guideGroup><guideType>FIRE EXITS</guideType><auditModel><auditDate>2015-05-22T00:00:00-06:00</auditDate><auditID>ADMIN</auditID><auditStatus>A</auditStatus></auditModel><guideAutoCreate>N</guideAutoCreate><guideItemDisplayOrder>5</guideItemDisplayOrder><guideSheetGroupI18ns/></guideSheetGroupModel><guideSheetGroupModel><serviceProviderCode>BPTDEV</serviceProviderCode><guideGroup>Fire Group A Occupancy</guideGroup><guideType>FIRE HAZARDOUS MATERIALS</guideType><auditModel><auditDate>2015-05-22T00:00:00-06:00</auditDate><auditID>ADMIN</auditID><auditStatus>A</auditStatus></auditModel><guideAutoCreate>N</guideAutoCreate><guideItemDisplayOrder>6</guideItemDisplayOrder><guideSheetGroupI18ns/></guideSheetGroupModel><guideSheetGroupModel><serviceProviderCode>BPTDEV</serviceProviderCode><guideGroup>Fire Group A Occupancy</guideGroup><guideType>FIRE HOUSEKEEPING</guideType><auditModel><auditDate>2015-05-22T00:00:00-06:00</auditDate><auditID>ADMIN</auditID><auditStatus>A</auditStatus></auditModel><guideAutoCreate>N</guideAutoCreate><guideItemDisplayOrder>1</guideItemDisplayOrder><guideSheetGroupI18ns/></guideSheetGroupModel><guideSheetGroupModel><serviceProviderCode>BPTDEV</serviceProviderCode><guideGroup>Fire Group A Occupancy</guideGroup><guideType>FIRE MISCELLANEOUS AREAS</guideType><auditModel><auditDate>2015-05-22T00:00:00-06:00</auditDate><auditID>ADMIN</auditID><auditStatus>A</auditStatus></auditModel><guideAutoCreate>N</guideAutoCreate><guideItemDisplayOrder>2</guideItemDisplayOrder><guideSheetGroupI18ns/></guideSheetGroupModel><guideSheetGroupModel><serviceProviderCode>BPTDEV</serviceProviderCode><guideGroup>Fire Group A Occupancy</guideGroup><guideType>FIRE PROTECTION SYSTEM</guideType><auditModel><auditDate>2015-05-22T00:00:00-06:00</auditDate><auditID>ADMIN</auditID><auditStatus>A</auditStatus></auditModel><guideAutoCreate>N</guideAutoCreate><guideItemDisplayOrder>3</guideItemDisplayOrder><guideSheetGroupI18ns/></guideSheetGroupModel></guideSheetGroupModels></checklistGroup>
<checklistGroup><guideGroup>Fire Sprinkler</guideGroup><serviceProviderCode>BPTDEV</serviceProviderCode><guideSheetGroupModels><guideSheetGroupModel><serviceProviderCode>BPTDEV</serviceProviderCode><guideGroup>Fire Sprinkler</guideGroup><guideType>FIRE SPRINKLER NFPA</guideType><auditModel><auditDate>2015-05-22T00:00:00-06:00</auditDate><auditID>ADMIN</auditID><auditStatus>A</auditStatus></auditModel><guideAutoCreate>N</guideAutoCreate><guideItemDisplayOrder>1</guideItemDisplayOrder><guideSheetGroupI18ns/></guideSheetGroupModel></guideSheetGroupModels></checklistGroup>
<checklistGroup><guideGroup>Fire Suppression</guideGroup><serviceProviderCode>BPTDEV</serviceProviderCode><guideSheetGroupModels><guideSheetGroupModel><serviceProviderCode>BPTDEV</serviceProviderCode><guideGroup>Fire Suppression</guideGroup><guideType>FIRE CLEAN AGENT SUPPRESSION</guideType><auditModel><auditDate>2015-05-22T00:00:00-06:00</auditDate><auditID>ADMIN</auditID><auditStatus>A</auditStatus></auditModel><guideAutoCreate>N</guideAutoCreate><guideItemDisplayOrder>2</guideItemDisplayOrder><guideSheetGroupI18ns/></guideSheetGroupModel><guideSheetGroupModel><serviceProviderCode>BPTDEV</serviceProviderCode><guideGroup>Fire Suppression</guideGroup><guideType>FIRE CO2 EXTINGUISHING</guideType><auditModel><auditDate>2015-05-22T00:00:00-06:00</auditDate><auditID>ADMIN</auditID><auditStatus>A</auditStatus></auditModel><guideAutoCreate>N</guideAutoCreate><guideItemDisplayOrder>1</guideItemDisplayOrder><guideSheetGroupI18ns/></guideSheetGroupModel><guideSheetGroupModel><serviceProviderCode>BPTDEV</serviceProviderCode><guideGroup>Fire Suppression</guideGroup><guideType>FIRE FIXED EXTINGUISHING</guideType><auditModel><auditDate>2015-05-22T00:00:00-06:00</auditDate><auditID>ADMIN</auditID><auditStatus>A</auditStatus></auditModel><guideAutoCreate>N</guideAutoCreate><guideItemDisplayOrder>3</guideItemDisplayOrder><guideSheetGroupI18ns/></guideSheetGroupModel><guideSheetGroupModel><serviceProviderCode>BPTDEV</serviceProviderCode><guideGroup>Fire Suppression</guideGroup><guideType>FIRE STANDPIPE SYSTEM INSTALL</guideType><auditModel><auditDate>2015-05-22T00:00:00-06:00</auditDate><auditID>ADMIN</auditID><auditStatus>A</auditStatus></auditModel><guideAutoCreate>N</guideAutoCreate><guideItemDisplayOrder>4</guideItemDisplayOrder><guideSheetGroupI18ns/></guideSheetGroupModel></guideSheetGroupModels></checklistGroup>
<checklistGroup><guideGroup>Fire Alarm</guideGroup><serviceProviderCode>BPTDEV</serviceProviderCode><guideSheetGroupModels><guideSheetGroupModel><serviceProviderCode>BPTDEV</serviceProviderCode><guideGroup>Fire Alarm</guideGroup><guideType>FIRE ALARM INSTALLATION</guideType><auditModel><auditDate>2015-05-21T00:00:00-06:00</auditDate><auditID>ADMIN</auditID><auditStatus>A</auditStatus></auditModel><guideAutoCreate>N</guideAutoCreate><guideItemDisplayOrder>1</guideItemDisplayOrder><guideSheetGroupI18ns/></guideSheetGroupModel><guideSheetGroupModel><serviceProviderCode>BPTDEV</serviceProviderCode><guideGroup>Fire Alarm</guideGroup><guideType>FIRE ALARM MODIFICATION</guideType><auditModel><auditDate>2015-05-21T00:00:00-06:00</auditDate><auditID>ADMIN</auditID><auditStatus>A</auditStatus></auditModel><guideAutoCreate>N</guideAutoCreate><guideItemDisplayOrder>2</guideItemDisplayOrder><guideSheetGroupI18ns/></guideSheetGroupModel></guideSheetGroupModels></checklistGroup>
</list>