<?xml version="1.0" encoding="UTF-8" standalone="yes"?>
<list  version="8.0.0" minorVersion="15" exportUser="ADMIN" exportDateTime="03/30/2016 09:00 PM" description="null"><inspectionGroup><inspCode>FIRE_GENERAL</inspCode><servProvCode>BPTDEV</servProvCode><inspGroupName>FIRE Inspection</inspGroupName><inspectionSec>FIRE_GENERAL/%</inspectionSec><inspectionTypeModels><inspectionTypeModel><inspSeqNbr>646</inspSeqNbr><servProvCode>BPTDEV</servProvCode><allowFailedGuidesheet>Y</allowFailedGuidesheet><allowMultiInspInAca>N</allowMultiInspInAca><autoAssign>N</autoAssign><displayInAca>Y</displayInAca><flowEnabled>N</flowEnabled><guideGroup>Fire Group A Occupancy</guideGroup><inspCode>FIRE_GENERAL</inspCode><inspEditable>Y</inspEditable><inspGroupName>FIRE Inspection</inspGroupName><inspPriority>10</inspPriority><inspRequired>N</inspRequired><inspResultGroup>FIRE_GENERAL</inspResultGroup><inspType>Inspection</inspType><inspectionTypeI18ns/><r3AgencyCode>FIRE</r3AgencyCode><r3BureauCode>NA</r3BureauCode><r3DivisionCode>NA</r3DivisionCode><r3GroupCode>NA</r3GroupCode><r3OfficeCode>NA</r3OfficeCode><r3SectionCode>NA</r3SectionCode><recDate>2015-07-06T14:32:54-06:00</recDate><recFulNam>ADMIN</recFulNam><recStatus>A</recStatus><totalScoreOption>SUM(list)</totalScoreOption></inspectionTypeModel><inspectionTypeModel><inspSeqNbr>647</inspSeqNbr><servProvCode>BPTDEV</servProvCode><allowFailedGuidesheet>Y</allowFailedGuidesheet><allowMultiInspInAca>N</allowMultiInspInAca><autoAssign>N</autoAssign><displayInAca>Y</displayInAca><flowEnabled>N</flowEnabled><guideGroup>Fire Group A Occupancy</guideGroup><inspCode>FIRE_GENERAL</inspCode><inspEditable>Y</inspEditable><inspGroupName>FIRE Inspection</inspGroupName><inspPriority>20</inspPriority><inspRequired>N</inspRequired><inspResultGroup>FIRE_GENERAL</inspResultGroup><inspType>Reinspection</inspType><inspectionTypeI18ns/><r3AgencyCode>FIRE</r3AgencyCode><r3BureauCode>NA</r3BureauCode><r3DivisionCode>NA</r3DivisionCode><r3GroupCode>NA</r3GroupCode><r3OfficeCode>NA</r3OfficeCode><r3SectionCode>NA</r3SectionCode><recDate>2015-07-06T14:32:54-06:00</recDate><recFulNam>ADMIN</recFulNam><recStatus>A</recStatus><totalScoreOption>SUM(list)</totalScoreOption></inspectionTypeModel><inspectionTypeModel><inspSeqNbr>648</inspSeqNbr><servProvCode>BPTDEV</servProvCode><allowFailedGuidesheet>Y</allowFailedGuidesheet><allowMultiInspInAca>N</allowMultiInspInAca><autoAssign>N</autoAssign><displayInAca>Y</displayInAca><flowEnabled>N</flowEnabled><guideGroup>Fire Group A Occupancy</guideGroup><inspCode>FIRE_GENERAL</inspCode><inspEditable>Y</inspEditable><inspGroupName>FIRE Inspection</inspGroupName><inspPriority>30</inspPriority><inspRequired>N</inspRequired><inspResultGroup>FIRE_GENERAL</inspResultGroup><inspType>Annual Inspection</inspType><inspectionTypeI18ns/><r3AgencyCode>FIRE</r3AgencyCode><r3BureauCode>NA</r3BureauCode><r3DivisionCode>NA</r3DivisionCode><r3GroupCode>NA</r3GroupCode><r3OfficeCode>NA</r3OfficeCode><r3SectionCode>NA</r3SectionCode><recDate>2015-07-06T14:32:54-06:00</recDate><recFulNam>ADMIN</recFulNam><recStatus>A</recStatus><totalScoreOption>SUM(list)</totalScoreOption></inspectionTypeModel><inspectionTypeModel><inspSeqNbr>649</inspSeqNbr><servProvCode>BPTDEV</servProvCode><allowFailedGuidesheet>Y</allowFailedGuidesheet><allowMultiInspInAca>N</allowMultiInspInAca><autoAssign>N</autoAssign><displayInAca>Y</displayInAca><flowEnabled>N</flowEnabled><guideGroup>Fire Sprinkler</guideGroup><inspCode>FIRE_GENERAL</inspCode><inspEditable>Y</inspEditable><inspGroupName>FIRE Inspection</inspGroupName><inspPriority>40</inspPriority><inspRequired>N</inspRequired><inspResultGroup>FIRE_GENERAL</inspResultGroup><inspType>Fire Sprinkler Inspection</inspType><inspectionTypeI18ns/><recDate>2015-07-06T14:32:54-06:00</recDate><recFulNam>ADMIN</recFulNam><recStatus>A</recStatus><totalScoreOption>SUM(list)</totalScoreOption></inspectionTypeModel><inspectionTypeModel><inspSeqNbr>651</inspSeqNbr><servProvCode>BPTDEV</servProvCode><allowFailedGuidesheet>Y</allowFailedGuidesheet><allowMultiInspInAca>N</allowMultiInspInAca><autoAssign>N</autoAssign><displayInAca>Y</displayInAca><flowEnabled>N</flowEnabled><guideGroup>Fire Suppression</guideGroup><inspCode>FIRE_GENERAL</inspCode><inspEditable>Y</inspEditable><inspGroupName>FIRE Inspection</inspGroupName><inspPriority>60</inspPriority><inspRequired>N</inspRequired><inspResultGroup>FIRE_GENERAL</inspResultGroup><inspType>Fire Suppression Inspection</inspType><inspectionTypeI18ns/><r3AgencyCode>FIRE</r3AgencyCode><r3BureauCode>NA</r3BureauCode><r3DivisionCode>NA</r3DivisionCode><r3GroupCode>NA</r3GroupCode><r3OfficeCode>NA</r3OfficeCode><r3SectionCode>NA</r3SectionCode><recDate>2015-07-06T14:32:54-06:00</recDate><recFulNam>ADMIN</recFulNam><recStatus>A</recStatus><totalScoreOption>SUM(list)</totalScoreOption></inspectionTypeModel><inspectionTypeModel><inspSeqNbr>652</inspSeqNbr><servProvCode>BPTDEV</servProvCode><allowFailedGuidesheet>Y</allowFailedGuidesheet><allowMultiInspInAca>N</allowMultiInspInAca><autoAssign>N</autoAssign><displayInAca>Y</displayInAca><flowEnabled>N</flowEnabled><inspCode>FIRE_GENERAL</inspCode><inspEditable>Y</inspEditable><inspGroupName>FIRE Inspection</inspGroupName><inspPriority>70</inspPriority><inspRequired>N</inspRequired><inspResultGroup>FIRE_COMPLAINT</inspResultGroup><inspType>Violation Inspection</inspType><inspectionTypeI18ns/><r3AgencyCode>FIRE</r3AgencyCode><r3BureauCode>NA</r3BureauCode><r3DivisionCode>NA</r3DivisionCode><r3GroupCode>NA</r3GroupCode><r3OfficeCode>NA</r3OfficeCode><r3SectionCode>NA</r3SectionCode><recDate>2015-07-06T14:32:54-06:00</recDate><recFulNam>ADMIN</recFulNam><recStatus>A</recStatus><totalScoreOption>SUM(list)</totalScoreOption></inspectionTypeModel><inspectionTypeModel><inspSeqNbr>653</inspSeqNbr><servProvCode>BPTDEV</servProvCode><allowFailedGuidesheet>Y</allowFailedGuidesheet><allowMultiInspInAca>N</allowMultiInspInAca><autoAssign>N</autoAssign><displayInAca>Y</displayInAca><flowEnabled>N</flowEnabled><inspCode>FIRE_GENERAL</inspCode><inspEditable>Y</inspEditable><inspGroupName>FIRE Inspection</inspGroupName><inspPriority>80</inspPriority><inspRequired>N</inspRequired><inspResultGroup>FIRE_GENERAL</inspResultGroup><inspType>Water Flow Inspection</inspType><inspectionTypeI18ns/><r3AgencyCode>FIRE</r3AgencyCode><r3BureauCode>NA</r3BureauCode><r3DivisionCode>NA</r3DivisionCode><r3GroupCode>NA</r3GroupCode><r3OfficeCode>NA</r3OfficeCode><r3SectionCode>NA</r3SectionCode><recDate>2015-07-06T14:32:54-06:00</recDate><recFulNam>ADMIN</recFulNam><recStatus>A</recStatus><totalScoreOption>SUM(list)</totalScoreOption></inspectionTypeModel><inspectionTypeModel><inspSeqNbr>650</inspSeqNbr><servProvCode>BPTDEV</servProvCode><allowFailedGuidesheet>Y</allowFailedGuidesheet><allowMultiInspInAca>N</allowMultiInspInAca><autoAssign>N</autoAssign><displayInAca>Y</displayInAca><flowEnabled>N</flowEnabled><guideGroup>Fire Alarm</guideGroup><inspCode>FIRE_GENERAL</inspCode><inspEditable>Y</inspEditable><inspGroupName>FIRE Inspection</inspGroupName><inspPriority>50</inspPriority><inspRequired>N</inspRequired><inspResultGroup>FIRE_GENERAL</inspResultGroup><inspType>Fire Alarm Inspection</inspType><inspectionTypeI18ns/><recDate>2015-07-06T14:32:54-06:00</recDate><recFulNam>ADMIN</recFulNam><recStatus>A</recStatus><totalScoreOption>SUM(list)</totalScoreOption></inspectionTypeModel></inspectionTypeModels><inspectionTypeSecurityModels/><isDepartmentSelected>Y</isDepartmentSelected><isGradeGroupSelected>Y</isGradeGroupSelected><isGuideSheetSelected>Y</isGuideSheetSelected><isRelatedInspSelected>Y</isRelatedInspSelected><isResultGroupSelected>Y</isResultGroupSelected><isSecutirySelected>Y</isSecutirySelected></inspectionGroup>
</list>