<?xml version="1.0" encoding="UTF-8" standalone="yes"?>
<list  version="8.0.0" minorVersion="15" exportUser="ADMIN" exportDateTime="03/30/2016 09:00 PM" description="null"><mask><name>Default</name><serviceProviderCode>BPTDEV</serviceProviderCode><type>Cap Key</type><auditModel><auditDate>2014-03-20T13:46:14-06:00</auditDate><auditID>SYSTEM</auditID><auditStatus>A</auditStatus></auditModel><description>Default Cap Key Mask</description><maxLength>17</maxLength><minLength>17</minLength><pattern>REC$$yy$$-00000-$$SEQ05$$</pattern><radixValue>36</radixValue><seqName>Default</seqName></mask>
<mask><name>Fire/Alarm System//</name><serviceProviderCode>BPTDEV</serviceProviderCode><type>Cap ID</type><auditModel><auditDate>2015-05-20T09:00:31-06:00</auditDate><auditID>SYSTEM</auditID><auditStatus>A</auditStatus></auditModel><description> </description><maxLength>30</maxLength><minLength>1</minLength><pattern>FIR$$YY$$-$$SEQ05$$</pattern><radixValue>10</radixValue><seqName>Fire/Alarm System//</seqName></mask>
<mask><name>Default</name><serviceProviderCode>BPTDEV</serviceProviderCode><type>Partial CAP ID</type><auditModel><auditDate>2008-03-11T07:29:47-06:00</auditDate><auditID>ADMIN</auditID><auditStatus>A</auditStatus></auditModel><description>Mask Definition for Partial CAP ID</description><maxLength>30</maxLength><minLength>1</minLength><pattern>$$yy$$EST-$$SEQ06$$</pattern><radixValue>10</radixValue><seqName>Default</seqName></mask>
<mask><name>Agency-Receipt</name><serviceProviderCode>BPTDEV</serviceProviderCode><type>Receipt</type><auditModel><auditDate>2011-08-09T07:07:28-06:00</auditDate><auditID>SYSTEM</auditID><auditStatus>A</auditStatus></auditModel><description>Mask Definition for Receipt Number</description><maxLength>30</maxLength><minLength>1</minLength><pattern>$$SEQ12$$</pattern><radixValue>10</radixValue><seqName>Agency-Receipt</seqName></mask>
<mask><name>Default</name><serviceProviderCode>BPTDEV</serviceProviderCode><type>Temporary CAP ID</type><auditModel><auditDate>2008-03-11T07:29:47-06:00</auditDate><auditID>ADMIN</auditID><auditStatus>A</auditStatus></auditModel><description>Mask Definition for Temporary CAP ID</description><maxLength>30</maxLength><minLength>1</minLength><pattern>$$yy$$TMP-$$SEQ06$$</pattern><radixValue>10</radixValue><seqName>Default</seqName></mask>
<mask><name>Fire/Annual Inspection//</name><serviceProviderCode>BPTDEV</serviceProviderCode><type>Cap ID</type><auditModel><auditDate>2015-05-22T06:08:21-06:00</auditDate><auditID>SYSTEM</auditID><auditStatus>A</auditStatus></auditModel><description> </description><maxLength>30</maxLength><minLength>1</minLength><pattern>FIR$$YY$$-$$SEQ05$$</pattern><radixValue>10</radixValue><seqName>Fire/Annual Inspection//</seqName></mask>
<mask><name>Fire-business license</name><serviceProviderCode>BPTDEV</serviceProviderCode><type>Cap ID</type><auditModel><auditDate>2015-05-21T04:50:43-06:00</auditDate><auditID>SYSTEM</auditID><auditStatus>A</auditStatus></auditModel><description> </description><maxLength>30</maxLength><minLength>1</minLength><pattern>FIR$$YY$$-$$SEQ05$$</pattern><radixValue>10</radixValue><seqName>Fire-busuness license</seqName></mask>
<mask><name>Fire/Complaint//</name><serviceProviderCode>BPTDEV</serviceProviderCode><type>Cap ID</type><auditModel><auditDate>2015-05-22T09:01:34-06:00</auditDate><auditID>SYSTEM</auditID><auditStatus>A</auditStatus></auditModel><description> </description><maxLength>30</maxLength><minLength>1</minLength><pattern>FIR$$YY$$-$$SEQ05$$</pattern><radixValue>10</radixValue><seqName>Fire/Complaint//</seqName></mask>
<mask><name>Fire/Demolition//</name><serviceProviderCode>BPTDEV</serviceProviderCode><type>Cap ID</type><auditModel><auditDate>2015-05-24T04:53:15-06:00</auditDate><auditID>SYSTEM</auditID><auditStatus>A</auditStatus></auditModel><description> </description><maxLength>30</maxLength><minLength>1</minLength><pattern>FIR$$YY$$-$$SEQ05$$</pattern><radixValue>10</radixValue><seqName>Fire/Demolition//</seqName></mask>
<mask><name>Fire/Hazardous Materials/</name><serviceProviderCode>BPTDEV</serviceProviderCode><type>Cap ID</type><auditModel><auditDate>2015-05-24T04:20:42-06:00</auditDate><auditID>SYSTEM</auditID><auditStatus>A</auditStatus></auditModel><description> </description><maxLength>30</maxLength><minLength>1</minLength><pattern>FIR$$YY$$-$$SEQ05$$</pattern><radixValue>10</radixValue><seqName>Fire/Hazardous Materials/</seqName></mask>
<mask><name>Fire/Special Event//</name><serviceProviderCode>BPTDEV</serviceProviderCode><type>Cap ID</type><auditModel><auditDate>2015-05-24T05:38:40-06:00</auditDate><auditID>SYSTEM</auditID><auditStatus>A</auditStatus></auditModel><description> </description><maxLength>30</maxLength><minLength>1</minLength><pattern>FIR$$YY$$-$$SEQ05$$</pattern><radixValue>10</radixValue><seqName>Fire/Special Event//</seqName></mask>
<mask><name>Fire/Sprinkler System//</name><serviceProviderCode>BPTDEV</serviceProviderCode><type>Cap ID</type><auditModel><auditDate>2015-05-24T06:49:50-06:00</auditDate><auditID>SYSTEM</auditID><auditStatus>A</auditStatus></auditModel><description> </description><maxLength>30</maxLength><minLength>1</minLength><pattern>FIR$$YY$$-$$SEQ05$$</pattern><radixValue>10</radixValue><seqName>Fire/Sprinkler System//</seqName></mask>
<mask><name>Fire/Storage Tank//</name><serviceProviderCode>BPTDEV</serviceProviderCode><type>Cap ID</type><auditModel><auditDate>2015-05-24T06:10:29-06:00</auditDate><auditID>SYSTEM</auditID><auditStatus>A</auditStatus></auditModel><description> </description><maxLength>30</maxLength><minLength>1</minLength><pattern>FIR$$YY$$-$$SEQ05$$</pattern><radixValue>10</radixValue><seqName>Fire/Storage Tank//</seqName></mask>
<mask><name>Fire/Suppression System//</name><serviceProviderCode>BPTDEV</serviceProviderCode><type>Cap ID</type><auditModel><auditDate>2015-05-24T06:51:39-06:00</auditDate><auditID>SYSTEM</auditID><auditStatus>A</auditStatus></auditModel><description> </description><maxLength>30</maxLength><minLength>1</minLength><pattern>FIR$$YY$$-$$SEQ05$$</pattern><radixValue>10</radixValue><seqName>Fire/Suppression System//</seqName></mask>
<mask><name>Fire/Water Flow//</name><serviceProviderCode>BPTDEV</serviceProviderCode><type>Cap ID</type><auditModel><auditDate>2015-05-21T11:50:19-06:00</auditDate><auditID>SYSTEM</auditID><auditStatus>A</auditStatus></auditModel><description> </description><maxLength>30</maxLength><minLength>1</minLength><pattern>FIR$$YY$$-$$SEQ05$$</pattern><radixValue>10</radixValue><seqName>Fire/Water Flow//</seqName></mask>
</list>