<?xml version="1.0" encoding="UTF-8" standalone="yes"?>
<list  version="8.0.0" minorVersion="15" exportUser="ADMIN" exportDateTime="03/30/2016 09:00 PM" description="null"><refInspResultGroup><inspResultGroup>FIRE_GENERAL</inspResultGroup><resultCatrgory>RESULT</resultCatrgory><serviceProviderCode>BPTDEV</serviceProviderCode><inspectionResultGroupModels><inspectionResultGroupModel refId="1@InspectionResultGroupModel"><serviceProviderCode>BPTDEV</serviceProviderCode><inspResultGroup>FIRE_GENERAL</inspResultGroup><inspResult>Cancelled</inspResult><resultCatrgory>RESULT</resultCatrgory><auditModel><auditDate>2015-05-21T03:02:33-06:00</auditDate><auditID>ADMIN</auditID><auditStatus>A</auditStatus></auditModel><inspResultDisplayOrder>60</inspResultDisplayOrder><inspResultGroupI18Ns/><inspResultType>DENIED</inspResultType></inspectionResultGroupModel><inspectionResultGroupModel refId="2@InspectionResultGroupModel"><serviceProviderCode>BPTDEV</serviceProviderCode><inspResultGroup>FIRE_GENERAL</inspResultGroup><inspResult>Failed</inspResult><resultCatrgory>RESULT</resultCatrgory><auditModel><auditDate>2015-05-21T03:02:33-06:00</auditDate><auditID>ADMIN</auditID><auditStatus>A</auditStatus></auditModel><inspResultDisplayOrder>20</inspResultDisplayOrder><inspResultGroupI18Ns/><inspResultType>DENIED</inspResultType></inspectionResultGroupModel><inspectionResultGroupModel refId="3@InspectionResultGroupModel"><serviceProviderCode>BPTDEV</serviceProviderCode><inspResultGroup>FIRE_GENERAL</inspResultGroup><inspResult>No Show/Not Ready</inspResult><resultCatrgory>RESULT</resultCatrgory><auditModel><auditDate>2015-05-21T03:02:33-06:00</auditDate><auditID>ADMIN</auditID><auditStatus>A</auditStatus></auditModel><inspResultDisplayOrder>30</inspResultDisplayOrder><inspResultGroupI18Ns/><inspResultType>PENDING</inspResultType></inspectionResultGroupModel><inspectionResultGroupModel refId="4@InspectionResultGroupModel"><serviceProviderCode>BPTDEV</serviceProviderCode><inspResultGroup>FIRE_GENERAL</inspResultGroup><inspResult>No Violation</inspResult><resultCatrgory>RESULT</resultCatrgory><auditModel><auditDate>2015-05-21T03:02:33-06:00</auditDate><auditID>ADMIN</auditID><auditStatus>A</auditStatus></auditModel><inspResultDisplayOrder>40</inspResultDisplayOrder><inspResultGroupI18Ns/><inspResultType>APPROVED</inspResultType></inspectionResultGroupModel><inspectionResultGroupModel refId="5@InspectionResultGroupModel"><serviceProviderCode>BPTDEV</serviceProviderCode><inspResultGroup>FIRE_GENERAL</inspResultGroup><inspResult>Notice of Violation</inspResult><resultCatrgory>RESULT</resultCatrgory><auditModel><auditDate>2015-05-21T03:02:33-06:00</auditDate><auditID>ADMIN</auditID><auditStatus>A</auditStatus></auditModel><inspResultDisplayOrder>50</inspResultDisplayOrder><inspResultGroupI18Ns/><inspResultType>PENDING</inspResultType></inspectionResultGroupModel><inspectionResultGroupModel refId="6@InspectionResultGroupModel"><serviceProviderCode>BPTDEV</serviceProviderCode><inspResultGroup>FIRE_GENERAL</inspResultGroup><inspResult>Passed</inspResult><resultCatrgory>RESULT</resultCatrgory><auditModel><auditDate>2015-05-21T03:02:33-06:00</auditDate><auditID>ADMIN</auditID><auditStatus>A</auditStatus></auditModel><inspResultDisplayOrder>10</inspResultDisplayOrder><inspResultGroupI18Ns/><inspResultType>APPROVED</inspResultType></inspectionResultGroupModel><inspectionResultGroupModel refId="7@InspectionResultGroupModel"><serviceProviderCode>BPTDEV</serviceProviderCode><inspResultGroup>FIRE_GENERAL</inspResultGroup><inspResult>Pending</inspResult><resultCatrgory>RESULT</resultCatrgory><auditModel><auditDate>2015-05-21T03:02:33-06:00</auditDate><auditID>ADMIN</auditID><auditStatus>A</auditStatus></auditModel><inspResultDisplayOrder>70</inspResultDisplayOrder><inspResultGroupI18Ns/><inspResultType>PENDING</inspResultType></inspectionResultGroupModel></inspectionResultGroupModels></refInspResultGroup>
<refInspResultGroup><inspResultGroup>FIRE_COMPLAINT</inspResultGroup><resultCatrgory>RESULT</resultCatrgory><serviceProviderCode>BPTDEV</serviceProviderCode><inspectionResultGroupModels><inspectionResultGroupModel refId="1@InspectionResultGroupModel"><serviceProviderCode>BPTDEV</serviceProviderCode><inspResultGroup>FIRE_COMPLAINT</inspResultGroup><inspResult>In Compliance</inspResult><resultCatrgory>RESULT</resultCatrgory><auditModel><auditDate>2015-06-09T14:50:58-06:00</auditDate><auditID>ADMIN</auditID><auditStatus>A</auditStatus></auditModel><inspResultDisplayOrder>1</inspResultDisplayOrder><inspResultGroupI18Ns/><inspResultType>APPROVED</inspResultType></inspectionResultGroupModel><inspectionResultGroupModel refId="2@InspectionResultGroupModel"><serviceProviderCode>BPTDEV</serviceProviderCode><inspResultGroup>FIRE_COMPLAINT</inspResultGroup><inspResult>No Violation</inspResult><resultCatrgory>RESULT</resultCatrgory><auditModel><auditDate>2015-06-09T14:50:58-06:00</auditDate><auditID>ADMIN</auditID><auditStatus>A</auditStatus></auditModel><inspResultDisplayOrder>2</inspResultDisplayOrder><inspResultGroupI18Ns/><inspResultType>APPROVED</inspResultType></inspectionResultGroupModel><inspectionResultGroupModel refId="3@InspectionResultGroupModel"><serviceProviderCode>BPTDEV</serviceProviderCode><inspResultGroup>FIRE_COMPLAINT</inspResultGroup><inspResult>Out of Compliance</inspResult><resultCatrgory>RESULT</resultCatrgory><auditModel><auditDate>2015-06-09T14:50:58-06:00</auditDate><auditID>ADMIN</auditID><auditStatus>A</auditStatus></auditModel><inspResultDisplayOrder>3</inspResultDisplayOrder><inspResultGroupI18Ns/><inspResultType>DENIED</inspResultType></inspectionResultGroupModel></inspectionResultGroupModels></refInspResultGroup>
</list>