<?xml version="1.0" encoding="UTF-8" standalone="yes"?>
<list  version="8.0.0" minorVersion="15" exportUser="ADMIN" exportDateTime="03/30/2016 09:00 PM" description="null"><workflow><parentProcessID>0</parentProcessID><serviceProviderCode>BPTDEV</serviceProviderCode><stepNumber>0</stepNumber><workflowName>FIRE_GENERAL</workflowName><isSubProcessSelected>Y</isSubProcessSelected><processCode>FIRE_GENERAL</processCode><refProcessRelationI18NModels/><recDate>2015-06-09T11:50:29-06:00</recDate><recFulNam>Accela Administrator</recFulNam><recStatus>A</recStatus><relationSeqId>12837</relationSeqId><resId>337</resId><subProcessModels/><taskActivation>I</taskActivation></workflow>
<workflow><parentProcessID>0</parentProcessID><serviceProviderCode>BPTDEV</serviceProviderCode><stepNumber>0</stepNumber><workflowName>FIRE_ AI</workflowName><isSubProcessSelected>Y</isSubProcessSelected><processCode>FIRE_AI</processCode><refProcessRelationI18NModels/><recDate>2015-06-09T11:45:39-06:00</recDate><recFulNam>Accela Administrator</recFulNam><recStatus>A</recStatus><relationSeqId>12839</relationSeqId><resId>339</resId><subProcessModels/></workflow>
<workflow><parentProcessID>0</parentProcessID><serviceProviderCode>BPTDEV</serviceProviderCode><stepNumber>0</stepNumber><workflowName>FIRE_BL</workflowName><isSubProcessSelected>Y</isSubProcessSelected><processCode>FIRE_BL</processCode><refProcessRelationI18NModels/><recDate>2015-06-08T16:43:58-06:00</recDate><recFulNam>Accela Administrator</recFulNam><recStatus>A</recStatus><relationSeqId>12840</relationSeqId><resId>340</resId><subProcessModels/><taskActivation>I</taskActivation></workflow>
<workflow><parentProcessID>0</parentProcessID><serviceProviderCode>BPTDEV</serviceProviderCode><stepNumber>0</stepNumber><workflowName>FIRE_COMPLAINT</workflowName><isSubProcessSelected>Y</isSubProcessSelected><processCode>FIRE_COMPLAINT</processCode><refProcessRelationI18NModels/><recDate>2015-06-09T15:05:35-06:00</recDate><recFulNam>Accela Administrator</recFulNam><recStatus>A</recStatus><relationSeqId>12835</relationSeqId><resId>335</resId><subProcessModels/><taskActivation>I</taskActivation></workflow>
<workflow><parentProcessID>0</parentProcessID><serviceProviderCode>BPTDEV</serviceProviderCode><stepNumber>0</stepNumber><workflowName>NONE</workflowName><isSubProcessSelected>Y</isSubProcessSelected><processCode>NONE</processCode><refProcessRelationI18NModels/><recDate>2011-12-12T18:33:09-07:00</recDate><recFulNam>ADMIN</recFulNam><recStatus>A</recStatus><relationSeqId>12</relationSeqId><subProcessModels/></workflow>
<workflow><parentProcessID>0</parentProcessID><serviceProviderCode>BPTDEV</serviceProviderCode><stepNumber>0</stepNumber><workflowName>FIRE_WF</workflowName><isSubProcessSelected>Y</isSubProcessSelected><processCode>FIRE_WF</processCode><refProcessRelationI18NModels/><recDate>2015-06-09T11:51:50-06:00</recDate><recFulNam>Accela Administrator</recFulNam><recStatus>A</recStatus><relationSeqId>12841</relationSeqId><resId>341</resId><subProcessModels/><taskActivation>I</taskActivation></workflow>
</list>