<?xml version="1.0" encoding="UTF-8" standalone="yes"?>
<list  version="8.0.0" minorVersion="15" exportUser="ADMIN" exportDateTime="03/30/2016 09:30 PM" description="null"><departMentType><serviceProviderCode>BPTDEV</serviceProviderCode><agencyCode>ADMIN</agencyCode><bureauCode>NA</bureauCode><divisionCode>NA</divisionCode><groupCode>NA</groupCode><officeCode>NA</officeCode><sectionCode>NA</sectionCode><subgroupCode>NA</subgroupCode><auditModel><auditDate>2012-02-13T11:27:15-07:00</auditDate><auditID>ADMIN</auditID><auditStatus>A</auditStatus></auditModel><bureauModel><serviceProviderCode>BPTDEV</serviceProviderCode><agencyCode>ADMIN</agencyCode><bureauCode>NA</bureauCode><auditModel><auditDate>2012-02-13T11:26:14-07:00</auditDate><auditID>ADMIN</auditID><auditStatus>A</auditStatus></auditModel><bureauDescription>NA</bureauDescription><bureauI18Ns/></bureauModel><departMentTypeKey>BPTDEV/ADMIN/NA/NA/NA/NA/NA</departMentTypeKey><departMentTypeName>Administrator</departMentTypeName><divisionModel><serviceProviderCode>BPTDEV</serviceProviderCode><agencyCode>ADMIN</agencyCode><divisionCode>NA</divisionCode><auditModel><auditDate>2012-02-13T11:26:24-07:00</auditDate><auditID>ADMIN</auditID><auditStatus>A</auditStatus></auditModel><divisionDescription>NA</divisionDescription><divisnI18Ns/></divisionModel><dpttyI18Ns/><groupModel><serviceProviderCode>BPTDEV</serviceProviderCode><agencyCode>ADMIN</agencyCode><groupCode>NA</groupCode><auditModel><auditDate>2012-02-13T11:26:41-07:00</auditDate><auditID>ADMIN</auditID><auditStatus>A</auditStatus></auditModel><groupDescription>NA</groupDescription><wgroupI18Ns/></groupModel><officeModel><serviceProviderCode>BPTDEV</serviceProviderCode><agencyCode>ADMIN</agencyCode><officeCode>NA</officeCode><auditModel><auditDate>2012-02-13T11:26:49-07:00</auditDate><auditID>ADMIN</auditID><auditStatus>A</auditStatus></auditModel><officeI18Ns/><officeLocation>NA</officeLocation></officeModel><sectionModel><serviceProviderCode>BPTDEV</serviceProviderCode><agencyCode>ADMIN</agencyCode><sectionCode>NA</sectionCode><auditModel><auditDate>2012-02-13T11:26:33-07:00</auditDate><auditID>ADMIN</auditID><auditStatus>A</auditStatus></auditModel><sectionDescription>NA</sectionDescription><wsectinI18Ns/></sectionModel></departMentType>
<departMentType><serviceProviderCode>BPTDEV</serviceProviderCode><agencyCode>PLANNING</agencyCode><bureauCode>NA</bureauCode><divisionCode>NA</divisionCode><groupCode>NA</groupCode><officeCode>NA</officeCode><sectionCode>NA</sectionCode><subgroupCode>NA</subgroupCode><auditModel><auditDate>2013-03-12T09:53:03-06:00</auditDate><auditID>ADMIN</auditID><auditStatus>A</auditStatus></auditModel><bureauModel><serviceProviderCode>BPTDEV</serviceProviderCode><agencyCode>PLANNING</agencyCode><bureauCode>NA</bureauCode><auditModel><auditDate>2011-06-08T14:20:54-06:00</auditDate><auditID>ADMIN</auditID><auditStatus>A</auditStatus></auditModel><bureauDescription>NA</bureauDescription><bureauI18Ns/></bureauModel><departMentTypeKey>BPTDEV/PLANNING/NA/NA/NA/NA/NA</departMentTypeKey><departMentTypeName>Planning Department</departMentTypeName><divisionModel><serviceProviderCode>BPTDEV</serviceProviderCode><agencyCode>PLANNING</agencyCode><divisionCode>NA</divisionCode><auditModel><auditDate>2011-06-08T14:21:05-06:00</auditDate><auditID>ADMIN</auditID><auditStatus>A</auditStatus></auditModel><divisionDescription>NA</divisionDescription><divisnI18Ns/></divisionModel><dpttyI18Ns/><groupModel><serviceProviderCode>BPTDEV</serviceProviderCode><agencyCode>PLANNING</agencyCode><groupCode>NA</groupCode><auditModel><auditDate>2011-06-08T14:21:27-06:00</auditDate><auditID>ADMIN</auditID><auditStatus>A</auditStatus></auditModel><groupDescription>NA</groupDescription><wgroupI18Ns/></groupModel><officeModel><serviceProviderCode>BPTDEV</serviceProviderCode><agencyCode>PLANNING</agencyCode><officeCode>NA</officeCode><auditModel><auditDate>2011-06-08T14:21:38-06:00</auditDate><auditID>ADMIN</auditID><auditStatus>A</auditStatus></auditModel><officeI18Ns/><officeLocation>NA</officeLocation></officeModel><sectionModel><serviceProviderCode>BPTDEV</serviceProviderCode><agencyCode>PLANNING</agencyCode><sectionCode>NA</sectionCode><auditModel><auditDate>2011-06-08T14:21:16-06:00</auditDate><auditID>ADMIN</auditID><auditStatus>A</auditStatus></auditModel><sectionDescription>NA</sectionDescription><wsectinI18Ns/></sectionModel></departMentType>
</list>