<?xml version="1.0" encoding="UTF-8" standalone="yes"?>
<list  version="8.0.0" minorVersion="21" exportUser="ADMIN" exportDateTime="07/28/2016 05:28 AM" description="null"><inspectionGroup><inspCode>BLD_RES</inspCode><servProvCode>MUNI1</servProvCode><inspGroupName>BLD Residential</inspGroupName><inspectionSec>BLD_RES/%</inspectionSec><inspectionTypeModels><inspectionTypeModel><inspSeqNbr>65</inspSeqNbr><servProvCode>MUNI1</servProvCode><allowFailedGuidesheet>Y</allowFailedGuidesheet><allowMultiInspInAca>Y</allowMultiInspInAca><autoAssign>N</autoAssign><displayInAca>Y</displayInAca><flowEnabled>N</flowEnabled><inspCode>BLD_RES</inspCode><inspEditable>Y</inspEditable><inspGroupName>BLD Residential</inspGroupName><inspPriority>4</inspPriority><inspRequired>N</inspRequired><inspResultGroup>BLD_STANDARD</inspResultGroup><inspType>Foundation</inspType><inspectionTypeI18ns/><recDate>2013-03-13T15:33:41-07:00</recDate><recFulNam>ADMIN</recFulNam><recStatus>A</recStatus><totalScoreOption>SUM(list)</totalScoreOption></inspectionTypeModel><inspectionTypeModel><inspSeqNbr>66</inspSeqNbr><servProvCode>MUNI1</servProvCode><allowFailedGuidesheet>Y</allowFailedGuidesheet><allowMultiInspInAca>Y</allowMultiInspInAca><autoAssign>N</autoAssign><displayInAca>Y</displayInAca><flowEnabled>N</flowEnabled><inspCode>BLD_RES</inspCode><inspEditable>Y</inspEditable><inspGroupName>BLD Residential</inspGroupName><inspPriority>6</inspPriority><inspRequired>N</inspRequired><inspResultGroup>BLD_STANDARD</inspResultGroup><inspType>Frame</inspType><inspectionTypeI18ns/><recDate>2013-03-13T15:33:41-07:00</recDate><recFulNam>ADMIN</recFulNam><recStatus>A</recStatus><totalScoreOption>SUM(list)</totalScoreOption></inspectionTypeModel><inspectionTypeModel><inspSeqNbr>67</inspSeqNbr><servProvCode>MUNI1</servProvCode><allowFailedGuidesheet>Y</allowFailedGuidesheet><allowMultiInspInAca>Y</allowMultiInspInAca><autoAssign>N</autoAssign><displayInAca>Y</displayInAca><flowEnabled>N</flowEnabled><inspCode>BLD_RES</inspCode><inspEditable>Y</inspEditable><inspGroupName>BLD Residential</inspGroupName><inspPriority>9</inspPriority><inspRequired>N</inspRequired><inspResultGroup>BLD_STANDARD</inspResultGroup><inspType>Partial/Temp Building Final</inspType><inspectionTypeI18ns/><recDate>2013-03-13T15:33:41-07:00</recDate><recFulNam>ADMIN</recFulNam><recStatus>A</recStatus><totalScoreOption>SUM(list)</totalScoreOption></inspectionTypeModel><inspectionTypeModel><inspSeqNbr>68</inspSeqNbr><servProvCode>MUNI1</servProvCode><allowFailedGuidesheet>Y</allowFailedGuidesheet><allowMultiInspInAca>Y</allowMultiInspInAca><autoAssign>N</autoAssign><displayInAca>Y</displayInAca><flowEnabled>N</flowEnabled><inspCode>BLD_RES</inspCode><inspEditable>Y</inspEditable><inspGroupName>BLD Residential</inspGroupName><inspPriority>5</inspPriority><inspRequired>N</inspRequired><inspResultGroup>BLD_STANDARD</inspResultGroup><inspType>Rough Frame</inspType><inspectionTypeI18ns/><recDate>2013-03-13T15:33:41-07:00</recDate><recFulNam>ADMIN</recFulNam><recStatus>A</recStatus><totalScoreOption>SUM(list)</totalScoreOption></inspectionTypeModel><inspectionTypeModel><inspSeqNbr>69</inspSeqNbr><servProvCode>MUNI1</servProvCode><allowFailedGuidesheet>Y</allowFailedGuidesheet><allowMultiInspInAca>Y</allowMultiInspInAca><autoAssign>N</autoAssign><displayInAca>Y</displayInAca><flowEnabled>N</flowEnabled><inspCode>BLD_RES</inspCode><inspEditable>Y</inspEditable><inspGroupName>BLD Residential</inspGroupName><inspPriority>1</inspPriority><inspRequired>N</inspRequired><inspResultGroup>BLD_STANDARD</inspResultGroup><inspType>Set Backs</inspType><inspectionTypeI18ns/><recDate>2013-03-13T15:33:41-07:00</recDate><recFulNam>ADMIN</recFulNam><recStatus>A</recStatus><totalScoreOption>SUM(list)</totalScoreOption></inspectionTypeModel><inspectionTypeModel><inspSeqNbr>70</inspSeqNbr><servProvCode>MUNI1</servProvCode><allowFailedGuidesheet>Y</allowFailedGuidesheet><allowMultiInspInAca>Y</allowMultiInspInAca><autoAssign>N</autoAssign><displayInAca>Y</displayInAca><flowEnabled>N</flowEnabled><inspCode>BLD_RES</inspCode><inspEditable>Y</inspEditable><inspGroupName>BLD Residential</inspGroupName><inspPriority>3</inspPriority><inspRequired>N</inspRequired><inspResultGroup>BLD_STANDARD</inspResultGroup><inspType>Footings &amp; Forms</inspType><inspectionTypeI18ns/><recDate>2013-03-13T15:33:41-07:00</recDate><recFulNam>ADMIN</recFulNam><recStatus>A</recStatus><totalScoreOption>SUM(list)</totalScoreOption></inspectionTypeModel><inspectionTypeModel><inspSeqNbr>71</inspSeqNbr><servProvCode>MUNI1</servProvCode><allowFailedGuidesheet>Y</allowFailedGuidesheet><allowMultiInspInAca>Y</allowMultiInspInAca><autoAssign>N</autoAssign><displayInAca>Y</displayInAca><flowEnabled>N</flowEnabled><inspCode>BLD_RES</inspCode><inspEditable>Y</inspEditable><inspGroupName>BLD Residential</inspGroupName><inspPriority>7</inspPriority><inspRequired>Y</inspRequired><inspResultGroup>BLD_STANDARD</inspResultGroup><inspType>Floor Deck</inspType><inspectionTypeI18ns/><recDate>2013-03-13T15:33:41-07:00</recDate><recFulNam>ADMIN</recFulNam><recStatus>A</recStatus><totalScoreOption>SUM(list)</totalScoreOption></inspectionTypeModel><inspectionTypeModel><inspSeqNbr>72</inspSeqNbr><servProvCode>MUNI1</servProvCode><allowFailedGuidesheet>Y</allowFailedGuidesheet><allowMultiInspInAca>Y</allowMultiInspInAca><autoAssign>N</autoAssign><displayInAca>Y</displayInAca><flowEnabled>N</flowEnabled><inspCode>BLD_RES</inspCode><inspEditable>Y</inspEditable><inspGroupName>BLD Residential</inspGroupName><inspPriority>8</inspPriority><inspRequired>N</inspRequired><inspResultGroup>BLD_STANDARD</inspResultGroup><inspType>Roof Deck</inspType><inspectionTypeI18ns/><recDate>2013-03-13T15:33:41-07:00</recDate><recFulNam>ADMIN</recFulNam><recStatus>A</recStatus><totalScoreOption>SUM(list)</totalScoreOption></inspectionTypeModel><inspectionTypeModel><inspSeqNbr>73</inspSeqNbr><servProvCode>MUNI1</servProvCode><allowFailedGuidesheet>Y</allowFailedGuidesheet><allowMultiInspInAca>Y</allowMultiInspInAca><autoAssign>N</autoAssign><displayInAca>Y</displayInAca><flowEnabled>N</flowEnabled><inspCode>BLD_RES</inspCode><inspEditable>Y</inspEditable><inspGroupName>BLD Residential</inspGroupName><inspPriority>10</inspPriority><inspRequired>N</inspRequired><inspResultGroup>BLD_STANDARD</inspResultGroup><inspType>Building Final</inspType><inspectionTypeI18ns/><recDate>2013-03-13T15:33:41-07:00</recDate><recFulNam>ADMIN</recFulNam><recStatus>A</recStatus><totalScoreOption>SUM(list)</totalScoreOption></inspectionTypeModel><inspectionTypeModel><inspSeqNbr>74</inspSeqNbr><servProvCode>MUNI1</servProvCode><allowFailedGuidesheet>Y</allowFailedGuidesheet><allowMultiInspInAca>Y</allowMultiInspInAca><autoAssign>N</autoAssign><displayInAca>Y</displayInAca><flowEnabled>N</flowEnabled><inspCode>BLD_RES</inspCode><inspEditable>Y</inspEditable><inspGroupName>BLD Residential</inspGroupName><inspPriority>12</inspPriority><inspRequired>N</inspRequired><inspResultGroup>BLD_STANDARD</inspResultGroup><inspType>Zoning Final</inspType><inspectionTypeI18ns/><recDate>2013-03-13T15:33:41-07:00</recDate><recFulNam>ADMIN</recFulNam><recStatus>A</recStatus><totalScoreOption>SUM(list)</totalScoreOption></inspectionTypeModel><inspectionTypeModel><inspSeqNbr>75</inspSeqNbr><servProvCode>MUNI1</servProvCode><allowFailedGuidesheet>Y</allowFailedGuidesheet><allowMultiInspInAca>Y</allowMultiInspInAca><autoAssign>N</autoAssign><displayInAca>Y</displayInAca><flowEnabled>N</flowEnabled><inspCode>BLD_RES</inspCode><inspEditable>Y</inspEditable><inspGroupName>BLD Residential</inspGroupName><inspPriority>11</inspPriority><inspRequired>N</inspRequired><inspResultGroup>BLD_STANDARD</inspResultGroup><inspType>Fire Final</inspType><inspectionTypeI18ns/><recDate>2013-03-13T15:33:41-07:00</recDate><recFulNam>ADMIN</recFulNam><recStatus>A</recStatus><totalScoreOption>SUM(list)</totalScoreOption></inspectionTypeModel><inspectionTypeModel><inspSeqNbr>76</inspSeqNbr><servProvCode>MUNI1</servProvCode><allowFailedGuidesheet>Y</allowFailedGuidesheet><allowMultiInspInAca>Y</allowMultiInspInAca><autoAssign>N</autoAssign><displayInAca>Y</displayInAca><flowEnabled>N</flowEnabled><inspCode>BLD_RES</inspCode><inspEditable>Y</inspEditable><inspGroupName>BLD Residential</inspGroupName><inspPriority>2</inspPriority><inspRequired>N</inspRequired><inspResultGroup>BLD_STANDARD</inspResultGroup><inspType>Temp Power</inspType><inspectionTypeI18ns/><recDate>2013-03-13T15:33:41-07:00</recDate><recFulNam>ADMIN</recFulNam><recStatus>A</recStatus><totalScoreOption>SUM(list)</totalScoreOption></inspectionTypeModel><inspectionTypeModel><inspSeqNbr>77</inspSeqNbr><servProvCode>MUNI1</servProvCode><allowFailedGuidesheet>Y</allowFailedGuidesheet><allowMultiInspInAca>Y</allowMultiInspInAca><autoAssign>N</autoAssign><displayInAca>Y</displayInAca><flowEnabled>N</flowEnabled><inspCode>BLD_RES</inspCode><inspEditable>Y</inspEditable><inspGroupName>BLD Residential</inspGroupName><inspPriority>13</inspPriority><inspRequired>N</inspRequired><inspResultGroup>BLD_STANDARD</inspResultGroup><inspType>Progress Check</inspType><inspectionTypeI18ns/><recDate>2013-03-13T15:33:41-07:00</recDate><recFulNam>ADMIN</recFulNam><recStatus>A</recStatus><totalScoreOption>SUM(list)</totalScoreOption></inspectionTypeModel></inspectionTypeModels><inspectionTypeSecurityModels/><isDepartmentSelected>Y</isDepartmentSelected><isGradeGroupSelected>Y</isGradeGroupSelected><isGuideSheetSelected>Y</isGuideSheetSelected><isRelatedInspSelected>Y</isRelatedInspSelected><isResultGroupSelected>Y</isResultGroupSelected><isSecutirySelected>Y</isSecutirySelected></inspectionGroup>
<inspectionGroup><inspCode>BLD_POOL</inspCode><servProvCode>MUNI1</servProvCode><inspGroupName>BLD Pool</inspGroupName><inspectionSec>BLD_POOL/%</inspectionSec><inspectionTypeModels><inspectionTypeModel><inspSeqNbr>62</inspSeqNbr><servProvCode>MUNI1</servProvCode><allowFailedGuidesheet>Y</allowFailedGuidesheet><allowMultiInspInAca>Y</allowMultiInspInAca><autoAssign>N</autoAssign><displayInAca>Y</displayInAca><flowEnabled>N</flowEnabled><inspCode>BLD_POOL</inspCode><inspEditable>Y</inspEditable><inspGroupName>BLD Pool</inspGroupName><inspPriority>1</inspPriority><inspRequired>N</inspRequired><inspResultGroup>BLD_STANDARD</inspResultGroup><inspType>Building Final</inspType><inspectionTypeI18ns/><recDate>2013-03-13T15:31:50-07:00</recDate><recFulNam>ADMIN</recFulNam><recStatus>A</recStatus><totalScoreOption>SUM(list)</totalScoreOption></inspectionTypeModel><inspectionTypeModel><inspSeqNbr>63</inspSeqNbr><servProvCode>MUNI1</servProvCode><allowFailedGuidesheet>Y</allowFailedGuidesheet><allowMultiInspInAca>Y</allowMultiInspInAca><autoAssign>N</autoAssign><displayInAca>Y</displayInAca><flowEnabled>N</flowEnabled><inspCode>BLD_POOL</inspCode><inspEditable>Y</inspEditable><inspGroupName>BLD Pool</inspGroupName><inspPriority>2</inspPriority><inspRequired>N</inspRequired><inspResultGroup>BLD_STANDARD</inspResultGroup><inspType>Health Final</inspType><inspectionTypeI18ns/><recDate>2013-03-13T15:31:50-07:00</recDate><recFulNam>ADMIN</recFulNam><recStatus>A</recStatus><totalScoreOption>SUM(list)</totalScoreOption></inspectionTypeModel><inspectionTypeModel><inspSeqNbr>64</inspSeqNbr><servProvCode>MUNI1</servProvCode><allowFailedGuidesheet>Y</allowFailedGuidesheet><allowMultiInspInAca>Y</allowMultiInspInAca><autoAssign>N</autoAssign><displayInAca>Y</displayInAca><flowEnabled>N</flowEnabled><inspCode>BLD_POOL</inspCode><inspEditable>Y</inspEditable><inspGroupName>BLD Pool</inspGroupName><inspPriority>3</inspPriority><inspRequired>N</inspRequired><inspResultGroup>BLD_STANDARD</inspResultGroup><inspType>Progress Check</inspType><inspectionTypeI18ns/><recDate>2013-03-13T15:31:50-07:00</recDate><recFulNam>ADMIN</recFulNam><recStatus>A</recStatus><totalScoreOption>SUM(list)</totalScoreOption></inspectionTypeModel></inspectionTypeModels><inspectionTypeSecurityModels/><isDepartmentSelected>Y</isDepartmentSelected><isGradeGroupSelected>Y</isGradeGroupSelected><isGuideSheetSelected>Y</isGuideSheetSelected><isRelatedInspSelected>Y</isRelatedInspSelected><isResultGroupSelected>Y</isResultGroupSelected><isSecutirySelected>Y</isSecutirySelected></inspectionGroup>
<inspectionGroup><inspCode>BLD_DEMO</inspCode><servProvCode>MUNI1</servProvCode><inspGroupName>BLD Demolition</inspGroupName><inspectionSec>BLD_DEMO/%</inspectionSec><inspectionTypeModels><inspectionTypeModel><inspSeqNbr>23</inspSeqNbr><servProvCode>MUNI1</servProvCode><allowFailedGuidesheet>Y</allowFailedGuidesheet><allowMultiInspInAca>Y</allowMultiInspInAca><autoAssign>N</autoAssign><displayInAca>Y</displayInAca><flowEnabled>N</flowEnabled><inspCode>BLD_DEMO</inspCode><inspEditable>Y</inspEditable><inspGroupName>BLD Demolition</inspGroupName><inspPriority>1</inspPriority><inspRequired>N</inspRequired><inspResultGroup>BLD_STANDARD</inspResultGroup><inspType>Gas Disconnect</inspType><inspectionTypeI18ns/><recDate>2013-03-13T15:30:16-07:00</recDate><recFulNam>ADMIN</recFulNam><recStatus>A</recStatus><totalScoreOption>SUM(list)</totalScoreOption></inspectionTypeModel><inspectionTypeModel><inspSeqNbr>24</inspSeqNbr><servProvCode>MUNI1</servProvCode><allowFailedGuidesheet>Y</allowFailedGuidesheet><allowMultiInspInAca>Y</allowMultiInspInAca><autoAssign>N</autoAssign><displayInAca>Y</displayInAca><flowEnabled>N</flowEnabled><inspCode>BLD_DEMO</inspCode><inspEditable>Y</inspEditable><inspGroupName>BLD Demolition</inspGroupName><inspPriority>2</inspPriority><inspRequired>N</inspRequired><inspResultGroup>BLD_STANDARD</inspResultGroup><inspType>Electrical Disconnect</inspType><inspectionTypeI18ns/><recDate>2013-03-13T15:30:16-07:00</recDate><recFulNam>ADMIN</recFulNam><recStatus>A</recStatus><totalScoreOption>SUM(list)</totalScoreOption></inspectionTypeModel><inspectionTypeModel><inspSeqNbr>25</inspSeqNbr><servProvCode>MUNI1</servProvCode><allowFailedGuidesheet>Y</allowFailedGuidesheet><allowMultiInspInAca>Y</allowMultiInspInAca><autoAssign>N</autoAssign><displayInAca>Y</displayInAca><flowEnabled>N</flowEnabled><inspCode>BLD_DEMO</inspCode><inspEditable>Y</inspEditable><inspGroupName>BLD Demolition</inspGroupName><inspPriority>3</inspPriority><inspRequired>N</inspRequired><inspResultGroup>BLD_STANDARD</inspResultGroup><inspType>Hazardous Material Removal</inspType><inspectionTypeI18ns/><recDate>2013-03-13T15:30:16-07:00</recDate><recFulNam>ADMIN</recFulNam><recStatus>A</recStatus><totalScoreOption>SUM(list)</totalScoreOption></inspectionTypeModel><inspectionTypeModel><inspSeqNbr>26</inspSeqNbr><servProvCode>MUNI1</servProvCode><allowFailedGuidesheet>Y</allowFailedGuidesheet><allowMultiInspInAca>Y</allowMultiInspInAca><autoAssign>N</autoAssign><displayInAca>Y</displayInAca><flowEnabled>N</flowEnabled><inspCode>BLD_DEMO</inspCode><inspEditable>Y</inspEditable><inspGroupName>BLD Demolition</inspGroupName><inspPriority>4</inspPriority><inspRequired>N</inspRequired><inspResultGroup>BLD_STANDARD</inspResultGroup><inspType>Building Final</inspType><inspectionTypeI18ns/><recDate>2013-03-13T15:30:16-07:00</recDate><recFulNam>ADMIN</recFulNam><recStatus>A</recStatus><totalScoreOption>SUM(list)</totalScoreOption></inspectionTypeModel><inspectionTypeModel><inspSeqNbr>27</inspSeqNbr><servProvCode>MUNI1</servProvCode><allowFailedGuidesheet>Y</allowFailedGuidesheet><allowMultiInspInAca>Y</allowMultiInspInAca><autoAssign>N</autoAssign><displayInAca>Y</displayInAca><flowEnabled>N</flowEnabled><inspCode>BLD_DEMO</inspCode><inspEditable>Y</inspEditable><inspGroupName>BLD Demolition</inspGroupName><inspPriority>5</inspPriority><inspRequired>N</inspRequired><inspResultGroup>BLD_STANDARD</inspResultGroup><inspType>Progress Check</inspType><inspectionTypeI18ns/><recDate>2013-03-13T15:30:16-07:00</recDate><recFulNam>ADMIN</recFulNam><recStatus>A</recStatus><totalScoreOption>SUM(list)</totalScoreOption></inspectionTypeModel></inspectionTypeModels><inspectionTypeSecurityModels/><isDepartmentSelected>Y</isDepartmentSelected><isGradeGroupSelected>Y</isGradeGroupSelected><isGuideSheetSelected>Y</isGuideSheetSelected><isRelatedInspSelected>Y</isRelatedInspSelected><isResultGroupSelected>Y</isResultGroupSelected><isSecutirySelected>Y</isSecutirySelected></inspectionGroup>
<inspectionGroup><inspCode>BLD_ELE_R</inspCode><servProvCode>MUNI1</servProvCode><inspGroupName>BLD Electrical Res</inspGroupName><inspectionSec>BLD_ELE_R/%</inspectionSec><inspectionTypeModels><inspectionTypeModel><inspSeqNbr>78</inspSeqNbr><servProvCode>MUNI1</servProvCode><allowFailedGuidesheet>Y</allowFailedGuidesheet><allowMultiInspInAca>Y</allowMultiInspInAca><autoAssign>N</autoAssign><displayInAca>Y</displayInAca><flowEnabled>N</flowEnabled><inspCode>BLD_ELE_R</inspCode><inspEditable>Y</inspEditable><inspGroupName>BLD Electrical Res</inspGroupName><inspPriority>2</inspPriority><inspRequired>N</inspRequired><inspResultGroup>BLD_STANDARD</inspResultGroup><inspType>Rough</inspType><inspectionTypeI18ns/><recDate>2013-04-04T15:15:09-07:00</recDate><recFulNam>ADMIN</recFulNam><recStatus>A</recStatus><totalScoreOption>SUM(list)</totalScoreOption></inspectionTypeModel><inspectionTypeModel><inspSeqNbr>79</inspSeqNbr><servProvCode>MUNI1</servProvCode><allowFailedGuidesheet>Y</allowFailedGuidesheet><allowMultiInspInAca>Y</allowMultiInspInAca><autoAssign>N</autoAssign><displayInAca>Y</displayInAca><flowEnabled>N</flowEnabled><inspCode>BLD_ELE_R</inspCode><inspEditable>Y</inspEditable><inspGroupName>BLD Electrical Res</inspGroupName><inspPriority>4</inspPriority><inspRequired>N</inspRequired><inspResultGroup>BLD_STANDARD</inspResultGroup><inspType>Service</inspType><inspectionTypeI18ns/><recDate>2013-04-04T15:15:09-07:00</recDate><recFulNam>ADMIN</recFulNam><recStatus>A</recStatus><totalScoreOption>SUM(list)</totalScoreOption></inspectionTypeModel><inspectionTypeModel><inspSeqNbr>80</inspSeqNbr><servProvCode>MUNI1</servProvCode><allowFailedGuidesheet>Y</allowFailedGuidesheet><allowMultiInspInAca>Y</allowMultiInspInAca><autoAssign>N</autoAssign><displayInAca>Y</displayInAca><flowEnabled>N</flowEnabled><inspCode>BLD_ELE_R</inspCode><inspEditable>Y</inspEditable><inspGroupName>BLD Electrical Res</inspGroupName><inspPriority>1</inspPriority><inspRequired>N</inspRequired><inspResultGroup>BLD_STANDARD</inspResultGroup><inspType>Temp Service Pole</inspType><inspectionTypeI18ns/><recDate>2013-04-04T15:15:09-07:00</recDate><recFulNam>ADMIN</recFulNam><recStatus>A</recStatus><totalScoreOption>SUM(list)</totalScoreOption></inspectionTypeModel><inspectionTypeModel><inspSeqNbr>81</inspSeqNbr><servProvCode>MUNI1</servProvCode><allowFailedGuidesheet>Y</allowFailedGuidesheet><allowMultiInspInAca>Y</allowMultiInspInAca><autoAssign>N</autoAssign><displayInAca>Y</displayInAca><flowEnabled>N</flowEnabled><inspCode>BLD_ELE_R</inspCode><inspEditable>Y</inspEditable><inspGroupName>BLD Electrical Res</inspGroupName><inspPriority>3</inspPriority><inspRequired>N</inspRequired><inspResultGroup>BLD_STANDARD</inspResultGroup><inspType>Ground Work</inspType><inspectionTypeI18ns/><recDate>2013-04-04T15:15:09-07:00</recDate><recFulNam>ADMIN</recFulNam><recStatus>A</recStatus><totalScoreOption>SUM(list)</totalScoreOption></inspectionTypeModel><inspectionTypeModel><inspSeqNbr>82</inspSeqNbr><servProvCode>MUNI1</servProvCode><allowFailedGuidesheet>Y</allowFailedGuidesheet><allowMultiInspInAca>Y</allowMultiInspInAca><autoAssign>N</autoAssign><displayInAca>Y</displayInAca><flowEnabled>N</flowEnabled><inspCode>BLD_ELE_R</inspCode><inspEditable>Y</inspEditable><inspGroupName>BLD Electrical Res</inspGroupName><inspPriority>7</inspPriority><inspRequired>N</inspRequired><inspResultGroup>BLD_STANDARD</inspResultGroup><inspType>Electrical Final</inspType><inspectionTypeI18ns/><recDate>2013-04-04T15:15:09-07:00</recDate><recFulNam>ADMIN</recFulNam><recStatus>A</recStatus><totalScoreOption>SUM(list)</totalScoreOption></inspectionTypeModel><inspectionTypeModel><inspSeqNbr>83</inspSeqNbr><servProvCode>MUNI1</servProvCode><allowFailedGuidesheet>Y</allowFailedGuidesheet><allowMultiInspInAca>Y</allowMultiInspInAca><autoAssign>N</autoAssign><displayInAca>Y</displayInAca><flowEnabled>N</flowEnabled><inspCode>BLD_ELE_R</inspCode><inspEditable>Y</inspEditable><inspGroupName>BLD Electrical Res</inspGroupName><inspPriority>8</inspPriority><inspRequired>N</inspRequired><inspResultGroup>BLD_STANDARD</inspResultGroup><inspType>Progress Check</inspType><inspectionTypeI18ns/><recDate>2013-04-04T15:15:09-07:00</recDate><recFulNam>ADMIN</recFulNam><recStatus>A</recStatus><totalScoreOption>SUM(list)</totalScoreOption></inspectionTypeModel><inspectionTypeModel><inspSeqNbr>84</inspSeqNbr><servProvCode>MUNI1</servProvCode><allowFailedGuidesheet>Y</allowFailedGuidesheet><allowMultiInspInAca>Y</allowMultiInspInAca><autoAssign>N</autoAssign><displayInAca>Y</displayInAca><flowEnabled>N</flowEnabled><inspCode>BLD_ELE_R</inspCode><inspEditable>Y</inspEditable><inspGroupName>BLD Electrical Res</inspGroupName><inspPriority>5</inspPriority><inspRequired>N</inspRequired><inspResultGroup>BLD_STANDARD</inspResultGroup><inspType>Breaker Box</inspType><inspectionTypeI18ns/><recDate>2013-04-04T15:15:09-07:00</recDate><recFulNam>ADMIN</recFulNam><recStatus>A</recStatus><totalScoreOption>SUM(list)</totalScoreOption></inspectionTypeModel><inspectionTypeModel><inspSeqNbr>85</inspSeqNbr><servProvCode>MUNI1</servProvCode><allowFailedGuidesheet>Y</allowFailedGuidesheet><allowMultiInspInAca>Y</allowMultiInspInAca><autoAssign>N</autoAssign><displayInAca>Y</displayInAca><flowEnabled>N</flowEnabled><inspCode>BLD_ELE_R</inspCode><inspEditable>Y</inspEditable><inspGroupName>BLD Electrical Res</inspGroupName><inspPriority>6</inspPriority><inspRequired>N</inspRequired><inspResultGroup>BLD_STANDARD</inspResultGroup><inspType>Grounding</inspType><inspectionTypeI18ns/><recDate>2013-04-04T15:15:09-07:00</recDate><recFulNam>ADMIN</recFulNam><recStatus>A</recStatus><totalScoreOption>SUM(list)</totalScoreOption></inspectionTypeModel></inspectionTypeModels><inspectionTypeSecurityModels/><isDepartmentSelected>Y</isDepartmentSelected><isGradeGroupSelected>Y</isGradeGroupSelected><isGuideSheetSelected>Y</isGuideSheetSelected><isRelatedInspSelected>Y</isRelatedInspSelected><isResultGroupSelected>Y</isResultGroupSelected><isSecutirySelected>Y</isSecutirySelected></inspectionGroup>
<inspectionGroup><inspCode>BLD_MECH_R</inspCode><servProvCode>MUNI1</servProvCode><inspGroupName>BLD Mechanical Res</inspGroupName><inspectionSec>BLD_MECH_R/%</inspectionSec><inspectionTypeModels><inspectionTypeModel><inspSeqNbr>86</inspSeqNbr><servProvCode>MUNI1</servProvCode><allowFailedGuidesheet>Y</allowFailedGuidesheet><allowMultiInspInAca>Y</allowMultiInspInAca><autoAssign>N</autoAssign><displayInAca>Y</displayInAca><flowEnabled>N</flowEnabled><inspCode>BLD_MECH_R</inspCode><inspEditable>Y</inspEditable><inspGroupName>BLD Mechanical Res</inspGroupName><inspPriority>10</inspPriority><inspRequired>N</inspRequired><inspResultGroup>BLD_STANDARD</inspResultGroup><inspType>Progress Check</inspType><inspectionTypeI18ns/><recDate>2013-03-13T15:31:04-07:00</recDate><recFulNam>ADMIN</recFulNam><recStatus>A</recStatus><totalScoreOption>SUM(list)</totalScoreOption></inspectionTypeModel><inspectionTypeModel><inspSeqNbr>87</inspSeqNbr><servProvCode>MUNI1</servProvCode><allowFailedGuidesheet>Y</allowFailedGuidesheet><allowMultiInspInAca>Y</allowMultiInspInAca><autoAssign>N</autoAssign><displayInAca>Y</displayInAca><flowEnabled>N</flowEnabled><inspCode>BLD_MECH_R</inspCode><inspEditable>Y</inspEditable><inspGroupName>BLD Mechanical Res</inspGroupName><inspPriority>5</inspPriority><inspRequired>N</inspRequired><inspResultGroup>BLD_STANDARD</inspResultGroup><inspType>Gas Service</inspType><inspectionTypeI18ns/><recDate>2013-03-13T15:31:04-07:00</recDate><recFulNam>ADMIN</recFulNam><recStatus>A</recStatus><totalScoreOption>SUM(list)</totalScoreOption></inspectionTypeModel><inspectionTypeModel><inspSeqNbr>88</inspSeqNbr><servProvCode>MUNI1</servProvCode><allowFailedGuidesheet>Y</allowFailedGuidesheet><allowMultiInspInAca>Y</allowMultiInspInAca><autoAssign>N</autoAssign><displayInAca>Y</displayInAca><flowEnabled>N</flowEnabled><inspCode>BLD_MECH_R</inspCode><inspEditable>Y</inspEditable><inspGroupName>BLD Mechanical Res</inspGroupName><inspPriority>9</inspPriority><inspRequired>N</inspRequired><inspResultGroup>BLD_STANDARD</inspResultGroup><inspType>Mechanical Final</inspType><inspectionTypeI18ns/><recDate>2013-03-13T15:31:04-07:00</recDate><recFulNam>ADMIN</recFulNam><recStatus>A</recStatus><totalScoreOption>SUM(list)</totalScoreOption></inspectionTypeModel><inspectionTypeModel><inspSeqNbr>89</inspSeqNbr><servProvCode>MUNI1</servProvCode><allowFailedGuidesheet>Y</allowFailedGuidesheet><allowMultiInspInAca>Y</allowMultiInspInAca><autoAssign>N</autoAssign><displayInAca>Y</displayInAca><flowEnabled>N</flowEnabled><inspCode>BLD_MECH_R</inspCode><inspEditable>Y</inspEditable><inspGroupName>BLD Mechanical Res</inspGroupName><inspPriority>6</inspPriority><inspRequired>N</inspRequired><inspResultGroup>BLD_STANDARD</inspResultGroup><inspType>Construction Gas</inspType><inspectionTypeI18ns/><recDate>2013-03-13T15:31:04-07:00</recDate><recFulNam>ADMIN</recFulNam><recStatus>A</recStatus><totalScoreOption>SUM(list)</totalScoreOption></inspectionTypeModel><inspectionTypeModel><inspSeqNbr>90</inspSeqNbr><servProvCode>MUNI1</servProvCode><allowFailedGuidesheet>Y</allowFailedGuidesheet><allowMultiInspInAca>Y</allowMultiInspInAca><autoAssign>N</autoAssign><displayInAca>Y</displayInAca><flowEnabled>N</flowEnabled><inspCode>BLD_MECH_R</inspCode><inspEditable>Y</inspEditable><inspGroupName>BLD Mechanical Res</inspGroupName><inspPriority>8</inspPriority><inspRequired>N</inspRequired><inspResultGroup>BLD_STANDARD</inspResultGroup><inspType>Service Interior</inspType><inspectionTypeI18ns/><recDate>2013-03-13T15:31:04-07:00</recDate><recFulNam>ADMIN</recFulNam><recStatus>A</recStatus><totalScoreOption>SUM(list)</totalScoreOption></inspectionTypeModel><inspectionTypeModel><inspSeqNbr>91</inspSeqNbr><servProvCode>MUNI1</servProvCode><allowFailedGuidesheet>Y</allowFailedGuidesheet><allowMultiInspInAca>Y</allowMultiInspInAca><autoAssign>N</autoAssign><displayInAca>Y</displayInAca><flowEnabled>N</flowEnabled><inspCode>BLD_MECH_R</inspCode><inspEditable>Y</inspEditable><inspGroupName>BLD Mechanical Res</inspGroupName><inspPriority>7</inspPriority><inspRequired>N</inspRequired><inspResultGroup>BLD_STANDARD</inspResultGroup><inspType>Relocate Service</inspType><inspectionTypeI18ns/><recDate>2013-03-13T15:31:04-07:00</recDate><recFulNam>ADMIN</recFulNam><recStatus>A</recStatus><totalScoreOption>SUM(list)</totalScoreOption></inspectionTypeModel><inspectionTypeModel><inspSeqNbr>92</inspSeqNbr><servProvCode>MUNI1</servProvCode><allowFailedGuidesheet>Y</allowFailedGuidesheet><allowMultiInspInAca>Y</allowMultiInspInAca><autoAssign>N</autoAssign><displayInAca>Y</displayInAca><flowEnabled>N</flowEnabled><inspCode>BLD_MECH_R</inspCode><inspEditable>Y</inspEditable><inspGroupName>BLD Mechanical Res</inspGroupName><inspPriority>1</inspPriority><inspRequired>N</inspRequired><inspResultGroup>BLD_STANDARD</inspResultGroup><inspType>Ground Work</inspType><inspectionTypeI18ns/><recDate>2013-03-13T15:31:04-07:00</recDate><recFulNam>ADMIN</recFulNam><recStatus>A</recStatus><totalScoreOption>SUM(list)</totalScoreOption></inspectionTypeModel><inspectionTypeModel><inspSeqNbr>93</inspSeqNbr><servProvCode>MUNI1</servProvCode><allowFailedGuidesheet>Y</allowFailedGuidesheet><allowMultiInspInAca>Y</allowMultiInspInAca><autoAssign>N</autoAssign><displayInAca>Y</displayInAca><flowEnabled>N</flowEnabled><inspCode>BLD_MECH_R</inspCode><inspEditable>Y</inspEditable><inspGroupName>BLD Mechanical Res</inspGroupName><inspPriority>2</inspPriority><inspRequired>N</inspRequired><inspResultGroup>BLD_STANDARD</inspResultGroup><inspType>Rough In</inspType><inspectionTypeI18ns/><recDate>2013-03-13T15:31:04-07:00</recDate><recFulNam>ADMIN</recFulNam><recStatus>A</recStatus><totalScoreOption>SUM(list)</totalScoreOption></inspectionTypeModel><inspectionTypeModel><inspSeqNbr>94</inspSeqNbr><servProvCode>MUNI1</servProvCode><allowFailedGuidesheet>Y</allowFailedGuidesheet><allowMultiInspInAca>Y</allowMultiInspInAca><autoAssign>N</autoAssign><displayInAca>Y</displayInAca><flowEnabled>N</flowEnabled><inspCode>BLD_MECH_R</inspCode><inspEditable>Y</inspEditable><inspGroupName>BLD Mechanical Res</inspGroupName><inspPriority>3</inspPriority><inspRequired>N</inspRequired><inspResultGroup>BLD_STANDARD</inspResultGroup><inspType>Duct Work</inspType><inspectionTypeI18ns/><recDate>2013-03-13T15:31:04-07:00</recDate><recFulNam>ADMIN</recFulNam><recStatus>A</recStatus><totalScoreOption>SUM(list)</totalScoreOption></inspectionTypeModel><inspectionTypeModel><inspSeqNbr>95</inspSeqNbr><servProvCode>MUNI1</servProvCode><allowFailedGuidesheet>Y</allowFailedGuidesheet><allowMultiInspInAca>Y</allowMultiInspInAca><autoAssign>N</autoAssign><displayInAca>Y</displayInAca><flowEnabled>N</flowEnabled><inspCode>BLD_MECH_R</inspCode><inspEditable>Y</inspEditable><inspGroupName>BLD Mechanical Res</inspGroupName><inspPriority>4</inspPriority><inspRequired>N</inspRequired><inspResultGroup>BLD_STANDARD</inspResultGroup><inspType>Gas Meter Reset</inspType><inspectionTypeI18ns/><recDate>2013-03-13T15:31:04-07:00</recDate><recFulNam>ADMIN</recFulNam><recStatus>A</recStatus><totalScoreOption>SUM(list)</totalScoreOption></inspectionTypeModel></inspectionTypeModels><inspectionTypeSecurityModels/><isDepartmentSelected>Y</isDepartmentSelected><isGradeGroupSelected>Y</isGradeGroupSelected><isGuideSheetSelected>Y</isGuideSheetSelected><isRelatedInspSelected>Y</isRelatedInspSelected><isResultGroupSelected>Y</isResultGroupSelected><isSecutirySelected>Y</isSecutirySelected></inspectionGroup>
<inspectionGroup><inspCode>BLD_PLM_R</inspCode><servProvCode>MUNI1</servProvCode><inspGroupName>BLD Plumbing Res</inspGroupName><inspectionSec>BLD_PLM_R/%</inspectionSec><inspectionTypeModels><inspectionTypeModel><inspSeqNbr>96</inspSeqNbr><servProvCode>MUNI1</servProvCode><allowFailedGuidesheet>Y</allowFailedGuidesheet><allowMultiInspInAca>Y</allowMultiInspInAca><autoAssign>N</autoAssign><displayInAca>Y</displayInAca><flowEnabled>N</flowEnabled><inspCode>BLD_PLM_R</inspCode><inspEditable>Y</inspEditable><inspGroupName>BLD Plumbing Res</inspGroupName><inspPriority>11</inspPriority><inspRequired>N</inspRequired><inspResultGroup>BLD_STANDARD</inspResultGroup><inspType>Progress Check</inspType><inspectionTypeI18ns/><recDate>2013-03-13T15:31:30-07:00</recDate><recFulNam>ADMIN</recFulNam><recStatus>A</recStatus><totalScoreOption>SUM(list)</totalScoreOption></inspectionTypeModel><inspectionTypeModel><inspSeqNbr>97</inspSeqNbr><servProvCode>MUNI1</servProvCode><allowFailedGuidesheet>Y</allowFailedGuidesheet><allowMultiInspInAca>Y</allowMultiInspInAca><autoAssign>N</autoAssign><displayInAca>Y</displayInAca><flowEnabled>N</flowEnabled><inspCode>BLD_PLM_R</inspCode><inspEditable>Y</inspEditable><inspGroupName>BLD Plumbing Res</inspGroupName><inspPriority>1</inspPriority><inspRequired>N</inspRequired><inspResultGroup>BLD_STANDARD</inspResultGroup><inspType>Ground Work</inspType><inspectionTypeI18ns/><recDate>2013-03-13T15:31:30-07:00</recDate><recFulNam>ADMIN</recFulNam><recStatus>A</recStatus><totalScoreOption>SUM(list)</totalScoreOption></inspectionTypeModel><inspectionTypeModel><inspSeqNbr>98</inspSeqNbr><servProvCode>MUNI1</servProvCode><allowFailedGuidesheet>Y</allowFailedGuidesheet><allowMultiInspInAca>Y</allowMultiInspInAca><autoAssign>N</autoAssign><displayInAca>Y</displayInAca><flowEnabled>N</flowEnabled><inspCode>BLD_PLM_R</inspCode><inspEditable>Y</inspEditable><inspGroupName>BLD Plumbing Res</inspGroupName><inspPriority>2</inspPriority><inspRequired>N</inspRequired><inspResultGroup>BLD_STANDARD</inspResultGroup><inspType>Rough In</inspType><inspectionTypeI18ns/><recDate>2013-03-13T15:31:30-07:00</recDate><recFulNam>ADMIN</recFulNam><recStatus>A</recStatus><totalScoreOption>SUM(list)</totalScoreOption></inspectionTypeModel><inspectionTypeModel><inspSeqNbr>99</inspSeqNbr><servProvCode>MUNI1</servProvCode><allowFailedGuidesheet>Y</allowFailedGuidesheet><allowMultiInspInAca>Y</allowMultiInspInAca><autoAssign>N</autoAssign><displayInAca>Y</displayInAca><flowEnabled>N</flowEnabled><inspCode>BLD_PLM_R</inspCode><inspEditable>Y</inspEditable><inspGroupName>BLD Plumbing Res</inspGroupName><inspPriority>3</inspPriority><inspRequired>N</inspRequired><inspResultGroup>BLD_STANDARD</inspResultGroup><inspType>Construction Gas</inspType><inspectionTypeI18ns/><recDate>2013-03-13T15:31:30-07:00</recDate><recFulNam>ADMIN</recFulNam><recStatus>A</recStatus><totalScoreOption>SUM(list)</totalScoreOption></inspectionTypeModel><inspectionTypeModel><inspSeqNbr>100</inspSeqNbr><servProvCode>MUNI1</servProvCode><allowFailedGuidesheet>Y</allowFailedGuidesheet><allowMultiInspInAca>Y</allowMultiInspInAca><autoAssign>N</autoAssign><displayInAca>Y</displayInAca><flowEnabled>N</flowEnabled><inspCode>BLD_PLM_R</inspCode><inspEditable>Y</inspEditable><inspGroupName>BLD Plumbing Res</inspGroupName><inspPriority>4</inspPriority><inspRequired>N</inspRequired><inspResultGroup>BLD_STANDARD</inspResultGroup><inspType>Sewer</inspType><inspectionTypeI18ns/><recDate>2013-03-13T15:31:30-07:00</recDate><recFulNam>ADMIN</recFulNam><recStatus>A</recStatus><totalScoreOption>SUM(list)</totalScoreOption></inspectionTypeModel><inspectionTypeModel><inspSeqNbr>101</inspSeqNbr><servProvCode>MUNI1</servProvCode><allowFailedGuidesheet>Y</allowFailedGuidesheet><allowMultiInspInAca>Y</allowMultiInspInAca><autoAssign>N</autoAssign><displayInAca>Y</displayInAca><flowEnabled>N</flowEnabled><inspCode>BLD_PLM_R</inspCode><inspEditable>Y</inspEditable><inspGroupName>BLD Plumbing Res</inspGroupName><inspPriority>5</inspPriority><inspRequired>N</inspRequired><inspResultGroup>BLD_STANDARD</inspResultGroup><inspType>Water</inspType><inspectionTypeI18ns/><recDate>2013-03-13T15:31:30-07:00</recDate><recFulNam>ADMIN</recFulNam><recStatus>A</recStatus><totalScoreOption>SUM(list)</totalScoreOption></inspectionTypeModel><inspectionTypeModel><inspSeqNbr>102</inspSeqNbr><servProvCode>MUNI1</servProvCode><allowFailedGuidesheet>Y</allowFailedGuidesheet><allowMultiInspInAca>Y</allowMultiInspInAca><autoAssign>N</autoAssign><displayInAca>Y</displayInAca><flowEnabled>N</flowEnabled><inspCode>BLD_PLM_R</inspCode><inspEditable>Y</inspEditable><inspGroupName>BLD Plumbing Res</inspGroupName><inspPriority>6</inspPriority><inspRequired>N</inspRequired><inspResultGroup>BLD_STANDARD</inspResultGroup><inspType>Gas</inspType><inspectionTypeI18ns/><recDate>2013-03-13T15:31:30-07:00</recDate><recFulNam>ADMIN</recFulNam><recStatus>A</recStatus><totalScoreOption>SUM(list)</totalScoreOption></inspectionTypeModel><inspectionTypeModel><inspSeqNbr>103</inspSeqNbr><servProvCode>MUNI1</servProvCode><allowFailedGuidesheet>Y</allowFailedGuidesheet><allowMultiInspInAca>Y</allowMultiInspInAca><autoAssign>N</autoAssign><displayInAca>Y</displayInAca><flowEnabled>N</flowEnabled><inspCode>BLD_PLM_R</inspCode><inspEditable>Y</inspEditable><inspGroupName>BLD Plumbing Res</inspGroupName><inspPriority>7</inspPriority><inspRequired>N</inspRequired><inspResultGroup>BLD_STANDARD</inspResultGroup><inspType>Service Interior</inspType><inspectionTypeI18ns/><recDate>2013-03-13T15:31:30-07:00</recDate><recFulNam>ADMIN</recFulNam><recStatus>A</recStatus><totalScoreOption>SUM(list)</totalScoreOption></inspectionTypeModel><inspectionTypeModel><inspSeqNbr>104</inspSeqNbr><servProvCode>MUNI1</servProvCode><allowFailedGuidesheet>Y</allowFailedGuidesheet><allowMultiInspInAca>Y</allowMultiInspInAca><autoAssign>N</autoAssign><displayInAca>Y</displayInAca><flowEnabled>N</flowEnabled><inspCode>BLD_PLM_R</inspCode><inspEditable>Y</inspEditable><inspGroupName>BLD Plumbing Res</inspGroupName><inspPriority>8</inspPriority><inspRequired>N</inspRequired><inspResultGroup>BLD_STANDARD</inspResultGroup><inspType>Relocate Service</inspType><inspectionTypeI18ns/><recDate>2013-03-13T15:31:30-07:00</recDate><recFulNam>ADMIN</recFulNam><recStatus>A</recStatus><totalScoreOption>SUM(list)</totalScoreOption></inspectionTypeModel><inspectionTypeModel><inspSeqNbr>105</inspSeqNbr><servProvCode>MUNI1</servProvCode><allowFailedGuidesheet>Y</allowFailedGuidesheet><allowMultiInspInAca>Y</allowMultiInspInAca><autoAssign>N</autoAssign><displayInAca>Y</displayInAca><flowEnabled>N</flowEnabled><inspCode>BLD_PLM_R</inspCode><inspEditable>Y</inspEditable><inspGroupName>BLD Plumbing Res</inspGroupName><inspPriority>9</inspPriority><inspRequired>N</inspRequired><inspResultGroup>BLD_STANDARD</inspResultGroup><inspType>Gas Meter Reset</inspType><inspectionTypeI18ns/><recDate>2013-03-13T15:31:30-07:00</recDate><recFulNam>ADMIN</recFulNam><recStatus>A</recStatus><totalScoreOption>SUM(list)</totalScoreOption></inspectionTypeModel><inspectionTypeModel><inspSeqNbr>106</inspSeqNbr><servProvCode>MUNI1</servProvCode><allowFailedGuidesheet>Y</allowFailedGuidesheet><allowMultiInspInAca>Y</allowMultiInspInAca><autoAssign>N</autoAssign><displayInAca>Y</displayInAca><flowEnabled>N</flowEnabled><inspCode>BLD_PLM_R</inspCode><inspEditable>Y</inspEditable><inspGroupName>BLD Plumbing Res</inspGroupName><inspPriority>10</inspPriority><inspRequired>N</inspRequired><inspResultGroup>BLD_STANDARD</inspResultGroup><inspType>Plumbing Final</inspType><inspectionTypeI18ns/><recDate>2013-03-13T15:31:30-07:00</recDate><recFulNam>ADMIN</recFulNam><recStatus>A</recStatus><totalScoreOption>SUM(list)</totalScoreOption></inspectionTypeModel></inspectionTypeModels><inspectionTypeSecurityModels/><isDepartmentSelected>Y</isDepartmentSelected><isGradeGroupSelected>Y</isGradeGroupSelected><isGuideSheetSelected>Y</isGuideSheetSelected><isRelatedInspSelected>Y</isRelatedInspSelected><isResultGroupSelected>Y</isResultGroupSelected><isSecutirySelected>Y</isSecutirySelected></inspectionGroup>
<inspectionGroup><inspCode>BLD_RES_RRF</inspCode><servProvCode>MUNI1</servProvCode><inspGroupName>BLD Residential Re-Roof</inspGroupName><inspectionSec>BLD_RES_RRF/%</inspectionSec><inspectionTypeModels><inspectionTypeModel><inspSeqNbr>107</inspSeqNbr><servProvCode>MUNI1</servProvCode><allowFailedGuidesheet>Y</allowFailedGuidesheet><allowMultiInspInAca>Y</allowMultiInspInAca><autoAssign>N</autoAssign><displayInAca>Y</displayInAca><flowEnabled>N</flowEnabled><inspCode>BLD_RES_RRF</inspCode><inspEditable>Y</inspEditable><inspGroupName>BLD Residential Re-Roof</inspGroupName><inspPriority>1</inspPriority><inspRequired>N</inspRequired><inspResultGroup>BLD_STANDARD</inspResultGroup><inspType>Frame</inspType><inspectionTypeI18ns/><recDate>2013-03-27T08:41:18-07:00</recDate><recFulNam>ADMIN</recFulNam><recStatus>A</recStatus><totalScoreOption>SUM(list)</totalScoreOption></inspectionTypeModel><inspectionTypeModel><inspSeqNbr>108</inspSeqNbr><servProvCode>MUNI1</servProvCode><allowFailedGuidesheet>Y</allowFailedGuidesheet><allowMultiInspInAca>Y</allowMultiInspInAca><autoAssign>N</autoAssign><displayInAca>Y</displayInAca><flowEnabled>N</flowEnabled><inspCode>BLD_RES_RRF</inspCode><inspEditable>Y</inspEditable><inspGroupName>BLD Residential Re-Roof</inspGroupName><inspPriority>2</inspPriority><inspRequired>N</inspRequired><inspResultGroup>BLD_STANDARD</inspResultGroup><inspType>Roof Final</inspType><inspectionTypeI18ns/><recDate>2013-03-27T08:41:18-07:00</recDate><recFulNam>ADMIN</recFulNam><recStatus>A</recStatus><totalScoreOption>SUM(list)</totalScoreOption></inspectionTypeModel><inspectionTypeModel><inspSeqNbr>109</inspSeqNbr><servProvCode>MUNI1</servProvCode><allowFailedGuidesheet>Y</allowFailedGuidesheet><allowMultiInspInAca>Y</allowMultiInspInAca><autoAssign>N</autoAssign><displayInAca>Y</displayInAca><flowEnabled>N</flowEnabled><inspCode>BLD_RES_RRF</inspCode><inspEditable>Y</inspEditable><inspGroupName>BLD Residential Re-Roof</inspGroupName><inspPriority>3</inspPriority><inspRequired>N</inspRequired><inspResultGroup>BLD_STANDARD</inspResultGroup><inspType>Progress Check</inspType><inspectionTypeI18ns/><recDate>2013-03-27T08:41:18-07:00</recDate><recFulNam>ADMIN</recFulNam><recStatus>A</recStatus><totalScoreOption>SUM(list)</totalScoreOption></inspectionTypeModel></inspectionTypeModels><inspectionTypeSecurityModels/><isDepartmentSelected>Y</isDepartmentSelected><isGradeGroupSelected>Y</isGradeGroupSelected><isGuideSheetSelected>Y</isGuideSheetSelected><isRelatedInspSelected>Y</isRelatedInspSelected><isResultGroupSelected>Y</isResultGroupSelected><isSecutirySelected>Y</isSecutirySelected></inspectionGroup>
</list>