<?xml version="1.0" encoding="UTF-8" standalone="yes"?>
<list  version="8.0.0" minorVersion="21" exportUser="ADMIN" exportDateTime="07/28/2016 05:28 AM" description="null"><mask><name>Default</name><serviceProviderCode>MUNI1</serviceProviderCode><type>Cap Key</type><auditModel><auditDate>2014-03-20T12:46:14-07:00</auditDate><auditID>SYSTEM</auditID><auditStatus>A</auditStatus></auditModel><description>Default Cap Key Mask</description><maxLength>17</maxLength><minLength>17</minLength><pattern>REC$$yy$$-00000-$$SEQ05$$</pattern><radixValue>36</radixValue><seqName>Default</seqName></mask>
<mask><name>Building/Residential/Addition/NA</name><serviceProviderCode>MUNI1</serviceProviderCode><type>Cap ID</type><auditModel><auditDate>2013-03-14T08:57:06-07:00</auditDate><auditID>SYSTEM</auditID><auditStatus>A</auditStatus></auditModel><description> </description><maxLength>30</maxLength><minLength>1</minLength><pattern>BLD$$yy$$-$$SEQ05$$</pattern><radixValue>10</radixValue><seqName>Building///</seqName></mask>
<mask><name>Default</name><serviceProviderCode>MUNI1</serviceProviderCode><type>Partial CAP ID</type><auditModel><auditDate>2016-02-18T01:01:43.733-08:00</auditDate><auditID>ADMIN</auditID><auditStatus>A</auditStatus></auditModel><description>Mask Definition for Partial CAP ID</description><maxLength>30</maxLength><minLength>1</minLength><pattern>$$yy$$EST-$$SEQ06$$</pattern><radixValue>10</radixValue><seqName>Default</seqName></mask>
<mask><name>Agency-Receipt</name><serviceProviderCode>MUNI1</serviceProviderCode><type>Receipt</type><auditModel><auditDate>2011-08-09T06:07:28-07:00</auditDate><auditID>SYSTEM</auditID><auditStatus>A</auditStatus></auditModel><description>Mask Definition for Receipt Number</description><maxLength>30</maxLength><minLength>1</minLength><pattern>$$SEQ12$$</pattern><radixValue>10</radixValue><seqName>Agency-Receipt</seqName></mask>
<mask><name>Default</name><serviceProviderCode>MUNI1</serviceProviderCode><type>Temporary CAP ID</type><auditModel><auditDate>2016-02-18T01:01:43.800-08:00</auditDate><auditID>ADMIN</auditID><auditStatus>A</auditStatus></auditModel><description>Mask Definition for Temporary CAP ID</description><maxLength>30</maxLength><minLength>1</minLength><pattern>$$yy$$TMP-$$SEQ06$$</pattern><radixValue>10</radixValue><seqName>Default</seqName></mask>
<mask><name>Building/Pool-Spa/Residential/NA</name><serviceProviderCode>MUNI1</serviceProviderCode><type>Cap ID</type><auditModel><auditDate>2013-03-14T09:07:20-07:00</auditDate><auditID>SYSTEM</auditID><auditStatus>A</auditStatus></auditModel><description> </description><maxLength>30</maxLength><minLength>1</minLength><pattern>BLD$$yy$$-$$SEQ05$$</pattern><radixValue>10</radixValue><seqName>Building///</seqName></mask>
<mask><name>Building/Residential/Alteration/NA</name><serviceProviderCode>MUNI1</serviceProviderCode><type>Cap ID</type><auditModel><auditDate>2013-03-14T08:57:36-07:00</auditDate><auditID>SYSTEM</auditID><auditStatus>A</auditStatus></auditModel><description> </description><maxLength>30</maxLength><minLength>1</minLength><pattern>BLD$$yy$$-$$SEQ05$$</pattern><radixValue>10</radixValue><seqName>Building///</seqName></mask>
<mask><name>Building/Residential/Demolition/NA</name><serviceProviderCode>MUNI1</serviceProviderCode><type>Cap ID</type><auditModel><auditDate>2013-03-14T08:58:07-07:00</auditDate><auditID>SYSTEM</auditID><auditStatus>A</auditStatus></auditModel><description> </description><maxLength>30</maxLength><minLength>1</minLength><pattern>BLD$$yy$$-$$SEQ05$$</pattern><radixValue>10</radixValue><seqName>Building///</seqName></mask>
<mask><name>Building/Electrical/Residential/NA</name><serviceProviderCode>MUNI1</serviceProviderCode><type>Cap ID</type><auditModel><auditDate>2013-03-14T09:02:52-07:00</auditDate><auditID>SYSTEM</auditID><auditStatus>A</auditStatus></auditModel><description> </description><maxLength>30</maxLength><minLength>1</minLength><pattern>BLD$$yy$$-$$SEQ05$$</pattern><radixValue>10</radixValue><seqName>Building///</seqName></mask>
<mask><name>Building/Mechanical/Residential/NA</name><serviceProviderCode>MUNI1</serviceProviderCode><type>Cap ID</type><auditModel><auditDate>2013-03-14T09:05:15-07:00</auditDate><auditID>SYSTEM</auditID><auditStatus>A</auditStatus></auditModel><description> </description><maxLength>30</maxLength><minLength>1</minLength><pattern>BLD$$yy$$-$$SEQ05$$</pattern><radixValue>10</radixValue><seqName>Building///</seqName></mask>
<mask><name>Building/Residential/New/NA</name><serviceProviderCode>MUNI1</serviceProviderCode><type>Cap ID</type><auditModel><auditDate>2013-03-14T08:58:30-07:00</auditDate><auditID>SYSTEM</auditID><auditStatus>A</auditStatus></auditModel><description> </description><maxLength>30</maxLength><minLength>1</minLength><pattern>BLD$$yy$$-$$SEQ05$$</pattern><radixValue>10</radixValue><seqName>Building///</seqName></mask>
<mask><name>Building/Plumbing/Residential/NA</name><serviceProviderCode>MUNI1</serviceProviderCode><type>Cap ID</type><auditModel><auditDate>2013-03-14T09:04:11-07:00</auditDate><auditID>SYSTEM</auditID><auditStatus>A</auditStatus></auditModel><description> </description><maxLength>30</maxLength><minLength>1</minLength><pattern>BLD$$yy$$-$$SEQ05$$</pattern><radixValue>10</radixValue><seqName>Building///</seqName></mask>
<mask><name>Building/Re-Roof/Residential/NA</name><serviceProviderCode>MUNI1</serviceProviderCode><type>Cap ID</type><auditModel><auditDate>2013-03-27T08:47:08-07:00</auditDate><auditID>SYSTEM</auditID><auditStatus>A</auditStatus></auditModel><description> </description><maxLength>30</maxLength><minLength>1</minLength><pattern>BLD$$yy$$-$$SEQ05$$</pattern><radixValue>10</radixValue><seqName>Building///</seqName></mask>
</list>