<?xml version="1.0" encoding="UTF-8" standalone="yes"?>
<list  version="8.0.0" minorVersion="21" exportUser="ADMIN" exportDateTime="07/28/2016 05:28 AM" description="null"><sharedDropDownListModel><name>BLD_USE</name><serviceProviderCode>MUNI1</serviceProviderCode><auditModel><auditDate>2009-10-20T09:25:55-07:00</auditDate><auditID>ADMIN</auditID><auditStatus>A</auditStatus></auditModel><description>Exisiting and Proposed for Building</description><sharedDropDownList><sharedDropDownValue><bdvSeqNbr>2451</bdvSeqNbr><servProvCode>MUNI1</servProvCode><auditModel><auditDate>2009-10-20T09:27:14-07:00</auditDate><auditID>ADMIN</auditID><auditStatus>A</auditStatus></auditModel><bizdomain>BLD_USE</bizdomain><bizdomainValue>1 &amp; 2 Family Residence</bizdomainValue><resId>14619</resId><sortOrder>0</sortOrder><standardChoiceValueI18NModels/></sharedDropDownValue><sharedDropDownValue><bdvSeqNbr>2452</bdvSeqNbr><servProvCode>MUNI1</servProvCode><auditModel><auditDate>2009-10-20T10:39:02-07:00</auditDate><auditID>ADMIN</auditID><auditStatus>A</auditStatus></auditModel><bizdomain>BLD_USE</bizdomain><bizdomainValue>Adult Living Facility</bizdomainValue><resId>14620</resId><sortOrder>0</sortOrder><standardChoiceValueI18NModels/></sharedDropDownValue><sharedDropDownValue><bdvSeqNbr>2453</bdvSeqNbr><servProvCode>MUNI1</servProvCode><auditModel><auditDate>2012-07-01T18:00:46-07:00</auditDate><auditID>ADMIN</auditID><auditStatus>A</auditStatus></auditModel><bizdomain>BLD_USE</bizdomain><bizdomainValue>Apartment</bizdomainValue><resId>14621</resId><sortOrder>0</sortOrder><standardChoiceValueI18NModels/></sharedDropDownValue><sharedDropDownValue><bdvSeqNbr>2454</bdvSeqNbr><servProvCode>MUNI1</servProvCode><auditModel><auditDate>2009-10-20T09:27:52-07:00</auditDate><auditID>ADMIN</auditID><auditStatus>A</auditStatus></auditModel><bizdomain>BLD_USE</bizdomain><bizdomainValue>Auto Parking Structure/Lot</bizdomainValue><resId>14622</resId><sortOrder>0</sortOrder><standardChoiceValueI18NModels/></sharedDropDownValue><sharedDropDownValue><bdvSeqNbr>2455</bdvSeqNbr><servProvCode>MUNI1</servProvCode><auditModel><auditDate>2009-10-20T10:39:08-07:00</auditDate><auditID>ADMIN</auditID><auditStatus>A</auditStatus></auditModel><bizdomain>BLD_USE</bizdomain><bizdomainValue>Church</bizdomainValue><resId>14623</resId><sortOrder>0</sortOrder><standardChoiceValueI18NModels/></sharedDropDownValue><sharedDropDownValue><bdvSeqNbr>2456</bdvSeqNbr><servProvCode>MUNI1</servProvCode><auditModel><auditDate>2012-07-01T18:01:12-07:00</auditDate><auditID>ADMIN</auditID><auditStatus>A</auditStatus></auditModel><bizdomain>BLD_USE</bizdomain><bizdomainValue>Condominium</bizdomainValue><sortOrder>0</sortOrder><standardChoiceValueI18NModels/></sharedDropDownValue><sharedDropDownValue><bdvSeqNbr>2457</bdvSeqNbr><servProvCode>MUNI1</servProvCode><auditModel><auditDate>2009-10-20T10:40:07-07:00</auditDate><auditID>ADMIN</auditID><auditStatus>A</auditStatus></auditModel><bizdomain>BLD_USE</bizdomain><bizdomainValue>Construction Trailer</bizdomainValue><resId>14624</resId><sortOrder>0</sortOrder><standardChoiceValueI18NModels/></sharedDropDownValue><sharedDropDownValue><bdvSeqNbr>2458</bdvSeqNbr><servProvCode>MUNI1</servProvCode><auditModel><auditDate>2009-10-20T10:38:49-07:00</auditDate><auditID>ADMIN</auditID><auditStatus>A</auditStatus></auditModel><bizdomain>BLD_USE</bizdomain><bizdomainValue>Convalescent Hospital</bizdomainValue><resId>14625</resId><sortOrder>0</sortOrder><standardChoiceValueI18NModels/></sharedDropDownValue><sharedDropDownValue><bdvSeqNbr>2459</bdvSeqNbr><servProvCode>MUNI1</servProvCode><auditModel><auditDate>2009-10-20T10:38:38-07:00</auditDate><auditID>ADMIN</auditID><auditStatus>A</auditStatus></auditModel><bizdomain>BLD_USE</bizdomain><bizdomainValue>Educational</bizdomainValue><resId>14626</resId><sortOrder>0</sortOrder><standardChoiceValueI18NModels/></sharedDropDownValue><sharedDropDownValue><bdvSeqNbr>2460</bdvSeqNbr><servProvCode>MUNI1</servProvCode><auditModel><auditDate>2009-10-20T09:28:30-07:00</auditDate><auditID>ADMIN</auditID><auditStatus>A</auditStatus></auditModel><bizdomain>BLD_USE</bizdomain><bizdomainValue>Factory-Industrial</bizdomainValue><resId>14627</resId><sortOrder>0</sortOrder><standardChoiceValueI18NModels/></sharedDropDownValue><sharedDropDownValue><bdvSeqNbr>2461</bdvSeqNbr><servProvCode>MUNI1</servProvCode><auditModel><auditDate>2009-10-20T10:38:17-07:00</auditDate><auditID>ADMIN</auditID><auditStatus>A</auditStatus></auditModel><bizdomain>BLD_USE</bizdomain><bizdomainValue>Hazardous</bizdomainValue><resId>14628</resId><sortOrder>0</sortOrder><standardChoiceValueI18NModels/></sharedDropDownValue><sharedDropDownValue><bdvSeqNbr>2462</bdvSeqNbr><servProvCode>MUNI1</servProvCode><auditModel><auditDate>2009-10-20T10:37:17-07:00</auditDate><auditID>ADMIN</auditID><auditStatus>A</auditStatus></auditModel><bizdomain>BLD_USE</bizdomain><bizdomainValue>Hospital</bizdomainValue><resId>14629</resId><sortOrder>0</sortOrder><standardChoiceValueI18NModels/></sharedDropDownValue><sharedDropDownValue><bdvSeqNbr>2463</bdvSeqNbr><servProvCode>MUNI1</servProvCode><auditModel><auditDate>2009-10-20T09:29:36-07:00</auditDate><auditID>ADMIN</auditID><auditStatus>A</auditStatus></auditModel><bizdomain>BLD_USE</bizdomain><bizdomainValue>Hotel</bizdomainValue><resId>14630</resId><sortOrder>0</sortOrder><standardChoiceValueI18NModels/></sharedDropDownValue><sharedDropDownValue><bdvSeqNbr>2464</bdvSeqNbr><servProvCode>MUNI1</servProvCode><auditModel><auditDate>2009-10-20T09:27:26-07:00</auditDate><auditID>ADMIN</auditID><auditStatus>A</auditStatus></auditModel><bizdomain>BLD_USE</bizdomain><bizdomainValue>Mobile Home</bizdomainValue><resId>14631</resId><sortOrder>0</sortOrder><standardChoiceValueI18NModels/></sharedDropDownValue><sharedDropDownValue><bdvSeqNbr>2465</bdvSeqNbr><servProvCode>MUNI1</servProvCode><auditModel><auditDate>2009-10-20T09:28:37-07:00</auditDate><auditID>ADMIN</auditID><auditStatus>A</auditStatus></auditModel><bizdomain>BLD_USE</bizdomain><bizdomainValue>Office</bizdomainValue><resId>14632</resId><sortOrder>0</sortOrder><standardChoiceValueI18NModels/></sharedDropDownValue><sharedDropDownValue><bdvSeqNbr>2466</bdvSeqNbr><servProvCode>MUNI1</servProvCode><auditModel><auditDate>2009-10-20T09:29:48-07:00</auditDate><auditID>ADMIN</auditID><auditStatus>A</auditStatus></auditModel><bizdomain>BLD_USE</bizdomain><bizdomainValue>Private Garage</bizdomainValue><resId>14633</resId><sortOrder>0</sortOrder><standardChoiceValueI18NModels/></sharedDropDownValue><sharedDropDownValue><bdvSeqNbr>2467</bdvSeqNbr><servProvCode>MUNI1</servProvCode><auditModel><auditDate>2009-10-20T09:28:47-07:00</auditDate><auditID>ADMIN</auditID><auditStatus>A</auditStatus></auditModel><bizdomain>BLD_USE</bizdomain><bizdomainValue>Repair Garage</bizdomainValue><resId>14634</resId><sortOrder>0</sortOrder><standardChoiceValueI18NModels/></sharedDropDownValue><sharedDropDownValue><bdvSeqNbr>2468</bdvSeqNbr><servProvCode>MUNI1</servProvCode><auditModel><auditDate>2009-10-20T09:28:54-07:00</auditDate><auditID>ADMIN</auditID><auditStatus>A</auditStatus></auditModel><bizdomain>BLD_USE</bizdomain><bizdomainValue>Restaurant</bizdomainValue><resId>14635</resId><sortOrder>0</sortOrder><standardChoiceValueI18NModels/></sharedDropDownValue><sharedDropDownValue><bdvSeqNbr>2469</bdvSeqNbr><servProvCode>MUNI1</servProvCode><auditModel><auditDate>2009-10-20T10:37:00-07:00</auditDate><auditID>ADMIN</auditID><auditStatus>A</auditStatus></auditModel><bizdomain>BLD_USE</bizdomain><bizdomainValue>Retail</bizdomainValue><resId>14636</resId><sortOrder>0</sortOrder><standardChoiceValueI18NModels/></sharedDropDownValue><sharedDropDownValue><bdvSeqNbr>2470</bdvSeqNbr><servProvCode>MUNI1</servProvCode><auditModel><auditDate>2009-10-19T20:00:00-07:00</auditDate><auditID>ADMIN</auditID><auditStatus>A</auditStatus></auditModel><bizdomain>BLD_USE</bizdomain><bizdomainValue>Service Station</bizdomainValue><resId>14637</resId><sortOrder>0</sortOrder><standardChoiceValueI18NModels/></sharedDropDownValue><sharedDropDownValue><bdvSeqNbr>2471</bdvSeqNbr><servProvCode>MUNI1</servProvCode><auditModel><auditDate>2009-10-20T10:37:55-07:00</auditDate><auditID>ADMIN</auditID><auditStatus>A</auditStatus></auditModel><bizdomain>BLD_USE</bizdomain><bizdomainValue>Shell Industrial</bizdomainValue><resId>14638</resId><sortOrder>0</sortOrder><standardChoiceValueI18NModels/></sharedDropDownValue><sharedDropDownValue><bdvSeqNbr>2472</bdvSeqNbr><servProvCode>MUNI1</servProvCode><auditModel><auditDate>2009-10-20T10:38:09-07:00</auditDate><auditID>ADMIN</auditID><auditStatus>A</auditStatus></auditModel><bizdomain>BLD_USE</bizdomain><bizdomainValue>Shell Office</bizdomainValue><resId>14639</resId><sortOrder>0</sortOrder><standardChoiceValueI18NModels/></sharedDropDownValue><sharedDropDownValue><bdvSeqNbr>2473</bdvSeqNbr><servProvCode>MUNI1</servProvCode><auditModel><auditDate>2009-10-20T10:37:46-07:00</auditDate><auditID>ADMIN</auditID><auditStatus>A</auditStatus></auditModel><bizdomain>BLD_USE</bizdomain><bizdomainValue>Shell Retail</bizdomainValue><resId>14640</resId><sortOrder>0</sortOrder><standardChoiceValueI18NModels/></sharedDropDownValue><sharedDropDownValue><bdvSeqNbr>2474</bdvSeqNbr><servProvCode>MUNI1</servProvCode><auditModel><auditDate>2009-10-20T10:38:30-07:00</auditDate><auditID>ADMIN</auditID><auditStatus>A</auditStatus></auditModel><bizdomain>BLD_USE</bizdomain><bizdomainValue>Shell Warehouse</bizdomainValue><resId>14641</resId><sortOrder>0</sortOrder><standardChoiceValueI18NModels/></sharedDropDownValue><sharedDropDownValue><bdvSeqNbr>2475</bdvSeqNbr><servProvCode>MUNI1</servProvCode><auditModel><auditDate>2009-10-20T10:37:26-07:00</auditDate><auditID>ADMIN</auditID><auditStatus>A</auditStatus></auditModel><bizdomain>BLD_USE</bizdomain><bizdomainValue>Theater</bizdomainValue><resId>14642</resId><sortOrder>0</sortOrder><standardChoiceValueI18NModels/></sharedDropDownValue><sharedDropDownValue><bdvSeqNbr>2476</bdvSeqNbr><servProvCode>MUNI1</servProvCode><auditModel><auditDate>2009-10-20T09:26:40-07:00</auditDate><auditID>ADMIN</auditID><auditStatus>A</auditStatus></auditModel><bizdomain>BLD_USE</bizdomain><bizdomainValue>Transit/Bus Shelter</bizdomainValue><resId>14643</resId><sortOrder>0</sortOrder><standardChoiceValueI18NModels/></sharedDropDownValue><sharedDropDownValue><bdvSeqNbr>2477</bdvSeqNbr><servProvCode>MUNI1</servProvCode><auditModel><auditDate>2009-10-20T09:26:18-07:00</auditDate><auditID>ADMIN</auditID><auditStatus>A</auditStatus></auditModel><bizdomain>BLD_USE</bizdomain><bizdomainValue>Vacant Property</bizdomainValue><resId>14644</resId><sortOrder>0</sortOrder><standardChoiceValueI18NModels/></sharedDropDownValue><sharedDropDownValue><bdvSeqNbr>2478</bdvSeqNbr><servProvCode>MUNI1</servProvCode><auditModel><auditDate>2009-10-20T10:39:28-07:00</auditDate><auditID>ADMIN</auditID><auditStatus>A</auditStatus></auditModel><bizdomain>BLD_USE</bizdomain><bizdomainValue>Vehicle Sales &amp; Display</bizdomainValue><resId>14645</resId><sortOrder>0</sortOrder><standardChoiceValueI18NModels/></sharedDropDownValue><sharedDropDownValue><bdvSeqNbr>2479</bdvSeqNbr><servProvCode>MUNI1</servProvCode><auditModel><auditDate>2009-10-20T10:37:10-07:00</auditDate><auditID>ADMIN</auditID><auditStatus>A</auditStatus></auditModel><bizdomain>BLD_USE</bizdomain><bizdomainValue>Vehicle Service</bizdomainValue><resId>14648</resId><sortOrder>0</sortOrder><standardChoiceValueI18NModels/></sharedDropDownValue><sharedDropDownValue><bdvSeqNbr>2480</bdvSeqNbr><servProvCode>MUNI1</servProvCode><auditModel><auditDate>2009-10-20T10:37:33-07:00</auditDate><auditID>ADMIN</auditID><auditStatus>A</auditStatus></auditModel><bizdomain>BLD_USE</bizdomain><bizdomainValue>Warehouse</bizdomainValue><resId>14650</resId><sortOrder>0</sortOrder><standardChoiceValueI18NModels/></sharedDropDownValue></sharedDropDownList><type>ShareDropDown</type></sharedDropDownListModel>
<sharedDropDownListModel><name>BLD_FIRE_SPRINKLER</name><serviceProviderCode>MUNI1</serviceProviderCode><auditModel><auditDate>2011-12-06T17:13:13-08:00</auditDate><auditID>ADMIN</auditID><auditStatus>A</auditStatus></auditModel><sharedDropDownList><sharedDropDownValue><bdvSeqNbr>2481</bdvSeqNbr><servProvCode>MUNI1</servProvCode><auditModel><auditDate>2011-12-06T17:13:29-08:00</auditDate><auditID>ADMIN</auditID><auditStatus>A</auditStatus></auditModel><bizdomain>BLD_FIRE_SPRINKLER</bizdomain><bizdomainValue>FM200</bizdomainValue><sortOrder>10</sortOrder><standardChoiceValueI18NModels/></sharedDropDownValue><sharedDropDownValue><bdvSeqNbr>2482</bdvSeqNbr><servProvCode>MUNI1</servProvCode><auditModel><auditDate>2011-12-06T17:13:49-08:00</auditDate><auditID>ADMIN</auditID><auditStatus>A</auditStatus></auditModel><bizdomain>BLD_FIRE_SPRINKLER</bizdomain><bizdomainValue>NFPA13</bizdomainValue><sortOrder>20</sortOrder><standardChoiceValueI18NModels/></sharedDropDownValue><sharedDropDownValue><bdvSeqNbr>2483</bdvSeqNbr><servProvCode>MUNI1</servProvCode><auditModel><auditDate>2011-12-06T17:14:00-08:00</auditDate><auditID>ADMIN</auditID><auditStatus>A</auditStatus></auditModel><bizdomain>BLD_FIRE_SPRINKLER</bizdomain><bizdomainValue>NFPA13D</bizdomainValue><sortOrder>30</sortOrder><standardChoiceValueI18NModels/></sharedDropDownValue><sharedDropDownValue><bdvSeqNbr>2484</bdvSeqNbr><servProvCode>MUNI1</servProvCode><auditModel><auditDate>2011-12-06T17:14:17-08:00</auditDate><auditID>ADMIN</auditID><auditStatus>A</auditStatus></auditModel><bizdomain>BLD_FIRE_SPRINKLER</bizdomain><bizdomainValue>NFPA13R</bizdomainValue><sortOrder>40</sortOrder><standardChoiceValueI18NModels/></sharedDropDownValue></sharedDropDownList><type>ShareDropDown</type></sharedDropDownListModel>
<sharedDropDownListModel><name>BLD_FLOOD_ZONE</name><serviceProviderCode>MUNI1</serviceProviderCode><auditModel><auditDate>2009-10-20T10:21:29-07:00</auditDate><auditID>ADMIN</auditID><auditStatus>A</auditStatus></auditModel><sharedDropDownList><sharedDropDownValue><bdvSeqNbr>2555</bdvSeqNbr><servProvCode>MUNI1</servProvCode><auditModel><auditDate>2009-10-20T10:21:29-07:00</auditDate><auditID>ADMIN</auditID><auditStatus>A</auditStatus></auditModel><bizdomain>BLD_FLOOD_ZONE</bizdomain><bizdomainValue>NAVD A - No Base Flood Elev. Determined</bizdomainValue><resId>14568</resId><sortOrder>0</sortOrder><standardChoiceValueI18NModels/></sharedDropDownValue><sharedDropDownValue><bdvSeqNbr>2556</bdvSeqNbr><servProvCode>MUNI1</servProvCode><auditModel><auditDate>2009-10-20T10:21:29-07:00</auditDate><auditID>ADMIN</auditID><auditStatus>A</auditStatus></auditModel><bizdomain>BLD_FLOOD_ZONE</bizdomain><bizdomainValue>NAVD A99</bizdomainValue><resId>14569</resId><sortOrder>0</sortOrder><standardChoiceValueI18NModels/></sharedDropDownValue><sharedDropDownValue><bdvSeqNbr>2557</bdvSeqNbr><servProvCode>MUNI1</servProvCode><auditModel><auditDate>2009-10-20T10:21:29-07:00</auditDate><auditID>ADMIN</auditID><auditStatus>A</auditStatus></auditModel><bizdomain>BLD_FLOOD_ZONE</bizdomain><bizdomainValue>NAVD AE - Base Flood Elev. Determined</bizdomainValue><resId>14570</resId><sortOrder>0</sortOrder><standardChoiceValueI18NModels/></sharedDropDownValue><sharedDropDownValue><bdvSeqNbr>2558</bdvSeqNbr><servProvCode>MUNI1</servProvCode><auditModel><auditDate>2009-10-20T10:21:29-07:00</auditDate><auditID>ADMIN</auditID><auditStatus>A</auditStatus></auditModel><bizdomain>BLD_FLOOD_ZONE</bizdomain><bizdomainValue>NAVD AH</bizdomainValue><resId>14571</resId><sortOrder>0</sortOrder><standardChoiceValueI18NModels/></sharedDropDownValue><sharedDropDownValue><bdvSeqNbr>2559</bdvSeqNbr><servProvCode>MUNI1</servProvCode><auditModel><auditDate>2009-10-20T10:21:29-07:00</auditDate><auditID>ADMIN</auditID><auditStatus>A</auditStatus></auditModel><bizdomain>BLD_FLOOD_ZONE</bizdomain><bizdomainValue>NAVD AO</bizdomainValue><resId>14572</resId><sortOrder>0</sortOrder><standardChoiceValueI18NModels/></sharedDropDownValue><sharedDropDownValue><bdvSeqNbr>2560</bdvSeqNbr><servProvCode>MUNI1</servProvCode><auditModel><auditDate>2009-10-20T10:21:29-07:00</auditDate><auditID>ADMIN</auditID><auditStatus>A</auditStatus></auditModel><bizdomain>BLD_FLOOD_ZONE</bizdomain><bizdomainValue>NAVD D</bizdomainValue><resId>14573</resId><sortOrder>0</sortOrder><standardChoiceValueI18NModels/></sharedDropDownValue><sharedDropDownValue><bdvSeqNbr>2561</bdvSeqNbr><servProvCode>MUNI1</servProvCode><auditModel><auditDate>2009-10-20T10:21:29-07:00</auditDate><auditID>ADMIN</auditID><auditStatus>A</auditStatus></auditModel><bizdomain>BLD_FLOOD_ZONE</bizdomain><bizdomainValue>NAVD VE Coastal Flooding, Velocity Wave; Elevation</bizdomainValue><resId>14574</resId><sortOrder>0</sortOrder><standardChoiceValueI18NModels/></sharedDropDownValue><sharedDropDownValue><bdvSeqNbr>2562</bdvSeqNbr><servProvCode>MUNI1</servProvCode><auditModel><auditDate>2009-10-20T10:21:29-07:00</auditDate><auditID>ADMIN</auditID><auditStatus>A</auditStatus></auditModel><bizdomain>BLD_FLOOD_ZONE</bizdomain><bizdomainValue>NAVD X - Shaded - Outside 100 Yr Flood</bizdomainValue><resId>14575</resId><sortOrder>0</sortOrder><standardChoiceValueI18NModels/></sharedDropDownValue><sharedDropDownValue><bdvSeqNbr>2563</bdvSeqNbr><servProvCode>MUNI1</servProvCode><auditModel><auditDate>2009-10-20T10:21:29-07:00</auditDate><auditID>ADMIN</auditID><auditStatus>A</auditStatus></auditModel><bizdomain>BLD_FLOOD_ZONE</bizdomain><bizdomainValue>NAVD X Unshaded - Outside 500 Yr Flood</bizdomainValue><resId>14576</resId><sortOrder>0</sortOrder><standardChoiceValueI18NModels/></sharedDropDownValue></sharedDropDownList><type>ShareDropDown</type></sharedDropDownListModel>
<sharedDropDownListModel><name>BLD_POOL_HEATER</name><serviceProviderCode>MUNI1</serviceProviderCode><auditModel><auditDate>2013-04-01T15:15:25-07:00</auditDate><auditID>ADMIN</auditID><auditStatus>A</auditStatus></auditModel><description>Pool heater type</description><sharedDropDownList><sharedDropDownValue><bdvSeqNbr>2622</bdvSeqNbr><servProvCode>MUNI1</servProvCode><auditModel><auditDate>2013-04-01T15:16:08-07:00</auditDate><auditID>ADMIN</auditID><auditStatus>A</auditStatus></auditModel><bizdomain>BLD_POOL_HEATER</bizdomain><bizdomainValue>Electric</bizdomainValue><sortOrder>1</sortOrder><standardChoiceValueI18NModels/></sharedDropDownValue><sharedDropDownValue><bdvSeqNbr>2623</bdvSeqNbr><servProvCode>MUNI1</servProvCode><auditModel><auditDate>2013-04-01T15:16:08-07:00</auditDate><auditID>ADMIN</auditID><auditStatus>A</auditStatus></auditModel><bizdomain>BLD_POOL_HEATER</bizdomain><bizdomainValue>Gas</bizdomainValue><sortOrder>2</sortOrder><standardChoiceValueI18NModels/></sharedDropDownValue><sharedDropDownValue><bdvSeqNbr>2624</bdvSeqNbr><servProvCode>MUNI1</servProvCode><auditModel><auditDate>2013-04-01T15:16:08-07:00</auditDate><auditID>ADMIN</auditID><auditStatus>A</auditStatus></auditModel><bizdomain>BLD_POOL_HEATER</bizdomain><bizdomainValue>LPG</bizdomainValue><sortOrder>3</sortOrder><standardChoiceValueI18NModels/></sharedDropDownValue></sharedDropDownList><type>ShareDropDown</type></sharedDropDownListModel>
<sharedDropDownListModel><name>BLD_FENCE_MATERIAL</name><serviceProviderCode>MUNI1</serviceProviderCode><auditModel><auditDate>2014-06-10T09:43:09-07:00</auditDate><auditID>ADMIN</auditID><auditStatus>A</auditStatus></auditModel><description>Fence material for fence permit</description><sharedDropDownList><sharedDropDownValue><bdvSeqNbr>2601</bdvSeqNbr><servProvCode>MUNI1</servProvCode><auditModel><auditDate>2014-05-20T09:08:50-07:00</auditDate><auditID>ADMIN</auditID><auditStatus>A</auditStatus></auditModel><bizdomain>BLD_FENCE_MATERIAL</bizdomain><bizdomainValue>Aluminum</bizdomainValue><resId>14559</resId><sortOrder>10</sortOrder><standardChoiceValueI18NModels/></sharedDropDownValue><sharedDropDownValue><bdvSeqNbr>2602</bdvSeqNbr><servProvCode>MUNI1</servProvCode><auditModel><auditDate>2014-05-20T09:08:50-07:00</auditDate><auditID>ADMIN</auditID><auditStatus>A</auditStatus></auditModel><bizdomain>BLD_FENCE_MATERIAL</bizdomain><bizdomainValue>Brick</bizdomainValue><sortOrder>20</sortOrder><standardChoiceValueI18NModels/></sharedDropDownValue><sharedDropDownValue><bdvSeqNbr>2603</bdvSeqNbr><servProvCode>MUNI1</servProvCode><auditModel><auditDate>2014-05-20T09:08:50-07:00</auditDate><auditID>ADMIN</auditID><auditStatus>A</auditStatus></auditModel><bizdomain>BLD_FENCE_MATERIAL</bizdomain><bizdomainValue>Chain Link</bizdomainValue><resId>14560</resId><sortOrder>30</sortOrder><standardChoiceValueI18NModels/></sharedDropDownValue><sharedDropDownValue><bdvSeqNbr>2604</bdvSeqNbr><servProvCode>MUNI1</servProvCode><auditModel><auditDate>2014-05-20T09:08:50-07:00</auditDate><auditID>ADMIN</auditID><auditStatus>A</auditStatus></auditModel><bizdomain>BLD_FENCE_MATERIAL</bizdomain><bizdomainValue>Concrete</bizdomainValue><resId>14561</resId><sortOrder>40</sortOrder><standardChoiceValueI18NModels/></sharedDropDownValue><sharedDropDownValue><bdvSeqNbr>2605</bdvSeqNbr><servProvCode>MUNI1</servProvCode><auditModel><auditDate>2014-05-20T09:08:50-07:00</auditDate><auditID>ADMIN</auditID><auditStatus>A</auditStatus></auditModel><bizdomain>BLD_FENCE_MATERIAL</bizdomain><bizdomainValue>Concrete Block</bizdomainValue><resId>14562</resId><sortOrder>50</sortOrder><standardChoiceValueI18NModels/></sharedDropDownValue><sharedDropDownValue><bdvSeqNbr>2606</bdvSeqNbr><servProvCode>MUNI1</servProvCode><auditModel><auditDate>2014-05-20T09:08:50-07:00</auditDate><auditID>ADMIN</auditID><auditStatus>A</auditStatus></auditModel><bizdomain>BLD_FENCE_MATERIAL</bizdomain><bizdomainValue>Other</bizdomainValue><sortOrder>100</sortOrder><standardChoiceValueI18NModels/></sharedDropDownValue><sharedDropDownValue><bdvSeqNbr>2607</bdvSeqNbr><servProvCode>MUNI1</servProvCode><auditModel><auditDate>2014-05-20T09:08:50-07:00</auditDate><auditID>ADMIN</auditID><auditStatus>A</auditStatus></auditModel><bizdomain>BLD_FENCE_MATERIAL</bizdomain><bizdomainValue>PVC Vinyl Fencing</bizdomainValue><resId>14564</resId><sortOrder>60</sortOrder><standardChoiceValueI18NModels/></sharedDropDownValue><sharedDropDownValue><bdvSeqNbr>2608</bdvSeqNbr><servProvCode>MUNI1</servProvCode><auditModel><auditDate>2014-05-20T09:08:50-07:00</auditDate><auditID>ADMIN</auditID><auditStatus>A</auditStatus></auditModel><bizdomain>BLD_FENCE_MATERIAL</bizdomain><bizdomainValue>Rock</bizdomainValue><resId>14565</resId><sortOrder>70</sortOrder><standardChoiceValueI18NModels/></sharedDropDownValue><sharedDropDownValue><bdvSeqNbr>2609</bdvSeqNbr><servProvCode>MUNI1</servProvCode><auditModel><auditDate>2014-05-20T09:08:50-07:00</auditDate><auditID>ADMIN</auditID><auditStatus>A</auditStatus></auditModel><bizdomain>BLD_FENCE_MATERIAL</bizdomain><bizdomainValue>Wood</bizdomainValue><resId>14567</resId><sortOrder>80</sortOrder><standardChoiceValueI18NModels/></sharedDropDownValue><sharedDropDownValue><bdvSeqNbr>2610</bdvSeqNbr><servProvCode>MUNI1</servProvCode><auditModel><auditDate>2014-05-20T09:08:50-07:00</auditDate><auditID>ADMIN</auditID><auditStatus>A</auditStatus></auditModel><bizdomain>BLD_FENCE_MATERIAL</bizdomain><bizdomainValue>Wrought Iron</bizdomainValue><sortOrder>90</sortOrder><standardChoiceValueI18NModels/></sharedDropDownValue></sharedDropDownList><type>ShareDropDown</type></sharedDropDownListModel>
<sharedDropDownListModel><name>BLD_POOL_TYPE</name><serviceProviderCode>MUNI1</serviceProviderCode><auditModel><auditDate>2011-11-03T13:39:18-07:00</auditDate><auditID>ADOTTAVIO</auditID><auditStatus>A</auditStatus></auditModel><sharedDropDownList><sharedDropDownValue><bdvSeqNbr>2625</bdvSeqNbr><servProvCode>MUNI1</servProvCode><auditModel><auditDate>2011-11-03T13:41:06-07:00</auditDate><auditID>ADOTTAVIO</auditID><auditStatus>A</auditStatus></auditModel><bizdomain>BLD_POOL_TYPE</bizdomain><bizdomainValue>Above Ground</bizdomainValue><sortOrder>10</sortOrder><standardChoiceValueI18NModels/></sharedDropDownValue><sharedDropDownValue><bdvSeqNbr>2626</bdvSeqNbr><servProvCode>MUNI1</servProvCode><auditModel><auditDate>2011-11-03T13:41:15-07:00</auditDate><auditID>ADOTTAVIO</auditID><auditStatus>A</auditStatus></auditModel><bizdomain>BLD_POOL_TYPE</bizdomain><bizdomainValue>Concrete</bizdomainValue><sortOrder>20</sortOrder><standardChoiceValueI18NModels/></sharedDropDownValue><sharedDropDownValue><bdvSeqNbr>2627</bdvSeqNbr><servProvCode>MUNI1</servProvCode><auditModel><auditDate>2011-11-03T13:41:25-07:00</auditDate><auditID>ADOTTAVIO</auditID><auditStatus>A</auditStatus></auditModel><bizdomain>BLD_POOL_TYPE</bizdomain><bizdomainValue>Fiberglass</bizdomainValue><sortOrder>30</sortOrder><standardChoiceValueI18NModels/></sharedDropDownValue><sharedDropDownValue><bdvSeqNbr>2628</bdvSeqNbr><servProvCode>MUNI1</servProvCode><auditModel><auditDate>2011-11-03T13:41:34-07:00</auditDate><auditID>ADOTTAVIO</auditID><auditStatus>A</auditStatus></auditModel><bizdomain>BLD_POOL_TYPE</bizdomain><bizdomainValue>Other</bizdomainValue><sortOrder>40</sortOrder><standardChoiceValueI18NModels/></sharedDropDownValue></sharedDropDownList><type>ShareDropDown</type></sharedDropDownListModel>
<sharedDropDownListModel><name>BLD_DEMO_POWER</name><serviceProviderCode>MUNI1</serviceProviderCode><auditModel><auditDate>2013-03-31T16:59:24-07:00</auditDate><auditID>ADMIN</auditID><auditStatus>A</auditStatus></auditModel><description>Power connection type</description><sharedDropDownList><sharedDropDownValue><bdvSeqNbr>2564</bdvSeqNbr><servProvCode>MUNI1</servProvCode><auditModel><auditDate>2013-03-31T17:00:05-07:00</auditDate><auditID>ADMIN</auditID><auditStatus>A</auditStatus></auditModel><bizdomain>BLD_DEMO_POWER</bizdomain><bizdomainValue>Electricity</bizdomainValue><sortOrder>1</sortOrder><standardChoiceValueI18NModels/></sharedDropDownValue><sharedDropDownValue><bdvSeqNbr>2565</bdvSeqNbr><servProvCode>MUNI1</servProvCode><auditModel><auditDate>2013-03-31T17:00:05-07:00</auditDate><auditID>ADMIN</auditID><auditStatus>A</auditStatus></auditModel><bizdomain>BLD_DEMO_POWER</bizdomain><bizdomainValue>Electricity/Home Heating Oil</bizdomainValue><sortOrder>2</sortOrder><standardChoiceValueI18NModels/></sharedDropDownValue><sharedDropDownValue><bdvSeqNbr>2566</bdvSeqNbr><servProvCode>MUNI1</servProvCode><auditModel><auditDate>2013-03-31T17:00:23-07:00</auditDate><auditID>ADMIN</auditID><auditStatus>A</auditStatus></auditModel><bizdomain>BLD_DEMO_POWER</bizdomain><bizdomainValue>Electricity/Natural Gas</bizdomainValue><sortOrder>3</sortOrder><standardChoiceValueI18NModels/></sharedDropDownValue><sharedDropDownValue><bdvSeqNbr>2567</bdvSeqNbr><servProvCode>MUNI1</servProvCode><auditModel><auditDate>2013-03-31T17:00:39-07:00</auditDate><auditID>ADMIN</auditID><auditStatus>A</auditStatus></auditModel><bizdomain>BLD_DEMO_POWER</bizdomain><bizdomainValue>Electricity/Propane</bizdomainValue><sortOrder>4</sortOrder><standardChoiceValueI18NModels/></sharedDropDownValue><sharedDropDownValue><bdvSeqNbr>2568</bdvSeqNbr><servProvCode>MUNI1</servProvCode><auditModel><auditDate>2013-03-31T17:00:52-07:00</auditDate><auditID>ADMIN</auditID><auditStatus>A</auditStatus></auditModel><bizdomain>BLD_DEMO_POWER</bizdomain><bizdomainValue>Home Heating Oil</bizdomainValue><sortOrder>5</sortOrder><standardChoiceValueI18NModels/></sharedDropDownValue><sharedDropDownValue><bdvSeqNbr>2569</bdvSeqNbr><servProvCode>MUNI1</servProvCode><auditModel><auditDate>2013-03-31T17:01:05-07:00</auditDate><auditID>ADMIN</auditID><auditStatus>A</auditStatus></auditModel><bizdomain>BLD_DEMO_POWER</bizdomain><bizdomainValue>Natural Gas</bizdomainValue><sortOrder>6</sortOrder><standardChoiceValueI18NModels/></sharedDropDownValue><sharedDropDownValue><bdvSeqNbr>2570</bdvSeqNbr><servProvCode>MUNI1</servProvCode><auditModel><auditDate>2013-03-31T17:01:26-07:00</auditDate><auditID>ADMIN</auditID><auditStatus>A</auditStatus></auditModel><bizdomain>BLD_DEMO_POWER</bizdomain><bizdomainValue>No Connection</bizdomainValue><sortOrder>8</sortOrder><standardChoiceValueI18NModels/></sharedDropDownValue><sharedDropDownValue><bdvSeqNbr>2571</bdvSeqNbr><servProvCode>MUNI1</servProvCode><auditModel><auditDate>2013-03-31T17:01:15-07:00</auditDate><auditID>ADMIN</auditID><auditStatus>A</auditStatus></auditModel><bizdomain>BLD_DEMO_POWER</bizdomain><bizdomainValue>Propane</bizdomainValue><sortOrder>7</sortOrder><standardChoiceValueI18NModels/></sharedDropDownValue></sharedDropDownList><type>ShareDropDown</type></sharedDropDownListModel>
<sharedDropDownListModel><name>BLD_DEMO_REASON</name><serviceProviderCode>MUNI1</serviceProviderCode><auditModel><auditDate>2013-03-31T16:52:09-07:00</auditDate><auditID>ADMIN</auditID><auditStatus>A</auditStatus></auditModel><description>Reason for demolition</description><sharedDropDownList><sharedDropDownValue><bdvSeqNbr>2572</bdvSeqNbr><servProvCode>MUNI1</servProvCode><auditModel><auditDate>2013-03-31T16:52:34-07:00</auditDate><auditID>ADMIN</auditID><auditStatus>A</auditStatus></auditModel><bizdomain>BLD_DEMO_REASON</bizdomain><bizdomainValue>Abandoned or Eliminated</bizdomainValue><sortOrder>0</sortOrder><standardChoiceValueI18NModels/></sharedDropDownValue><sharedDropDownValue><bdvSeqNbr>2573</bdvSeqNbr><servProvCode>MUNI1</servProvCode><auditModel><auditDate>2013-03-31T16:52:48-07:00</auditDate><auditID>ADMIN</auditID><auditStatus>A</auditStatus></auditModel><bizdomain>BLD_DEMO_REASON</bizdomain><bizdomainValue>Building New Replacement Structure</bizdomainValue><sortOrder>0</sortOrder><standardChoiceValueI18NModels/></sharedDropDownValue><sharedDropDownValue><bdvSeqNbr>2574</bdvSeqNbr><servProvCode>MUNI1</servProvCode><auditModel><auditDate>2013-03-31T16:52:59-07:00</auditDate><auditID>ADMIN</auditID><auditStatus>A</auditStatus></auditModel><bizdomain>BLD_DEMO_REASON</bizdomain><bizdomainValue>Dangerous Building</bizdomainValue><sortOrder>0</sortOrder><standardChoiceValueI18NModels/></sharedDropDownValue><sharedDropDownValue><bdvSeqNbr>2575</bdvSeqNbr><servProvCode>MUNI1</servProvCode><auditModel><auditDate>2013-03-31T16:53:06-07:00</auditDate><auditID>ADMIN</auditID><auditStatus>A</auditStatus></auditModel><bizdomain>BLD_DEMO_REASON</bizdomain><bizdomainValue>Dry Rot</bizdomainValue><sortOrder>0</sortOrder><standardChoiceValueI18NModels/></sharedDropDownValue><sharedDropDownValue><bdvSeqNbr>2576</bdvSeqNbr><servProvCode>MUNI1</servProvCode><auditModel><auditDate>2013-03-31T16:53:13-07:00</auditDate><auditID>ADMIN</auditID><auditStatus>A</auditStatus></auditModel><bizdomain>BLD_DEMO_REASON</bizdomain><bizdomainValue>Fire</bizdomainValue><sortOrder>0</sortOrder><standardChoiceValueI18NModels/></sharedDropDownValue><sharedDropDownValue><bdvSeqNbr>2577</bdvSeqNbr><servProvCode>MUNI1</servProvCode><auditModel><auditDate>2013-03-31T16:53:23-07:00</auditDate><auditID>ADMIN</auditID><auditStatus>A</auditStatus></auditModel><bizdomain>BLD_DEMO_REASON</bizdomain><bizdomainValue>Future Remodel</bizdomainValue><sortOrder>0</sortOrder><standardChoiceValueI18NModels/></sharedDropDownValue><sharedDropDownValue><bdvSeqNbr>2578</bdvSeqNbr><servProvCode>MUNI1</servProvCode><auditModel><auditDate>2013-03-31T16:53:32-07:00</auditDate><auditID>ADMIN</auditID><auditStatus>A</auditStatus></auditModel><bizdomain>BLD_DEMO_REASON</bizdomain><bizdomainValue>Interior Only</bizdomainValue><sortOrder>0</sortOrder><standardChoiceValueI18NModels/></sharedDropDownValue><sharedDropDownValue><bdvSeqNbr>2579</bdvSeqNbr><servProvCode>MUNI1</servProvCode><auditModel><auditDate>2013-03-31T16:53:51-07:00</auditDate><auditID>ADMIN</auditID><auditStatus>A</auditStatus></auditModel><bizdomain>BLD_DEMO_REASON</bizdomain><bizdomainValue>No Longer Needed or Used</bizdomainValue><sortOrder>0</sortOrder><standardChoiceValueI18NModels/></sharedDropDownValue><sharedDropDownValue><bdvSeqNbr>2580</bdvSeqNbr><servProvCode>MUNI1</servProvCode><auditModel><auditDate>2013-03-31T16:54:01-07:00</auditDate><auditID>ADMIN</auditID><auditStatus>A</auditStatus></auditModel><bizdomain>BLD_DEMO_REASON</bizdomain><bizdomainValue>Other</bizdomainValue><sortOrder>0</sortOrder><standardChoiceValueI18NModels/></sharedDropDownValue><sharedDropDownValue><bdvSeqNbr>2581</bdvSeqNbr><servProvCode>MUNI1</servProvCode><auditModel><auditDate>2013-03-31T16:54:14-07:00</auditDate><auditID>ADMIN</auditID><auditStatus>A</auditStatus></auditModel><bizdomain>BLD_DEMO_REASON</bizdomain><bizdomainValue>Required by Code Enforcement</bizdomainValue><sortOrder>0</sortOrder><standardChoiceValueI18NModels/></sharedDropDownValue><sharedDropDownValue><bdvSeqNbr>2582</bdvSeqNbr><servProvCode>MUNI1</servProvCode><auditModel><auditDate>2013-03-31T16:54:35-07:00</auditDate><auditID>ADMIN</auditID><auditStatus>A</auditStatus></auditModel><bizdomain>BLD_DEMO_REASON</bizdomain><bizdomainValue>Substandard/Hazardous</bizdomainValue><sortOrder>0</sortOrder><standardChoiceValueI18NModels/></sharedDropDownValue></sharedDropDownList><type>ShareDropDown</type></sharedDropDownListModel>
<sharedDropDownListModel><name>BLD_DEMO_WASTE_WTR</name><serviceProviderCode>MUNI1</serviceProviderCode><auditModel><auditDate>2013-03-31T16:56:35-07:00</auditDate><auditID>ADMIN</auditID><auditStatus>A</auditStatus></auditModel><description>Waste water connection type</description><sharedDropDownList><sharedDropDownValue><bdvSeqNbr>2583</bdvSeqNbr><servProvCode>MUNI1</servProvCode><auditModel><auditDate>2013-03-31T16:57:19-07:00</auditDate><auditID>ADMIN</auditID><auditStatus>A</auditStatus></auditModel><bizdomain>BLD_DEMO_WASTE_WTR</bizdomain><bizdomainValue>City Sewer</bizdomainValue><sortOrder>1</sortOrder><standardChoiceValueI18NModels/></sharedDropDownValue><sharedDropDownValue><bdvSeqNbr>2584</bdvSeqNbr><servProvCode>MUNI1</servProvCode><auditModel><auditDate>2013-03-31T16:57:19-07:00</auditDate><auditID>ADMIN</auditID><auditStatus>A</auditStatus></auditModel><bizdomain>BLD_DEMO_WASTE_WTR</bizdomain><bizdomainValue>No Connection</bizdomainValue><sortOrder>3</sortOrder><standardChoiceValueI18NModels/></sharedDropDownValue><sharedDropDownValue><bdvSeqNbr>2585</bdvSeqNbr><servProvCode>MUNI1</servProvCode><auditModel><auditDate>2013-03-31T16:57:19-07:00</auditDate><auditID>ADMIN</auditID><auditStatus>A</auditStatus></auditModel><bizdomain>BLD_DEMO_WASTE_WTR</bizdomain><bizdomainValue>Septic System</bizdomainValue><sortOrder>2</sortOrder><standardChoiceValueI18NModels/></sharedDropDownValue></sharedDropDownList><type>ShareDropDown</type></sharedDropDownListModel>
<sharedDropDownListModel><name>BLD_DEMO_WATER</name><serviceProviderCode>MUNI1</serviceProviderCode><auditModel><auditDate>2013-03-31T16:57:48-07:00</auditDate><auditID>ADMIN</auditID><auditStatus>A</auditStatus></auditModel><description>Water connection type</description><sharedDropDownList><sharedDropDownValue><bdvSeqNbr>2586</bdvSeqNbr><servProvCode>MUNI1</servProvCode><auditModel><auditDate>2013-03-31T16:58:34-07:00</auditDate><auditID>ADMIN</auditID><auditStatus>A</auditStatus></auditModel><bizdomain>BLD_DEMO_WATER</bizdomain><bizdomainValue>City Water</bizdomainValue><sortOrder>1</sortOrder><standardChoiceValueI18NModels/></sharedDropDownValue><sharedDropDownValue><bdvSeqNbr>2587</bdvSeqNbr><servProvCode>MUNI1</servProvCode><auditModel><auditDate>2013-03-31T16:58:34-07:00</auditDate><auditID>ADMIN</auditID><auditStatus>A</auditStatus></auditModel><bizdomain>BLD_DEMO_WATER</bizdomain><bizdomainValue>City Water/Well</bizdomainValue><sortOrder>2</sortOrder><standardChoiceValueI18NModels/></sharedDropDownValue><sharedDropDownValue><bdvSeqNbr>2588</bdvSeqNbr><servProvCode>MUNI1</servProvCode><auditModel><auditDate>2013-03-31T16:58:45-07:00</auditDate><auditID>ADMIN</auditID><auditStatus>A</auditStatus></auditModel><bizdomain>BLD_DEMO_WATER</bizdomain><bizdomainValue>No Connection</bizdomainValue><sortOrder>4</sortOrder><standardChoiceValueI18NModels/></sharedDropDownValue><sharedDropDownValue><bdvSeqNbr>2589</bdvSeqNbr><servProvCode>MUNI1</servProvCode><auditModel><auditDate>2013-03-31T16:58:34-07:00</auditDate><auditID>ADMIN</auditID><auditStatus>A</auditStatus></auditModel><bizdomain>BLD_DEMO_WATER</bizdomain><bizdomainValue>Well</bizdomainValue><sortOrder>3</sortOrder><standardChoiceValueI18NModels/></sharedDropDownValue></sharedDropDownList><type>ShareDropDown</type></sharedDropDownListModel>
<sharedDropDownListModel><name>BLD_TRADE_USE</name><serviceProviderCode>MUNI1</serviceProviderCode><auditModel><auditDate>2013-06-18T11:07:10-07:00</auditDate><auditID>ADMIN</auditID><auditStatus>A</auditStatus></auditModel><description>Use type for electrical, mechanical and plumbing permits</description><sharedDropDownList><sharedDropDownValue><bdvSeqNbr>2590</bdvSeqNbr><servProvCode>MUNI1</servProvCode><auditModel><auditDate>2013-06-18T11:08:16-07:00</auditDate><auditID>ADMIN</auditID><auditStatus>A</auditStatus></auditModel><bizdomain>BLD_TRADE_USE</bizdomain><bizdomainValue>1 - 2 Family Dwelling</bizdomainValue><sortOrder>10</sortOrder><standardChoiceValueI18NModels/></sharedDropDownValue><sharedDropDownValue><bdvSeqNbr>2591</bdvSeqNbr><servProvCode>MUNI1</servProvCode><auditModel><auditDate>2013-06-18T11:09:10-07:00</auditDate><auditID>ADMIN</auditID><auditStatus>A</auditStatus></auditModel><bizdomain>BLD_TRADE_USE</bizdomain><bizdomainValue>Accessory Building</bizdomainValue><sortOrder>40</sortOrder><standardChoiceValueI18NModels/></sharedDropDownValue><sharedDropDownValue><bdvSeqNbr>2592</bdvSeqNbr><servProvCode>MUNI1</servProvCode><auditModel><auditDate>2013-06-18T11:08:54-07:00</auditDate><auditID>ADMIN</auditID><auditStatus>A</auditStatus></auditModel><bizdomain>BLD_TRADE_USE</bizdomain><bizdomainValue>Commercial/Industrial</bizdomainValue><sortOrder>30</sortOrder><standardChoiceValueI18NModels/></sharedDropDownValue><sharedDropDownValue><bdvSeqNbr>2593</bdvSeqNbr><servProvCode>MUNI1</servProvCode><auditModel><auditDate>2013-06-18T11:08:35-07:00</auditDate><auditID>ADMIN</auditID><auditStatus>A</auditStatus></auditModel><bizdomain>BLD_TRADE_USE</bizdomain><bizdomainValue>Multi-Family Dwelling</bizdomainValue><sortOrder>20</sortOrder><standardChoiceValueI18NModels/></sharedDropDownValue><sharedDropDownValue><bdvSeqNbr>2594</bdvSeqNbr><servProvCode>MUNI1</servProvCode><auditModel><auditDate>2013-06-18T11:09:22-07:00</auditDate><auditID>ADMIN</auditID><auditStatus>A</auditStatus></auditModel><bizdomain>BLD_TRADE_USE</bizdomain><bizdomainValue>Other</bizdomainValue><sortOrder>50</sortOrder><standardChoiceValueI18NModels/></sharedDropDownValue></sharedDropDownList><type>ShareDropDown</type></sharedDropDownListModel>
<sharedDropDownListModel><name>BLD_JOB_TYPE</name><serviceProviderCode>MUNI1</serviceProviderCode><auditModel><auditDate>2011-11-03T11:12:20-07:00</auditDate><auditID>ADOTTAVIO</auditID><auditStatus>A</auditStatus></auditModel><description>New, Alteration, Addition</description><sharedDropDownList><sharedDropDownValue><bdvSeqNbr>2595</bdvSeqNbr><servProvCode>MUNI1</servProvCode><auditModel><auditDate>2011-11-02T23:00:00-07:00</auditDate><auditID>ADOTTAVIO</auditID><auditStatus>A</auditStatus></auditModel><bizdomain>BLD_JOB_TYPE</bizdomain><bizdomainValue>Addition</bizdomainValue><sortOrder>10</sortOrder><standardChoiceValueI18NModels/></sharedDropDownValue><sharedDropDownValue><bdvSeqNbr>2596</bdvSeqNbr><servProvCode>MUNI1</servProvCode><auditModel><auditDate>2011-11-02T23:00:00-07:00</auditDate><auditID>ADOTTAVIO</auditID><auditStatus>A</auditStatus></auditModel><bizdomain>BLD_JOB_TYPE</bizdomain><bizdomainValue>Alteration</bizdomainValue><sortOrder>20</sortOrder><standardChoiceValueI18NModels/></sharedDropDownValue><sharedDropDownValue><bdvSeqNbr>2597</bdvSeqNbr><servProvCode>MUNI1</servProvCode><auditModel><auditDate>2011-11-02T23:00:00-07:00</auditDate><auditID>ADOTTAVIO</auditID><auditStatus>A</auditStatus></auditModel><bizdomain>BLD_JOB_TYPE</bizdomain><bizdomainValue>New</bizdomainValue><sortOrder>30</sortOrder><standardChoiceValueI18NModels/></sharedDropDownValue></sharedDropDownList><type>ShareDropDown</type></sharedDropDownListModel>
<sharedDropDownListModel><name>BLD_REROOF_CLASS</name><serviceProviderCode>MUNI1</serviceProviderCode><auditModel><auditDate>2013-03-27T08:05:22-07:00</auditDate><auditID>ADMIN</auditID><auditStatus>A</auditStatus></auditModel><description>Re-roof fire classification</description><sharedDropDownList><sharedDropDownValue><bdvSeqNbr>2598</bdvSeqNbr><servProvCode>MUNI1</servProvCode><auditModel><auditDate>2013-03-27T08:05:38-07:00</auditDate><auditID>ADMIN</auditID><auditStatus>A</auditStatus></auditModel><bizdomain>BLD_REROOF_CLASS</bizdomain><bizdomainValue>A</bizdomainValue><sortOrder>0</sortOrder><standardChoiceValueI18NModels/></sharedDropDownValue><sharedDropDownValue><bdvSeqNbr>2599</bdvSeqNbr><servProvCode>MUNI1</servProvCode><auditModel><auditDate>2013-03-27T08:05:43-07:00</auditDate><auditID>ADMIN</auditID><auditStatus>A</auditStatus></auditModel><bizdomain>BLD_REROOF_CLASS</bizdomain><bizdomainValue>B</bizdomainValue><sortOrder>0</sortOrder><standardChoiceValueI18NModels/></sharedDropDownValue><sharedDropDownValue><bdvSeqNbr>2600</bdvSeqNbr><servProvCode>MUNI1</servProvCode><auditModel><auditDate>2013-03-27T08:05:49-07:00</auditDate><auditID>ADMIN</auditID><auditStatus>A</auditStatus></auditModel><bizdomain>BLD_REROOF_CLASS</bizdomain><bizdomainValue>C</bizdomainValue><sortOrder>0</sortOrder><standardChoiceValueI18NModels/></sharedDropDownValue></sharedDropDownList><type>ShareDropDown</type></sharedDropDownListModel>
<sharedDropDownListModel><name>BLD_PLAN_TYPE</name><serviceProviderCode>MUNI1</serviceProviderCode><auditModel><auditDate>2011-12-06T17:36:38-08:00</auditDate><auditID>ADMIN</auditID><auditStatus>A</auditStatus></auditModel><sharedDropDownList><sharedDropDownValue><bdvSeqNbr>2659</bdvSeqNbr><servProvCode>MUNI1</servProvCode><auditModel><auditDate>2011-12-06T17:37:05-08:00</auditDate><auditID>ADMIN</auditID><auditStatus>A</auditStatus></auditModel><bizdomain>BLD_PLAN_TYPE</bizdomain><bizdomainValue>Architectural</bizdomainValue><sortOrder>20</sortOrder><standardChoiceValueI18NModels/></sharedDropDownValue><sharedDropDownValue><bdvSeqNbr>2660</bdvSeqNbr><servProvCode>MUNI1</servProvCode><auditModel><auditDate>2011-12-06T17:36:52-08:00</auditDate><auditID>ADMIN</auditID><auditStatus>A</auditStatus></auditModel><bizdomain>BLD_PLAN_TYPE</bizdomain><bizdomainValue>Civil</bizdomainValue><sortOrder>10</sortOrder><standardChoiceValueI18NModels/></sharedDropDownValue><sharedDropDownValue><bdvSeqNbr>2661</bdvSeqNbr><servProvCode>MUNI1</servProvCode><auditModel><auditDate>2011-12-05T23:00:00-08:00</auditDate><auditID>ADMIN</auditID><auditStatus>A</auditStatus></auditModel><bizdomain>BLD_PLAN_TYPE</bizdomain><bizdomainValue>Electrical</bizdomainValue><sortOrder>50</sortOrder><standardChoiceValueI18NModels/></sharedDropDownValue><sharedDropDownValue><bdvSeqNbr>2662</bdvSeqNbr><servProvCode>MUNI1</servProvCode><auditModel><auditDate>2011-12-06T17:38:39-08:00</auditDate><auditID>ADMIN</auditID><auditStatus>A</auditStatus></auditModel><bizdomain>BLD_PLAN_TYPE</bizdomain><bizdomainValue>Fire Assembly</bizdomainValue><sortOrder>80</sortOrder><standardChoiceValueI18NModels/></sharedDropDownValue><sharedDropDownValue><bdvSeqNbr>2663</bdvSeqNbr><servProvCode>MUNI1</servProvCode><auditModel><auditDate>2011-12-06T17:38:25-08:00</auditDate><auditID>ADMIN</auditID><auditStatus>A</auditStatus></auditModel><bizdomain>BLD_PLAN_TYPE</bizdomain><bizdomainValue>Fire Site</bizdomainValue><sortOrder>70</sortOrder><standardChoiceValueI18NModels/></sharedDropDownValue><sharedDropDownValue><bdvSeqNbr>2665</bdvSeqNbr><servProvCode>MUNI1</servProvCode><auditModel><auditDate>2011-12-06T17:38:50-08:00</auditDate><auditID>ADMIN</auditID><auditStatus>A</auditStatus></auditModel><bizdomain>BLD_PLAN_TYPE</bizdomain><bizdomainValue>Health</bizdomainValue><sortOrder>90</sortOrder><standardChoiceValueI18NModels/></sharedDropDownValue><sharedDropDownValue><bdvSeqNbr>2664</bdvSeqNbr><servProvCode>MUNI1</servProvCode><auditModel><auditDate>2011-12-06T17:37:14-08:00</auditDate><auditID>ADMIN</auditID><auditStatus>A</auditStatus></auditModel><bizdomain>BLD_PLAN_TYPE</bizdomain><bizdomainValue>HVAC</bizdomainValue><sortOrder>30</sortOrder><standardChoiceValueI18NModels/></sharedDropDownValue><sharedDropDownValue><bdvSeqNbr>2666</bdvSeqNbr><servProvCode>MUNI1</servProvCode><auditModel><auditDate>2011-12-06T17:37:58-08:00</auditDate><auditID>ADMIN</auditID><auditStatus>A</auditStatus></auditModel><bizdomain>BLD_PLAN_TYPE</bizdomain><bizdomainValue>Hydro</bizdomainValue><sortOrder>60</sortOrder><standardChoiceValueI18NModels/></sharedDropDownValue><sharedDropDownValue><bdvSeqNbr>2667</bdvSeqNbr><servProvCode>MUNI1</servProvCode><auditModel><auditDate>2011-12-06T17:37:33-08:00</auditDate><auditID>ADMIN</auditID><auditStatus>A</auditStatus></auditModel><bizdomain>BLD_PLAN_TYPE</bizdomain><bizdomainValue>Plumbing</bizdomainValue><sortOrder>40</sortOrder><standardChoiceValueI18NModels/></sharedDropDownValue><sharedDropDownValue><bdvSeqNbr>2668</bdvSeqNbr><servProvCode>MUNI1</servProvCode><auditModel><auditDate>2011-12-06T17:39:01-08:00</auditDate><auditID>ADMIN</auditID><auditStatus>A</auditStatus></auditModel><bizdomain>BLD_PLAN_TYPE</bizdomain><bizdomainValue>Water</bizdomainValue><sortOrder>100</sortOrder><standardChoiceValueI18NModels/></sharedDropDownValue></sharedDropDownList><type>ShareDropDown</type></sharedDropDownListModel>
</list>