<?xml version="1.0" encoding="UTF-8" standalone="yes"?>
<list  version="8.0.0" minorVersion="21" exportUser="ADMIN" exportDateTime="07/28/2016 05:28 AM" description="null"><virProcess><r1ProcessCode>BLD_RES</r1ProcessCode><servProvCode>MUNI1</servProvCode><isEmailSettringSelected>Y</isEmailSettringSelected><isSecuritySelected>Y</isSecuritySelected><processEMailSettingModels><processEMailSettingModel><noteID>57</noteID><processName>BLD_RES</processName><serviceProviderCode>MUNI1</serviceProviderCode><b3contactFlag>N</b3contactFlag><contactRelation>Applicant</contactRelation><contentsCode>BLD_READY</contentsCode><distributionFlag>N</distributionFlag><docCategory>Email</docCategory><docGroup>PMT</docGroup><edmsLocation>ADS</edmsLocation><edmsObject>CAP</edmsObject><mediaFlag>0</mediaFlag><recDate>2014-05-19T13:06:24-07:00</recDate><recFulNam>ADMIN</recFulNam><recStatus>A</recStatus><sdAppDes>Accepted - Plan Review Not Req</sdAppDes><sdProDes>Application Acceptance</sdProDes></processEMailSettingModel><processEMailSettingModel><noteID>58</noteID><processName>BLD_RES</processName><serviceProviderCode>MUNI1</serviceProviderCode><b3contactFlag>N</b3contactFlag><contactRelation>Applicant</contactRelation><contentsCode>BLD_ACCEPTED</contentsCode><distributionFlag>N</distributionFlag><docCategory>Email</docCategory><docGroup>PMT</docGroup><edmsLocation>ADS</edmsLocation><edmsObject>CAP</edmsObject><mediaFlag>0</mediaFlag><recDate>2014-05-19T13:06:24-07:00</recDate><recFulNam>ADMIN</recFulNam><recStatus>A</recStatus><sdAppDes>Accepted - Plan Review Req</sdAppDes><sdProDes>Application Acceptance</sdProDes></processEMailSettingModel><processEMailSettingModel><noteID>59</noteID><processName>BLD_RES</processName><serviceProviderCode>MUNI1</serviceProviderCode><b3contactFlag>N</b3contactFlag><contactRelation>Applicant</contactRelation><contentsCode>BLD_REVISIONS</contentsCode><distributionFlag>N</distributionFlag><docCategory>Email</docCategory><docGroup>PMT</docGroup><edmsLocation>ADS</edmsLocation><edmsObject>CAP</edmsObject><mediaFlag>0</mediaFlag><recDate>2014-05-19T13:06:24-07:00</recDate><recFulNam>ADMIN</recFulNam><recStatus>A</recStatus><sdAppDes>Revisions Required</sdAppDes><sdProDes>Plans Coordination</sdProDes></processEMailSettingModel><processEMailSettingModel><noteID>60</noteID><processName>BLD_RES</processName><serviceProviderCode>MUNI1</serviceProviderCode><b3contactFlag>N</b3contactFlag><contactRelation>Applicant</contactRelation><contentsCode>BLD_READY</contentsCode><distributionFlag>N</distributionFlag><docCategory>Email</docCategory><docGroup>PMT</docGroup><edmsLocation>ADS</edmsLocation><edmsObject>CAP</edmsObject><mediaFlag>0</mediaFlag><recDate>2014-05-19T13:06:24-07:00</recDate><recFulNam>ADMIN</recFulNam><recStatus>A</recStatus><sdAppDes>Ready to Issue</sdAppDes><sdProDes>Plans Coordination</sdProDes></processEMailSettingModel><processEMailSettingModel><noteID>61</noteID><processName>BLD_RES</processName><serviceProviderCode>MUNI1</serviceProviderCode><b3contactFlag>N</b3contactFlag><contactRelation>Applicant</contactRelation><contentsCode>BLD_ISSUED</contentsCode><distributionFlag>N</distributionFlag><docCategory>Email</docCategory><docGroup>PMT</docGroup><edmsLocation>ADS</edmsLocation><edmsObject>CAP</edmsObject><mediaFlag>0</mediaFlag><recDate>2014-05-19T13:06:24-07:00</recDate><recFulNam>ADMIN</recFulNam><recStatus>A</recStatus><sdAppDes>Issued</sdAppDes><sdProDes>Permit Issuance</sdProDes></processEMailSettingModel><processEMailSettingModel><noteID>62</noteID><processName>BLD_RES</processName><serviceProviderCode>MUNI1</serviceProviderCode><b3contactFlag>N</b3contactFlag><contactRelation>Applicant</contactRelation><contentsCode>BLD_EXPIRED</contentsCode><distributionFlag>N</distributionFlag><docCategory>Email</docCategory><docGroup>PMT</docGroup><edmsLocation>ADS</edmsLocation><edmsObject>CAP</edmsObject><mediaFlag>0</mediaFlag><recDate>2014-05-27T16:06:17-07:00</recDate><recFulNam>ADMIN</recFulNam><recStatus>A</recStatus><sdAppDes>Expired</sdAppDes><sdProDes>Inspection</sdProDes></processEMailSettingModel><processEMailSettingModel><noteID>63</noteID><processName>BLD_RES</processName><serviceProviderCode>MUNI1</serviceProviderCode><b3contactFlag>N</b3contactFlag><contactRelation>Applicant</contactRelation><contentsCode>BLD_FINALED</contentsCode><distributionFlag>N</distributionFlag><docCategory>Email</docCategory><docGroup>PMT</docGroup><edmsLocation>ADS</edmsLocation><edmsObject>CAP</edmsObject><mediaFlag>0</mediaFlag><recDate>2014-05-27T16:06:50-07:00</recDate><recFulNam>ADMIN</recFulNam><recStatus>A</recStatus><sdAppDes>Final Inspection Complete</sdAppDes><sdProDes>Inspection</sdProDes></processEMailSettingModel><processEMailSettingModel><noteID>64</noteID><processName>BLD_RES</processName><serviceProviderCode>MUNI1</serviceProviderCode><b3contactFlag>N</b3contactFlag><contactRelation>Applicant</contactRelation><contentsCode>BLD_TCO</contentsCode><distributionFlag>N</distributionFlag><docCategory>Email</docCategory><docGroup>PMT</docGroup><edmsLocation>ADS</edmsLocation><edmsObject>CAP</edmsObject><mediaFlag>0</mediaFlag><recDate>2014-05-27T16:07:32-07:00</recDate><recFulNam>ADMIN</recFulNam><recStatus>A</recStatus><sdAppDes>Temp CO Issued</sdAppDes><sdProDes>Inspection</sdProDes></processEMailSettingModel><processEMailSettingModel><noteID>65</noteID><processName>BLD_RES</processName><serviceProviderCode>MUNI1</serviceProviderCode><b3contactFlag>N</b3contactFlag><contactRelation>Applicant</contactRelation><contentsCode>BLD_CO</contentsCode><distributionFlag>N</distributionFlag><docCategory>Email</docCategory><docGroup>PMT</docGroup><edmsLocation>ADS</edmsLocation><edmsObject>CAP</edmsObject><mediaFlag>0</mediaFlag><recDate>2014-05-27T16:08:12-07:00</recDate><recFulNam>ADMIN</recFulNam><recStatus>A</recStatus><sdAppDes>Final CO Issued</sdAppDes><sdProDes>Certificate of Occupancy</sdProDes></processEMailSettingModel></processEMailSettingModels><processModels><processModel><r1ProcessCode>BLD_RES</r1ProcessCode><sdStpNum>1</sdStpNum><servProvCode>MUNI1</servProvCode><asgnAgencyCode>BUILDING</asgnAgencyCode><asgnBureauCode>NA</asgnBureauCode><asgnDivisionCode>NA</asgnDivisionCode><asgnGroupCode>NA</asgnGroupCode><asgnOfficeCode>NA</asgnOfficeCode><asgnSectionCode>NA</asgnSectionCode><auditModel><auditDate>2013-04-07T17:30:33-07:00</auditDate><auditID>Accela Administrator</auditID><auditStatus>A</auditStatus></auditModel><calendarId>72</calendarId><displayInAca>Y</displayInAca><hoursSpentRequired>N</hoursSpentRequired><sdChkLv5>A</sdChkLv5><sdDueDay>2</sdDueDay><sdNxtId1>013022000000000</sdNxtId1><sdProDes>Application Acceptance</sdProDes><sdProId1>010000000000000</sdProId1></processModel><processModel><r1ProcessCode>BLD_RES</r1ProcessCode><sdStpNum>8</sdStpNum><servProvCode>MUNI1</servProvCode><asgnAgencyCode>BUILDING</asgnAgencyCode><asgnBureauCode>NA</asgnBureauCode><asgnDivisionCode>NA</asgnDivisionCode><asgnGroupCode>NA</asgnGroupCode><asgnOfficeCode>NA</asgnOfficeCode><asgnSectionCode>NA</asgnSectionCode><auditModel><auditDate>2013-04-07T17:30:33-07:00</auditDate><auditID>Accela Administrator</auditID><auditStatus>A</auditStatus></auditModel><calendarId>72</calendarId><displayInAca>Y</displayInAca><hoursSpentRequired>N</hoursSpentRequired><sdChkLv5>A</sdChkLv5><sdDueDay>2</sdDueDay><sdNxtId1>024000000000000</sdNxtId1><sdProDes>Permit Issuance</sdProDes><sdProId1>022000000000000</sdProId1></processModel><processModel><r1ProcessCode>BLD_RES</r1ProcessCode><sdStpNum>9</sdStpNum><servProvCode>MUNI1</servProvCode><asgnAgencyCode>BUILDING</asgnAgencyCode><asgnBureauCode>NA</asgnBureauCode><asgnDivisionCode>NA</asgnDivisionCode><asgnGroupCode>NA</asgnGroupCode><asgnOfficeCode>NA</asgnOfficeCode><asgnSectionCode>NA</asgnSectionCode><auditModel><auditDate>2014-05-27T16:05:37-07:00</auditDate><auditID>Accela Administrator</auditID><auditStatus>A</auditStatus></auditModel><calendarId>72</calendarId><displayInAca>Y</displayInAca><hoursSpentRequired>N</hoursSpentRequired><sdChkLv5>A</sdChkLv5><sdDueDay>0</sdDueDay><sdNxtId1>026000000000000</sdNxtId1><sdProDes>Inspection</sdProDes><sdProId1>024000000000000</sdProId1></processModel><processModel><r1ProcessCode>BLD_RES</r1ProcessCode><sdStpNum>10</sdStpNum><servProvCode>MUNI1</servProvCode><asgnAgencyCode>BUILDING</asgnAgencyCode><asgnBureauCode>NA</asgnBureauCode><asgnDivisionCode>NA</asgnDivisionCode><asgnGroupCode>NA</asgnGroupCode><asgnOfficeCode>NA</asgnOfficeCode><asgnSectionCode>NA</asgnSectionCode><auditModel><auditDate>2013-04-07T17:30:33-07:00</auditDate><auditID>Accela Administrator</auditID><auditStatus>A</auditStatus></auditModel><calendarId>72</calendarId><displayInAca>Y</displayInAca><hoursSpentRequired>N</hoursSpentRequired><sdChkLv5>A</sdChkLv5><sdDueDay>0</sdDueDay><sdNxtId1>000000000000000</sdNxtId1><sdProDes>Certificate of Occupancy</sdProDes><sdProId1>026000000000000</sdProId1></processModel><processModel><r1ProcessCode>BLD_RES</r1ProcessCode><sdStpNum>12</sdStpNum><servProvCode>MUNI1</servProvCode><asgnAgencyCode>BUILDING</asgnAgencyCode><asgnBureauCode>NA</asgnBureauCode><asgnDivisionCode>NA</asgnDivisionCode><asgnGroupCode>NA</asgnGroupCode><asgnOfficeCode>NA</asgnOfficeCode><asgnSectionCode>NA</asgnSectionCode><auditModel><auditDate>2013-04-07T17:30:33-07:00</auditDate><auditID>Accela Administrator</auditID><auditStatus>A</auditStatus></auditModel><calendarId>72</calendarId><displayInAca>Y</displayInAca><hoursSpentRequired>N</hoursSpentRequired><sdChkLv5>A</sdChkLv5><sdDueDay>2</sdDueDay><sdNxtId1>020000000000000</sdNxtId1><sdProDes>Plans Distribution</sdProDes><sdProId1>013000000000000</sdProId1></processModel><processModel><r1ProcessCode>BLD_RES</r1ProcessCode><sdStpNum>13</sdStpNum><servProvCode>MUNI1</servProvCode><asgnAgencyCode>BUILDING</asgnAgencyCode><asgnBureauCode>NA</asgnBureauCode><asgnDivisionCode>NA</asgnDivisionCode><asgnGroupCode>NA</asgnGroupCode><asgnOfficeCode>NA</asgnOfficeCode><asgnSectionCode>NA</asgnSectionCode><auditModel><auditDate>2013-04-07T17:30:33-07:00</auditDate><auditID>Accela Administrator</auditID><auditStatus>A</auditStatus></auditModel><calendarId>72</calendarId><displayInAca>Y</displayInAca><hoursSpentRequired>N</hoursSpentRequired><sdChkLv5>A</sdChkLv5><sdDueDay>5</sdDueDay><sdNxtId1>021000000000000</sdNxtId1><sdProDes>Building Review</sdProDes><sdProId1>020001000000000</sdProId1></processModel><processModel><r1ProcessCode>BLD_RES</r1ProcessCode><sdStpNum>14</sdStpNum><servProvCode>MUNI1</servProvCode><asgnAgencyCode>BUILDING</asgnAgencyCode><asgnBureauCode>NA</asgnBureauCode><asgnDivisionCode>NA</asgnDivisionCode><asgnGroupCode>NA</asgnGroupCode><asgnOfficeCode>NA</asgnOfficeCode><asgnSectionCode>NA</asgnSectionCode><auditModel><auditDate>2013-04-07T17:30:33-07:00</auditDate><auditID>Accela Administrator</auditID><auditStatus>A</auditStatus></auditModel><calendarId>72</calendarId><displayInAca>Y</displayInAca><hoursSpentRequired>N</hoursSpentRequired><sdChkLv5>A</sdChkLv5><sdDueDay>5</sdDueDay><sdNxtId1>021000000000000</sdNxtId1><sdProDes>Electrical Review</sdProDes><sdProId1>020001000000000</sdProId1></processModel><processModel><r1ProcessCode>BLD_RES</r1ProcessCode><sdStpNum>15</sdStpNum><servProvCode>MUNI1</servProvCode><asgnAgencyCode>BUILDING</asgnAgencyCode><asgnBureauCode>NA</asgnBureauCode><asgnDivisionCode>NA</asgnDivisionCode><asgnGroupCode>NA</asgnGroupCode><asgnOfficeCode>NA</asgnOfficeCode><asgnSectionCode>NA</asgnSectionCode><auditModel><auditDate>2013-04-07T17:30:33-07:00</auditDate><auditID>Accela Administrator</auditID><auditStatus>A</auditStatus></auditModel><calendarId>72</calendarId><displayInAca>Y</displayInAca><hoursSpentRequired>N</hoursSpentRequired><sdChkLv5>A</sdChkLv5><sdDueDay>2</sdDueDay><sdNxtId1>013022000000000</sdNxtId1><sdProDes>Plans Coordination</sdProDes><sdProId1>021000000000000</sdProId1></processModel><processModel><r1ProcessCode>BLD_RES</r1ProcessCode><sdStpNum>16</sdStpNum><servProvCode>MUNI1</servProvCode><asgnAgencyCode>BUILDING</asgnAgencyCode><asgnBureauCode>NA</asgnBureauCode><asgnDivisionCode>NA</asgnDivisionCode><asgnGroupCode>NA</asgnGroupCode><asgnOfficeCode>NA</asgnOfficeCode><asgnSectionCode>NA</asgnSectionCode><auditModel><auditDate>2013-04-07T17:30:33-07:00</auditDate><auditID>Accela Administrator</auditID><auditStatus>A</auditStatus></auditModel><calendarId>72</calendarId><displayInAca>Y</displayInAca><hoursSpentRequired>N</hoursSpentRequired><sdChkLv5>A</sdChkLv5><sdDueDay>5</sdDueDay><sdNxtId1>021000000000000</sdNxtId1><sdProDes>Mechanical Review</sdProDes><sdProId1>020001000000000</sdProId1></processModel><processModel><r1ProcessCode>BLD_RES</r1ProcessCode><sdStpNum>17</sdStpNum><servProvCode>MUNI1</servProvCode><asgnAgencyCode>BUILDING</asgnAgencyCode><asgnBureauCode>NA</asgnBureauCode><asgnDivisionCode>NA</asgnDivisionCode><asgnGroupCode>NA</asgnGroupCode><asgnOfficeCode>NA</asgnOfficeCode><asgnSectionCode>NA</asgnSectionCode><auditModel><auditDate>2013-04-07T17:30:33-07:00</auditDate><auditID>Accela Administrator</auditID><auditStatus>A</auditStatus></auditModel><calendarId>72</calendarId><displayInAca>Y</displayInAca><hoursSpentRequired>N</hoursSpentRequired><sdChkLv5>A</sdChkLv5><sdDueDay>5</sdDueDay><sdNxtId1>021000000000000</sdNxtId1><sdProDes>Plumbing Review</sdProDes><sdProId1>020001000000000</sdProId1></processModel><processModel><r1ProcessCode>BLD_RES</r1ProcessCode><sdStpNum>18</sdStpNum><servProvCode>MUNI1</servProvCode><asgnAgencyCode>BUILDING</asgnAgencyCode><asgnBureauCode>NA</asgnBureauCode><asgnDivisionCode>NA</asgnDivisionCode><asgnGroupCode>NA</asgnGroupCode><asgnOfficeCode>NA</asgnOfficeCode><asgnSectionCode>NA</asgnSectionCode><auditModel><auditDate>2013-04-07T17:30:33-07:00</auditDate><auditID>Accela Administrator</auditID><auditStatus>A</auditStatus></auditModel><calendarId>72</calendarId><displayInAca>Y</displayInAca><hoursSpentRequired>N</hoursSpentRequired><sdChkLv5>A</sdChkLv5><sdDueDay>5</sdDueDay><sdNxtId1>021000000000000</sdNxtId1><sdProDes>Zoning Review</sdProDes><sdProId1>020001000000000</sdProId1></processModel></processModels><processSecurityModels/><r3statypModels><r3statyp><r3ActStatCod>PMTR010</r3ActStatCod><r3ProcessCode>BLD_RES</r3ProcessCode><servProvCode>MUNI1</servProvCode><applicationStatus>Ready to Issue</applicationStatus><displayInAca>Y</displayInAca><r3ActStatDes>Accepted - Plan Review Not Req</r3ActStatDes><r3ActStatFlg>B</r3ActStatFlg><r3ActTypeDes>Application Acceptance</r3ActTypeDes><r3MouClockAction>No Action</r3MouClockAction><recDate>2011-11-01T14:00:15-07:00</recDate><recFulNam>ADMIN</recFulNam><recStatus>A</recStatus><refTaskStatusI18NModels/></r3statyp><r3statyp><r3ActStatCod>PMTR020</r3ActStatCod><r3ProcessCode>BLD_RES</r3ProcessCode><servProvCode>MUNI1</servProvCode><displayInAca>Y</displayInAca><r3ActStatDes>Accepted - Plan Review Req</r3ActStatDes><r3ActStatFlg>Y</r3ActStatFlg><r3ActTypeDes>Application Acceptance</r3ActTypeDes><r3MouClockAction>No Action</r3MouClockAction><recDate>2011-11-01T14:00:43-07:00</recDate><recFulNam>ADMIN</recFulNam><recStatus>A</recStatus><refTaskStatusI18NModels/></r3statyp><r3statyp><r3ActStatCod>PMTR030</r3ActStatCod><r3ProcessCode>BLD_RES</r3ProcessCode><servProvCode>MUNI1</servProvCode><displayInAca>Y</displayInAca><r3ActStatDes>Note</r3ActStatDes><r3ActStatFlg>U</r3ActStatFlg><r3ActTypeDes>Application Acceptance</r3ActTypeDes><r3MouClockAction>No Action</r3MouClockAction><recDate>2011-11-01T14:00:51-07:00</recDate><recFulNam>ADMIN</recFulNam><recStatus>A</recStatus><refTaskStatusI18NModels/></r3statyp><r3statyp><r3ActStatCod>PMTR040</r3ActStatCod><r3ProcessCode>BLD_RES</r3ProcessCode><servProvCode>MUNI1</servProvCode><displayInAca>Y</displayInAca><r3ActStatDes>Note</r3ActStatDes><r3ActStatFlg>U</r3ActStatFlg><r3ActTypeDes>Plans Distribution</r3ActTypeDes><r3MouClockAction>No Action</r3MouClockAction><recDate>2011-11-01T14:01:11-07:00</recDate><recFulNam>ADMIN</recFulNam><recStatus>A</recStatus><refTaskStatusI18NModels/></r3statyp><r3statyp><r3ActStatCod>PMTR050</r3ActStatCod><r3ProcessCode>BLD_RES</r3ProcessCode><servProvCode>MUNI1</servProvCode><applicationStatus>Plan Review</applicationStatus><displayInAca>Y</displayInAca><r3ActStatDes>Routed for Review</r3ActStatDes><r3ActStatFlg>Y</r3ActStatFlg><r3ActTypeDes>Plans Distribution</r3ActTypeDes><r3MouClockAction>No Action</r3MouClockAction><recDate>2011-11-01T17:02:12-07:00</recDate><recFulNam>ADMIN</recFulNam><recStatus>A</recStatus><refTaskStatusI18NModels/></r3statyp><r3statyp><r3ActStatCod>PMTR060</r3ActStatCod><r3ProcessCode>BLD_RES</r3ProcessCode><servProvCode>MUNI1</servProvCode><displayInAca>Y</displayInAca><r3ActStatDes>Revisions Received</r3ActStatDes><r3ActStatFlg>U</r3ActStatFlg><r3ActTypeDes>Plans Distribution</r3ActTypeDes><r3MouClockAction>No Action</r3MouClockAction><recDate>2011-11-01T14:01:53-07:00</recDate><recFulNam>ADMIN</recFulNam><recStatus>A</recStatus><refTaskStatusI18NModels/></r3statyp><r3statyp><r3ActStatCod>PMTR070</r3ActStatCod><r3ProcessCode>BLD_RES</r3ProcessCode><servProvCode>MUNI1</servProvCode><displayInAca>Y</displayInAca><r3ActStatDes>Approved</r3ActStatDes><r3ActStatFlg>Y</r3ActStatFlg><r3ActTypeDes>Building Review</r3ActTypeDes><r3MouClockAction>No Action</r3MouClockAction><recDate>2011-11-01T14:07:06-07:00</recDate><recFulNam>ADMIN</recFulNam><recStatus>A</recStatus><refTaskStatusI18NModels/></r3statyp><r3statyp><r3ActStatCod>PMTR080</r3ActStatCod><r3ProcessCode>BLD_RES</r3ProcessCode><servProvCode>MUNI1</servProvCode><displayInAca>Y</displayInAca><r3ActStatDes>Approved w/Comments</r3ActStatDes><r3ActStatFlg>Y</r3ActStatFlg><r3ActTypeDes>Building Review</r3ActTypeDes><r3MouClockAction>No Action</r3MouClockAction><recDate>2011-11-01T14:11:42-07:00</recDate><recFulNam>ADMIN</recFulNam><recStatus>A</recStatus><refTaskStatusI18NModels/></r3statyp><r3statyp><r3ActStatCod>PMTR090</r3ActStatCod><r3ProcessCode>BLD_RES</r3ProcessCode><servProvCode>MUNI1</servProvCode><displayInAca>Y</displayInAca><r3ActStatDes>Not Required</r3ActStatDes><r3ActStatFlg>Y</r3ActStatFlg><r3ActTypeDes>Building Review</r3ActTypeDes><r3MouClockAction>No Action</r3MouClockAction><recDate>2011-11-01T14:12:54-07:00</recDate><recFulNam>ADMIN</recFulNam><recStatus>A</recStatus><refTaskStatusI18NModels/></r3statyp><r3statyp><r3ActStatCod>PMTR095</r3ActStatCod><r3ProcessCode>BLD_RES</r3ProcessCode><servProvCode>MUNI1</servProvCode><displayInAca>Y</displayInAca><r3ActStatDes>Note</r3ActStatDes><r3ActStatFlg>U</r3ActStatFlg><r3ActTypeDes>Building Review</r3ActTypeDes><r3MouClockAction>No Action</r3MouClockAction><recDate>2011-11-01T14:13:08-07:00</recDate><recFulNam>ADMIN</recFulNam><recStatus>A</recStatus><refTaskStatusI18NModels/></r3statyp><r3statyp><r3ActStatCod>PMTR100</r3ActStatCod><r3ProcessCode>BLD_RES</r3ProcessCode><servProvCode>MUNI1</servProvCode><displayInAca>Y</displayInAca><r3ActStatDes>Revisions Required</r3ActStatDes><r3ActStatFlg>Y</r3ActStatFlg><r3ActTypeDes>Building Review</r3ActTypeDes><r3MouClockAction>No Action</r3MouClockAction><recDate>2011-11-01T14:13:37-07:00</recDate><recFulNam>ADMIN</recFulNam><recStatus>A</recStatus><refTaskStatusI18NModels/></r3statyp><r3statyp><r3ActStatCod>PMTR110</r3ActStatCod><r3ProcessCode>BLD_RES</r3ProcessCode><servProvCode>MUNI1</servProvCode><displayInAca>Y</displayInAca><r3ActStatDes>Approved</r3ActStatDes><r3ActStatFlg>Y</r3ActStatFlg><r3ActTypeDes>Electrical Review</r3ActTypeDes><r3MouClockAction>No Action</r3MouClockAction><recDate>2011-11-01T14:16:41-07:00</recDate><recFulNam>ADMIN</recFulNam><recStatus>A</recStatus><refTaskStatusI18NModels/></r3statyp><r3statyp><r3ActStatCod>PMTR120</r3ActStatCod><r3ProcessCode>BLD_RES</r3ProcessCode><servProvCode>MUNI1</servProvCode><displayInAca>Y</displayInAca><r3ActStatDes>Approved w/Comments</r3ActStatDes><r3ActStatFlg>Y</r3ActStatFlg><r3ActTypeDes>Electrical Review</r3ActTypeDes><r3MouClockAction>No Action</r3MouClockAction><recDate>2011-11-01T14:14:14-07:00</recDate><recFulNam>ADMIN</recFulNam><recStatus>A</recStatus><refTaskStatusI18NModels/></r3statyp><r3statyp><r3ActStatCod>PMTR130</r3ActStatCod><r3ProcessCode>BLD_RES</r3ProcessCode><servProvCode>MUNI1</servProvCode><displayInAca>Y</displayInAca><r3ActStatDes>Not Required</r3ActStatDes><r3ActStatFlg>Y</r3ActStatFlg><r3ActTypeDes>Electrical Review</r3ActTypeDes><r3MouClockAction>No Action</r3MouClockAction><recDate>2011-11-01T14:14:40-07:00</recDate><recFulNam>ADMIN</recFulNam><recStatus>A</recStatus><refTaskStatusI18NModels/></r3statyp><r3statyp><r3ActStatCod>PMTR140</r3ActStatCod><r3ProcessCode>BLD_RES</r3ProcessCode><servProvCode>MUNI1</servProvCode><displayInAca>Y</displayInAca><r3ActStatDes>Note</r3ActStatDes><r3ActStatFlg>U</r3ActStatFlg><r3ActTypeDes>Electrical Review</r3ActTypeDes><r3MouClockAction>No Action</r3MouClockAction><recDate>2011-11-01T14:14:48-07:00</recDate><recFulNam>ADMIN</recFulNam><recStatus>A</recStatus><refTaskStatusI18NModels/></r3statyp><r3statyp><r3ActStatCod>PMTR150</r3ActStatCod><r3ProcessCode>BLD_RES</r3ProcessCode><servProvCode>MUNI1</servProvCode><displayInAca>Y</displayInAca><r3ActStatDes>Revisions Required</r3ActStatDes><r3ActStatFlg>Y</r3ActStatFlg><r3ActTypeDes>Electrical Review</r3ActTypeDes><r3MouClockAction>No Action</r3MouClockAction><recDate>2011-11-01T14:15:02-07:00</recDate><recFulNam>ADMIN</recFulNam><recStatus>A</recStatus><refTaskStatusI18NModels/></r3statyp><r3statyp><r3ActStatCod>PMTR160</r3ActStatCod><r3ProcessCode>BLD_RES</r3ProcessCode><servProvCode>MUNI1</servProvCode><displayInAca>Y</displayInAca><r3ActStatDes>Approved</r3ActStatDes><r3ActStatFlg>Y</r3ActStatFlg><r3ActTypeDes>Mechanical Review</r3ActTypeDes><r3MouClockAction>No Action</r3MouClockAction><recDate>2011-11-01T14:16:36-07:00</recDate><recFulNam>ADMIN</recFulNam><recStatus>A</recStatus><refTaskStatusI18NModels/></r3statyp><r3statyp><r3ActStatCod>PMTR170</r3ActStatCod><r3ProcessCode>BLD_RES</r3ProcessCode><servProvCode>MUNI1</servProvCode><displayInAca>Y</displayInAca><r3ActStatDes>Approved w/Comments</r3ActStatDes><r3ActStatFlg>Y</r3ActStatFlg><r3ActTypeDes>Mechanical Review</r3ActTypeDes><r3MouClockAction>No Action</r3MouClockAction><recDate>2011-11-01T14:17:02-07:00</recDate><recFulNam>ADMIN</recFulNam><recStatus>A</recStatus><refTaskStatusI18NModels/></r3statyp><r3statyp><r3ActStatCod>PMTR180</r3ActStatCod><r3ProcessCode>BLD_RES</r3ProcessCode><servProvCode>MUNI1</servProvCode><displayInAca>Y</displayInAca><r3ActStatDes>Not Required</r3ActStatDes><r3ActStatFlg>Y</r3ActStatFlg><r3ActTypeDes>Mechanical Review</r3ActTypeDes><r3MouClockAction>No Action</r3MouClockAction><recDate>2011-11-01T14:18:20-07:00</recDate><recFulNam>ADMIN</recFulNam><recStatus>A</recStatus><refTaskStatusI18NModels/></r3statyp><r3statyp><r3ActStatCod>PMTR190</r3ActStatCod><r3ProcessCode>BLD_RES</r3ProcessCode><servProvCode>MUNI1</servProvCode><displayInAca>Y</displayInAca><r3ActStatDes>Note</r3ActStatDes><r3ActStatFlg>U</r3ActStatFlg><r3ActTypeDes>Mechanical Review</r3ActTypeDes><r3MouClockAction>No Action</r3MouClockAction><recDate>2011-11-01T14:18:30-07:00</recDate><recFulNam>ADMIN</recFulNam><recStatus>A</recStatus><refTaskStatusI18NModels/></r3statyp><r3statyp><r3ActStatCod>PMTR200</r3ActStatCod><r3ProcessCode>BLD_RES</r3ProcessCode><servProvCode>MUNI1</servProvCode><displayInAca>Y</displayInAca><r3ActStatDes>Revisions Required</r3ActStatDes><r3ActStatFlg>Y</r3ActStatFlg><r3ActTypeDes>Mechanical Review</r3ActTypeDes><r3MouClockAction>No Action</r3MouClockAction><recDate>2011-11-01T14:19:06-07:00</recDate><recFulNam>ADMIN</recFulNam><recStatus>A</recStatus><refTaskStatusI18NModels/></r3statyp><r3statyp><r3ActStatCod>PMTR210</r3ActStatCod><r3ProcessCode>BLD_RES</r3ProcessCode><servProvCode>MUNI1</servProvCode><displayInAca>Y</displayInAca><r3ActStatDes>Approved</r3ActStatDes><r3ActStatFlg>Y</r3ActStatFlg><r3ActTypeDes>Plumbing Review</r3ActTypeDes><r3MouClockAction>No Action</r3MouClockAction><recDate>2011-11-01T14:19:22-07:00</recDate><recFulNam>ADMIN</recFulNam><recStatus>A</recStatus><refTaskStatusI18NModels/></r3statyp><r3statyp><r3ActStatCod>PMTR220</r3ActStatCod><r3ProcessCode>BLD_RES</r3ProcessCode><servProvCode>MUNI1</servProvCode><displayInAca>Y</displayInAca><r3ActStatDes>Approved w/Comments</r3ActStatDes><r3ActStatFlg>Y</r3ActStatFlg><r3ActTypeDes>Plumbing Review</r3ActTypeDes><r3MouClockAction>No Action</r3MouClockAction><recDate>2011-11-01T14:19:37-07:00</recDate><recFulNam>ADMIN</recFulNam><recStatus>A</recStatus><refTaskStatusI18NModels/></r3statyp><r3statyp><r3ActStatCod>PMTR230</r3ActStatCod><r3ProcessCode>BLD_RES</r3ProcessCode><servProvCode>MUNI1</servProvCode><displayInAca>Y</displayInAca><r3ActStatDes>Not Required</r3ActStatDes><r3ActStatFlg>Y</r3ActStatFlg><r3ActTypeDes>Plumbing Review</r3ActTypeDes><r3MouClockAction>No Action</r3MouClockAction><recDate>2011-11-01T14:19:56-07:00</recDate><recFulNam>ADMIN</recFulNam><recStatus>A</recStatus><refTaskStatusI18NModels/></r3statyp><r3statyp><r3ActStatCod>PMTR240</r3ActStatCod><r3ProcessCode>BLD_RES</r3ProcessCode><servProvCode>MUNI1</servProvCode><displayInAca>Y</displayInAca><r3ActStatDes>Note</r3ActStatDes><r3ActStatFlg>U</r3ActStatFlg><r3ActTypeDes>Plumbing Review</r3ActTypeDes><r3MouClockAction>No Action</r3MouClockAction><recDate>2011-11-01T14:20:52-07:00</recDate><recFulNam>ADMIN</recFulNam><recStatus>A</recStatus><refTaskStatusI18NModels/></r3statyp><r3statyp><r3ActStatCod>PMTR250</r3ActStatCod><r3ProcessCode>BLD_RES</r3ProcessCode><servProvCode>MUNI1</servProvCode><displayInAca>Y</displayInAca><r3ActStatDes>Revisions Required</r3ActStatDes><r3ActStatFlg>Y</r3ActStatFlg><r3ActTypeDes>Plumbing Review</r3ActTypeDes><r3MouClockAction>No Action</r3MouClockAction><recDate>2011-11-01T14:21:19-07:00</recDate><recFulNam>ADMIN</recFulNam><recStatus>A</recStatus><refTaskStatusI18NModels/></r3statyp><r3statyp><r3ActStatCod>PMTR260</r3ActStatCod><r3ProcessCode>BLD_RES</r3ProcessCode><servProvCode>MUNI1</servProvCode><displayInAca>Y</displayInAca><r3ActStatDes>Approved</r3ActStatDes><r3ActStatFlg>Y</r3ActStatFlg><r3ActTypeDes>Zoning Review</r3ActTypeDes><r3MouClockAction>No Action</r3MouClockAction><recDate>2011-11-01T14:21:52-07:00</recDate><recFulNam>ADMIN</recFulNam><recStatus>A</recStatus><refTaskStatusI18NModels/></r3statyp><r3statyp><r3ActStatCod>PMTR270</r3ActStatCod><r3ProcessCode>BLD_RES</r3ProcessCode><servProvCode>MUNI1</servProvCode><displayInAca>Y</displayInAca><r3ActStatDes>Approved w/Comments</r3ActStatDes><r3ActStatFlg>Y</r3ActStatFlg><r3ActTypeDes>Zoning Review</r3ActTypeDes><r3MouClockAction>No Action</r3MouClockAction><recDate>2011-11-01T14:22:16-07:00</recDate><recFulNam>ADMIN</recFulNam><recStatus>A</recStatus><refTaskStatusI18NModels/></r3statyp><r3statyp><r3ActStatCod>PMTR280</r3ActStatCod><r3ProcessCode>BLD_RES</r3ProcessCode><servProvCode>MUNI1</servProvCode><displayInAca>Y</displayInAca><r3ActStatDes>Not Required</r3ActStatDes><r3ActStatFlg>Y</r3ActStatFlg><r3ActTypeDes>Zoning Review</r3ActTypeDes><r3MouClockAction>No Action</r3MouClockAction><recDate>2011-11-01T14:22:45-07:00</recDate><recFulNam>ADMIN</recFulNam><recStatus>A</recStatus><refTaskStatusI18NModels/></r3statyp><r3statyp><r3ActStatCod>PMTR290</r3ActStatCod><r3ProcessCode>BLD_RES</r3ProcessCode><servProvCode>MUNI1</servProvCode><displayInAca>Y</displayInAca><r3ActStatDes>Note</r3ActStatDes><r3ActStatFlg>U</r3ActStatFlg><r3ActTypeDes>Zoning Review</r3ActTypeDes><r3MouClockAction>No Action</r3MouClockAction><recDate>2011-11-01T14:22:54-07:00</recDate><recFulNam>ADMIN</recFulNam><recStatus>A</recStatus><refTaskStatusI18NModels/></r3statyp><r3statyp><r3ActStatCod>PMTR300</r3ActStatCod><r3ProcessCode>BLD_RES</r3ProcessCode><servProvCode>MUNI1</servProvCode><displayInAca>Y</displayInAca><r3ActStatDes>Revisions Required</r3ActStatDes><r3ActStatFlg>Y</r3ActStatFlg><r3ActTypeDes>Zoning Review</r3ActTypeDes><r3MouClockAction>No Action</r3MouClockAction><recDate>2011-11-01T14:23:15-07:00</recDate><recFulNam>ADMIN</recFulNam><recStatus>A</recStatus><refTaskStatusI18NModels/></r3statyp><r3statyp><r3ActStatCod>PMTR310</r3ActStatCod><r3ProcessCode>BLD_RES</r3ProcessCode><servProvCode>MUNI1</servProvCode><displayInAca>Y</displayInAca><r3ActStatDes>Note</r3ActStatDes><r3ActStatFlg>U</r3ActStatFlg><r3ActTypeDes>Plans Coordination</r3ActTypeDes><r3MouClockAction>No Action</r3MouClockAction><recDate>2011-11-01T14:24:06-07:00</recDate><recFulNam>ADMIN</recFulNam><recStatus>A</recStatus><refTaskStatusI18NModels/></r3statyp><r3statyp><r3ActStatCod>PMTR320</r3ActStatCod><r3ProcessCode>BLD_RES</r3ProcessCode><servProvCode>MUNI1</servProvCode><applicationStatus>Ready to Issue</applicationStatus><displayInAca>Y</displayInAca><r3ActStatDes>Ready to Issue</r3ActStatDes><r3ActStatFlg>B</r3ActStatFlg><r3ActTypeDes>Plans Coordination</r3ActTypeDes><r3MouClockAction>No Action</r3MouClockAction><recDate>2013-03-20T15:23:28-07:00</recDate><recFulNam>Accela Administrator</recFulNam><recStatus>A</recStatus><refTaskStatusI18NModels/></r3statyp><r3statyp><r3ActStatCod>PMTR330</r3ActStatCod><r3ProcessCode>BLD_RES</r3ProcessCode><servProvCode>MUNI1</servProvCode><applicationStatus>Revisions Required</applicationStatus><displayInAca>Y</displayInAca><r3ActStatDes>Revisions Required</r3ActStatDes><r3ActStatFlg>Y</r3ActStatFlg><r3ActTypeDes>Plans Coordination</r3ActTypeDes><r3MouClockAction>No Action</r3MouClockAction><recDate>2013-03-20T15:23:28-07:00</recDate><recFulNam>Accela Administrator</recFulNam><recStatus>A</recStatus><refTaskStatusI18NModels/></r3statyp><r3statyp><r3ActStatCod>PMTR340</r3ActStatCod><r3ProcessCode>BLD_RES</r3ProcessCode><servProvCode>MUNI1</servProvCode><applicationStatus>Issued</applicationStatus><displayInAca>Y</displayInAca><r3ActStatDes>Issued</r3ActStatDes><r3ActStatFlg>Y</r3ActStatFlg><r3ActTypeDes>Permit Issuance</r3ActTypeDes><r3MouClockAction>No Action</r3MouClockAction><recDate>2012-02-09T15:38:31-08:00</recDate><recFulNam>ADMIN</recFulNam><recStatus>A</recStatus><refTaskStatusI18NModels/></r3statyp><r3statyp><r3ActStatCod>PMTR350</r3ActStatCod><r3ProcessCode>BLD_RES</r3ProcessCode><servProvCode>MUNI1</servProvCode><displayInAca>Y</displayInAca><r3ActStatDes>Note</r3ActStatDes><r3ActStatFlg>U</r3ActStatFlg><r3ActTypeDes>Permit Issuance</r3ActTypeDes><r3MouClockAction>No Action</r3MouClockAction><recDate>2011-11-01T14:25:56-07:00</recDate><recFulNam>ADMIN</recFulNam><recStatus>A</recStatus><refTaskStatusI18NModels/></r3statyp><r3statyp><r3ActStatCod>PMTR360</r3ActStatCod><r3ProcessCode>BLD_RES</r3ProcessCode><servProvCode>MUNI1</servProvCode><applicationStatus>Finaled</applicationStatus><displayInAca>Y</displayInAca><r3ActStatDes>Final Inspection Complete</r3ActStatDes><r3ActStatFlg>Y</r3ActStatFlg><r3ActTypeDes>Inspection</r3ActTypeDes><r3MouClockAction>No Action</r3MouClockAction><recDate>2011-11-01T14:28:59-07:00</recDate><recFulNam>ADMIN</recFulNam><recStatus>A</recStatus><refTaskStatusI18NModels/></r3statyp><r3statyp><r3ActStatCod>PMTR380</r3ActStatCod><r3ProcessCode>BLD_RES</r3ProcessCode><servProvCode>MUNI1</servProvCode><displayInAca>Y</displayInAca><r3ActStatDes>Note</r3ActStatDes><r3ActStatFlg>U</r3ActStatFlg><r3ActTypeDes>Inspection</r3ActTypeDes><r3MouClockAction>No Action</r3MouClockAction><recDate>2011-11-01T14:34:42-07:00</recDate><recFulNam>ADMIN</recFulNam><recStatus>A</recStatus><refTaskStatusI18NModels/></r3statyp><r3statyp><r3ActStatCod>PMTR390</r3ActStatCod><r3ProcessCode>BLD_RES</r3ProcessCode><servProvCode>MUNI1</servProvCode><applicationStatus>TCO Issued</applicationStatus><displayInAca>Y</displayInAca><r3ActStatDes>Temp CO Issued</r3ActStatDes><r3ActStatFlg>U</r3ActStatFlg><r3ActTypeDes>Inspection</r3ActTypeDes><r3MouClockAction>No Action</r3MouClockAction><recDate>2011-11-01T14:35:09-07:00</recDate><recFulNam>ADMIN</recFulNam><recStatus>A</recStatus><refTaskStatusI18NModels/></r3statyp><r3statyp><r3ActStatCod>PMTR400</r3ActStatCod><r3ProcessCode>BLD_RES</r3ProcessCode><servProvCode>MUNI1</servProvCode><applicationStatus>CofO Issued</applicationStatus><displayInAca>Y</displayInAca><r3ActStatDes>Final CO Issued</r3ActStatDes><r3ActStatFlg>Y</r3ActStatFlg><r3ActTypeDes>Certificate of Occupancy</r3ActTypeDes><r3MouClockAction>No Action</r3MouClockAction><recDate>2011-11-01T14:37:09-07:00</recDate><recFulNam>ADMIN</recFulNam><recStatus>A</recStatus><refTaskStatusI18NModels/></r3statyp><r3statyp><r3ActStatCod>PMTR410</r3ActStatCod><r3ProcessCode>BLD_RES</r3ProcessCode><servProvCode>MUNI1</servProvCode><displayInAca>Y</displayInAca><r3ActStatDes>Not Required</r3ActStatDes><r3ActStatFlg>Y</r3ActStatFlg><r3ActTypeDes>Certificate of Occupancy</r3ActTypeDes><r3MouClockAction>No Action</r3MouClockAction><recDate>2011-11-01T14:37:59-07:00</recDate><recFulNam>ADMIN</recFulNam><recStatus>A</recStatus><refTaskStatusI18NModels/></r3statyp><r3statyp><r3ActStatCod>SCODE1</r3ActStatCod><r3ProcessCode>BLD_RES</r3ProcessCode><servProvCode>MUNI1</servProvCode><displayInAca>Y</displayInAca><r3ActStatDes>Note</r3ActStatDes><r3ActStatFlg>U</r3ActStatFlg><r3ActTypeDes>Certificate of Occupancy</r3ActTypeDes><recDate>2013-04-02T16:23:21-07:00</recDate><recFulNam>Accela Administrator</recFulNam><recStatus>A</recStatus><refTaskStatusI18NModels/></r3statyp><r3statyp><r3ActStatCod>SCODE2</r3ActStatCod><r3ProcessCode>BLD_RES</r3ProcessCode><servProvCode>MUNI1</servProvCode><applicationStatus>Expired</applicationStatus><displayInAca>Y</displayInAca><r3ActStatDes>Expired</r3ActStatDes><r3ActStatFlg>U</r3ActStatFlg><r3ActTypeDes>Inspection</r3ActTypeDes><recDate>2014-05-27T16:05:37-07:00</recDate><recFulNam>Accela Administrator</recFulNam><recStatus>A</recStatus><refTaskStatusI18NModels/></r3statyp></r3statypModels><securityFlag>BLD_RES/%</securityFlag></virProcess>
<virProcess><r1ProcessCode>BLD_COUNTER</r1ProcessCode><servProvCode>MUNI1</servProvCode><isEmailSettringSelected>Y</isEmailSettringSelected><isSecuritySelected>Y</isSecuritySelected><processEMailSettingModels><processEMailSettingModel><noteID>44</noteID><processName>BLD_COUNTER</processName><serviceProviderCode>MUNI1</serviceProviderCode><b3contactFlag>N</b3contactFlag><contactRelation>Applicant</contactRelation><contentsCode>BLD_READY</contentsCode><distributionFlag>N</distributionFlag><docCategory>Email</docCategory><docGroup>PMT</docGroup><edmsLocation>ADS</edmsLocation><edmsObject>CAP</edmsObject><mediaFlag>0</mediaFlag><recDate>2014-05-19T13:04:14-07:00</recDate><recFulNam>ADMIN</recFulNam><recStatus>A</recStatus><sdAppDes>Accepted - Plan Review Not Req</sdAppDes><sdProDes>Application Submittal</sdProDes></processEMailSettingModel><processEMailSettingModel><noteID>45</noteID><processName>BLD_COUNTER</processName><serviceProviderCode>MUNI1</serviceProviderCode><b3contactFlag>N</b3contactFlag><contactRelation>Applicant</contactRelation><contentsCode>BLD_ACCEPTED</contentsCode><distributionFlag>N</distributionFlag><docCategory>Email</docCategory><docGroup>PMT</docGroup><edmsLocation>ADS</edmsLocation><edmsObject>CAP</edmsObject><mediaFlag>0</mediaFlag><recDate>2014-05-19T13:04:14-07:00</recDate><recFulNam>ADMIN</recFulNam><recStatus>A</recStatus><sdAppDes>Accepted - Plan Review Req</sdAppDes><sdProDes>Application Submittal</sdProDes></processEMailSettingModel><processEMailSettingModel><noteID>46</noteID><processName>BLD_COUNTER</processName><serviceProviderCode>MUNI1</serviceProviderCode><b3contactFlag>N</b3contactFlag><contactRelation>Applicant</contactRelation><contentsCode>BLD_ISSUED</contentsCode><distributionFlag>N</distributionFlag><docCategory>Email</docCategory><docGroup>PMT</docGroup><edmsLocation>ADS</edmsLocation><edmsObject>CAP</edmsObject><mediaFlag>0</mediaFlag><recDate>2014-05-19T13:04:14-07:00</recDate><recFulNam>ADMIN</recFulNam><recStatus>A</recStatus><sdAppDes>Issued</sdAppDes><sdProDes>Permit Issuance</sdProDes></processEMailSettingModel><processEMailSettingModel><noteID>47</noteID><processName>BLD_COUNTER</processName><serviceProviderCode>MUNI1</serviceProviderCode><b3contactFlag>N</b3contactFlag><contactRelation>Applicant</contactRelation><contentsCode>BLD_REVISIONS</contentsCode><distributionFlag>N</distributionFlag><docCategory>Email</docCategory><docGroup>PMT</docGroup><edmsLocation>ADS</edmsLocation><edmsObject>CAP</edmsObject><mediaFlag>0</mediaFlag><recDate>2014-05-19T13:04:14-07:00</recDate><recFulNam>ADMIN</recFulNam><recStatus>A</recStatus><sdAppDes>Revisions Required</sdAppDes><sdProDes>Plan Review</sdProDes></processEMailSettingModel><processEMailSettingModel><noteID>48</noteID><processName>BLD_COUNTER</processName><serviceProviderCode>MUNI1</serviceProviderCode><b3contactFlag>N</b3contactFlag><contactRelation>Applicant</contactRelation><contentsCode>BLD_FINALED</contentsCode><distributionFlag>N</distributionFlag><docCategory>Email</docCategory><docGroup>PMT</docGroup><edmsLocation>ADS</edmsLocation><edmsObject>CAP</edmsObject><mediaFlag>0</mediaFlag><recDate>2014-05-27T15:53:34-07:00</recDate><recFulNam>ADMIN</recFulNam><recStatus>A</recStatus><sdAppDes>Final Inspection Complete</sdAppDes><sdProDes>Inspection</sdProDes></processEMailSettingModel><processEMailSettingModel><noteID>49</noteID><processName>BLD_COUNTER</processName><serviceProviderCode>MUNI1</serviceProviderCode><b3contactFlag>N</b3contactFlag><contactRelation>Applicant</contactRelation><contentsCode>BLD_EXPIRED</contentsCode><distributionFlag>N</distributionFlag><docCategory>Email</docCategory><docGroup>PMT</docGroup><edmsLocation>ADS</edmsLocation><edmsObject>CAP</edmsObject><mediaFlag>0</mediaFlag><recDate>2014-05-27T15:57:04-07:00</recDate><recFulNam>ADMIN</recFulNam><recStatus>A</recStatus><sdAppDes>Expired</sdAppDes><sdProDes>Inspection</sdProDes></processEMailSettingModel></processEMailSettingModels><processModels><processModel><r1ProcessCode>BLD_COUNTER</r1ProcessCode><sdStpNum>1</sdStpNum><servProvCode>MUNI1</servProvCode><asgnAgencyCode>BUILDING</asgnAgencyCode><asgnBureauCode>NA</asgnBureauCode><asgnDivisionCode>NA</asgnDivisionCode><asgnGroupCode>NA</asgnGroupCode><asgnOfficeCode>NA</asgnOfficeCode><asgnSectionCode>NA</asgnSectionCode><auditModel><auditDate>2013-04-07T17:28:51-07:00</auditDate><auditID>Accela Administrator</auditID><auditStatus>A</auditStatus></auditModel><calendarId>72</calendarId><displayInAca>Y</displayInAca><hoursSpentRequired>N</hoursSpentRequired><sdChkLv5>A</sdChkLv5><sdDueDay>1</sdDueDay><sdNxtId1>013014000000000</sdNxtId1><sdProDes>Application Submittal</sdProDes><sdProId1>010000000000000</sdProId1></processModel><processModel><r1ProcessCode>BLD_COUNTER</r1ProcessCode><sdStpNum>3</sdStpNum><servProvCode>MUNI1</servProvCode><asgnAgencyCode>BUILDING</asgnAgencyCode><asgnBureauCode>NA</asgnBureauCode><asgnDivisionCode>NA</asgnDivisionCode><asgnGroupCode>NA</asgnGroupCode><asgnOfficeCode>NA</asgnOfficeCode><asgnSectionCode>NA</asgnSectionCode><auditModel><auditDate>2013-04-07T17:28:51-07:00</auditDate><auditID>Accela Administrator</auditID><auditStatus>A</auditStatus></auditModel><calendarId>72</calendarId><displayInAca>Y</displayInAca><hoursSpentRequired>N</hoursSpentRequired><sdChkLv5>A</sdChkLv5><sdDueDay>1</sdDueDay><sdNxtId1>014000000000000</sdNxtId1><sdProDes>Plan Review</sdProDes><sdProId1>013000000000000</sdProId1></processModel><processModel><r1ProcessCode>BLD_COUNTER</r1ProcessCode><sdStpNum>8</sdStpNum><servProvCode>MUNI1</servProvCode><asgnAgencyCode>BUILDING</asgnAgencyCode><asgnBureauCode>NA</asgnBureauCode><asgnDivisionCode>NA</asgnDivisionCode><asgnGroupCode>NA</asgnGroupCode><asgnOfficeCode>NA</asgnOfficeCode><asgnSectionCode>NA</asgnSectionCode><auditModel><auditDate>2013-04-07T17:28:51-07:00</auditDate><auditID>Accela Administrator</auditID><auditStatus>A</auditStatus></auditModel><calendarId>72</calendarId><displayInAca>Y</displayInAca><hoursSpentRequired>N</hoursSpentRequired><sdChkLv5>A</sdChkLv5><sdDueDay>1</sdDueDay><sdNxtId1>016000000000000</sdNxtId1><sdProDes>Permit Issuance</sdProDes><sdProId1>014000000000000</sdProId1></processModel><processModel><r1ProcessCode>BLD_COUNTER</r1ProcessCode><sdStpNum>9</sdStpNum><servProvCode>MUNI1</servProvCode><asgnAgencyCode>BUILDING</asgnAgencyCode><asgnBureauCode>NA</asgnBureauCode><asgnDivisionCode>NA</asgnDivisionCode><asgnGroupCode>NA</asgnGroupCode><asgnOfficeCode>NA</asgnOfficeCode><asgnSectionCode>NA</asgnSectionCode><auditModel><auditDate>2014-05-27T15:54:26-07:00</auditDate><auditID>Accela Administrator</auditID><auditStatus>A</auditStatus></auditModel><displayInAca>Y</displayInAca><hoursSpentRequired>N</hoursSpentRequired><sdChkLv5>A</sdChkLv5><sdDueDay>0</sdDueDay><sdNxtId1>000000000000000</sdNxtId1><sdProDes>Inspection</sdProDes><sdProId1>016000000000000</sdProId1></processModel></processModels><processSecurityModels/><r3statypModels><r3statyp><r3ActStatCod>PMTCT010</r3ActStatCod><r3ProcessCode>BLD_COUNTER</r3ProcessCode><servProvCode>MUNI1</servProvCode><applicationStatus>Ready to Issue</applicationStatus><displayInAca>Y</displayInAca><r3ActStatDes>Accepted - Plan Review Not Req</r3ActStatDes><r3ActStatFlg>B</r3ActStatFlg><r3ActTypeDes>Application Submittal</r3ActTypeDes><r3MouClockAction>No Action</r3MouClockAction><recDate>2011-12-22T14:11:05-08:00</recDate><recFulNam>ADMIN</recFulNam><recStatus>A</recStatus><refTaskStatusI18NModels/></r3statyp><r3statyp><r3ActStatCod>PMTCT020</r3ActStatCod><r3ProcessCode>BLD_COUNTER</r3ProcessCode><servProvCode>MUNI1</servProvCode><applicationStatus>Plan Review</applicationStatus><displayInAca>Y</displayInAca><r3ActStatDes>Accepted - Plan Review Req</r3ActStatDes><r3ActStatFlg>Y</r3ActStatFlg><r3ActTypeDes>Application Submittal</r3ActTypeDes><r3MouClockAction>No Action</r3MouClockAction><recDate>2011-11-01T14:58:17-07:00</recDate><recFulNam>ADMIN</recFulNam><recStatus>A</recStatus><refTaskStatusI18NModels/></r3statyp><r3statyp><r3ActStatCod>PMTCT030</r3ActStatCod><r3ProcessCode>BLD_COUNTER</r3ProcessCode><servProvCode>MUNI1</servProvCode><displayInAca>Y</displayInAca><r3ActStatDes>Note</r3ActStatDes><r3ActStatFlg>U</r3ActStatFlg><r3ActTypeDes>Application Submittal</r3ActTypeDes><r3MouClockAction>No Action</r3MouClockAction><recDate>2011-11-01T14:58:30-07:00</recDate><recFulNam>ADMIN</recFulNam><recStatus>A</recStatus><refTaskStatusI18NModels/></r3statyp><r3statyp><r3ActStatCod>PMTCT040</r3ActStatCod><r3ProcessCode>BLD_COUNTER</r3ProcessCode><servProvCode>MUNI1</servProvCode><applicationStatus>Ready to Issue</applicationStatus><displayInAca>Y</displayInAca><r3ActStatDes>Approved</r3ActStatDes><r3ActStatFlg>Y</r3ActStatFlg><r3ActTypeDes>Plan Review</r3ActTypeDes><r3MouClockAction>No Action</r3MouClockAction><recDate>2011-11-01T14:59:32-07:00</recDate><recFulNam>ADMIN</recFulNam><recStatus>A</recStatus><refTaskStatusI18NModels/></r3statyp><r3statyp><r3ActStatCod>PMTCT060</r3ActStatCod><r3ProcessCode>BLD_COUNTER</r3ProcessCode><servProvCode>MUNI1</servProvCode><applicationStatus>Ready to Issue</applicationStatus><displayInAca>Y</displayInAca><r3ActStatDes>Not Required</r3ActStatDes><r3ActStatFlg>Y</r3ActStatFlg><r3ActTypeDes>Plan Review</r3ActTypeDes><r3MouClockAction>No Action</r3MouClockAction><recDate>2011-11-01T15:00:09-07:00</recDate><recFulNam>ADMIN</recFulNam><recStatus>A</recStatus><refTaskStatusI18NModels/></r3statyp><r3statyp><r3ActStatCod>PMTCT070</r3ActStatCod><r3ProcessCode>BLD_COUNTER</r3ProcessCode><servProvCode>MUNI1</servProvCode><displayInAca>Y</displayInAca><r3ActStatDes>Note</r3ActStatDes><r3ActStatFlg>U</r3ActStatFlg><r3ActTypeDes>Plan Review</r3ActTypeDes><r3MouClockAction>No Action</r3MouClockAction><recDate>2011-11-01T15:00:17-07:00</recDate><recFulNam>ADMIN</recFulNam><recStatus>A</recStatus><refTaskStatusI18NModels/></r3statyp><r3statyp><r3ActStatCod>PMTCT080</r3ActStatCod><r3ProcessCode>BLD_COUNTER</r3ProcessCode><servProvCode>MUNI1</servProvCode><displayInAca>Y</displayInAca><r3ActStatDes>Revisions Required</r3ActStatDes><r3ActStatFlg>U</r3ActStatFlg><r3ActTypeDes>Plan Review</r3ActTypeDes><r3MouClockAction>No Action</r3MouClockAction><recDate>2011-11-01T16:45:05-07:00</recDate><recFulNam>ADMIN</recFulNam><recStatus>A</recStatus><refTaskStatusI18NModels/></r3statyp><r3statyp><r3ActStatCod>PMTCT090</r3ActStatCod><r3ProcessCode>BLD_COUNTER</r3ProcessCode><servProvCode>MUNI1</servProvCode><applicationStatus>Issued</applicationStatus><displayInAca>Y</displayInAca><r3ActStatDes>Issued</r3ActStatDes><r3ActStatFlg>Y</r3ActStatFlg><r3ActTypeDes>Permit Issuance</r3ActTypeDes><r3MouClockAction>No Action</r3MouClockAction><recDate>2012-02-09T15:37:39-08:00</recDate><recFulNam>ADMIN</recFulNam><recStatus>A</recStatus><refTaskStatusI18NModels/></r3statyp><r3statyp><r3ActStatCod>PMTCT100</r3ActStatCod><r3ProcessCode>BLD_COUNTER</r3ProcessCode><servProvCode>MUNI1</servProvCode><displayInAca>Y</displayInAca><r3ActStatDes>Note</r3ActStatDes><r3ActStatFlg>U</r3ActStatFlg><r3ActTypeDes>Permit Issuance</r3ActTypeDes><r3MouClockAction>No Action</r3MouClockAction><recDate>2011-11-01T15:01:33-07:00</recDate><recFulNam>ADMIN</recFulNam><recStatus>A</recStatus><refTaskStatusI18NModels/></r3statyp><r3statyp><r3ActStatCod>PMTCT110</r3ActStatCod><r3ProcessCode>BLD_COUNTER</r3ProcessCode><servProvCode>MUNI1</servProvCode><applicationStatus>Finaled</applicationStatus><displayInAca>Y</displayInAca><r3ActStatDes>Final Inspection Complete</r3ActStatDes><r3ActStatFlg>Y</r3ActStatFlg><r3ActTypeDes>Inspection</r3ActTypeDes><r3MouClockAction>No Action</r3MouClockAction><recDate>2011-11-01T15:02:20-07:00</recDate><recFulNam>ADMIN</recFulNam><recStatus>A</recStatus><refTaskStatusI18NModels/></r3statyp><r3statyp><r3ActStatCod>PMTCT130</r3ActStatCod><r3ProcessCode>BLD_COUNTER</r3ProcessCode><servProvCode>MUNI1</servProvCode><displayInAca>Y</displayInAca><r3ActStatDes>Note</r3ActStatDes><r3ActStatFlg>U</r3ActStatFlg><r3ActTypeDes>Inspection</r3ActTypeDes><r3MouClockAction>No Action</r3MouClockAction><recDate>2011-11-01T15:04:06-07:00</recDate><recFulNam>ADMIN</recFulNam><recStatus>A</recStatus><refTaskStatusI18NModels/></r3statyp><r3statyp><r3ActStatCod>SCODE1</r3ActStatCod><r3ProcessCode>BLD_COUNTER</r3ProcessCode><servProvCode>MUNI1</servProvCode><applicationStatus>Expired</applicationStatus><displayInAca>Y</displayInAca><r3ActStatDes>Expired</r3ActStatDes><r3ActStatFlg>U</r3ActStatFlg><r3ActTypeDes>Inspection</r3ActTypeDes><recDate>2014-05-27T15:54:26-07:00</recDate><recFulNam>Accela Administrator</recFulNam><recStatus>A</recStatus><refTaskStatusI18NModels/></r3statyp></r3statypModels><securityFlag>BLD_COUNTER/%</securityFlag></virProcess>
<virProcess><r1ProcessCode>BLD_DEMO</r1ProcessCode><servProvCode>MUNI1</servProvCode><isEmailSettringSelected>Y</isEmailSettringSelected><isSecuritySelected>Y</isSecuritySelected><processEMailSettingModels><processEMailSettingModel><noteID>30</noteID><processName>BLD_DEMO</processName><serviceProviderCode>MUNI1</serviceProviderCode><b3contactFlag>N</b3contactFlag><contactRelation>Applicant</contactRelation><contentsCode>BLD_READY</contentsCode><distributionFlag>N</distributionFlag><docCategory>Email</docCategory><docGroup>PMT</docGroup><edmsLocation>ADS</edmsLocation><edmsObject>CAP</edmsObject><mediaFlag>0</mediaFlag><recDate>2014-05-19T13:04:47-07:00</recDate><recFulNam>ADMIN</recFulNam><recStatus>A</recStatus><sdAppDes>Accepted - Plan Review Not Req</sdAppDes><sdProDes>Application Submittal</sdProDes></processEMailSettingModel><processEMailSettingModel><noteID>31</noteID><processName>BLD_DEMO</processName><serviceProviderCode>MUNI1</serviceProviderCode><b3contactFlag>N</b3contactFlag><contactRelation>Applicant</contactRelation><contentsCode>BLD_ACCEPTED</contentsCode><distributionFlag>N</distributionFlag><docCategory>Email</docCategory><docGroup>PMT</docGroup><edmsLocation>ADS</edmsLocation><edmsObject>CAP</edmsObject><mediaFlag>0</mediaFlag><recDate>2014-05-19T13:04:47-07:00</recDate><recFulNam>ADMIN</recFulNam><recStatus>A</recStatus><sdAppDes>Accepted - Plan Review Req</sdAppDes><sdProDes>Application Submittal</sdProDes></processEMailSettingModel><processEMailSettingModel><noteID>32</noteID><processName>BLD_DEMO</processName><serviceProviderCode>MUNI1</serviceProviderCode><b3contactFlag>N</b3contactFlag><contactRelation>Applicant</contactRelation><contentsCode>BLD_REVISIONS</contentsCode><distributionFlag>N</distributionFlag><docCategory>Email</docCategory><docGroup>PMT</docGroup><edmsLocation>ADS</edmsLocation><edmsObject>CAP</edmsObject><mediaFlag>0</mediaFlag><recDate>2014-05-19T13:04:47-07:00</recDate><recFulNam>ADMIN</recFulNam><recStatus>A</recStatus><sdAppDes>Revisions Required</sdAppDes><sdProDes>Plans Coordination</sdProDes></processEMailSettingModel><processEMailSettingModel><noteID>33</noteID><processName>BLD_DEMO</processName><serviceProviderCode>MUNI1</serviceProviderCode><b3contactFlag>N</b3contactFlag><contactRelation>Applicant</contactRelation><contentsCode>BLD_READY</contentsCode><distributionFlag>N</distributionFlag><docCategory>Email</docCategory><docGroup>PMT</docGroup><edmsLocation>ADS</edmsLocation><edmsObject>CAP</edmsObject><mediaFlag>0</mediaFlag><recDate>2014-05-19T13:04:47-07:00</recDate><recFulNam>ADMIN</recFulNam><recStatus>A</recStatus><sdAppDes>Ready to Issue</sdAppDes><sdProDes>Plans Coordination</sdProDes></processEMailSettingModel><processEMailSettingModel><noteID>34</noteID><processName>BLD_DEMO</processName><serviceProviderCode>MUNI1</serviceProviderCode><b3contactFlag>N</b3contactFlag><contactRelation>Applicant</contactRelation><contentsCode>LIC_ISSUED</contentsCode><distributionFlag>N</distributionFlag><docCategory>Email</docCategory><docGroup>PMT</docGroup><edmsLocation>ADS</edmsLocation><edmsObject>CAP</edmsObject><mediaFlag>0</mediaFlag><recDate>2014-05-19T13:04:47-07:00</recDate><recFulNam>ADMIN</recFulNam><recStatus>A</recStatus><sdAppDes>Issued</sdAppDes><sdProDes>Permit Issuance</sdProDes></processEMailSettingModel><processEMailSettingModel><noteID>35</noteID><processName>BLD_DEMO</processName><serviceProviderCode>MUNI1</serviceProviderCode><b3contactFlag>N</b3contactFlag><contactRelation>Applicant</contactRelation><contentsCode>BLD_FINALED</contentsCode><distributionFlag>N</distributionFlag><docCategory>Email</docCategory><docGroup>PMT</docGroup><edmsLocation>ADS</edmsLocation><edmsObject>CAP</edmsObject><mediaFlag>0</mediaFlag><recDate>2014-05-27T15:59:21-07:00</recDate><recFulNam>ADMIN</recFulNam><recStatus>A</recStatus><sdAppDes>Final Inspection Complete</sdAppDes><sdProDes>Inspection</sdProDes></processEMailSettingModel><processEMailSettingModel><noteID>36</noteID><processName>BLD_DEMO</processName><serviceProviderCode>MUNI1</serviceProviderCode><b3contactFlag>N</b3contactFlag><contactRelation>Applicant</contactRelation><contentsCode>BLD_EXPIRED</contentsCode><distributionFlag>N</distributionFlag><docCategory>Email</docCategory><docGroup>PMT</docGroup><edmsLocation>ADS</edmsLocation><edmsObject>CAP</edmsObject><mediaFlag>0</mediaFlag><recDate>2014-05-27T16:01:03-07:00</recDate><recFulNam>ADMIN</recFulNam><recStatus>A</recStatus><sdAppDes>Expired</sdAppDes><sdProDes>Inspection</sdProDes></processEMailSettingModel></processEMailSettingModels><processModels><processModel><r1ProcessCode>BLD_DEMO</r1ProcessCode><sdStpNum>1</sdStpNum><servProvCode>MUNI1</servProvCode><asgnAgencyCode>BUILDING</asgnAgencyCode><asgnBureauCode>NA</asgnBureauCode><asgnDivisionCode>NA</asgnDivisionCode><asgnGroupCode>NA</asgnGroupCode><asgnOfficeCode>NA</asgnOfficeCode><asgnSectionCode>NA</asgnSectionCode><auditModel><auditDate>2013-04-07T17:25:10-07:00</auditDate><auditID>Accela Administrator</auditID><auditStatus>A</auditStatus></auditModel><calendarId>72</calendarId><displayInAca>Y</displayInAca><estimatedHours>0</estimatedHours><hoursSpentRequired>N</hoursSpentRequired><sdChkLv5>A</sdChkLv5><sdDueDay>2</sdDueDay><sdNxtId1>013021000000000</sdNxtId1><sdProDes>Application Submittal</sdProDes><sdProId1>010000000000000</sdProId1></processModel><processModel><r1ProcessCode>BLD_DEMO</r1ProcessCode><sdStpNum>2</sdStpNum><servProvCode>MUNI1</servProvCode><asgnAgencyCode>BUILDING</asgnAgencyCode><asgnBureauCode>NA</asgnBureauCode><asgnDivisionCode>NA</asgnDivisionCode><asgnGroupCode>NA</asgnGroupCode><asgnOfficeCode>NA</asgnOfficeCode><asgnSectionCode>NA</asgnSectionCode><auditModel><auditDate>2013-04-07T17:25:10-07:00</auditDate><auditID>Accela Administrator</auditID><auditStatus>A</auditStatus></auditModel><calendarId>72</calendarId><displayInAca>Y</displayInAca><estimatedHours>0</estimatedHours><hoursSpentRequired>N</hoursSpentRequired><sdChkLv5>A</sdChkLv5><sdDueDay>5</sdDueDay><sdNxtId1>020000000000000</sdNxtId1><sdProDes>Building Review</sdProDes><sdProId1>019001000000000</sdProId1></processModel><processModel><r1ProcessCode>BLD_DEMO</r1ProcessCode><sdStpNum>4</sdStpNum><servProvCode>MUNI1</servProvCode><asgnAgencyCode>BUILDING</asgnAgencyCode><asgnBureauCode>NA</asgnBureauCode><asgnDivisionCode>NA</asgnDivisionCode><asgnGroupCode>NA</asgnGroupCode><asgnOfficeCode>NA</asgnOfficeCode><asgnSectionCode>NA</asgnSectionCode><auditModel><auditDate>2013-04-07T17:25:10-07:00</auditDate><auditID>Accela Administrator</auditID><auditStatus>A</auditStatus></auditModel><calendarId>72</calendarId><displayInAca>Y</displayInAca><estimatedHours>0</estimatedHours><hoursSpentRequired>N</hoursSpentRequired><sdChkLv5>A</sdChkLv5><sdDueDay>5</sdDueDay><sdNxtId1>020000000000000</sdNxtId1><sdProDes>Fire Review</sdProDes><sdProId1>019001000000000</sdProId1></processModel><processModel><r1ProcessCode>BLD_DEMO</r1ProcessCode><sdStpNum>8</sdStpNum><servProvCode>MUNI1</servProvCode><asgnAgencyCode>BUILDING</asgnAgencyCode><asgnBureauCode>NA</asgnBureauCode><asgnDivisionCode>NA</asgnDivisionCode><asgnGroupCode>NA</asgnGroupCode><asgnOfficeCode>NA</asgnOfficeCode><asgnSectionCode>NA</asgnSectionCode><auditModel><auditDate>2013-04-07T17:25:10-07:00</auditDate><auditID>Accela Administrator</auditID><auditStatus>A</auditStatus></auditModel><calendarId>72</calendarId><displayInAca>Y</displayInAca><estimatedHours>0</estimatedHours><hoursSpentRequired>N</hoursSpentRequired><sdChkLv5>A</sdChkLv5><sdDueDay>2</sdDueDay><sdNxtId1>023000000000000</sdNxtId1><sdProDes>Permit Issuance</sdProDes><sdProId1>021000000000000</sdProId1></processModel><processModel><r1ProcessCode>BLD_DEMO</r1ProcessCode><sdStpNum>9</sdStpNum><servProvCode>MUNI1</servProvCode><asgnAgencyCode>BUILDING</asgnAgencyCode><asgnBureauCode>NA</asgnBureauCode><asgnDivisionCode>NA</asgnDivisionCode><asgnGroupCode>NA</asgnGroupCode><asgnOfficeCode>NA</asgnOfficeCode><asgnSectionCode>NA</asgnSectionCode><auditModel><auditDate>2014-05-27T16:00:18-07:00</auditDate><auditID>Accela Administrator</auditID><auditStatus>A</auditStatus></auditModel><calendarId>72</calendarId><displayInAca>Y</displayInAca><estimatedHours>0</estimatedHours><hoursSpentRequired>N</hoursSpentRequired><sdChkLv5>A</sdChkLv5><sdDueDay>0</sdDueDay><sdNxtId1>000000000000000</sdNxtId1><sdProDes>Inspection</sdProDes><sdProId1>023000000000000</sdProId1></processModel><processModel><r1ProcessCode>BLD_DEMO</r1ProcessCode><sdStpNum>12</sdStpNum><servProvCode>MUNI1</servProvCode><asgnAgencyCode>BUILDING</asgnAgencyCode><asgnBureauCode>NA</asgnBureauCode><asgnDivisionCode>NA</asgnDivisionCode><asgnGroupCode>NA</asgnGroupCode><asgnOfficeCode>NA</asgnOfficeCode><asgnSectionCode>NA</asgnSectionCode><auditModel><auditDate>2013-05-07T17:01:26-07:00</auditDate><auditID>Accela Administrator</auditID><auditStatus>A</auditStatus></auditModel><calendarId>72</calendarId><displayInAca>Y</displayInAca><estimatedHours>0</estimatedHours><hoursSpentRequired>N</hoursSpentRequired><sdChkLv5>A</sdChkLv5><sdDueDay>2</sdDueDay><sdNxtId1>019000000000000</sdNxtId1><sdProDes>Plans Distribution</sdProDes><sdProId1>013000000000000</sdProId1></processModel><processModel><r1ProcessCode>BLD_DEMO</r1ProcessCode><sdStpNum>13</sdStpNum><servProvCode>MUNI1</servProvCode><asgnAgencyCode>BUILDING</asgnAgencyCode><asgnBureauCode>NA</asgnBureauCode><asgnDivisionCode>NA</asgnDivisionCode><asgnGroupCode>NA</asgnGroupCode><asgnOfficeCode>NA</asgnOfficeCode><asgnSectionCode>NA</asgnSectionCode><auditModel><auditDate>2013-04-07T17:25:10-07:00</auditDate><auditID>Accela Administrator</auditID><auditStatus>A</auditStatus></auditModel><calendarId>72</calendarId><displayInAca>Y</displayInAca><estimatedHours>0</estimatedHours><hoursSpentRequired>N</hoursSpentRequired><sdChkLv5>A</sdChkLv5><sdDueDay>5</sdDueDay><sdNxtId1>020000000000000</sdNxtId1><sdProDes>Zoning Review</sdProDes><sdProId1>019001000000000</sdProId1></processModel><processModel><r1ProcessCode>BLD_DEMO</r1ProcessCode><sdStpNum>14</sdStpNum><servProvCode>MUNI1</servProvCode><asgnAgencyCode>BUILDING</asgnAgencyCode><asgnBureauCode>NA</asgnBureauCode><asgnDivisionCode>NA</asgnDivisionCode><asgnGroupCode>NA</asgnGroupCode><asgnOfficeCode>NA</asgnOfficeCode><asgnSectionCode>NA</asgnSectionCode><auditModel><auditDate>2013-04-07T17:25:10-07:00</auditDate><auditID>Accela Administrator</auditID><auditStatus>A</auditStatus></auditModel><calendarId>72</calendarId><displayInAca>Y</displayInAca><estimatedHours>0</estimatedHours><hoursSpentRequired>N</hoursSpentRequired><sdChkLv5>A</sdChkLv5><sdDueDay>2</sdDueDay><sdNxtId1>021013000000000</sdNxtId1><sdProDes>Plans Coordination</sdProDes><sdProId1>020000000000000</sdProId1></processModel><processModel><r1ProcessCode>BLD_DEMO</r1ProcessCode><sdStpNum>15</sdStpNum><servProvCode>MUNI1</servProvCode><asgnAgencyCode>BUILDING</asgnAgencyCode><asgnBureauCode>NA</asgnBureauCode><asgnDivisionCode>NA</asgnDivisionCode><asgnGroupCode>NA</asgnGroupCode><asgnOfficeCode>NA</asgnOfficeCode><asgnSectionCode>NA</asgnSectionCode><auditModel><auditDate>2013-04-07T17:25:10-07:00</auditDate><auditID>Accela Administrator</auditID><auditStatus>A</auditStatus></auditModel><calendarId>72</calendarId><displayInAca>Y</displayInAca><estimatedHours>0</estimatedHours><hoursSpentRequired>N</hoursSpentRequired><sdChkLv5>A</sdChkLv5><sdDueDay>5</sdDueDay><sdNxtId1>020000000000000</sdNxtId1><sdProDes>Utilities Review</sdProDes><sdProId1>019001000000000</sdProId1></processModel></processModels><processSecurityModels/><r3statypModels><r3statyp><r3ActStatCod>PMTD010</r3ActStatCod><r3ProcessCode>BLD_DEMO</r3ProcessCode><servProvCode>MUNI1</servProvCode><applicationStatus>Ready to Issue</applicationStatus><displayInAca>Y</displayInAca><r3ActStatDes>Accepted - Plan Review Not Req</r3ActStatDes><r3ActStatFlg>B</r3ActStatFlg><r3ActTypeDes>Application Submittal</r3ActTypeDes><r3MouClockAction>No Action</r3MouClockAction><recDate>2011-11-01T17:25:07-07:00</recDate><recFulNam>ADMIN</recFulNam><recStatus>A</recStatus><refTaskStatusI18NModels/></r3statyp><r3statyp><r3ActStatCod>PMTD020</r3ActStatCod><r3ProcessCode>BLD_DEMO</r3ProcessCode><servProvCode>MUNI1</servProvCode><displayInAca>Y</displayInAca><r3ActStatDes>Accepted - Plan Review Req</r3ActStatDes><r3ActStatFlg>Y</r3ActStatFlg><r3ActTypeDes>Application Submittal</r3ActTypeDes><r3MouClockAction>No Action</r3MouClockAction><recDate>2011-11-01T17:25:32-07:00</recDate><recFulNam>ADMIN</recFulNam><recStatus>A</recStatus><refTaskStatusI18NModels/></r3statyp><r3statyp><r3ActStatCod>PMTD030</r3ActStatCod><r3ProcessCode>BLD_DEMO</r3ProcessCode><servProvCode>MUNI1</servProvCode><displayInAca>Y</displayInAca><r3ActStatDes>Note</r3ActStatDes><r3ActStatFlg>U</r3ActStatFlg><r3ActTypeDes>Application Submittal</r3ActTypeDes><r3MouClockAction>No Action</r3MouClockAction><recDate>2011-11-01T17:25:44-07:00</recDate><recFulNam>ADMIN</recFulNam><recStatus>A</recStatus><refTaskStatusI18NModels/></r3statyp><r3statyp><r3ActStatCod>PMTD050</r3ActStatCod><r3ProcessCode>BLD_DEMO</r3ProcessCode><servProvCode>MUNI1</servProvCode><applicationStatus>Revisions Received</applicationStatus><displayInAca>Y</displayInAca><r3ActStatDes>Revisions Received</r3ActStatDes><r3ActStatFlg>U</r3ActStatFlg><r3ActTypeDes>Plans Distribution</r3ActTypeDes><r3MouClockAction>No Action</r3MouClockAction><recDate>2011-11-01T17:27:02-07:00</recDate><recFulNam>ADMIN</recFulNam><recStatus>A</recStatus><refTaskStatusI18NModels/></r3statyp><r3statyp><r3ActStatCod>PMTD060</r3ActStatCod><r3ProcessCode>BLD_DEMO</r3ProcessCode><servProvCode>MUNI1</servProvCode><displayInAca>Y</displayInAca><r3ActStatDes>Note</r3ActStatDes><r3ActStatFlg>U</r3ActStatFlg><r3ActTypeDes>Plans Distribution</r3ActTypeDes><r3MouClockAction>No Action</r3MouClockAction><recDate>2011-11-01T17:27:12-07:00</recDate><recFulNam>ADMIN</recFulNam><recStatus>A</recStatus><refTaskStatusI18NModels/></r3statyp><r3statyp><r3ActStatCod>PMTD070</r3ActStatCod><r3ProcessCode>BLD_DEMO</r3ProcessCode><servProvCode>MUNI1</servProvCode><displayInAca>Y</displayInAca><r3ActStatDes>Approved</r3ActStatDes><r3ActStatFlg>Y</r3ActStatFlg><r3ActTypeDes>Building Review</r3ActTypeDes><r3MouClockAction>No Action</r3MouClockAction><recDate>2011-11-01T17:28:13-07:00</recDate><recFulNam>ADMIN</recFulNam><recStatus>A</recStatus><refTaskStatusI18NModels/></r3statyp><r3statyp><r3ActStatCod>PMTD080</r3ActStatCod><r3ProcessCode>BLD_DEMO</r3ProcessCode><servProvCode>MUNI1</servProvCode><displayInAca>Y</displayInAca><r3ActStatDes>Approved w/Comments</r3ActStatDes><r3ActStatFlg>Y</r3ActStatFlg><r3ActTypeDes>Building Review</r3ActTypeDes><r3MouClockAction>No Action</r3MouClockAction><recDate>2011-11-01T17:28:51-07:00</recDate><recFulNam>ADMIN</recFulNam><recStatus>A</recStatus><refTaskStatusI18NModels/></r3statyp><r3statyp><r3ActStatCod>PMTD090</r3ActStatCod><r3ProcessCode>BLD_DEMO</r3ProcessCode><servProvCode>MUNI1</servProvCode><displayInAca>Y</displayInAca><r3ActStatDes>Not Required</r3ActStatDes><r3ActStatFlg>Y</r3ActStatFlg><r3ActTypeDes>Building Review</r3ActTypeDes><r3MouClockAction>No Action</r3MouClockAction><recDate>2011-11-01T17:28:45-07:00</recDate><recFulNam>ADMIN</recFulNam><recStatus>A</recStatus><refTaskStatusI18NModels/></r3statyp><r3statyp><r3ActStatCod>PMTD100</r3ActStatCod><r3ProcessCode>BLD_DEMO</r3ProcessCode><servProvCode>MUNI1</servProvCode><displayInAca>Y</displayInAca><r3ActStatDes>Note</r3ActStatDes><r3ActStatFlg>U</r3ActStatFlg><r3ActTypeDes>Building Review</r3ActTypeDes><r3MouClockAction>No Action</r3MouClockAction><recDate>2011-11-01T17:29:26-07:00</recDate><recFulNam>ADMIN</recFulNam><recStatus>A</recStatus><refTaskStatusI18NModels/></r3statyp><r3statyp><r3ActStatCod>PMTD110</r3ActStatCod><r3ProcessCode>BLD_DEMO</r3ProcessCode><servProvCode>MUNI1</servProvCode><displayInAca>Y</displayInAca><r3ActStatDes>Revisions Required</r3ActStatDes><r3ActStatFlg>Y</r3ActStatFlg><r3ActTypeDes>Building Review</r3ActTypeDes><r3MouClockAction>No Action</r3MouClockAction><recDate>2011-11-01T17:29:39-07:00</recDate><recFulNam>ADMIN</recFulNam><recStatus>A</recStatus><refTaskStatusI18NModels/></r3statyp><r3statyp><r3ActStatCod>PMTD150</r3ActStatCod><r3ProcessCode>BLD_DEMO</r3ProcessCode><servProvCode>MUNI1</servProvCode><displayInAca>Y</displayInAca><r3ActStatDes>Note</r3ActStatDes><r3ActStatFlg>U</r3ActStatFlg><r3ActTypeDes>Fire Review</r3ActTypeDes><r3MouClockAction>No Action</r3MouClockAction><recDate>2011-11-01T17:30:47-07:00</recDate><recFulNam>ADMIN</recFulNam><recStatus>A</recStatus><refTaskStatusI18NModels/></r3statyp><r3statyp><r3ActStatCod>PMTD200</r3ActStatCod><r3ProcessCode>BLD_DEMO</r3ProcessCode><servProvCode>MUNI1</servProvCode><displayInAca>Y</displayInAca><r3ActStatDes>Note</r3ActStatDes><r3ActStatFlg>U</r3ActStatFlg><r3ActTypeDes>Zoning Review</r3ActTypeDes><r3MouClockAction>No Action</r3MouClockAction><recDate>2011-11-01T17:32:33-07:00</recDate><recFulNam>ADMIN</recFulNam><recStatus>A</recStatus><refTaskStatusI18NModels/></r3statyp><r3statyp><r3ActStatCod>PMTD220</r3ActStatCod><r3ProcessCode>BLD_DEMO</r3ProcessCode><servProvCode>MUNI1</servProvCode><displayInAca>Y</displayInAca><r3ActStatDes>Approved</r3ActStatDes><r3ActStatFlg>Y</r3ActStatFlg><r3ActTypeDes>Utilities Review</r3ActTypeDes><r3MouClockAction>No Action</r3MouClockAction><recDate>2011-11-01T17:34:03-07:00</recDate><recFulNam>ADMIN</recFulNam><recStatus>A</recStatus><refTaskStatusI18NModels/></r3statyp><r3statyp><r3ActStatCod>PMTD230</r3ActStatCod><r3ProcessCode>BLD_DEMO</r3ProcessCode><servProvCode>MUNI1</servProvCode><displayInAca>Y</displayInAca><r3ActStatDes>Approved w/Comments</r3ActStatDes><r3ActStatFlg>Y</r3ActStatFlg><r3ActTypeDes>Utilities Review</r3ActTypeDes><r3MouClockAction>No Action</r3MouClockAction><recDate>2011-11-01T17:34:17-07:00</recDate><recFulNam>ADMIN</recFulNam><recStatus>A</recStatus><refTaskStatusI18NModels/></r3statyp><r3statyp><r3ActStatCod>PMTD240</r3ActStatCod><r3ProcessCode>BLD_DEMO</r3ProcessCode><servProvCode>MUNI1</servProvCode><displayInAca>Y</displayInAca><r3ActStatDes>Not Required</r3ActStatDes><r3ActStatFlg>Y</r3ActStatFlg><r3ActTypeDes>Utilities Review</r3ActTypeDes><r3MouClockAction>No Action</r3MouClockAction><recDate>2011-11-01T17:34:40-07:00</recDate><recFulNam>ADMIN</recFulNam><recStatus>A</recStatus><refTaskStatusI18NModels/></r3statyp><r3statyp><r3ActStatCod>PMTD250</r3ActStatCod><r3ProcessCode>BLD_DEMO</r3ProcessCode><servProvCode>MUNI1</servProvCode><displayInAca>Y</displayInAca><r3ActStatDes>Note</r3ActStatDes><r3ActStatFlg>U</r3ActStatFlg><r3ActTypeDes>Utilities Review</r3ActTypeDes><r3MouClockAction>No Action</r3MouClockAction><recDate>2011-11-01T17:34:53-07:00</recDate><recFulNam>ADMIN</recFulNam><recStatus>A</recStatus><refTaskStatusI18NModels/></r3statyp><r3statyp><r3ActStatCod>PMTD260</r3ActStatCod><r3ProcessCode>BLD_DEMO</r3ProcessCode><servProvCode>MUNI1</servProvCode><displayInAca>Y</displayInAca><r3ActStatDes>Revisions Required</r3ActStatDes><r3ActStatFlg>Y</r3ActStatFlg><r3ActTypeDes>Utilities Review</r3ActTypeDes><r3MouClockAction>No Action</r3MouClockAction><recDate>2011-11-01T17:35:08-07:00</recDate><recFulNam>ADMIN</recFulNam><recStatus>A</recStatus><refTaskStatusI18NModels/></r3statyp><r3statyp><r3ActStatCod>PMTD270</r3ActStatCod><r3ProcessCode>BLD_DEMO</r3ProcessCode><servProvCode>MUNI1</servProvCode><applicationStatus>Ready to Issue</applicationStatus><displayInAca>Y</displayInAca><r3ActStatDes>Ready to Issue</r3ActStatDes><r3ActStatFlg>Y</r3ActStatFlg><r3ActTypeDes>Plans Coordination</r3ActTypeDes><r3MouClockAction>No Action</r3MouClockAction><recDate>2011-11-01T17:36:46-07:00</recDate><recFulNam>ADMIN</recFulNam><recStatus>A</recStatus><refTaskStatusI18NModels/></r3statyp><r3statyp><r3ActStatCod>PMTD290</r3ActStatCod><r3ProcessCode>BLD_DEMO</r3ProcessCode><servProvCode>MUNI1</servProvCode><displayInAca>Y</displayInAca><r3ActStatDes>Note</r3ActStatDes><r3ActStatFlg>U</r3ActStatFlg><r3ActTypeDes>Plans Coordination</r3ActTypeDes><r3MouClockAction>No Action</r3MouClockAction><recDate>2011-11-01T17:37:39-07:00</recDate><recFulNam>ADMIN</recFulNam><recStatus>A</recStatus><refTaskStatusI18NModels/></r3statyp><r3statyp><r3ActStatCod>PMTD300</r3ActStatCod><r3ProcessCode>BLD_DEMO</r3ProcessCode><servProvCode>MUNI1</servProvCode><applicationStatus>Issued</applicationStatus><displayInAca>Y</displayInAca><r3ActStatDes>Issued</r3ActStatDes><r3ActStatFlg>Y</r3ActStatFlg><r3ActTypeDes>Permit Issuance</r3ActTypeDes><r3MouClockAction>No Action</r3MouClockAction><recDate>2012-02-09T15:38:08-08:00</recDate><recFulNam>ADMIN</recFulNam><recStatus>A</recStatus><refTaskStatusI18NModels/></r3statyp><r3statyp><r3ActStatCod>PMTD310</r3ActStatCod><r3ProcessCode>BLD_DEMO</r3ProcessCode><servProvCode>MUNI1</servProvCode><displayInAca>Y</displayInAca><r3ActStatDes>Note</r3ActStatDes><r3ActStatFlg>U</r3ActStatFlg><r3ActTypeDes>Permit Issuance</r3ActTypeDes><r3MouClockAction>No Action</r3MouClockAction><recDate>2011-11-01T17:38:13-07:00</recDate><recFulNam>ADMIN</recFulNam><recStatus>A</recStatus><refTaskStatusI18NModels/></r3statyp><r3statyp><r3ActStatCod>PMTD340</r3ActStatCod><r3ProcessCode>BLD_DEMO</r3ProcessCode><servProvCode>MUNI1</servProvCode><displayInAca>Y</displayInAca><r3ActStatDes>Note</r3ActStatDes><r3ActStatFlg>U</r3ActStatFlg><r3ActTypeDes>Inspection</r3ActTypeDes><r3MouClockAction>No Action</r3MouClockAction><recDate>2011-11-01T17:39:26-07:00</recDate><recFulNam>ADMIN</recFulNam><recStatus>A</recStatus><refTaskStatusI18NModels/></r3statyp><r3statyp><r3ActStatCod>SCODE1</r3ActStatCod><r3ProcessCode>BLD_DEMO</r3ProcessCode><servProvCode>MUNI1</servProvCode><displayInAca>Y</displayInAca><r3ActStatDes>Not Required</r3ActStatDes><r3ActStatFlg>Y</r3ActStatFlg><r3ActTypeDes>Fire Review</r3ActTypeDes><recDate>2012-05-20T20:38:04-07:00</recDate><recFulNam>Accela Administrator</recFulNam><recStatus>A</recStatus><refTaskStatusI18NModels/></r3statyp><r3statyp><r3ActStatCod>SCODE10</r3ActStatCod><r3ProcessCode>BLD_DEMO</r3ProcessCode><servProvCode>MUNI1</servProvCode><displayInAca>Y</displayInAca><r3ActStatDes>Routed for Review</r3ActStatDes><r3ActStatFlg>Y</r3ActStatFlg><r3ActTypeDes>Plans Distribution</r3ActTypeDes><recDate>2013-05-07T17:01:26-07:00</recDate><recFulNam>Accela Administrator</recFulNam><recStatus>A</recStatus><refTaskStatusI18NModels/></r3statyp><r3statyp><r3ActStatCod>SCODE11</r3ActStatCod><r3ProcessCode>BLD_DEMO</r3ProcessCode><servProvCode>MUNI1</servProvCode><applicationStatus>Finaled</applicationStatus><displayInAca>Y</displayInAca><r3ActStatDes>Final Inspection Complete</r3ActStatDes><r3ActStatFlg>Y</r3ActStatFlg><r3ActTypeDes>Inspection</r3ActTypeDes><recDate>2013-06-12T17:06:40-07:00</recDate><recFulNam>Accela Administrator</recFulNam><recStatus>A</recStatus><refTaskStatusI18NModels/></r3statyp><r3statyp><r3ActStatCod>SCODE12</r3ActStatCod><r3ProcessCode>BLD_DEMO</r3ProcessCode><servProvCode>MUNI1</servProvCode><applicationStatus>Expired</applicationStatus><displayInAca>Y</displayInAca><r3ActStatDes>Expired</r3ActStatDes><r3ActStatFlg>U</r3ActStatFlg><r3ActTypeDes>Inspection</r3ActTypeDes><recDate>2014-05-27T16:00:18-07:00</recDate><recFulNam>Accela Administrator</recFulNam><recStatus>A</recStatus><refTaskStatusI18NModels/></r3statyp><r3statyp><r3ActStatCod>SCODE2</r3ActStatCod><r3ProcessCode>BLD_DEMO</r3ProcessCode><servProvCode>MUNI1</servProvCode><displayInAca>Y</displayInAca><r3ActStatDes>Revisions Required</r3ActStatDes><r3ActStatFlg>Y</r3ActStatFlg><r3ActTypeDes>Fire Review</r3ActTypeDes><recDate>2012-05-20T20:38:04-07:00</recDate><recFulNam>Accela Administrator</recFulNam><recStatus>A</recStatus><refTaskStatusI18NModels/></r3statyp><r3statyp><r3ActStatCod>SCODE3</r3ActStatCod><r3ProcessCode>BLD_DEMO</r3ProcessCode><servProvCode>MUNI1</servProvCode><displayInAca>Y</displayInAca><r3ActStatDes>Approved w/Comments</r3ActStatDes><r3ActStatFlg>Y</r3ActStatFlg><r3ActTypeDes>Fire Review</r3ActTypeDes><recDate>2012-05-20T20:38:04-07:00</recDate><recFulNam>Accela Administrator</recFulNam><recStatus>A</recStatus><refTaskStatusI18NModels/></r3statyp><r3statyp><r3ActStatCod>SCODE4</r3ActStatCod><r3ProcessCode>BLD_DEMO</r3ProcessCode><servProvCode>MUNI1</servProvCode><displayInAca>Y</displayInAca><r3ActStatDes>Approved</r3ActStatDes><r3ActStatFlg>Y</r3ActStatFlg><r3ActTypeDes>Fire Review</r3ActTypeDes><recDate>2012-05-20T20:38:04-07:00</recDate><recFulNam>Accela Administrator</recFulNam><recStatus>A</recStatus><refTaskStatusI18NModels/></r3statyp><r3statyp><r3ActStatCod>SCODE5</r3ActStatCod><r3ProcessCode>BLD_DEMO</r3ProcessCode><servProvCode>MUNI1</servProvCode><displayInAca>Y</displayInAca><r3ActStatDes>Revisions Required</r3ActStatDes><r3ActStatFlg>Y</r3ActStatFlg><r3ActTypeDes>Zoning Review</r3ActTypeDes><recDate>2012-05-20T20:38:04-07:00</recDate><recFulNam>Accela Administrator</recFulNam><recStatus>A</recStatus><refTaskStatusI18NModels/></r3statyp><r3statyp><r3ActStatCod>SCODE6</r3ActStatCod><r3ProcessCode>BLD_DEMO</r3ProcessCode><servProvCode>MUNI1</servProvCode><displayInAca>Y</displayInAca><r3ActStatDes>Not Required</r3ActStatDes><r3ActStatFlg>Y</r3ActStatFlg><r3ActTypeDes>Zoning Review</r3ActTypeDes><recDate>2012-05-20T20:38:04-07:00</recDate><recFulNam>Accela Administrator</recFulNam><recStatus>A</recStatus><refTaskStatusI18NModels/></r3statyp><r3statyp><r3ActStatCod>SCODE7</r3ActStatCod><r3ProcessCode>BLD_DEMO</r3ProcessCode><servProvCode>MUNI1</servProvCode><displayInAca>Y</displayInAca><r3ActStatDes>Approved w/Comments</r3ActStatDes><r3ActStatFlg>Y</r3ActStatFlg><r3ActTypeDes>Zoning Review</r3ActTypeDes><recDate>2012-05-20T20:38:04-07:00</recDate><recFulNam>Accela Administrator</recFulNam><recStatus>A</recStatus><refTaskStatusI18NModels/></r3statyp><r3statyp><r3ActStatCod>SCODE8</r3ActStatCod><r3ProcessCode>BLD_DEMO</r3ProcessCode><servProvCode>MUNI1</servProvCode><displayInAca>Y</displayInAca><r3ActStatDes>Approved</r3ActStatDes><r3ActStatFlg>Y</r3ActStatFlg><r3ActTypeDes>Zoning Review</r3ActTypeDes><recDate>2012-05-20T20:38:04-07:00</recDate><recFulNam>Accela Administrator</recFulNam><recStatus>A</recStatus><refTaskStatusI18NModels/></r3statyp><r3statyp><r3ActStatCod>SCODE9</r3ActStatCod><r3ProcessCode>BLD_DEMO</r3ProcessCode><servProvCode>MUNI1</servProvCode><displayInAca>Y</displayInAca><r3ActStatDes>Revisions Required</r3ActStatDes><r3ActStatFlg>B</r3ActStatFlg><r3ActTypeDes>Plans Coordination</r3ActTypeDes><recDate>2013-04-02T16:15:11-07:00</recDate><recFulNam>Accela Administrator</recFulNam><recStatus>A</recStatus><refTaskStatusI18NModels/></r3statyp></r3statypModels><securityFlag>BLD_DEMO/%</securityFlag></virProcess>
<virProcess><r1ProcessCode>BLD_TRADE</r1ProcessCode><servProvCode>MUNI1</servProvCode><isEmailSettringSelected>Y</isEmailSettringSelected><isSecuritySelected>Y</isSecuritySelected><processEMailSettingModels><processEMailSettingModel><noteID>37</noteID><processName>BLD_TRADE</processName><serviceProviderCode>MUNI1</serviceProviderCode><b3contactFlag>N</b3contactFlag><contactRelation>Applicant</contactRelation><contentsCode>BLD_READY</contentsCode><distributionFlag>N</distributionFlag><docCategory>Email</docCategory><docGroup>PMT</docGroup><edmsLocation>ADS</edmsLocation><edmsObject>CAP</edmsObject><mediaFlag>0</mediaFlag><recDate>2014-05-19T13:07:19-07:00</recDate><recFulNam>ADMIN</recFulNam><recStatus>A</recStatus><sdAppDes>Accepted - Plan Review Not Req</sdAppDes><sdProDes>Application Submittal</sdProDes></processEMailSettingModel><processEMailSettingModel><noteID>38</noteID><processName>BLD_TRADE</processName><serviceProviderCode>MUNI1</serviceProviderCode><b3contactFlag>N</b3contactFlag><contactRelation>Applicant</contactRelation><contentsCode>BLD_ACCEPTED</contentsCode><distributionFlag>N</distributionFlag><docCategory>Email</docCategory><docGroup>PMT</docGroup><edmsLocation>ADS</edmsLocation><edmsObject>CAP</edmsObject><mediaFlag>0</mediaFlag><recDate>2014-05-19T13:07:19-07:00</recDate><recFulNam>ADMIN</recFulNam><recStatus>A</recStatus><sdAppDes>Accepted - Plan Review Req</sdAppDes><sdProDes>Application Submittal</sdProDes></processEMailSettingModel><processEMailSettingModel><noteID>39</noteID><processName>BLD_TRADE</processName><serviceProviderCode>MUNI1</serviceProviderCode><b3contactFlag>N</b3contactFlag><contactRelation>Applicant</contactRelation><contentsCode>BLD_ISSUED</contentsCode><distributionFlag>N</distributionFlag><docCategory>Email</docCategory><docGroup>PMT</docGroup><edmsLocation>ADS</edmsLocation><edmsObject>CAP</edmsObject><mediaFlag>0</mediaFlag><recDate>2014-05-19T13:07:19-07:00</recDate><recFulNam>ADMIN</recFulNam><recStatus>A</recStatus><sdAppDes>Issued</sdAppDes><sdProDes>Permit Issuance</sdProDes></processEMailSettingModel><processEMailSettingModel><noteID>40</noteID><processName>BLD_TRADE</processName><serviceProviderCode>MUNI1</serviceProviderCode><b3contactFlag>N</b3contactFlag><contactRelation>Applicant</contactRelation><contentsCode>BLD_REVISIONS</contentsCode><distributionFlag>N</distributionFlag><docCategory>Email</docCategory><docGroup>PMT</docGroup><edmsLocation>ADS</edmsLocation><edmsObject>CAP</edmsObject><mediaFlag>0</mediaFlag><recDate>2014-05-19T13:07:19-07:00</recDate><recFulNam>ADMIN</recFulNam><recStatus>A</recStatus><sdAppDes>Revisions Required</sdAppDes><sdProDes>Plan Review</sdProDes></processEMailSettingModel><processEMailSettingModel><noteID>41</noteID><processName>BLD_TRADE</processName><serviceProviderCode>MUNI1</serviceProviderCode><b3contactFlag>N</b3contactFlag><contactRelation>Applicant</contactRelation><contentsCode>BLD_EXPIRED</contentsCode><distributionFlag>N</distributionFlag><docCategory>Email</docCategory><docGroup>PMT</docGroup><edmsLocation>ADS</edmsLocation><edmsObject>CAP</edmsObject><mediaFlag>0</mediaFlag><recDate>2014-05-27T16:14:36-07:00</recDate><recFulNam>ADMIN</recFulNam><recStatus>A</recStatus><sdAppDes>Expired</sdAppDes><sdProDes>Inspection</sdProDes></processEMailSettingModel><processEMailSettingModel><noteID>42</noteID><processName>BLD_TRADE</processName><serviceProviderCode>MUNI1</serviceProviderCode><b3contactFlag>N</b3contactFlag><contactRelation>Applicant</contactRelation><contentsCode>BLD_READY</contentsCode><distributionFlag>N</distributionFlag><docCategory>Email</docCategory><docGroup>PMT</docGroup><edmsLocation>ADS</edmsLocation><edmsObject>CAP</edmsObject><mediaFlag>0</mediaFlag><recDate>2014-05-27T16:15:42-07:00</recDate><recFulNam>ADMIN</recFulNam><recStatus>A</recStatus><sdAppDes>Approved</sdAppDes><sdProDes>Plan Review</sdProDes></processEMailSettingModel><processEMailSettingModel><noteID>43</noteID><processName>BLD_TRADE</processName><serviceProviderCode>MUNI1</serviceProviderCode><b3contactFlag>N</b3contactFlag><contactRelation>Applicant</contactRelation><contentsCode>BLD_FINALED</contentsCode><distributionFlag>N</distributionFlag><docCategory>Email</docCategory><docGroup>PMT</docGroup><edmsLocation>ADS</edmsLocation><edmsObject>CAP</edmsObject><mediaFlag>0</mediaFlag><recDate>2014-05-27T16:16:31-07:00</recDate><recFulNam>ADMIN</recFulNam><recStatus>A</recStatus><sdAppDes>Final Inspection Complete</sdAppDes><sdProDes>Inspection</sdProDes></processEMailSettingModel></processEMailSettingModels><processModels><processModel><r1ProcessCode>BLD_TRADE</r1ProcessCode><sdStpNum>1</sdStpNum><servProvCode>MUNI1</servProvCode><asgnAgencyCode>BUILDING</asgnAgencyCode><asgnBureauCode>NA</asgnBureauCode><asgnDivisionCode>NA</asgnDivisionCode><asgnGroupCode>NA</asgnGroupCode><asgnOfficeCode>NA</asgnOfficeCode><asgnSectionCode>NA</asgnSectionCode><auditModel><auditDate>2014-03-14T12:33:26-07:00</auditDate><auditID>Accela Administrator</auditID><auditStatus>A</auditStatus></auditModel><displayInAca>Y</displayInAca><hoursSpentRequired>N</hoursSpentRequired><sdChkLv5>A</sdChkLv5><sdDueDay>2</sdDueDay><sdNxtId1>013014000000000</sdNxtId1><sdProDes>Application Submittal</sdProDes><sdProId1>010000000000000</sdProId1></processModel><processModel><r1ProcessCode>BLD_TRADE</r1ProcessCode><sdStpNum>3</sdStpNum><servProvCode>MUNI1</servProvCode><asgnAgencyCode>BUILDING</asgnAgencyCode><asgnBureauCode>NA</asgnBureauCode><asgnDivisionCode>NA</asgnDivisionCode><asgnGroupCode>NA</asgnGroupCode><asgnOfficeCode>NA</asgnOfficeCode><asgnSectionCode>NA</asgnSectionCode><auditModel><auditDate>2013-03-26T15:13:16-07:00</auditDate><auditID>Accela Administrator</auditID><auditStatus>A</auditStatus></auditModel><displayInAca>Y</displayInAca><hoursSpentRequired>N</hoursSpentRequired><sdChkLv5>A</sdChkLv5><sdDueDay>5</sdDueDay><sdNxtId1>014000000000000</sdNxtId1><sdProDes>Plan Review</sdProDes><sdProId1>013000000000000</sdProId1></processModel><processModel><r1ProcessCode>BLD_TRADE</r1ProcessCode><sdStpNum>8</sdStpNum><servProvCode>MUNI1</servProvCode><asgnAgencyCode>BUILDING</asgnAgencyCode><asgnBureauCode>NA</asgnBureauCode><asgnDivisionCode>NA</asgnDivisionCode><asgnGroupCode>NA</asgnGroupCode><asgnOfficeCode>NA</asgnOfficeCode><asgnSectionCode>NA</asgnSectionCode><auditModel><auditDate>2013-03-26T15:13:29-07:00</auditDate><auditID>Accela Administrator</auditID><auditStatus>A</auditStatus></auditModel><displayInAca>Y</displayInAca><hoursSpentRequired>N</hoursSpentRequired><sdChkLv5>A</sdChkLv5><sdDueDay>2</sdDueDay><sdNxtId1>016000000000000</sdNxtId1><sdProDes>Permit Issuance</sdProDes><sdProId1>014000000000000</sdProId1></processModel><processModel><r1ProcessCode>BLD_TRADE</r1ProcessCode><sdStpNum>9</sdStpNum><servProvCode>MUNI1</servProvCode><asgnAgencyCode>BUILDING</asgnAgencyCode><asgnBureauCode>NA</asgnBureauCode><asgnDivisionCode>NA</asgnDivisionCode><asgnGroupCode>NA</asgnGroupCode><asgnOfficeCode>NA</asgnOfficeCode><asgnSectionCode>NA</asgnSectionCode><auditModel><auditDate>2014-05-27T16:13:40-07:00</auditDate><auditID>Accela Administrator</auditID><auditStatus>A</auditStatus></auditModel><displayInAca>Y</displayInAca><hoursSpentRequired>N</hoursSpentRequired><sdChkLv5>A</sdChkLv5><sdDueDay>0</sdDueDay><sdNxtId1>018000000000000</sdNxtId1><sdProDes>Inspection</sdProDes><sdProId1>016000000000000</sdProId1></processModel><processModel><r1ProcessCode>BLD_TRADE</r1ProcessCode><sdStpNum>12</sdStpNum><servProvCode>MUNI1</servProvCode><asgnAgencyCode>BUILDING</asgnAgencyCode><asgnBureauCode>NA</asgnBureauCode><asgnDivisionCode>NA</asgnDivisionCode><asgnGroupCode>NA</asgnGroupCode><asgnOfficeCode>NA</asgnOfficeCode><asgnSectionCode>NA</asgnSectionCode><auditModel><auditDate>2013-03-20T10:50:07-07:00</auditDate><auditID>Accela Administrator</auditID><auditStatus>A</auditStatus></auditModel><displayInAca>Y</displayInAca><hoursSpentRequired>N</hoursSpentRequired><sdChkLv5>A</sdChkLv5><sdDueDay>0</sdDueDay><sdNxtId1>000000000000000</sdNxtId1><sdProDes>Meter Release</sdProDes><sdProId1>018000000000000</sdProId1></processModel></processModels><processSecurityModels/><r3statypModels><r3statyp><r3ActStatCod>PMTT010</r3ActStatCod><r3ProcessCode>BLD_TRADE</r3ProcessCode><servProvCode>MUNI1</servProvCode><applicationStatus>Ready to Issue</applicationStatus><displayInAca>Y</displayInAca><r3ActStatDes>Accepted - Plan Review Not Req</r3ActStatDes><r3ActStatFlg>B</r3ActStatFlg><r3ActTypeDes>Application Submittal</r3ActTypeDes><r3MouClockAction>No Action</r3MouClockAction><recDate>2011-11-01T16:41:15-07:00</recDate><recFulNam>ADMIN</recFulNam><recStatus>A</recStatus><refTaskStatusI18NModels/></r3statyp><r3statyp><r3ActStatCod>PMTT020</r3ActStatCod><r3ProcessCode>BLD_TRADE</r3ProcessCode><servProvCode>MUNI1</servProvCode><applicationStatus>Plan Review</applicationStatus><displayInAca>Y</displayInAca><r3ActStatDes>Accepted - Plan Review Req</r3ActStatDes><r3ActStatFlg>Y</r3ActStatFlg><r3ActTypeDes>Application Submittal</r3ActTypeDes><r3MouClockAction>No Action</r3MouClockAction><recDate>2014-03-14T12:33:26-07:00</recDate><recFulNam>Accela Administrator</recFulNam><recStatus>A</recStatus><refTaskStatusI18NModels/></r3statyp><r3statyp><r3ActStatCod>PMTT030</r3ActStatCod><r3ProcessCode>BLD_TRADE</r3ProcessCode><servProvCode>MUNI1</servProvCode><displayInAca>Y</displayInAca><r3ActStatDes>Note</r3ActStatDes><r3ActStatFlg>U</r3ActStatFlg><r3ActTypeDes>Application Submittal</r3ActTypeDes><r3MouClockAction>No Action</r3MouClockAction><recDate>2011-11-01T16:41:53-07:00</recDate><recFulNam>ADMIN</recFulNam><recStatus>A</recStatus><refTaskStatusI18NModels/></r3statyp><r3statyp><r3ActStatCod>PMTT040</r3ActStatCod><r3ProcessCode>BLD_TRADE</r3ProcessCode><servProvCode>MUNI1</servProvCode><applicationStatus>Ready to Issue</applicationStatus><displayInAca>Y</displayInAca><r3ActStatDes>Approved</r3ActStatDes><r3ActStatFlg>Y</r3ActStatFlg><r3ActTypeDes>Plan Review</r3ActTypeDes><r3MouClockAction>No Action</r3MouClockAction><recDate>2011-11-01T16:43:06-07:00</recDate><recFulNam>ADMIN</recFulNam><recStatus>A</recStatus><refTaskStatusI18NModels/></r3statyp><r3statyp><r3ActStatCod>PMTT050</r3ActStatCod><r3ProcessCode>BLD_TRADE</r3ProcessCode><servProvCode>MUNI1</servProvCode><applicationStatus>Ready to Issue</applicationStatus><displayInAca>Y</displayInAca><r3ActStatDes>Approved w/Comments</r3ActStatDes><r3ActStatFlg>Y</r3ActStatFlg><r3ActTypeDes>Plan Review</r3ActTypeDes><r3MouClockAction>No Action</r3MouClockAction><recDate>2011-11-01T16:43:26-07:00</recDate><recFulNam>ADMIN</recFulNam><recStatus>A</recStatus><refTaskStatusI18NModels/></r3statyp><r3statyp><r3ActStatCod>PMTT060</r3ActStatCod><r3ProcessCode>BLD_TRADE</r3ProcessCode><servProvCode>MUNI1</servProvCode><applicationStatus>Ready to Issue</applicationStatus><displayInAca>Y</displayInAca><r3ActStatDes>Not Required</r3ActStatDes><r3ActStatFlg>Y</r3ActStatFlg><r3ActTypeDes>Plan Review</r3ActTypeDes><r3MouClockAction>No Action</r3MouClockAction><recDate>2011-11-01T16:43:55-07:00</recDate><recFulNam>ADMIN</recFulNam><recStatus>A</recStatus><refTaskStatusI18NModels/></r3statyp><r3statyp><r3ActStatCod>PMTT070</r3ActStatCod><r3ProcessCode>BLD_TRADE</r3ProcessCode><servProvCode>MUNI1</servProvCode><displayInAca>Y</displayInAca><r3ActStatDes>Note</r3ActStatDes><r3ActStatFlg>U</r3ActStatFlg><r3ActTypeDes>Plan Review</r3ActTypeDes><r3MouClockAction>No Action</r3MouClockAction><recDate>2011-11-01T16:44:07-07:00</recDate><recFulNam>ADMIN</recFulNam><recStatus>A</recStatus><refTaskStatusI18NModels/></r3statyp><r3statyp><r3ActStatCod>PMTT080</r3ActStatCod><r3ProcessCode>BLD_TRADE</r3ProcessCode><servProvCode>MUNI1</servProvCode><displayInAca>Y</displayInAca><r3ActStatDes>Revisions Required</r3ActStatDes><r3ActStatFlg>U</r3ActStatFlg><r3ActTypeDes>Plan Review</r3ActTypeDes><r3MouClockAction>No Action</r3MouClockAction><recDate>2011-11-01T16:44:40-07:00</recDate><recFulNam>ADMIN</recFulNam><recStatus>A</recStatus><refTaskStatusI18NModels/></r3statyp><r3statyp><r3ActStatCod>PMTT100</r3ActStatCod><r3ProcessCode>BLD_TRADE</r3ProcessCode><servProvCode>MUNI1</servProvCode><applicationStatus>Issued</applicationStatus><displayInAca>Y</displayInAca><r3ActStatDes>Issued</r3ActStatDes><r3ActStatFlg>Y</r3ActStatFlg><r3ActTypeDes>Permit Issuance</r3ActTypeDes><r3MouClockAction>No Action</r3MouClockAction><recDate>2012-02-09T15:39:09-08:00</recDate><recFulNam>ADMIN</recFulNam><recStatus>A</recStatus><refTaskStatusI18NModels/></r3statyp><r3statyp><r3ActStatCod>PMTT110</r3ActStatCod><r3ProcessCode>BLD_TRADE</r3ProcessCode><servProvCode>MUNI1</servProvCode><displayInAca>Y</displayInAca><r3ActStatDes>Note</r3ActStatDes><r3ActStatFlg>U</r3ActStatFlg><r3ActTypeDes>Permit Issuance</r3ActTypeDes><r3MouClockAction>No Action</r3MouClockAction><recDate>2011-11-01T16:46:05-07:00</recDate><recFulNam>ADMIN</recFulNam><recStatus>A</recStatus><refTaskStatusI18NModels/></r3statyp><r3statyp><r3ActStatCod>PMTT120</r3ActStatCod><r3ProcessCode>BLD_TRADE</r3ProcessCode><servProvCode>MUNI1</servProvCode><applicationStatus>Finaled</applicationStatus><displayInAca>Y</displayInAca><r3ActStatDes>Final Inspection Complete</r3ActStatDes><r3ActStatFlg>Y</r3ActStatFlg><r3ActTypeDes>Inspection</r3ActTypeDes><r3MouClockAction>No Action</r3MouClockAction><recDate>2011-11-01T16:46:50-07:00</recDate><recFulNam>ADMIN</recFulNam><recStatus>A</recStatus><refTaskStatusI18NModels/></r3statyp><r3statyp><r3ActStatCod>PMTT140</r3ActStatCod><r3ProcessCode>BLD_TRADE</r3ProcessCode><servProvCode>MUNI1</servProvCode><displayInAca>Y</displayInAca><r3ActStatDes>Note</r3ActStatDes><r3ActStatFlg>U</r3ActStatFlg><r3ActTypeDes>Inspection</r3ActTypeDes><r3MouClockAction>No Action</r3MouClockAction><recDate>2011-11-01T16:47:40-07:00</recDate><recFulNam>ADMIN</recFulNam><recStatus>A</recStatus><refTaskStatusI18NModels/></r3statyp><r3statyp><r3ActStatCod>PMTT150</r3ActStatCod><r3ProcessCode>BLD_TRADE</r3ProcessCode><servProvCode>MUNI1</servProvCode><displayInAca>Y</displayInAca><r3ActStatDes>Not Required</r3ActStatDes><r3ActStatFlg>Y</r3ActStatFlg><r3ActTypeDes>Meter Release</r3ActTypeDes><r3MouClockAction>No Action</r3MouClockAction><recDate>2011-11-01T16:47:57-07:00</recDate><recFulNam>ADMIN</recFulNam><recStatus>A</recStatus><refTaskStatusI18NModels/></r3statyp><r3statyp><r3ActStatCod>PMTT160</r3ActStatCod><r3ProcessCode>BLD_TRADE</r3ProcessCode><servProvCode>MUNI1</servProvCode><applicationStatus>Meter Released</applicationStatus><displayInAca>Y</displayInAca><r3ActStatDes>Meter Released</r3ActStatDes><r3ActStatFlg>Y</r3ActStatFlg><r3ActTypeDes>Meter Release</r3ActTypeDes><r3MouClockAction>No Action</r3MouClockAction><recDate>2011-11-01T16:48:18-07:00</recDate><recFulNam>ADMIN</recFulNam><recStatus>A</recStatus><refTaskStatusI18NModels/></r3statyp><r3statyp><r3ActStatCod>PMTT170</r3ActStatCod><r3ProcessCode>BLD_TRADE</r3ProcessCode><servProvCode>MUNI1</servProvCode><displayInAca>Y</displayInAca><r3ActStatDes>Note</r3ActStatDes><r3ActStatFlg>U</r3ActStatFlg><r3ActTypeDes>Meter Release</r3ActTypeDes><r3MouClockAction>No Action</r3MouClockAction><recDate>2011-11-01T16:48:30-07:00</recDate><recFulNam>ADMIN</recFulNam><recStatus>A</recStatus><refTaskStatusI18NModels/></r3statyp><r3statyp><r3ActStatCod>SCODE1</r3ActStatCod><r3ProcessCode>BLD_TRADE</r3ProcessCode><servProvCode>MUNI1</servProvCode><applicationStatus>Expired</applicationStatus><displayInAca>Y</displayInAca><r3ActStatDes>Expired</r3ActStatDes><r3ActStatFlg>U</r3ActStatFlg><r3ActTypeDes>Inspection</r3ActTypeDes><recDate>2014-05-27T16:13:40-07:00</recDate><recFulNam>Accela Administrator</recFulNam><recStatus>A</recStatus><refTaskStatusI18NModels/></r3statyp></r3statypModels><securityFlag>BLD_TRADE/%</securityFlag></virProcess>
</list>