<?xml version="1.0" encoding="UTF-8" standalone="yes"?>
<list  version="8.0.0" minorVersion="21" exportUser="ADMIN" exportDateTime="07/28/2016 05:28 AM" description="null"><workflow><parentProcessID>0</parentProcessID><serviceProviderCode>MUNI1</serviceProviderCode><stepNumber>0</stepNumber><workflowName>BLD_RES</workflowName><isSubProcessSelected>Y</isSubProcessSelected><processCode>BLD_RES</processCode><refProcessRelationI18NModels/><recDate>2014-05-27T16:11:22-07:00</recDate><recFulNam>Accela Administrator</recFulNam><recStatus>A</recStatus><relationSeqId>52</relationSeqId><subProcessModels/><taskActivation>A</taskActivation></workflow>
<workflow><parentProcessID>0</parentProcessID><serviceProviderCode>MUNI1</serviceProviderCode><stepNumber>0</stepNumber><workflowName>BLD_OTC</workflowName><isSubProcessSelected>Y</isSubProcessSelected><processCode>BLD_COUNTER</processCode><refProcessRelationI18NModels/><recDate>2014-05-27T15:55:40-07:00</recDate><recFulNam>Accela Administrator</recFulNam><recStatus>A</recStatus><relationSeqId>50</relationSeqId><subProcessModels/></workflow>
<workflow><parentProcessID>0</parentProcessID><serviceProviderCode>MUNI1</serviceProviderCode><stepNumber>0</stepNumber><workflowName>BLD_DEMO</workflowName><isSubProcessSelected>Y</isSubProcessSelected><processCode>BLD_DEMO</processCode><refProcessRelationI18NModels/><recDate>2014-05-27T16:00:18-07:00</recDate><recFulNam>Accela Administrator</recFulNam><recStatus>A</recStatus><relationSeqId>48</relationSeqId><subProcessModels/><taskActivation>A</taskActivation></workflow>
<workflow><parentProcessID>0</parentProcessID><serviceProviderCode>MUNI1</serviceProviderCode><stepNumber>0</stepNumber><workflowName>BLD_TRADE</workflowName><isSubProcessSelected>Y</isSubProcessSelected><processCode>BLD_TRADE</processCode><refProcessRelationI18NModels/><recDate>2014-05-27T16:13:40-07:00</recDate><recFulNam>Accela Administrator</recFulNam><recStatus>A</recStatus><relationSeqId>49</relationSeqId><subProcessModels/></workflow>
</list>