<?xml version="1.0" encoding="UTF-8" standalone="yes"?>
<list  version="8.0.0" minorVersion="20" exportUser="ADMIN" exportDateTime="06/30/2016 10:27 AM" description="EnvHealth Stardard Comments"><standardCommentGroup refId="1@StandardCommentGroupModel"><serviceProviderCode>BPTDEV</serviceProviderCode><groupName>Health Department</groupName><auditModel><auditDate>2010-08-25T00:00:00-06:00</auditDate><auditID>ADMIN</auditID><auditStatus>A</auditStatus></auditModel><commentTypeModels/><commentTypeModels/><commentTypeModels/><isChecklistSelected>Y</isChecklistSelected><isCommentTypeSelected>Y</isCommentTypeSelected><isInspectionSelected>Y</isInspectionSelected><isRecordTypeSelected>Y</isRecordTypeSelected><isWorkflowSelected>Y</isWorkflowSelected><commentTypeModels/><resID>1</resID><standardCommentGroupI18Ns/><commentTypeModels/></standardCommentGroup>
</list>