<?xml version="1.0" encoding="UTF-8" standalone="yes"?>
<list  version="8.0.0" minorVersion="15" exportUser="ADMIN" exportDateTime="03/30/2016 08:45 PM" description="null"><asiGroup><appSpecInfoGroupCode>ENF_COMPLNT</appSpecInfoGroupCode><r1CheckboxGroup>APPLICATION</r1CheckboxGroup><serviceProviderCode>BPTDEV</serviceProviderCode><asiModels><asiModel><r1CheckboxCode>ENF_COMPLNT</r1CheckboxCode><r1CheckboxDesc>Source of Complaint</r1CheckboxDesc><r1CheckboxGroup>APPLICATION</r1CheckboxGroup><r1CheckboxType>COMPLAINT INFORMATION</r1CheckboxType><servProvCode>BPTDEV</servProvCode><asiDropdownModels/><displayLength>0</displayLength><locationQueryFlag>N</locationQueryFlag><maxLength>0</maxLength><r1AttributeValue>Citizen</r1AttributeValue><r1AttributeValueReqFlag>Y</r1AttributeValueReqFlag><r1CheckboxInd>5</r1CheckboxInd><r1DisplayOrder>10</r1DisplayOrder><r1GroupDisplayOrder>10</r1GroupDisplayOrder><r1ReqFeeCalc>N</r1ReqFeeCalc><r1SearchableFlag>N</r1SearchableFlag><r1SearchableForAca>N</r1SearchableForAca><r1SupervisorEditOnlyFlag>N</r1SupervisorEditOnlyFlag><recDate>2013-04-12T16:34:50-06:00</recDate><recFulNam>ADMIN</recFulNam><recStatus>A</recStatus><vchDispFlag>H</vchDispFlag></asiModel><asiModel><r1CheckboxCode>ENF_COMPLNT</r1CheckboxCode><r1CheckboxDesc>Type of Submittal</r1CheckboxDesc><r1CheckboxGroup>APPLICATION</r1CheckboxGroup><r1CheckboxType>COMPLAINT INFORMATION</r1CheckboxType><servProvCode>BPTDEV</servProvCode><asiDropdownModels/><displayLength>0</displayLength><locationQueryFlag>N</locationQueryFlag><maxLength>0</maxLength><r1AttributeValue>Online</r1AttributeValue><r1AttributeValueReqFlag>Y</r1AttributeValueReqFlag><r1CheckboxInd>5</r1CheckboxInd><r1DisplayOrder>20</r1DisplayOrder><r1GroupDisplayOrder>10</r1GroupDisplayOrder><r1ReqFeeCalc>N</r1ReqFeeCalc><r1SearchableFlag>N</r1SearchableFlag><r1SearchableForAca>N</r1SearchableForAca><r1SupervisorEditOnlyFlag>N</r1SupervisorEditOnlyFlag><recDate>2013-04-12T16:34:50-06:00</recDate><recFulNam>ADMIN</recFulNam><recStatus>A</recStatus><vchDispFlag>H</vchDispFlag></asiModel><asiModel><r1CheckboxCode>ENF_COMPLNT</r1CheckboxCode><r1CheckboxDesc>Location</r1CheckboxDesc><r1CheckboxGroup>APPLICATION</r1CheckboxGroup><r1CheckboxType>COMPLAINT INFORMATION</r1CheckboxType><servProvCode>BPTDEV</servProvCode><asiDropdownModels/><displayLength>100</displayLength><locationQueryFlag>N</locationQueryFlag><maxLength>0</maxLength><r1AttributeValueReqFlag>N</r1AttributeValueReqFlag><r1CheckboxDescAlt>Please provide any additional location information</r1CheckboxDescAlt><r1CheckboxInd>6</r1CheckboxInd><r1DisplayOrder>30</r1DisplayOrder><r1GroupDisplayOrder>10</r1GroupDisplayOrder><r1ReqFeeCalc>N</r1ReqFeeCalc><r1SearchableFlag>N</r1SearchableFlag><r1SearchableForAca>N</r1SearchableForAca><r1SupervisorEditOnlyFlag>N</r1SupervisorEditOnlyFlag><recDate>2013-04-12T16:34:50-06:00</recDate><recFulNam>ADMIN</recFulNam><recStatus>A</recStatus><vchDispFlag>Y</vchDispFlag></asiModel><asiModel><r1CheckboxCode>ENF_COMPLNT</r1CheckboxCode><r1CheckboxDesc>Notify Complainant</r1CheckboxDesc><r1CheckboxGroup>APPLICATION</r1CheckboxGroup><r1CheckboxType>COMPLAINT INFORMATION</r1CheckboxType><servProvCode>BPTDEV</servProvCode><asiDropdownModels/><displayLength>0</displayLength><locationQueryFlag>N</locationQueryFlag><maxLength>0</maxLength><r1AttributeValueReqFlag>N</r1AttributeValueReqFlag><r1CheckboxInd>3</r1CheckboxInd><r1DisplayOrder>40</r1DisplayOrder><r1GroupDisplayOrder>10</r1GroupDisplayOrder><r1ReqFeeCalc>N</r1ReqFeeCalc><r1SearchableFlag>N</r1SearchableFlag><r1SearchableForAca>N</r1SearchableForAca><r1SupervisorEditOnlyFlag>N</r1SupervisorEditOnlyFlag><recDate>2013-04-12T16:34:50-06:00</recDate><recFulNam>ADMIN</recFulNam><recStatus>A</recStatus><vchDispFlag>H</vchDispFlag></asiModel><asiModel><r1CheckboxCode>ENF_COMPLNT</r1CheckboxCode><r1CheckboxDesc>Complaint Type</r1CheckboxDesc><r1CheckboxGroup>APPLICATION</r1CheckboxGroup><r1CheckboxType>COMPLAINT INFORMATION</r1CheckboxType><servProvCode>BPTDEV</servProvCode><asiDropdownModels/><displayLength>100</displayLength><locationQueryFlag>N</locationQueryFlag><maxLength>0</maxLength><r1AttributeValueReqFlag>Y</r1AttributeValueReqFlag><r1CheckboxDescAlt>Select the type of complaint you are entering from the list.  You will need to submit a separate complaint for each issue you want to report.  </r1CheckboxDescAlt><r1CheckboxInd>5</r1CheckboxInd><r1DisplayOrder>40</r1DisplayOrder><r1GroupDisplayOrder>10</r1GroupDisplayOrder><r1ReqFeeCalc>N</r1ReqFeeCalc><r1SearchableFlag>N</r1SearchableFlag><r1SearchableForAca>N</r1SearchableForAca><r1SupervisorEditOnlyFlag>N</r1SupervisorEditOnlyFlag><recDate>2013-04-12T16:34:50-06:00</recDate><recFulNam>ADMIN</recFulNam><recStatus>A</recStatus><vchDispFlag>Y</vchDispFlag></asiModel></asiModels><asiSecurityModels/><fieldVariableMapping/><isASITSelected>Y</isASITSelected><isSecuritySelected>Y</isSecuritySelected><r1CheckboxType>COMPLAINT INFORMATION</r1CheckboxType><sharedDropDownModels><sharedDropDownModel refId="1@SharedDropDownModel"><sequenceNbr>141</sequenceNbr><serviceProviderCode>BPTDEV</serviceProviderCode><auditModel><auditDate>2012-02-06T12:49:41-07:00</auditDate><auditID>ADMIN</auditID><auditStatus>A</auditStatus></auditModel><level1>ENF_COMPLNT</level1><level2>COMPLAINT INFORMATION</level2><level3>APPLICATION</level3><level4>Complaint Type</level4><relationType>APPLICATION_SPECIFIC_INFO</relationType><standardChoiceName>ENF_COMPLAINT_TYPE</standardChoiceName></sharedDropDownModel><sharedDropDownModel refId="2@SharedDropDownModel"><sequenceNbr>139</sequenceNbr><serviceProviderCode>BPTDEV</serviceProviderCode><auditModel><auditDate>2012-02-06T12:31:59-07:00</auditDate><auditID>ADMIN</auditID><auditStatus>A</auditStatus></auditModel><level1>ENF_COMPLNT</level1><level2>COMPLAINT INFORMATION</level2><level3>APPLICATION</level3><level4>Source of Complaint</level4><relationType>APPLICATION_SPECIFIC_INFO</relationType><standardChoiceName>ENF_SOURCE</standardChoiceName></sharedDropDownModel><sharedDropDownModel refId="3@SharedDropDownModel"><sequenceNbr>140</sequenceNbr><serviceProviderCode>BPTDEV</serviceProviderCode><auditModel><auditDate>2012-02-06T12:31:59-07:00</auditDate><auditID>ADMIN</auditID><auditStatus>A</auditStatus></auditModel><level1>ENF_COMPLNT</level1><level2>COMPLAINT INFORMATION</level2><level3>APPLICATION</level3><level4>Type of Submittal</level4><relationType>APPLICATION_SPECIFIC_INFO</relationType><standardChoiceName>ENF_SUBMITTED</standardChoiceName></sharedDropDownModel></sharedDropDownModels><templateLayoutConfigModels><templateLayoutConfigModel><resId>28</resId><serviceProviderCode>BPTDEV</serviceProviderCode><alternativeLabel>Select the type of complaint you are entering from the list.  You will need to submit a separate complaint for each issue you want to report.  </alternativeLabel><auditModel><auditDate>2012-02-06T17:21:02-07:00</auditDate><auditID>ADMIN</auditID><auditStatus>A</auditStatus></auditModel><columnLayout xmlns:xsi="http://www.w3.org/2001/XMLSchema-instance" xsi:nil="true"/><configLevel>FIELDNAME</configLevel><entityType>ASI</entityType><fieldName>Complaint Type</fieldName><templateCode>ENF_COMPLNT</templateCode><templateLayoutConfigI18NModels/><templateType>COMPLAINT INFORMATION</templateType></templateLayoutConfigModel><templateLayoutConfigModel><resId>25</resId><serviceProviderCode>BPTDEV</serviceProviderCode><alternativeLabel>Please provide any additional location information</alternativeLabel><auditModel><auditDate>2012-02-06T12:51:16-07:00</auditDate><auditID>ADMIN</auditID><auditStatus>A</auditStatus></auditModel><columnLayout xmlns:xsi="http://www.w3.org/2001/XMLSchema-instance" xsi:nil="true"/><configLevel>FIELDNAME</configLevel><entityType>ASI</entityType><fieldName>Location</fieldName><templateCode>ENF_COMPLNT</templateCode><templateLayoutConfigI18NModels/><templateType>COMPLAINT INFORMATION</templateType></templateLayoutConfigModel><templateLayoutConfigModel><resId>816</resId><serviceProviderCode>BPTDEV</serviceProviderCode><auditModel><auditDate>2013-04-12T16:34:50-06:00</auditDate><auditID>ADMIN</auditID><auditStatus>A</auditStatus></auditModel><columnLayout xmlns:xsi="http://www.w3.org/2001/XMLSchema-instance" xsi:nil="true"/><configLevel>FIELDNAME</configLevel><entityType>ASI</entityType><fieldName>Notify Complainant</fieldName><templateCode>ENF_COMPLNT</templateCode><templateLayoutConfigI18NModels/><templateType>COMPLAINT INFORMATION</templateType></templateLayoutConfigModel><templateLayoutConfigModel><resId>807</resId><serviceProviderCode>BPTDEV</serviceProviderCode><auditModel><auditDate>2013-04-12T16:34:50-06:00</auditDate><auditID>ADMIN</auditID><auditStatus>A</auditStatus></auditModel><columnLayout xmlns:xsi="http://www.w3.org/2001/XMLSchema-instance" xsi:nil="true"/><configLevel>FIELDNAME</configLevel><entityType>ASI</entityType><fieldName>Source of Complaint</fieldName><templateCode>ENF_COMPLNT</templateCode><templateLayoutConfigI18NModels/><templateType>COMPLAINT INFORMATION</templateType></templateLayoutConfigModel><templateLayoutConfigModel><resId>812</resId><serviceProviderCode>BPTDEV</serviceProviderCode><auditModel><auditDate>2013-04-12T16:34:50-06:00</auditDate><auditID>ADMIN</auditID><auditStatus>A</auditStatus></auditModel><columnLayout xmlns:xsi="http://www.w3.org/2001/XMLSchema-instance" xsi:nil="true"/><configLevel>FIELDNAME</configLevel><entityType>ASI</entityType><fieldName>Type of Submittal</fieldName><templateCode>ENF_COMPLNT</templateCode><templateLayoutConfigI18NModels/><templateType>COMPLAINT INFORMATION</templateType></templateLayoutConfigModel><templateLayoutConfigModel><resId>26</resId><serviceProviderCode>BPTDEV</serviceProviderCode><auditModel><auditDate>2012-02-06T12:36:38-07:00</auditDate><auditID>ADMIN</auditID><auditStatus>A</auditStatus></auditModel><columnArrangement>Horizontal</columnArrangement><columnLayout>1</columnLayout><configLevel>TEMPLATENAME</configLevel><entityType>ASI</entityType><fieldName>N/A</fieldName><labelDisplay>TOP</labelDisplay><templateCode>ENF_COMPLNT</templateCode><templateLayoutConfigI18NModels/><templateType>COMPLAINT INFORMATION</templateType></templateLayoutConfigModel></templateLayoutConfigModels></asiGroup>
<asiGroup><appSpecInfoGroupCode>ENF_GENERAL</appSpecInfoGroupCode><r1CheckboxGroup>APPLICATION</r1CheckboxGroup><serviceProviderCode>BPTDEV</serviceProviderCode><asiModels><asiModel><r1CheckboxCode>ENF_GENERAL</r1CheckboxCode><r1CheckboxDesc>Citation #</r1CheckboxDesc><r1CheckboxGroup>APPLICATION</r1CheckboxGroup><r1CheckboxType>CITATION INFORMATION</r1CheckboxType><servProvCode>BPTDEV</servProvCode><asiDropdownModels/><displayLength>0</displayLength><locationQueryFlag>N</locationQueryFlag><maxLength>0</maxLength><r1AttributeValueReqFlag>N</r1AttributeValueReqFlag><r1CheckboxInd>1</r1CheckboxInd><r1DisplayOrder>10</r1DisplayOrder><r1GroupDisplayOrder>20</r1GroupDisplayOrder><r1ReqFeeCalc>N</r1ReqFeeCalc><r1SearchableFlag>N</r1SearchableFlag><r1SearchableForAca>N</r1SearchableForAca><r1SupervisorEditOnlyFlag>N</r1SupervisorEditOnlyFlag><recDate>2013-04-12T16:35:29-06:00</recDate><recFulNam>ADMIN</recFulNam><recStatus>A</recStatus><vchDispFlag>Y</vchDispFlag></asiModel><asiModel><r1CheckboxCode>ENF_GENERAL</r1CheckboxCode><r1CheckboxDesc>Citation Comments</r1CheckboxDesc><r1CheckboxGroup>APPLICATION</r1CheckboxGroup><r1CheckboxType>CITATION INFORMATION</r1CheckboxType><servProvCode>BPTDEV</servProvCode><asiDropdownModels/><displayLength>0</displayLength><locationQueryFlag>N</locationQueryFlag><maxLength>0</maxLength><r1AttributeValueReqFlag>N</r1AttributeValueReqFlag><r1CheckboxInd>6</r1CheckboxInd><r1DisplayOrder>50</r1DisplayOrder><r1GroupDisplayOrder>20</r1GroupDisplayOrder><r1ReqFeeCalc>N</r1ReqFeeCalc><r1SearchableFlag>N</r1SearchableFlag><r1SearchableForAca>N</r1SearchableForAca><r1SupervisorEditOnlyFlag>N</r1SupervisorEditOnlyFlag><recDate>2013-04-12T16:35:29-06:00</recDate><recFulNam>ADMIN</recFulNam><recStatus>A</recStatus><vchDispFlag>Y</vchDispFlag></asiModel><asiModel><r1CheckboxCode>ENF_GENERAL</r1CheckboxCode><r1CheckboxDesc>Source of Complaint</r1CheckboxDesc><r1CheckboxGroup>APPLICATION</r1CheckboxGroup><r1CheckboxType>COMPLAINT INFORMATION</r1CheckboxType><servProvCode>BPTDEV</servProvCode><asiDropdownModels/><displayLength>0</displayLength><locationQueryFlag>N</locationQueryFlag><maxLength>0</maxLength><r1AttributeValueReqFlag>N</r1AttributeValueReqFlag><r1CheckboxInd>5</r1CheckboxInd><r1DisplayOrder>10</r1DisplayOrder><r1GroupDisplayOrder>10</r1GroupDisplayOrder><r1ReqFeeCalc>N</r1ReqFeeCalc><r1SearchableFlag>N</r1SearchableFlag><r1SearchableForAca>N</r1SearchableForAca><r1SupervisorEditOnlyFlag>N</r1SupervisorEditOnlyFlag><recDate>2013-04-12T16:35:29-06:00</recDate><recFulNam>ADMIN</recFulNam><recStatus>A</recStatus><vchDispFlag>N</vchDispFlag></asiModel><asiModel><r1CheckboxCode>ENF_GENERAL</r1CheckboxCode><r1CheckboxDesc>Type of Submittal</r1CheckboxDesc><r1CheckboxGroup>APPLICATION</r1CheckboxGroup><r1CheckboxType>COMPLAINT INFORMATION</r1CheckboxType><servProvCode>BPTDEV</servProvCode><asiDropdownModels/><displayLength>0</displayLength><locationQueryFlag>N</locationQueryFlag><maxLength>0</maxLength><r1AttributeValueReqFlag>N</r1AttributeValueReqFlag><r1CheckboxInd>5</r1CheckboxInd><r1DisplayOrder>20</r1DisplayOrder><r1GroupDisplayOrder>10</r1GroupDisplayOrder><r1ReqFeeCalc>N</r1ReqFeeCalc><r1SearchableFlag>N</r1SearchableFlag><r1SearchableForAca>N</r1SearchableForAca><r1SupervisorEditOnlyFlag>N</r1SupervisorEditOnlyFlag><recDate>2013-04-12T16:35:29-06:00</recDate><recFulNam>ADMIN</recFulNam><recStatus>A</recStatus><vchDispFlag>N</vchDispFlag></asiModel><asiModel><r1CheckboxCode>ENF_GENERAL</r1CheckboxCode><r1CheckboxDesc>Location</r1CheckboxDesc><r1CheckboxGroup>APPLICATION</r1CheckboxGroup><r1CheckboxType>COMPLAINT INFORMATION</r1CheckboxType><servProvCode>BPTDEV</servProvCode><asiDropdownModels/><displayLength>0</displayLength><locationQueryFlag>N</locationQueryFlag><maxLength>0</maxLength><r1AttributeValueReqFlag>N</r1AttributeValueReqFlag><r1CheckboxDescAlt>Additional location information</r1CheckboxDescAlt><r1CheckboxInd>6</r1CheckboxInd><r1DisplayOrder>30</r1DisplayOrder><r1GroupDisplayOrder>10</r1GroupDisplayOrder><r1ReqFeeCalc>N</r1ReqFeeCalc><r1SearchableFlag>N</r1SearchableFlag><r1SearchableForAca>N</r1SearchableForAca><r1SupervisorEditOnlyFlag>N</r1SupervisorEditOnlyFlag><recDate>2013-04-12T16:35:29-06:00</recDate><recFulNam>ADMIN</recFulNam><recStatus>A</recStatus><vchDispFlag>Y</vchDispFlag></asiModel><asiModel><r1CheckboxCode>ENF_GENERAL</r1CheckboxCode><r1CheckboxDesc>Notify Complainant</r1CheckboxDesc><r1CheckboxGroup>APPLICATION</r1CheckboxGroup><r1CheckboxType>COMPLAINT INFORMATION</r1CheckboxType><servProvCode>BPTDEV</servProvCode><asiDropdownModels/><displayLength>0</displayLength><locationQueryFlag>N</locationQueryFlag><maxLength>0</maxLength><r1AttributeValueReqFlag>N</r1AttributeValueReqFlag><r1CheckboxInd>3</r1CheckboxInd><r1DisplayOrder>40</r1DisplayOrder><r1GroupDisplayOrder>10</r1GroupDisplayOrder><r1ReqFeeCalc>N</r1ReqFeeCalc><r1SearchableFlag>N</r1SearchableFlag><r1SearchableForAca>N</r1SearchableForAca><r1SupervisorEditOnlyFlag>N</r1SupervisorEditOnlyFlag><recDate>2013-04-12T16:35:29-06:00</recDate><recFulNam>ADMIN</recFulNam><recStatus>A</recStatus><vchDispFlag>N</vchDispFlag></asiModel></asiModels><asiSecurityModels/><fieldVariableMapping/><isASITSelected>Y</isASITSelected><isSecuritySelected>Y</isSecuritySelected><r1CheckboxType>CITATION INFORMATION</r1CheckboxType><sharedDropDownModels><sharedDropDownModel refId="1@SharedDropDownModel"><sequenceNbr>108</sequenceNbr><serviceProviderCode>BPTDEV</serviceProviderCode><auditModel><auditDate>2011-12-13T14:38:13-07:00</auditDate><auditID>ADMIN</auditID><auditStatus>A</auditStatus></auditModel><level1>ENF_GENERAL</level1><level2>COMPLAINT INFORMATION</level2><level3>APPLICATION</level3><level4>Source of Complaint</level4><relationType>APPLICATION_SPECIFIC_INFO</relationType><standardChoiceName>ENF_SOURCE</standardChoiceName></sharedDropDownModel><sharedDropDownModel refId="2@SharedDropDownModel"><sequenceNbr>109</sequenceNbr><serviceProviderCode>BPTDEV</serviceProviderCode><auditModel><auditDate>2011-12-13T14:38:13-07:00</auditDate><auditID>ADMIN</auditID><auditStatus>A</auditStatus></auditModel><level1>ENF_GENERAL</level1><level2>COMPLAINT INFORMATION</level2><level3>APPLICATION</level3><level4>Type of Submittal</level4><relationType>APPLICATION_SPECIFIC_INFO</relationType><standardChoiceName>ENF_SUBMITTED</standardChoiceName></sharedDropDownModel></sharedDropDownModels><templateLayoutConfigModels><templateLayoutConfigModel><resId>571</resId><serviceProviderCode>BPTDEV</serviceProviderCode><auditModel><auditDate>2013-04-12T16:35:29-06:00</auditDate><auditID>ADMIN</auditID><auditStatus>A</auditStatus></auditModel><columnLayout xmlns:xsi="http://www.w3.org/2001/XMLSchema-instance" xsi:nil="true"/><configLevel>FIELDNAME</configLevel><entityType>ASI</entityType><fieldName>Citation #</fieldName><templateCode>ENF_GENERAL</templateCode><templateLayoutConfigI18NModels/><templateType>CITATION INFORMATION</templateType></templateLayoutConfigModel><templateLayoutConfigModel><resId>973</resId><serviceProviderCode>BPTDEV</serviceProviderCode><auditModel><auditDate>2013-04-12T16:35:29-06:00</auditDate><auditID>ADMIN</auditID><auditStatus>A</auditStatus></auditModel><columnLayout xmlns:xsi="http://www.w3.org/2001/XMLSchema-instance" xsi:nil="true"/><configLevel>FIELDNAME</configLevel><entityType>ASI</entityType><fieldName>Citation Comments</fieldName><templateCode>ENF_GENERAL</templateCode><templateLayoutConfigI18NModels/><templateType>CITATION INFORMATION</templateType></templateLayoutConfigModel><templateLayoutConfigModel><resId>23</resId><serviceProviderCode>BPTDEV</serviceProviderCode><alternativeLabel>Additional location information</alternativeLabel><auditModel><auditDate>2012-02-01T15:42:55-07:00</auditDate><auditID>ADMIN</auditID><auditStatus>A</auditStatus></auditModel><columnLayout xmlns:xsi="http://www.w3.org/2001/XMLSchema-instance" xsi:nil="true"/><configLevel>FIELDNAME</configLevel><entityType>ASI</entityType><fieldName>Location</fieldName><templateCode>ENF_GENERAL</templateCode><templateLayoutConfigI18NModels/><templateType>COMPLAINT INFORMATION</templateType></templateLayoutConfigModel><templateLayoutConfigModel><resId>981</resId><serviceProviderCode>BPTDEV</serviceProviderCode><auditModel><auditDate>2013-04-12T16:35:29-06:00</auditDate><auditID>ADMIN</auditID><auditStatus>A</auditStatus></auditModel><columnLayout xmlns:xsi="http://www.w3.org/2001/XMLSchema-instance" xsi:nil="true"/><configLevel>FIELDNAME</configLevel><entityType>ASI</entityType><fieldName>Notify Complainant</fieldName><templateCode>ENF_GENERAL</templateCode><templateLayoutConfigI18NModels/><templateType>COMPLAINT INFORMATION</templateType></templateLayoutConfigModel><templateLayoutConfigModel><resId>979</resId><serviceProviderCode>BPTDEV</serviceProviderCode><auditModel><auditDate>2013-04-12T16:35:29-06:00</auditDate><auditID>ADMIN</auditID><auditStatus>A</auditStatus></auditModel><columnLayout xmlns:xsi="http://www.w3.org/2001/XMLSchema-instance" xsi:nil="true"/><configLevel>FIELDNAME</configLevel><entityType>ASI</entityType><fieldName>Source of Complaint</fieldName><templateCode>ENF_GENERAL</templateCode><templateLayoutConfigI18NModels/><templateType>COMPLAINT INFORMATION</templateType></templateLayoutConfigModel><templateLayoutConfigModel><resId>980</resId><serviceProviderCode>BPTDEV</serviceProviderCode><auditModel><auditDate>2013-04-12T16:35:29-06:00</auditDate><auditID>ADMIN</auditID><auditStatus>A</auditStatus></auditModel><columnLayout xmlns:xsi="http://www.w3.org/2001/XMLSchema-instance" xsi:nil="true"/><configLevel>FIELDNAME</configLevel><entityType>ASI</entityType><fieldName>Type of Submittal</fieldName><templateCode>ENF_GENERAL</templateCode><templateLayoutConfigI18NModels/><templateType>COMPLAINT INFORMATION</templateType></templateLayoutConfigModel></templateLayoutConfigModels></asiGroup>
<asiGroup><appSpecInfoGroupCode>ENF_VEHICLE</appSpecInfoGroupCode><r1CheckboxGroup>APPLICATION</r1CheckboxGroup><serviceProviderCode>BPTDEV</serviceProviderCode><asiModels><asiModel><r1CheckboxCode>ENF_VEHICLE</r1CheckboxCode><r1CheckboxDesc>Source of Complaint</r1CheckboxDesc><r1CheckboxGroup>APPLICATION</r1CheckboxGroup><r1CheckboxType>COMPLAINT INFORMATION</r1CheckboxType><servProvCode>BPTDEV</servProvCode><asiDropdownModels/><displayLength>0</displayLength><locationQueryFlag>N</locationQueryFlag><maxLength>0</maxLength><r1AttributeValueReqFlag>N</r1AttributeValueReqFlag><r1CheckboxInd>5</r1CheckboxInd><r1DisplayOrder>10</r1DisplayOrder><r1GroupDisplayOrder>10</r1GroupDisplayOrder><r1ReqFeeCalc>N</r1ReqFeeCalc><r1SearchableFlag>N</r1SearchableFlag><r1SearchableForAca>N</r1SearchableForAca><r1SupervisorEditOnlyFlag>N</r1SupervisorEditOnlyFlag><r1TableGroupName>ENF_VEHICLE</r1TableGroupName><recDate>2013-04-12T16:35:47-06:00</recDate><recFulNam>ADMIN</recFulNam><recStatus>A</recStatus><vchDispFlag>N</vchDispFlag></asiModel><asiModel><r1CheckboxCode>ENF_VEHICLE</r1CheckboxCode><r1CheckboxDesc>Type of Submittal</r1CheckboxDesc><r1CheckboxGroup>APPLICATION</r1CheckboxGroup><r1CheckboxType>COMPLAINT INFORMATION</r1CheckboxType><servProvCode>BPTDEV</servProvCode><asiDropdownModels/><displayLength>0</displayLength><locationQueryFlag>N</locationQueryFlag><maxLength>0</maxLength><r1AttributeValueReqFlag>N</r1AttributeValueReqFlag><r1CheckboxInd>5</r1CheckboxInd><r1DisplayOrder>20</r1DisplayOrder><r1GroupDisplayOrder>10</r1GroupDisplayOrder><r1ReqFeeCalc>N</r1ReqFeeCalc><r1SearchableFlag>N</r1SearchableFlag><r1SearchableForAca>N</r1SearchableForAca><r1SupervisorEditOnlyFlag>N</r1SupervisorEditOnlyFlag><r1TableGroupName>ENF_VEHICLE</r1TableGroupName><recDate>2013-04-12T16:35:47-06:00</recDate><recFulNam>ADMIN</recFulNam><recStatus>A</recStatus><vchDispFlag>N</vchDispFlag></asiModel><asiModel><r1CheckboxCode>ENF_VEHICLE</r1CheckboxCode><r1CheckboxDesc>Location</r1CheckboxDesc><r1CheckboxGroup>APPLICATION</r1CheckboxGroup><r1CheckboxType>COMPLAINT INFORMATION</r1CheckboxType><servProvCode>BPTDEV</servProvCode><asiDropdownModels/><displayLength>0</displayLength><locationQueryFlag>N</locationQueryFlag><maxLength>0</maxLength><r1AttributeValueReqFlag>N</r1AttributeValueReqFlag><r1CheckboxDescAlt>Additional location information</r1CheckboxDescAlt><r1CheckboxInd>6</r1CheckboxInd><r1DisplayOrder>30</r1DisplayOrder><r1GroupDisplayOrder>10</r1GroupDisplayOrder><r1ReqFeeCalc>N</r1ReqFeeCalc><r1SearchableFlag>N</r1SearchableFlag><r1SearchableForAca>N</r1SearchableForAca><r1SupervisorEditOnlyFlag>N</r1SupervisorEditOnlyFlag><r1TableGroupName>ENF_VEHICLE</r1TableGroupName><recDate>2013-04-12T16:35:47-06:00</recDate><recFulNam>ADMIN</recFulNam><recStatus>A</recStatus><vchDispFlag>Y</vchDispFlag></asiModel><asiModel><r1CheckboxCode>ENF_VEHICLE</r1CheckboxCode><r1CheckboxDesc>Notify Complainant</r1CheckboxDesc><r1CheckboxGroup>APPLICATION</r1CheckboxGroup><r1CheckboxType>COMPLAINT INFORMATION</r1CheckboxType><servProvCode>BPTDEV</servProvCode><asiDropdownModels/><displayLength>0</displayLength><locationQueryFlag>N</locationQueryFlag><maxLength>0</maxLength><r1AttributeValueReqFlag>N</r1AttributeValueReqFlag><r1CheckboxInd>3</r1CheckboxInd><r1DisplayOrder>40</r1DisplayOrder><r1GroupDisplayOrder>10</r1GroupDisplayOrder><r1ReqFeeCalc>N</r1ReqFeeCalc><r1SearchableFlag>N</r1SearchableFlag><r1SearchableForAca>N</r1SearchableForAca><r1SupervisorEditOnlyFlag>N</r1SupervisorEditOnlyFlag><r1TableGroupName>ENF_VEHICLE</r1TableGroupName><recDate>2013-04-12T16:35:47-06:00</recDate><recFulNam>ADMIN</recFulNam><recStatus>A</recStatus><vchDispFlag>N</vchDispFlag></asiModel><asiModel><r1CheckboxCode>ENF_VEHICLE</r1CheckboxCode><r1CheckboxDesc>Citation #</r1CheckboxDesc><r1CheckboxGroup>APPLICATION</r1CheckboxGroup><r1CheckboxType>CITATION INFORMATION</r1CheckboxType><servProvCode>BPTDEV</servProvCode><asiDropdownModels/><displayLength>0</displayLength><locationQueryFlag>N</locationQueryFlag><maxLength>0</maxLength><r1AttributeValueReqFlag>N</r1AttributeValueReqFlag><r1CheckboxInd>1</r1CheckboxInd><r1DisplayOrder>10</r1DisplayOrder><r1GroupDisplayOrder>20</r1GroupDisplayOrder><r1ReqFeeCalc>N</r1ReqFeeCalc><r1SearchableFlag>N</r1SearchableFlag><r1SearchableForAca>N</r1SearchableForAca><r1SupervisorEditOnlyFlag>N</r1SupervisorEditOnlyFlag><r1TableGroupName>ENF_VEHICLE</r1TableGroupName><recDate>2013-04-12T16:35:47-06:00</recDate><recFulNam>ADMIN</recFulNam><recStatus>A</recStatus><vchDispFlag>Y</vchDispFlag></asiModel><asiModel><r1CheckboxCode>ENF_VEHICLE</r1CheckboxCode><r1CheckboxDesc>Citation Comments</r1CheckboxDesc><r1CheckboxGroup>APPLICATION</r1CheckboxGroup><r1CheckboxType>CITATION INFORMATION</r1CheckboxType><servProvCode>BPTDEV</servProvCode><asiDropdownModels/><displayLength>0</displayLength><locationQueryFlag>N</locationQueryFlag><maxLength>0</maxLength><r1AttributeValueReqFlag>N</r1AttributeValueReqFlag><r1CheckboxInd>6</r1CheckboxInd><r1DisplayOrder>50</r1DisplayOrder><r1GroupDisplayOrder>20</r1GroupDisplayOrder><r1ReqFeeCalc>N</r1ReqFeeCalc><r1SearchableFlag>N</r1SearchableFlag><r1SearchableForAca>N</r1SearchableForAca><r1SupervisorEditOnlyFlag>N</r1SupervisorEditOnlyFlag><r1TableGroupName>ENF_VEHICLE</r1TableGroupName><recDate>2013-04-12T16:35:47-06:00</recDate><recFulNam>ADMIN</recFulNam><recStatus>A</recStatus><vchDispFlag>Y</vchDispFlag></asiModel></asiModels><asiSecurityModels/><fieldVariableMapping/><isASITSelected>Y</isASITSelected><isSecuritySelected>Y</isSecuritySelected><r1CheckboxType>COMPLAINT INFORMATION</r1CheckboxType><r1TableGroupName>ENF_VEHICLE</r1TableGroupName><sharedDropDownModels><sharedDropDownModel refId="1@SharedDropDownModel"><sequenceNbr>2550</sequenceNbr><serviceProviderCode>BPTDEV</serviceProviderCode><auditModel><auditDate>2013-04-07T20:23:13-06:00</auditDate><auditID>ADMIN</auditID><auditStatus>A</auditStatus></auditModel><level1>ENF_VEHICLE</level1><level2>COMPLAINT INFORMATION</level2><level3>APPLICATION</level3><level4>Source of Complaint</level4><relationType>APPLICATION_SPECIFIC_INFO</relationType><standardChoiceName>ENF_SOURCE</standardChoiceName></sharedDropDownModel><sharedDropDownModel refId="2@SharedDropDownModel"><sequenceNbr>2551</sequenceNbr><serviceProviderCode>BPTDEV</serviceProviderCode><auditModel><auditDate>2013-04-07T20:23:13-06:00</auditDate><auditID>ADMIN</auditID><auditStatus>A</auditStatus></auditModel><level1>ENF_VEHICLE</level1><level2>COMPLAINT INFORMATION</level2><level3>APPLICATION</level3><level4>Type of Submittal</level4><relationType>APPLICATION_SPECIFIC_INFO</relationType><standardChoiceName>ENF_SUBMITTED</standardChoiceName></sharedDropDownModel></sharedDropDownModels><templateLayoutConfigModels><templateLayoutConfigModel><resId>827</resId><serviceProviderCode>BPTDEV</serviceProviderCode><auditModel><auditDate>2013-04-12T16:35:47-06:00</auditDate><auditID>ADMIN</auditID><auditStatus>A</auditStatus></auditModel><columnLayout xmlns:xsi="http://www.w3.org/2001/XMLSchema-instance" xsi:nil="true"/><configLevel>FIELDNAME</configLevel><entityType>ASI</entityType><fieldName>Citation #</fieldName><templateCode>ENF_VEHICLE</templateCode><templateLayoutConfigI18NModels/><templateType>CITATION INFORMATION</templateType></templateLayoutConfigModel><templateLayoutConfigModel><resId>1058</resId><serviceProviderCode>BPTDEV</serviceProviderCode><auditModel><auditDate>2013-04-12T16:35:47-06:00</auditDate><auditID>ADMIN</auditID><auditStatus>A</auditStatus></auditModel><columnLayout xmlns:xsi="http://www.w3.org/2001/XMLSchema-instance" xsi:nil="true"/><configLevel>FIELDNAME</configLevel><entityType>ASI</entityType><fieldName>Citation Comments</fieldName><templateCode>ENF_VEHICLE</templateCode><templateLayoutConfigI18NModels/><templateType>CITATION INFORMATION</templateType></templateLayoutConfigModel><templateLayoutConfigModel><resId>92</resId><serviceProviderCode>BPTDEV</serviceProviderCode><alternativeLabel>Additional location information</alternativeLabel><auditModel><auditDate>2013-04-07T20:23:13-06:00</auditDate><auditID>ADMIN</auditID><auditStatus>A</auditStatus></auditModel><columnLayout xmlns:xsi="http://www.w3.org/2001/XMLSchema-instance" xsi:nil="true"/><configLevel>FIELDNAME</configLevel><entityType>ASI</entityType><fieldName>Location</fieldName><templateCode>ENF_VEHICLE</templateCode><templateLayoutConfigI18NModels/><templateType>COMPLAINT INFORMATION</templateType></templateLayoutConfigModel><templateLayoutConfigModel><resId>826</resId><serviceProviderCode>BPTDEV</serviceProviderCode><auditModel><auditDate>2013-04-12T16:35:47-06:00</auditDate><auditID>ADMIN</auditID><auditStatus>A</auditStatus></auditModel><columnLayout xmlns:xsi="http://www.w3.org/2001/XMLSchema-instance" xsi:nil="true"/><configLevel>FIELDNAME</configLevel><entityType>ASI</entityType><fieldName>Notify Complainant</fieldName><templateCode>ENF_VEHICLE</templateCode><templateLayoutConfigI18NModels/><templateType>COMPLAINT INFORMATION</templateType></templateLayoutConfigModel><templateLayoutConfigModel><resId>819</resId><serviceProviderCode>BPTDEV</serviceProviderCode><auditModel><auditDate>2013-04-12T16:35:47-06:00</auditDate><auditID>ADMIN</auditID><auditStatus>A</auditStatus></auditModel><columnLayout xmlns:xsi="http://www.w3.org/2001/XMLSchema-instance" xsi:nil="true"/><configLevel>FIELDNAME</configLevel><entityType>ASI</entityType><fieldName>Source of Complaint</fieldName><templateCode>ENF_VEHICLE</templateCode><templateLayoutConfigI18NModels/><templateType>COMPLAINT INFORMATION</templateType></templateLayoutConfigModel><templateLayoutConfigModel><resId>822</resId><serviceProviderCode>BPTDEV</serviceProviderCode><auditModel><auditDate>2013-04-12T16:35:47-06:00</auditDate><auditID>ADMIN</auditID><auditStatus>A</auditStatus></auditModel><columnLayout xmlns:xsi="http://www.w3.org/2001/XMLSchema-instance" xsi:nil="true"/><configLevel>FIELDNAME</configLevel><entityType>ASI</entityType><fieldName>Type of Submittal</fieldName><templateCode>ENF_VEHICLE</templateCode><templateLayoutConfigI18NModels/><templateType>COMPLAINT INFORMATION</templateType></templateLayoutConfigModel></templateLayoutConfigModels></asiGroup>
<asiGroup><appSpecInfoGroupCode>ENF_VEHICLE</appSpecInfoGroupCode><r1CheckboxGroup>FEEATTACHEDTABLE</r1CheckboxGroup><serviceProviderCode>BPTDEV</serviceProviderCode><asiModels><asiModel><r1CheckboxCode>ENF_VEHICLE</r1CheckboxCode><r1CheckboxDesc>Model</r1CheckboxDesc><r1CheckboxGroup>FEEATTACHEDTABLE</r1CheckboxGroup><r1CheckboxType>VEHICLE INFORMATION</r1CheckboxType><servProvCode>BPTDEV</servProvCode><asiDropdownModels/><displayLength>0</displayLength><maxLength>240</maxLength><r1AttributeValueReqFlag>N</r1AttributeValueReqFlag><r1CheckboxInd>1</r1CheckboxInd><r1DisplayOrder>20</r1DisplayOrder><r1GroupDisplayOrder>10</r1GroupDisplayOrder><r1ReqFeeCalc>N</r1ReqFeeCalc><r1SearchableFlag>N</r1SearchableFlag><r1SupervisorEditOnlyFlag>N</r1SupervisorEditOnlyFlag><recDate>2013-04-07T20:20:23-06:00</recDate><recFulNam>ADMIN</recFulNam><recStatus>A</recStatus><vchDispFlag>Y</vchDispFlag></asiModel><asiModel><r1CheckboxCode>ENF_VEHICLE</r1CheckboxCode><r1CheckboxDesc>Year</r1CheckboxDesc><r1CheckboxGroup>FEEATTACHEDTABLE</r1CheckboxGroup><r1CheckboxType>VEHICLE INFORMATION</r1CheckboxType><servProvCode>BPTDEV</servProvCode><asiDropdownModels/><displayLength>0</displayLength><maxLength>240</maxLength><r1AttributeValueReqFlag>N</r1AttributeValueReqFlag><r1CheckboxInd>4</r1CheckboxInd><r1DisplayOrder>30</r1DisplayOrder><r1GroupDisplayOrder>10</r1GroupDisplayOrder><r1ReqFeeCalc>N</r1ReqFeeCalc><r1SearchableFlag>N</r1SearchableFlag><r1SupervisorEditOnlyFlag>N</r1SupervisorEditOnlyFlag><recDate>2013-04-07T20:20:39-06:00</recDate><recFulNam>ADMIN</recFulNam><recStatus>A</recStatus><vchDispFlag>Y</vchDispFlag></asiModel><asiModel><r1CheckboxCode>ENF_VEHICLE</r1CheckboxCode><r1CheckboxDesc>VIN</r1CheckboxDesc><r1CheckboxGroup>FEEATTACHEDTABLE</r1CheckboxGroup><r1CheckboxType>VEHICLE INFORMATION</r1CheckboxType><servProvCode>BPTDEV</servProvCode><asiDropdownModels/><displayLength>0</displayLength><maxLength>240</maxLength><r1AttributeValueReqFlag>N</r1AttributeValueReqFlag><r1CheckboxInd>1</r1CheckboxInd><r1DisplayOrder>40</r1DisplayOrder><r1GroupDisplayOrder>10</r1GroupDisplayOrder><r1ReqFeeCalc>N</r1ReqFeeCalc><r1SearchableFlag>N</r1SearchableFlag><r1SupervisorEditOnlyFlag>N</r1SupervisorEditOnlyFlag><recDate>2013-04-07T20:20:50-06:00</recDate><recFulNam>ADMIN</recFulNam><recStatus>A</recStatus><vchDispFlag>Y</vchDispFlag></asiModel><asiModel><r1CheckboxCode>ENF_VEHICLE</r1CheckboxCode><r1CheckboxDesc>License Number</r1CheckboxDesc><r1CheckboxGroup>FEEATTACHEDTABLE</r1CheckboxGroup><r1CheckboxType>VEHICLE INFORMATION</r1CheckboxType><servProvCode>BPTDEV</servProvCode><asiDropdownModels/><displayLength>0</displayLength><maxLength>240</maxLength><r1AttributeValueReqFlag>N</r1AttributeValueReqFlag><r1CheckboxInd>1</r1CheckboxInd><r1DisplayOrder>50</r1DisplayOrder><r1GroupDisplayOrder>10</r1GroupDisplayOrder><r1ReqFeeCalc>N</r1ReqFeeCalc><r1SearchableFlag>N</r1SearchableFlag><r1SupervisorEditOnlyFlag>N</r1SupervisorEditOnlyFlag><recDate>2013-04-07T20:21:18-06:00</recDate><recFulNam>ADMIN</recFulNam><recStatus>A</recStatus><vchDispFlag>Y</vchDispFlag></asiModel><asiModel><r1CheckboxCode>ENF_VEHICLE</r1CheckboxCode><r1CheckboxDesc>License State</r1CheckboxDesc><r1CheckboxGroup>FEEATTACHEDTABLE</r1CheckboxGroup><r1CheckboxType>VEHICLE INFORMATION</r1CheckboxType><servProvCode>BPTDEV</servProvCode><asiDropdownModels/><displayLength>0</displayLength><maxLength>240</maxLength><r1AttributeValueReqFlag>N</r1AttributeValueReqFlag><r1CheckboxInd>5</r1CheckboxInd><r1DisplayOrder>60</r1DisplayOrder><r1GroupDisplayOrder>10</r1GroupDisplayOrder><r1ReqFeeCalc>N</r1ReqFeeCalc><r1SearchableFlag>N</r1SearchableFlag><r1SupervisorEditOnlyFlag>N</r1SupervisorEditOnlyFlag><recDate>2013-04-07T20:21:40-06:00</recDate><recFulNam>ADMIN</recFulNam><recStatus>A</recStatus><vchDispFlag>Y</vchDispFlag></asiModel><asiModel><r1CheckboxCode>ENF_VEHICLE</r1CheckboxCode><r1CheckboxDesc>Make</r1CheckboxDesc><r1CheckboxGroup>FEEATTACHEDTABLE</r1CheckboxGroup><r1CheckboxType>VEHICLE INFORMATION</r1CheckboxType><servProvCode>BPTDEV</servProvCode><asiDropdownModels/><r1AttributeValueReqFlag>N</r1AttributeValueReqFlag><r1CheckboxInd>1</r1CheckboxInd><r1DisplayOrder>10</r1DisplayOrder><r1GroupDisplayOrder>10</r1GroupDisplayOrder><r1ReqFeeCalc>N</r1ReqFeeCalc><r1SearchableFlag>N</r1SearchableFlag><r1SupervisorEditOnlyFlag>N</r1SupervisorEditOnlyFlag><recDate>2013-04-07T20:20:11-06:00</recDate><recFulNam>ADMIN</recFulNam><recStatus>A</recStatus><vchDispFlag>Y</vchDispFlag></asiModel></asiModels><asiSecurityModels/><fieldVariableMapping/><isASITSelected>Y</isASITSelected><isSecuritySelected>Y</isSecuritySelected><r1CheckboxType>VEHICLE INFORMATION</r1CheckboxType><sharedDropDownModels><sharedDropDownModel refId="1@SharedDropDownModel"><sequenceNbr>2549</sequenceNbr><serviceProviderCode>BPTDEV</serviceProviderCode><auditModel><auditDate>2013-04-07T20:21:54-06:00</auditDate><auditID>ADMIN</auditID><auditStatus>A</auditStatus></auditModel><level1>ENF_VEHICLE</level1><level2>VEHICLE INFORMATION</level2><level3>FEEATTACHEDTABLE</level3><level4>License State</level4><relationType>APPLICATION_SPECIFIC_INFO_TABLE</relationType><standardChoiceName>STATES</standardChoiceName></sharedDropDownModel></sharedDropDownModels><templateLayoutConfigModels><templateLayoutConfigModel><resId>827</resId><serviceProviderCode>BPTDEV</serviceProviderCode><auditModel><auditDate>2013-04-12T16:35:47-06:00</auditDate><auditID>ADMIN</auditID><auditStatus>A</auditStatus></auditModel><columnLayout xmlns:xsi="http://www.w3.org/2001/XMLSchema-instance" xsi:nil="true"/><configLevel>FIELDNAME</configLevel><entityType>ASI</entityType><fieldName>Citation #</fieldName><templateCode>ENF_VEHICLE</templateCode><templateLayoutConfigI18NModels/><templateType>CITATION INFORMATION</templateType></templateLayoutConfigModel><templateLayoutConfigModel><resId>1058</resId><serviceProviderCode>BPTDEV</serviceProviderCode><auditModel><auditDate>2013-04-12T16:35:47-06:00</auditDate><auditID>ADMIN</auditID><auditStatus>A</auditStatus></auditModel><columnLayout xmlns:xsi="http://www.w3.org/2001/XMLSchema-instance" xsi:nil="true"/><configLevel>FIELDNAME</configLevel><entityType>ASI</entityType><fieldName>Citation Comments</fieldName><templateCode>ENF_VEHICLE</templateCode><templateLayoutConfigI18NModels/><templateType>CITATION INFORMATION</templateType></templateLayoutConfigModel><templateLayoutConfigModel><resId>92</resId><serviceProviderCode>BPTDEV</serviceProviderCode><alternativeLabel>Additional location information</alternativeLabel><auditModel><auditDate>2013-04-07T20:23:13-06:00</auditDate><auditID>ADMIN</auditID><auditStatus>A</auditStatus></auditModel><columnLayout xmlns:xsi="http://www.w3.org/2001/XMLSchema-instance" xsi:nil="true"/><configLevel>FIELDNAME</configLevel><entityType>ASI</entityType><fieldName>Location</fieldName><templateCode>ENF_VEHICLE</templateCode><templateLayoutConfigI18NModels/><templateType>COMPLAINT INFORMATION</templateType></templateLayoutConfigModel><templateLayoutConfigModel><resId>826</resId><serviceProviderCode>BPTDEV</serviceProviderCode><auditModel><auditDate>2013-04-12T16:35:47-06:00</auditDate><auditID>ADMIN</auditID><auditStatus>A</auditStatus></auditModel><columnLayout xmlns:xsi="http://www.w3.org/2001/XMLSchema-instance" xsi:nil="true"/><configLevel>FIELDNAME</configLevel><entityType>ASI</entityType><fieldName>Notify Complainant</fieldName><templateCode>ENF_VEHICLE</templateCode><templateLayoutConfigI18NModels/><templateType>COMPLAINT INFORMATION</templateType></templateLayoutConfigModel><templateLayoutConfigModel><resId>819</resId><serviceProviderCode>BPTDEV</serviceProviderCode><auditModel><auditDate>2013-04-12T16:35:47-06:00</auditDate><auditID>ADMIN</auditID><auditStatus>A</auditStatus></auditModel><columnLayout xmlns:xsi="http://www.w3.org/2001/XMLSchema-instance" xsi:nil="true"/><configLevel>FIELDNAME</configLevel><entityType>ASI</entityType><fieldName>Source of Complaint</fieldName><templateCode>ENF_VEHICLE</templateCode><templateLayoutConfigI18NModels/><templateType>COMPLAINT INFORMATION</templateType></templateLayoutConfigModel><templateLayoutConfigModel><resId>822</resId><serviceProviderCode>BPTDEV</serviceProviderCode><auditModel><auditDate>2013-04-12T16:35:47-06:00</auditDate><auditID>ADMIN</auditID><auditStatus>A</auditStatus></auditModel><columnLayout xmlns:xsi="http://www.w3.org/2001/XMLSchema-instance" xsi:nil="true"/><configLevel>FIELDNAME</configLevel><entityType>ASI</entityType><fieldName>Type of Submittal</fieldName><templateCode>ENF_VEHICLE</templateCode><templateLayoutConfigI18NModels/><templateType>COMPLAINT INFORMATION</templateType></templateLayoutConfigModel></templateLayoutConfigModels></asiGroup>
</list>