<?xml version="1.0" encoding="UTF-8" standalone="yes"?>
<list  version="8.0.0" minorVersion="15" exportUser="ADMIN" exportDateTime="03/30/2016 09:15 PM" description="null"><snoteContents><contentsCode>LIC_ISSUED</contentsCode><serviceProviderCode>BPTDEV</serviceProviderCode><contentsBody>This is to notify you that your license application has been approved for issuance.  </contentsBody><contentsSubject>Your application $PERMITID$ has been approved</contentsSubject><contentsType>LIC_ISSUED</contentsType><recDate>2014-03-11T11:36:28-06:00</recDate><recFulNam>ADMIN</recFulNam><recStatus>A</recStatus><refEmailMessageI18NModels/></snoteContents>
<snoteContents><contentsCode>LIC_ACCEPTED</contentsCode><serviceProviderCode>BPTDEV</serviceProviderCode><contentsBody>Your license application $PERMITID$ has been received and accepted for review.  You can track the progress of your license application online. &#xD;
&#xD;
Comment:  $TASKCOMMENTS$&#xD;
Address:  $PERMITADDR$&#xD;
</contentsBody><contentsSubject>License Application $PERMITID$ accepted for review</contentsSubject><contentsType>LIC_ACCEPTED</contentsType><recDate>2014-05-20T10:15:51-06:00</recDate><recFulNam>ADMIN</recFulNam><recStatus>A</recStatus><refEmailMessageI18NModels/></snoteContents>
<snoteContents><contentsCode>LIC_DENIED</contentsCode><serviceProviderCode>BPTDEV</serviceProviderCode><contentsBody>Your license application $PERMITID$ has been received and has been denied.  Please contact our office if you would like to discuss further.&#xD;
&#xD;
  </contentsBody><contentsSubject>License Application $PERMITID$ has been denied</contentsSubject><contentsType>LIC_DENIED</contentsType><recDate>2014-05-09T15:18:35-06:00</recDate><recFulNam>ADMIN</recFulNam><recStatus>A</recStatus><refEmailMessageI18NModels/></snoteContents>
<snoteContents><contentsCode>LIC_ADDL_INFO_REQ</contentsCode><serviceProviderCode>BPTDEV</serviceProviderCode><contentsBody>Your license application $PERMITID$ has been received and determined to require additional information. You can track the progress of your license application online.&#xD;
&#xD;
</contentsBody><contentsSubject>License Application $PERMITID$ - Additional Information Required</contentsSubject><contentsType>LIC_ADDL_INFO_REQ</contentsType><recDate>2014-05-20T10:15:02-06:00</recDate><recFulNam>ADMIN</recFulNam><recStatus>A</recStatus><refEmailMessageI18NModels/></snoteContents>
</list>