<?xml version="1.0" encoding="UTF-8" standalone="yes"?>
<list  version="8.0.0" minorVersion="15" exportUser="ADMIN" exportDateTime="03/30/2016 09:15 PM" description="null"><refDocument refId="1@RefDocumentModel"><docCode>LIC_PET</docCode><docSeqNumber>5002</docSeqNumber><serviceProviderCode>BPTDEV</serviceProviderCode><auditModel><auditDate>2013-11-20T16:21:27-07:00</auditDate><auditID>ADMIN</auditID><auditStatus>A</auditStatus></auditModel><autoDownload>N</autoDownload><deleteRole>0101100000</deleteRole><XDocEntityTypes/><documentComment> </documentComment><refDocumentI18NModels/><documentType>Vaccination Certificate</documentType><documentsecurityModels/><restrictDocTypeForACA>Y</restrictDocTypeForACA><titleRestrictRole>0101100000</titleRestrictRole><uploadRole>0101100000</uploadRole><viewRole>0101100000</viewRole></refDocument>
<refDocument refId="1@RefDocumentModel"><docCode>LIC_PET</docCode><docSeqNumber>5003</docSeqNumber><serviceProviderCode>BPTDEV</serviceProviderCode><auditModel><auditDate>2013-11-20T16:21:51-07:00</auditDate><auditID>ADMIN</auditID><auditStatus>A</auditStatus></auditModel><autoDownload>N</autoDownload><deleteRole>0101100000</deleteRole><XDocEntityTypes/><documentComment> </documentComment><refDocumentI18NModels/><documentType>Proof of Spayed/Neutered</documentType><documentsecurityModels/><restrictDocTypeForACA>Y</restrictDocTypeForACA><titleRestrictRole>0101100000</titleRestrictRole><uploadRole>0101100000</uploadRole><viewRole>0101100000</viewRole></refDocument>
<refDocument refId="1@RefDocumentModel"><docCode>LIC_PET</docCode><docSeqNumber>5004</docSeqNumber><serviceProviderCode>BPTDEV</serviceProviderCode><auditModel><auditDate>2013-11-20T16:22:10-07:00</auditDate><auditID>ADMIN</auditID><auditStatus>A</auditStatus></auditModel><autoDownload>N</autoDownload><deleteRole>0101100000</deleteRole><XDocEntityTypes/><documentComment> </documentComment><refDocumentI18NModels/><documentType>Service Dog Certification</documentType><documentsecurityModels/><restrictDocTypeForACA>Y</restrictDocTypeForACA><titleRestrictRole>0101100000</titleRestrictRole><uploadRole>0101100000</uploadRole><viewRole>0101100000</viewRole></refDocument>
<refDocument refId="1@RefDocumentModel"><docCode>LIC_PET</docCode><docSeqNumber>5005</docSeqNumber><serviceProviderCode>BPTDEV</serviceProviderCode><auditModel><auditDate>2014-02-12T11:58:43-07:00</auditDate><auditID>ADMIN</auditID><auditStatus>A</auditStatus></auditModel><autoDownload>N</autoDownload><deleteRole>0111000000</deleteRole><XDocEntityTypes/><documentComment> </documentComment><refDocumentI18NModels/><documentType>Photo</documentType><documentsecurityModels/><restrictDocTypeForACA>Y</restrictDocTypeForACA><titleRestrictRole>0111000000</titleRestrictRole><uploadRole>0111000000</uploadRole><viewRole>0111000000</viewRole></refDocument>
<refDocument refId="1@RefDocumentModel"><docCode>AAM</docCode><docSeqNumber>4977</docSeqNumber><serviceProviderCode>BPTDEV</serviceProviderCode><auditModel><auditDate>2013-02-12T15:34:16-07:00</auditDate><auditID>ADMIN</auditID><auditStatus>A</auditStatus></auditModel><autoDownload>N</autoDownload><deleteRole>0110000000</deleteRole><XDocEntityTypes/><documentComment> </documentComment><refDocumentI18NModels/><documentType>Correspondence</documentType><documentsecurityModels/><restrictDocTypeForACA>N</restrictDocTypeForACA><titleRestrictRole>0110000000</titleRestrictRole><uploadRole>0110000000</uploadRole><viewRole>0110000000</viewRole></refDocument>
<refDocument refId="1@RefDocumentModel"><docCode>AAM</docCode><docSeqNumber>4978</docSeqNumber><serviceProviderCode>BPTDEV</serviceProviderCode><auditModel><auditDate>2013-02-12T15:34:45-07:00</auditDate><auditID>ADMIN</auditID><auditStatus>A</auditStatus></auditModel><autoDownload>N</autoDownload><deleteRole>0110000000</deleteRole><XDocEntityTypes/><documentComment> </documentComment><refDocumentI18NModels/><documentType>Document</documentType><documentsecurityModels/><restrictDocTypeForACA>N</restrictDocTypeForACA><titleRestrictRole>0110000000</titleRestrictRole><uploadRole>0110000000</uploadRole><viewRole>0110000000</viewRole></refDocument>
<refDocument refId="1@RefDocumentModel"><docCode>AAM</docCode><docSeqNumber>4979</docSeqNumber><serviceProviderCode>BPTDEV</serviceProviderCode><auditModel><auditDate>2013-02-12T15:34:58-07:00</auditDate><auditID>ADMIN</auditID><auditStatus>A</auditStatus></auditModel><autoDownload>N</autoDownload><deleteRole>0110000000</deleteRole><XDocEntityTypes/><documentComment> </documentComment><refDocumentI18NModels/><documentType>Map</documentType><documentsecurityModels/><restrictDocTypeForACA>N</restrictDocTypeForACA><titleRestrictRole>0110000000</titleRestrictRole><uploadRole>0110000000</uploadRole><viewRole>0110000000</viewRole></refDocument>
<refDocument refId="1@RefDocumentModel"><docCode>AAM</docCode><docSeqNumber>4980</docSeqNumber><serviceProviderCode>BPTDEV</serviceProviderCode><auditModel><auditDate>2013-02-12T15:35:08-07:00</auditDate><auditID>ADMIN</auditID><auditStatus>A</auditStatus></auditModel><autoDownload>N</autoDownload><deleteRole>0110000000</deleteRole><XDocEntityTypes/><documentComment> </documentComment><refDocumentI18NModels/><documentType>Photo</documentType><documentsecurityModels/><restrictDocTypeForACA>N</restrictDocTypeForACA><titleRestrictRole>0110000000</titleRestrictRole><uploadRole>0110000000</uploadRole><viewRole>0110000000</viewRole></refDocument>
</list>