<?xml version="1.0" encoding="UTF-8" standalone="yes"?>
<list  version="8.0.0" minorVersion="15" exportUser="ADMIN" exportDateTime="03/30/2016 09:15 PM" description="null"><sharedDropDownListModel><name>LIC_PET_GENDER</name><serviceProviderCode>BPTDEV</serviceProviderCode><auditModel><auditDate>2013-12-12T12:04:38-07:00</auditDate><auditID>ADMIN</auditID><auditStatus>A</auditStatus></auditModel><description>Pet Gender - Male or Female</description><sharedDropDownList><sharedDropDownValue><bdvSeqNbr>104593101</bdvSeqNbr><servProvCode>BPTDEV</servProvCode><auditModel><auditDate>2013-11-19T16:22:09-07:00</auditDate><auditID>ADMIN</auditID><auditStatus>A</auditStatus></auditModel><bizdomain>LIC_PET_GENDER</bizdomain><bizdomainValue>Female</bizdomainValue><sortOrder>10</sortOrder><standardChoiceValueI18NModels/></sharedDropDownValue><sharedDropDownValue><bdvSeqNbr>104593102</bdvSeqNbr><servProvCode>BPTDEV</servProvCode><auditModel><auditDate>2013-11-19T16:22:21-07:00</auditDate><auditID>ADMIN</auditID><auditStatus>A</auditStatus></auditModel><bizdomain>LIC_PET_GENDER</bizdomain><bizdomainValue>Male</bizdomainValue><sortOrder>20</sortOrder><standardChoiceValueI18NModels/></sharedDropDownValue></sharedDropDownList><type>ShareDropDown</type></sharedDropDownListModel>
<sharedDropDownListModel><name>LIC_DURATION_OF_PET_LICENSE</name><serviceProviderCode>BPTDEV</serviceProviderCode><auditModel><auditDate>2014-01-13T15:33:52-07:00</auditDate><auditID>ADMIN</auditID><auditStatus>A</auditStatus></auditModel><description>Duration of Pet License Application</description><sharedDropDownList><sharedDropDownValue><bdvSeqNbr>104594343</bdvSeqNbr><servProvCode>BPTDEV</servProvCode><auditModel><auditDate>2014-01-13T15:36:27-07:00</auditDate><auditID>ADMIN</auditID><auditStatus>A</auditStatus></auditModel><bizdomain>LIC_DURATION_OF_PET_LICENSE</bizdomain><bizdomainValue>1</bizdomainValue><sortOrder>1</sortOrder><standardChoiceValueI18NModels/></sharedDropDownValue><sharedDropDownValue><bdvSeqNbr>104594344</bdvSeqNbr><servProvCode>BPTDEV</servProvCode><auditModel><auditDate>2014-01-13T15:36:33-07:00</auditDate><auditID>ADMIN</auditID><auditStatus>A</auditStatus></auditModel><bizdomain>LIC_DURATION_OF_PET_LICENSE</bizdomain><bizdomainValue>2</bizdomainValue><sortOrder>2</sortOrder><standardChoiceValueI18NModels/></sharedDropDownValue><sharedDropDownValue><bdvSeqNbr>104594345</bdvSeqNbr><servProvCode>BPTDEV</servProvCode><auditModel><auditDate>2014-01-13T15:36:39-07:00</auditDate><auditID>ADMIN</auditID><auditStatus>A</auditStatus></auditModel><bizdomain>LIC_DURATION_OF_PET_LICENSE</bizdomain><bizdomainValue>3</bizdomainValue><sortOrder>3</sortOrder><standardChoiceValueI18NModels/></sharedDropDownValue></sharedDropDownList><type>ShareDropDown</type></sharedDropDownListModel>
<sharedDropDownListModel><name>LIC_PET_REASONS_NON_RENEWAL</name><serviceProviderCode>BPTDEV</serviceProviderCode><auditModel><auditDate>2013-11-19T16:27:55-07:00</auditDate><auditID>ADMIN</auditID><auditStatus>A</auditStatus></auditModel><description>Reasons for non-renewal on pet license renewal record</description><sharedDropDownList><sharedDropDownValue><bdvSeqNbr>104593104</bdvSeqNbr><servProvCode>BPTDEV</servProvCode><auditModel><auditDate>2013-11-19T16:29:56-07:00</auditDate><auditID>ADMIN</auditID><auditStatus>A</auditStatus></auditModel><bizdomain>LIC_PET_REASONS_NON_RENEWAL</bizdomain><bizdomainValue>Deceased</bizdomainValue><sortOrder>10</sortOrder><standardChoiceValueI18NModels/></sharedDropDownValue><sharedDropDownValue><bdvSeqNbr>104593103</bdvSeqNbr><servProvCode>BPTDEV</servProvCode><auditModel><auditDate>2013-11-19T16:29:56-07:00</auditDate><auditID>ADMIN</auditID><auditStatus>A</auditStatus></auditModel><bizdomain>LIC_PET_REASONS_NON_RENEWAL</bizdomain><bizdomainValue>No longer own pet</bizdomainValue><sortOrder>20</sortOrder><standardChoiceValueI18NModels/></sharedDropDownValue><sharedDropDownValue><bdvSeqNbr>104593105</bdvSeqNbr><servProvCode>BPTDEV</servProvCode><auditModel><auditDate>2013-11-19T16:29:56-07:00</auditDate><auditID>ADMIN</auditID><auditStatus>A</auditStatus></auditModel><bizdomain>LIC_PET_REASONS_NON_RENEWAL</bizdomain><bizdomainValue>Transferred ownership</bizdomainValue><sortOrder>30</sortOrder><standardChoiceValueI18NModels/></sharedDropDownValue></sharedDropDownList><type>ShareDropDown</type></sharedDropDownListModel>
<sharedDropDownListModel><name>LIC_PET_DANGER_LEVEL</name><serviceProviderCode>BPTDEV</serviceProviderCode><auditModel><auditDate>2013-12-12T12:04:25-07:00</auditDate><auditID>ADMIN</auditID><auditStatus>A</auditStatus></auditModel><description>Pet Danger Level</description><sharedDropDownList><sharedDropDownValue><bdvSeqNbr>104593106</bdvSeqNbr><servProvCode>BPTDEV</servProvCode><auditModel><auditDate>2013-11-20T15:25:50-07:00</auditDate><auditID>ADMIN</auditID><auditStatus>A</auditStatus></auditModel><bizdomain>LIC_PET_DANGER_LEVEL</bizdomain><bizdomainValue>None</bizdomainValue><sortOrder>10</sortOrder><standardChoiceValueI18NModels/></sharedDropDownValue><sharedDropDownValue><bdvSeqNbr>104593107</bdvSeqNbr><servProvCode>BPTDEV</servProvCode><auditModel><auditDate>2013-11-20T15:25:50-07:00</auditDate><auditID>ADMIN</auditID><auditStatus>A</auditStatus></auditModel><bizdomain>LIC_PET_DANGER_LEVEL</bizdomain><bizdomainValue>Potentially Dangerous</bizdomainValue><sortOrder>20</sortOrder><standardChoiceValueI18NModels/><valueDesc>dog has attacked or attempted to attack a human on two separate occasions during an 18-month period</valueDesc></sharedDropDownValue><sharedDropDownValue><bdvSeqNbr>104593108</bdvSeqNbr><servProvCode>BPTDEV</servProvCode><auditModel><auditDate>2013-11-20T15:25:50-07:00</auditDate><auditID>ADMIN</auditID><auditStatus>A</auditStatus></auditModel><bizdomain>LIC_PET_DANGER_LEVEL</bizdomain><bizdomainValue>Vicious</bizdomainValue><sortOrder>30</sortOrder><standardChoiceValueI18NModels/><valueDesc>dog has seriously maimed or killed someone</valueDesc></sharedDropDownValue></sharedDropDownList><type>ShareDropDown</type></sharedDropDownListModel>
</list>