<?xml version="1.0" encoding="UTF-8" standalone="yes"?>
<list  version="8.0.0" minorVersion="15" exportUser="ADMIN" exportDateTime="03/30/2016 09:15 PM" description="null"><virProcess><r1ProcessCode>LIC_PET_RENEWAL</r1ProcessCode><servProvCode>BPTDEV</servProvCode><isEmailSettringSelected>Y</isEmailSettringSelected><isSecuritySelected>Y</isSecuritySelected><processEMailSettingModels/><processModels><processModel><r1ProcessCode>LIC_PET_RENEWAL</r1ProcessCode><sdStpNum>1</sdStpNum><servProvCode>BPTDEV</servProvCode><asgnAgencyCode>ADMIN</asgnAgencyCode><asgnBureauCode>NA</asgnBureauCode><asgnDivisionCode>NA</asgnDivisionCode><asgnGroupCode>NA</asgnGroupCode><asgnOfficeCode>NA</asgnOfficeCode><asgnSectionCode>NA</asgnSectionCode><auditModel><auditDate>2014-06-30T17:01:18-06:00</auditDate><auditID>Accela Administrator</auditID><auditStatus>A</auditStatus></auditModel><sdNxtId1>014000000000000</sdNxtId1><sdProDes>Renewal Review</sdProDes><sdProId1>012000000000000</sdProId1></processModel><processModel><r1ProcessCode>LIC_PET_RENEWAL</r1ProcessCode><sdStpNum>2</sdStpNum><servProvCode>BPTDEV</servProvCode><asgnAgencyCode>ADMIN</asgnAgencyCode><asgnBureauCode>NA</asgnBureauCode><asgnDivisionCode>NA</asgnDivisionCode><asgnGroupCode>NA</asgnGroupCode><asgnOfficeCode>NA</asgnOfficeCode><asgnSectionCode>NA</asgnSectionCode><auditModel><auditDate>2014-06-30T17:01:18-06:00</auditDate><auditID>Accela Administrator</auditID><auditStatus>A</auditStatus></auditModel><sdNxtId1>000000000000000</sdNxtId1><sdProDes>Renewal Status</sdProDes><sdProId1>014000000000000</sdProId1></processModel><processModel><r1ProcessCode>LIC_PET_RENEWAL</r1ProcessCode><sdStpNum>3</sdStpNum><servProvCode>BPTDEV</servProvCode><asgnAgencyCode>ADMIN</asgnAgencyCode><asgnBureauCode>NA</asgnBureauCode><asgnDivisionCode>NA</asgnDivisionCode><asgnGroupCode>NA</asgnGroupCode><asgnOfficeCode>NA</asgnOfficeCode><asgnSectionCode>NA</asgnSectionCode><auditModel><auditDate>2014-06-30T17:01:18-06:00</auditDate><auditID>Accela Administrator</auditID><auditStatus>A</auditStatus></auditModel><sdNxtId1>012000000000000</sdNxtId1><sdProDes>Renewal Intake</sdProDes><sdProId1>010000000000000</sdProId1></processModel></processModels><processSecurityModels/><r3statypModels><r3statyp><r3ActStatCod>SCODE5</r3ActStatCod><r3ProcessCode>LIC_PET_RENEWAL</r3ProcessCode><servProvCode>BPTDEV</servProvCode><applicationStatus>Fees Paid</applicationStatus><displayInAca>Y</displayInAca><r3ActStatDes>Fees Paid</r3ActStatDes><r3ActStatFlg>Y</r3ActStatFlg><r3ActTypeDes>Renewal Intake</r3ActTypeDes><recDate>2014-06-30T17:01:18-06:00</recDate><recFulNam>Accela Administrator</recFulNam><recStatus>A</recStatus><refTaskStatusI18NModels/></r3statyp><r3statyp><r3ActStatCod>SCODE6</r3ActStatCod><r3ProcessCode>LIC_PET_RENEWAL</r3ProcessCode><servProvCode>BPTDEV</servProvCode><displayInAca>Y</displayInAca><r3ActStatDes>Additional Info Needed</r3ActStatDes><r3ActStatFlg>U</r3ActStatFlg><r3ActTypeDes>Renewal Review</r3ActTypeDes><recDate>2014-06-30T17:01:18-06:00</recDate><recFulNam>Accela Administrator</recFulNam><recStatus>A</recStatus><refTaskStatusI18NModels/></r3statyp><r3statyp><r3ActStatCod>SCODE2</r3ActStatCod><r3ProcessCode>LIC_PET_RENEWAL</r3ProcessCode><servProvCode>BPTDEV</servProvCode><applicationStatus>Approved to Issue</applicationStatus><displayInAca>Y</displayInAca><r3ActStatDes>Approved to Issue</r3ActStatDes><r3ActStatFlg>Y</r3ActStatFlg><r3ActTypeDes>Renewal Review</r3ActTypeDes><recDate>2013-11-19T15:20:41-07:00</recDate><recFulNam>Accela Administrator</recFulNam><recStatus>A</recStatus><refTaskStatusI18NModels/></r3statyp><r3statyp><r3ActStatCod>SCODE1</r3ActStatCod><r3ProcessCode>LIC_PET_RENEWAL</r3ProcessCode><servProvCode>BPTDEV</servProvCode><applicationStatus>In Progress</applicationStatus><displayInAca>Y</displayInAca><r3ActStatDes>Denied</r3ActStatDes><r3ActStatFlg>Y</r3ActStatFlg><r3ActTypeDes>Renewal Review</r3ActTypeDes><recDate>2013-11-19T15:20:41-07:00</recDate><recFulNam>Accela Administrator</recFulNam><recStatus>A</recStatus><refTaskStatusI18NModels/></r3statyp><r3statyp><r3ActStatCod>SCODE7</r3ActStatCod><r3ProcessCode>LIC_PET_RENEWAL</r3ProcessCode><servProvCode>BPTDEV</servProvCode><displayInAca>Y</displayInAca><r3ActStatDes>In Progress</r3ActStatDes><r3ActStatFlg>U</r3ActStatFlg><r3ActTypeDes>Renewal Review</r3ActTypeDes><recDate>2014-06-30T17:01:18-06:00</recDate><recFulNam>Accela Administrator</recFulNam><recStatus>A</recStatus><refTaskStatusI18NModels/></r3statyp><r3statyp><r3ActStatCod>SCODE3</r3ActStatCod><r3ProcessCode>LIC_PET_RENEWAL</r3ProcessCode><servProvCode>BPTDEV</servProvCode><applicationStatus>Approved</applicationStatus><displayInAca>Y</displayInAca><r3ActStatDes>Approved</r3ActStatDes><r3ActStatFlg>Y</r3ActStatFlg><r3ActTypeDes>Renewal Status</r3ActTypeDes><recDate>2013-11-19T15:20:41-07:00</recDate><recFulNam>Accela Administrator</recFulNam><recStatus>A</recStatus><refTaskStatusI18NModels/></r3statyp><r3statyp><r3ActStatCod>SCODE4</r3ActStatCod><r3ProcessCode>LIC_PET_RENEWAL</r3ProcessCode><servProvCode>BPTDEV</servProvCode><applicationStatus>Denied</applicationStatus><displayInAca>Y</displayInAca><r3ActStatDes>Denied</r3ActStatDes><r3ActStatFlg>Y</r3ActStatFlg><r3ActTypeDes>Renewal Status</r3ActTypeDes><recDate>2013-11-19T15:20:41-07:00</recDate><recFulNam>Accela Administrator</recFulNam><recStatus>A</recStatus><refTaskStatusI18NModels/></r3statyp></r3statypModels><securityFlag>LIC_PET_RENEWAL/%</securityFlag></virProcess>
<virProcess><r1ProcessCode>LIC_PET_LICENSE</r1ProcessCode><servProvCode>BPTDEV</servProvCode><isEmailSettringSelected>Y</isEmailSettringSelected><isSecuritySelected>Y</isSecuritySelected><processEMailSettingModels/><processModels><processModel><r1ProcessCode>LIC_PET_LICENSE</r1ProcessCode><sdStpNum>1</sdStpNum><servProvCode>BPTDEV</servProvCode><asgnAgencyCode>ADMIN</asgnAgencyCode><asgnBureauCode>NA</asgnBureauCode><asgnDivisionCode>NA</asgnDivisionCode><asgnGroupCode>NA</asgnGroupCode><asgnOfficeCode>NA</asgnOfficeCode><asgnSectionCode>NA</asgnSectionCode><auditModel><auditDate>2014-01-28T17:40:29-07:00</auditDate><auditID>Accela Administrator</auditID><auditStatus>A</auditStatus></auditModel><sdNxtId1>000000000000000</sdNxtId1><sdProDes>License Status</sdProDes><sdProId1>010000000000000</sdProId1></processModel></processModels><processSecurityModels/><r3statypModels><r3statyp><r3ActStatCod>SCODE2</r3ActStatCod><r3ProcessCode>LIC_PET_LICENSE</r3ProcessCode><servProvCode>BPTDEV</servProvCode><applicationStatus>Active</applicationStatus><displayInAca>Y</displayInAca><r3ActStatDes>About to Expire</r3ActStatDes><r3ActStatFlg>U</r3ActStatFlg><r3ActTypeDes>License Status</r3ActTypeDes><recDate>2014-01-28T17:40:29-07:00</recDate><recFulNam>Accela Administrator</recFulNam><recStatus>A</recStatus><refTaskStatusI18NModels/></r3statyp><r3statyp><r3ActStatCod>SCODE3</r3ActStatCod><r3ProcessCode>LIC_PET_LICENSE</r3ProcessCode><servProvCode>BPTDEV</servProvCode><applicationStatus>Active</applicationStatus><displayInAca>Y</displayInAca><r3ActStatDes>Active</r3ActStatDes><r3ActStatFlg>U</r3ActStatFlg><r3ActTypeDes>License Status</r3ActTypeDes><recDate>2014-01-28T17:39:28-07:00</recDate><recFulNam>Accela Administrator</recFulNam><recStatus>A</recStatus><refTaskStatusI18NModels/></r3statyp><r3statyp><r3ActStatCod>SCODE4</r3ActStatCod><r3ProcessCode>LIC_PET_LICENSE</r3ProcessCode><servProvCode>BPTDEV</servProvCode><applicationStatus>Closed</applicationStatus><displayInAca>Y</displayInAca><r3ActStatDes>Closed</r3ActStatDes><r3ActStatFlg>Y</r3ActStatFlg><r3ActTypeDes>License Status</r3ActTypeDes><recDate>2014-01-28T17:39:28-07:00</recDate><recFulNam>Accela Administrator</recFulNam><recStatus>A</recStatus><refTaskStatusI18NModels/></r3statyp><r3statyp><r3ActStatCod>SCODE9</r3ActStatCod><r3ProcessCode>LIC_PET_LICENSE</r3ProcessCode><servProvCode>BPTDEV</servProvCode><applicationStatus>Deceased</applicationStatus><displayInAca>Y</displayInAca><r3ActStatDes>Deceased</r3ActStatDes><r3ActStatFlg>Y</r3ActStatFlg><r3ActTypeDes>License Status</r3ActTypeDes><recDate>2014-01-28T17:39:28-07:00</recDate><recFulNam>Accela Administrator</recFulNam><recStatus>A</recStatus><refTaskStatusI18NModels/></r3statyp><r3statyp><r3ActStatCod>SCODE5</r3ActStatCod><r3ProcessCode>LIC_PET_LICENSE</r3ProcessCode><servProvCode>BPTDEV</servProvCode><applicationStatus>Inactive</applicationStatus><displayInAca>Y</displayInAca><r3ActStatDes>Inactive</r3ActStatDes><r3ActStatFlg>Y</r3ActStatFlg><r3ActTypeDes>License Status</r3ActTypeDes><recDate>2014-01-28T17:39:28-07:00</recDate><recFulNam>Accela Administrator</recFulNam><recStatus>A</recStatus><refTaskStatusI18NModels/></r3statyp><r3statyp><r3ActStatCod>SCODE7</r3ActStatCod><r3ProcessCode>LIC_PET_LICENSE</r3ProcessCode><servProvCode>BPTDEV</servProvCode><applicationStatus>No Longer Own Pet</applicationStatus><displayInAca>Y</displayInAca><r3ActStatDes>No Longer Own Pet</r3ActStatDes><r3ActStatFlg>Y</r3ActStatFlg><r3ActTypeDes>License Status</r3ActTypeDes><recDate>2014-01-28T17:39:28-07:00</recDate><recFulNam>Accela Administrator</recFulNam><recStatus>A</recStatus><refTaskStatusI18NModels/></r3statyp><r3statyp><r3ActStatCod>SCODE6</r3ActStatCod><r3ProcessCode>LIC_PET_LICENSE</r3ProcessCode><servProvCode>BPTDEV</servProvCode><applicationStatus>Revoked</applicationStatus><displayInAca>Y</displayInAca><r3ActStatDes>Revoked</r3ActStatDes><r3ActStatFlg>Y</r3ActStatFlg><r3ActTypeDes>License Status</r3ActTypeDes><recDate>2014-01-28T17:39:28-07:00</recDate><recFulNam>Accela Administrator</recFulNam><recStatus>A</recStatus><refTaskStatusI18NModels/></r3statyp><r3statyp><r3ActStatCod>SCODE1</r3ActStatCod><r3ProcessCode>LIC_PET_LICENSE</r3ProcessCode><servProvCode>BPTDEV</servProvCode><applicationStatus>Suspended</applicationStatus><displayInAca>Y</displayInAca><r3ActStatDes>Suspended</r3ActStatDes><r3ActStatFlg>U</r3ActStatFlg><r3ActTypeDes>License Status</r3ActTypeDes><recDate>2014-01-28T17:39:28-07:00</recDate><recFulNam>Accela Administrator</recFulNam><recStatus>A</recStatus><refTaskStatusI18NModels/></r3statyp><r3statyp><r3ActStatCod>SCODE8</r3ActStatCod><r3ProcessCode>LIC_PET_LICENSE</r3ProcessCode><servProvCode>BPTDEV</servProvCode><applicationStatus>Transferred Ownership</applicationStatus><displayInAca>Y</displayInAca><r3ActStatDes>Transferred Ownership</r3ActStatDes><r3ActStatFlg>Y</r3ActStatFlg><r3ActTypeDes>License Status</r3ActTypeDes><recDate>2014-01-28T17:39:28-07:00</recDate><recFulNam>Accela Administrator</recFulNam><recStatus>A</recStatus><refTaskStatusI18NModels/></r3statyp></r3statypModels><securityFlag>LIC_PET_LICENSE/%</securityFlag></virProcess>
<virProcess><r1ProcessCode>LIC_PET_GENERAL</r1ProcessCode><servProvCode>BPTDEV</servProvCode><isEmailSettringSelected>Y</isEmailSettringSelected><isSecuritySelected>Y</isSecuritySelected><processEMailSettingModels><processEMailSettingModel><noteID>135</noteID><processName>LIC_PET_GENERAL</processName><serviceProviderCode>BPTDEV</serviceProviderCode><b3contactFlag>N</b3contactFlag><contactRelation>Applicant</contactRelation><contentsCode>LIC_ISSUED</contentsCode><distributionFlag>N</distributionFlag><docCategory>Outgoing Email</docCategory><docGroup>LIC</docGroup><edmsLocation>ADS</edmsLocation><edmsObject>CAP</edmsObject><mediaFlag>0</mediaFlag><recDate>2014-06-16T16:00:09-06:00</recDate><recFulNam>ADMIN</recFulNam><recStatus>A</recStatus><sdAppDes>Issued</sdAppDes><sdProDes>License Issuance</sdProDes></processEMailSettingModel><processEMailSettingModel><noteID>141</noteID><processName>LIC_PET_GENERAL</processName><serviceProviderCode>BPTDEV</serviceProviderCode><b3contactFlag>N</b3contactFlag><contactRelation>Applicant</contactRelation><contentsCode>LIC_ACCEPTED</contentsCode><distributionFlag>N</distributionFlag><docCategory>Outgoing Email</docCategory><docGroup>LIC</docGroup><edmsLocation>ADS</edmsLocation><edmsObject>CAP</edmsObject><mediaFlag>0</mediaFlag><recDate>2014-06-16T16:00:09-06:00</recDate><recFulNam>ADMIN</recFulNam><recStatus>A</recStatus><sdAppDes>Accepted for Review</sdAppDes><sdProDes>Application Acceptance</sdProDes></processEMailSettingModel><processEMailSettingModel><noteID>155</noteID><processName>LIC_PET_GENERAL</processName><serviceProviderCode>BPTDEV</serviceProviderCode><b3contactFlag>N</b3contactFlag><contactRelation>Applicant</contactRelation><contentsCode>LIC_DENIED</contentsCode><distributionFlag>N</distributionFlag><docCategory>Outgoing Email</docCategory><docGroup>LIC</docGroup><edmsLocation>ADS</edmsLocation><edmsObject>CAP</edmsObject><mediaFlag>0</mediaFlag><recDate>2014-06-16T16:00:09-06:00</recDate><recFulNam>ADMIN</recFulNam><recStatus>A</recStatus><sdAppDes>Denied</sdAppDes><sdProDes>License Issuance</sdProDes></processEMailSettingModel><processEMailSettingModel><noteID>160</noteID><processName>LIC_PET_GENERAL</processName><serviceProviderCode>BPTDEV</serviceProviderCode><b3contactFlag>N</b3contactFlag><contactRelation>Applicant</contactRelation><contentsCode>LIC_ADDL_INFO_REQ</contentsCode><distributionFlag>N</distributionFlag><docCategory>Outgoing Email</docCategory><docGroup>LIC</docGroup><edmsLocation>ADS</edmsLocation><edmsObject>CAP</edmsObject><mediaFlag>0</mediaFlag><recDate>2014-06-16T16:00:09-06:00</recDate><recFulNam>ADMIN</recFulNam><recStatus>A</recStatus><sdAppDes>Additional Info Needed</sdAppDes><sdProDes>Application Acceptance</sdProDes></processEMailSettingModel></processEMailSettingModels><processModels><processModel><r1ProcessCode>LIC_PET_GENERAL</r1ProcessCode><sdStpNum>1</sdStpNum><servProvCode>BPTDEV</servProvCode><asgnAgencyCode>ADMIN</asgnAgencyCode><asgnBureauCode>NA</asgnBureauCode><asgnDivisionCode>NA</asgnDivisionCode><asgnGroupCode>NA</asgnGroupCode><asgnOfficeCode>NA</asgnOfficeCode><asgnSectionCode>NA</asgnSectionCode><auditModel><auditDate>2013-11-19T13:04:37-07:00</auditDate><auditID>Accela Administrator</auditID><auditStatus>A</auditStatus></auditModel><sdNxtId1>012000000000000</sdNxtId1><sdProDes>Application Acceptance</sdProDes><sdProId1>010000000000000</sdProId1></processModel><processModel><r1ProcessCode>LIC_PET_GENERAL</r1ProcessCode><sdStpNum>2</sdStpNum><servProvCode>BPTDEV</servProvCode><asgnAgencyCode>ADMIN</asgnAgencyCode><asgnBureauCode>NA</asgnBureauCode><asgnDivisionCode>NA</asgnDivisionCode><asgnGroupCode>NA</asgnGroupCode><asgnOfficeCode>NA</asgnOfficeCode><asgnSectionCode>NA</asgnSectionCode><auditModel><auditDate>2013-11-19T13:04:37-07:00</auditDate><auditID>Accela Administrator</auditID><auditStatus>A</auditStatus></auditModel><sdNxtId1>014000000000000</sdNxtId1><sdProDes>Licensing Review</sdProDes><sdProId1>012000000000000</sdProId1></processModel><processModel><r1ProcessCode>LIC_PET_GENERAL</r1ProcessCode><sdStpNum>3</sdStpNum><servProvCode>BPTDEV</servProvCode><asgnAgencyCode>ADMIN</asgnAgencyCode><asgnBureauCode>NA</asgnBureauCode><asgnDivisionCode>NA</asgnDivisionCode><asgnGroupCode>NA</asgnGroupCode><asgnOfficeCode>NA</asgnOfficeCode><asgnSectionCode>NA</asgnSectionCode><auditModel><auditDate>2014-01-07T11:29:47-07:00</auditDate><auditID>Accela Administrator</auditID><auditStatus>I</auditStatus></auditModel><sdNxtId1>000000000000000</sdNxtId1><sdProDes>License Inssuance</sdProDes><sdProId1>014000000000000</sdProId1></processModel><processModel><r1ProcessCode>LIC_PET_GENERAL</r1ProcessCode><sdStpNum>4</sdStpNum><servProvCode>BPTDEV</servProvCode><asgnAgencyCode>ADMIN</asgnAgencyCode><asgnBureauCode>NA</asgnBureauCode><asgnDivisionCode>NA</asgnDivisionCode><asgnGroupCode>NA</asgnGroupCode><asgnOfficeCode>NA</asgnOfficeCode><asgnSectionCode>NA</asgnSectionCode><auditModel><auditDate>2014-01-07T11:29:47-07:00</auditDate><auditID>Accela Administrator</auditID><auditStatus>A</auditStatus></auditModel><sdNxtId1>000000000000000</sdNxtId1><sdProDes>License Issuance</sdProDes><sdProId1>014000000000000</sdProId1></processModel></processModels><processSecurityModels/><r3statypModels><r3statyp><r3ActStatCod>SCODE2</r3ActStatCod><r3ProcessCode>LIC_PET_GENERAL</r3ProcessCode><servProvCode>BPTDEV</servProvCode><applicationStatus>In Progress</applicationStatus><displayInAca>Y</displayInAca><r3ActStatDes>Accepted for Review</r3ActStatDes><r3ActStatFlg>Y</r3ActStatFlg><r3ActTypeDes>Application Acceptance</r3ActTypeDes><recDate>2013-11-19T13:04:37-07:00</recDate><recFulNam>Accela Administrator</recFulNam><recStatus>A</recStatus><refTaskStatusI18NModels/></r3statyp><r3statyp><r3ActStatCod>SCODE1</r3ActStatCod><r3ProcessCode>LIC_PET_GENERAL</r3ProcessCode><servProvCode>BPTDEV</servProvCode><applicationStatus>Additional Information Needed</applicationStatus><displayInAca>Y</displayInAca><r3ActStatDes>Additional Info Needed</r3ActStatDes><r3ActStatFlg>U</r3ActStatFlg><r3ActTypeDes>Application Acceptance</r3ActTypeDes><recDate>2013-11-19T13:04:37-07:00</recDate><recFulNam>Accela Administrator</recFulNam><recStatus>A</recStatus><refTaskStatusI18NModels/></r3statyp><r3statyp><r3ActStatCod>SCODE7</r3ActStatCod><r3ProcessCode>LIC_PET_GENERAL</r3ProcessCode><servProvCode>BPTDEV</servProvCode><applicationStatus>Denied</applicationStatus><displayInAca>Y</displayInAca><r3ActStatDes>Denied</r3ActStatDes><r3ActStatFlg>Y</r3ActStatFlg><r3ActTypeDes>License Inssuance</r3ActTypeDes><recDate>2013-11-19T13:04:37-07:00</recDate><recFulNam>Accela Administrator</recFulNam><recStatus>A</recStatus><refTaskStatusI18NModels/></r3statyp><r3statyp><r3ActStatCod>SCODE6</r3ActStatCod><r3ProcessCode>LIC_PET_GENERAL</r3ProcessCode><servProvCode>BPTDEV</servProvCode><displayInAca>Y</displayInAca><r3ActStatDes>In Progress</r3ActStatDes><r3ActStatFlg>U</r3ActStatFlg><r3ActTypeDes>License Inssuance</r3ActTypeDes><recDate>2013-11-19T13:04:37-07:00</recDate><recFulNam>Accela Administrator</recFulNam><recStatus>A</recStatus><refTaskStatusI18NModels/></r3statyp><r3statyp><r3ActStatCod>SCODE8</r3ActStatCod><r3ProcessCode>LIC_PET_GENERAL</r3ProcessCode><servProvCode>BPTDEV</servProvCode><applicationStatus>Issued</applicationStatus><displayInAca>Y</displayInAca><r3ActStatDes>Issued</r3ActStatDes><r3ActStatFlg>Y</r3ActStatFlg><r3ActTypeDes>License Inssuance</r3ActTypeDes><recDate>2013-11-19T13:04:37-07:00</recDate><recFulNam>Accela Administrator</recFulNam><recStatus>A</recStatus><refTaskStatusI18NModels/></r3statyp><r3statyp><r3ActStatCod>SCODE12</r3ActStatCod><r3ProcessCode>LIC_PET_GENERAL</r3ProcessCode><servProvCode>BPTDEV</servProvCode><applicationStatus>Denied</applicationStatus><displayInAca>Y</displayInAca><r3ActStatDes>Denied</r3ActStatDes><r3ActStatFlg>Y</r3ActStatFlg><r3ActTypeDes>License Issuance</r3ActTypeDes><recDate>2014-01-07T11:29:47-07:00</recDate><recFulNam>Accela Administrator</recFulNam><recStatus>A</recStatus><refTaskStatusI18NModels/></r3statyp><r3statyp><r3ActStatCod>SCODE14</r3ActStatCod><r3ProcessCode>LIC_PET_GENERAL</r3ProcessCode><servProvCode>BPTDEV</servProvCode><displayInAca>Y</displayInAca><r3ActStatDes>In Progress</r3ActStatDes><r3ActStatFlg>U</r3ActStatFlg><r3ActTypeDes>License Issuance</r3ActTypeDes><recDate>2014-01-07T11:29:47-07:00</recDate><recFulNam>Accela Administrator</recFulNam><recStatus>A</recStatus><refTaskStatusI18NModels/></r3statyp><r3statyp><r3ActStatCod>SCODE13</r3ActStatCod><r3ProcessCode>LIC_PET_GENERAL</r3ProcessCode><servProvCode>BPTDEV</servProvCode><applicationStatus>Issued</applicationStatus><displayInAca>Y</displayInAca><r3ActStatDes>Issued</r3ActStatDes><r3ActStatFlg>Y</r3ActStatFlg><r3ActTypeDes>License Issuance</r3ActTypeDes><recDate>2014-01-07T11:29:47-07:00</recDate><recFulNam>Accela Administrator</recFulNam><recStatus>A</recStatus><refTaskStatusI18NModels/></r3statyp><r3statyp><r3ActStatCod>SCODE3</r3ActStatCod><r3ProcessCode>LIC_PET_GENERAL</r3ProcessCode><servProvCode>BPTDEV</servProvCode><displayInAca>Y</displayInAca><r3ActStatDes>Additional Info Needed</r3ActStatDes><r3ActStatFlg>U</r3ActStatFlg><r3ActTypeDes>Licensing Review</r3ActTypeDes><recDate>2013-11-19T13:04:37-07:00</recDate><recFulNam>Accela Administrator</recFulNam><recStatus>A</recStatus><refTaskStatusI18NModels/></r3statyp><r3statyp><r3ActStatCod>SCODE4</r3ActStatCod><r3ProcessCode>LIC_PET_GENERAL</r3ProcessCode><servProvCode>BPTDEV</servProvCode><displayInAca>Y</displayInAca><r3ActStatDes>Approved for Issuance</r3ActStatDes><r3ActStatFlg>Y</r3ActStatFlg><r3ActTypeDes>Licensing Review</r3ActTypeDes><recDate>2013-11-19T13:04:37-07:00</recDate><recFulNam>Accela Administrator</recFulNam><recStatus>A</recStatus><refTaskStatusI18NModels/></r3statyp><r3statyp><r3ActStatCod>SCODE5</r3ActStatCod><r3ProcessCode>LIC_PET_GENERAL</r3ProcessCode><servProvCode>BPTDEV</servProvCode><displayInAca>Y</displayInAca><r3ActStatDes>Denied</r3ActStatDes><r3ActStatFlg>Y</r3ActStatFlg><r3ActTypeDes>Licensing Review</r3ActTypeDes><recDate>2013-11-19T13:04:37-07:00</recDate><recFulNam>Accela Administrator</recFulNam><recStatus>A</recStatus><refTaskStatusI18NModels/></r3statyp></r3statypModels><securityFlag>LIC_PET_GENERAL/%</securityFlag></virProcess>
<virProcess><r1ProcessCode>NONE</r1ProcessCode><servProvCode>BPTDEV</servProvCode><isEmailSettringSelected>Y</isEmailSettringSelected><isSecuritySelected>Y</isSecuritySelected><processEMailSettingModels/><processModels><processModel><r1ProcessCode>NONE</r1ProcessCode><sdStpNum>1</sdStpNum><servProvCode>BPTDEV</servProvCode><asgnAgencyCode>BUILDING</asgnAgencyCode><asgnBureauCode>NA</asgnBureauCode><asgnDivisionCode>NA</asgnDivisionCode><asgnGroupCode>NA</asgnGroupCode><asgnOfficeCode>NA</asgnOfficeCode><asgnSectionCode>NA</asgnSectionCode><auditModel><auditDate>2012-02-29T10:35:34-07:00</auditDate><auditID>ADMIN</auditID><auditStatus>A</auditStatus></auditModel><displayInAca>N</displayInAca><hoursSpentRequired>N</hoursSpentRequired><sdChkLv5>A</sdChkLv5><sdDueDay>0</sdDueDay><sdNxtId1>000000000000000</sdNxtId1><sdProDes>No Workflow Required</sdProDes><sdProId1>010000000000000</sdProId1></processModel></processModels><processSecurityModels/><r3statypModels/><securityFlag>NONE/%</securityFlag></virProcess>
</list>