<?xml version="1.0" encoding="UTF-8" standalone="yes"?>
<list  version="8.0.0" minorVersion="15" exportUser="ADMIN" exportDateTime="03/30/2016 09:15 PM" description="null"><workflow><parentProcessID>0</parentProcessID><serviceProviderCode>BPTDEV</serviceProviderCode><stepNumber>0</stepNumber><workflowName>LIC_PET_RENEWAL</workflowName><isSubProcessSelected>Y</isSubProcessSelected><processCode>LIC_PET_RENEWAL</processCode><refProcessRelationI18NModels/><recDate>2014-06-30T17:01:18-06:00</recDate><recFulNam>Accela Administrator</recFulNam><recStatus>A</recStatus><relationSeqId>12703</relationSeqId><resId>203</resId><subProcessModels/><taskActivation>I</taskActivation></workflow>
<workflow><parentProcessID>0</parentProcessID><serviceProviderCode>BPTDEV</serviceProviderCode><stepNumber>0</stepNumber><workflowName>LIC_PET_LICENSE</workflowName><isSubProcessSelected>Y</isSubProcessSelected><processCode>LIC_PET_LICENSE</processCode><refProcessRelationI18NModels/><recDate>2014-01-28T17:40:29-07:00</recDate><recFulNam>Accela Administrator</recFulNam><recStatus>A</recStatus><relationSeqId>12714</relationSeqId><resId>214</resId><subProcessModels/><taskActivation>I</taskActivation></workflow>
<workflow><parentProcessID>0</parentProcessID><serviceProviderCode>BPTDEV</serviceProviderCode><stepNumber>0</stepNumber><workflowName>LIC_PET_GENERAL</workflowName><isSubProcessSelected>Y</isSubProcessSelected><processCode>LIC_PET_GENERAL</processCode><refProcessRelationI18NModels/><recDate>2014-01-07T11:29:47-07:00</recDate><recFulNam>Accela Administrator</recFulNam><recStatus>A</recStatus><relationSeqId>12702</relationSeqId><resId>202</resId><subProcessModels/><taskActivation>I</taskActivation></workflow>
<workflow><parentProcessID>0</parentProcessID><serviceProviderCode>BPTDEV</serviceProviderCode><stepNumber>0</stepNumber><workflowName>NONE</workflowName><isSubProcessSelected>Y</isSubProcessSelected><processCode>NONE</processCode><refProcessRelationI18NModels/><recDate>2011-12-12T18:33:09-07:00</recDate><recFulNam>ADMIN</recFulNam><recStatus>A</recStatus><relationSeqId>12</relationSeqId><subProcessModels/></workflow>
</list>