<?xml version="1.0" encoding="UTF-8" standalone="yes"?>
<list  version="8.0.0" minorVersion="15" exportUser="ADMIN" exportDateTime="03/30/2016 09:15 PM" description="null"><inspectionGroup><inspCode>LIC_MJ_GEN</inspCode><servProvCode>BPTDEV</servProvCode><inspGroupName>Excise and Licenses Inspection</inspGroupName><inspectionSec>LIC_MJ_GEN/%</inspectionSec><inspectionTypeModels><inspectionTypeModel><inspSeqNbr>84020732</inspSeqNbr><servProvCode>BPTDEV</servProvCode><allowFailedGuidesheet>Y</allowFailedGuidesheet><allowMultiInspInAca>N</allowMultiInspInAca><autoAssign>N</autoAssign><displayInAca>Y</displayInAca><flowEnabled>N</flowEnabled><inspCode>LIC_MJ_GEN</inspCode><inspEditable>Y</inspEditable><inspGroupName>Excise and Licenses Inspection</inspGroupName><inspPriority>10</inspPriority><inspRequired>Y</inspRequired><inspResultGroup>LIC_STANDARD</inspResultGroup><inspType>Excise and Licenses Inspection</inspType><inspectionTypeI18ns/><recDate>2015-10-29T06:00:19-06:00</recDate><recFulNam>ADMIN</recFulNam><recStatus>A</recStatus><totalScoreOption>SUM(list)</totalScoreOption></inspectionTypeModel><inspectionTypeModel><inspSeqNbr>84020742</inspSeqNbr><servProvCode>BPTDEV</servProvCode><allowFailedGuidesheet>Y</allowFailedGuidesheet><allowMultiInspInAca>N</allowMultiInspInAca><autoAssign>N</autoAssign><displayInAca>Y</displayInAca><flowEnabled>N</flowEnabled><inspCode>LIC_MJ_GEN</inspCode><inspEditable>Y</inspEditable><inspGroupName>Excise and Licenses Inspection</inspGroupName><inspPriority>20</inspPriority><inspRequired>Y</inspRequired><inspResultGroup>LIC_STANDARD</inspResultGroup><inspType>Posting Inspection</inspType><inspectionTypeI18ns/><recDate>2016-01-21T04:24:38-07:00</recDate><recFulNam>ADMIN</recFulNam><recStatus>A</recStatus><totalScoreOption>SUM(list)</totalScoreOption></inspectionTypeModel></inspectionTypeModels><inspectionTypeSecurityModels/><isDepartmentSelected>Y</isDepartmentSelected><isGradeGroupSelected>Y</isGradeGroupSelected><isGuideSheetSelected>Y</isGuideSheetSelected><isRelatedInspSelected>Y</isRelatedInspSelected><isResultGroupSelected>Y</isResultGroupSelected><isSecutirySelected>Y</isSecutirySelected></inspectionGroup>
</list>