<?xml version="1.0" encoding="UTF-8" standalone="yes"?>
<list  version="8.0.0" minorVersion="15" exportUser="ADMIN" exportDateTime="03/30/2016 09:15 PM" description="null"><refInspResultGroup><inspResultGroup>LIC_STANDARD</inspResultGroup><resultCatrgory>RESULT</resultCatrgory><serviceProviderCode>BPTDEV</serviceProviderCode><inspectionResultGroupModels><inspectionResultGroupModel refId="1@InspectionResultGroupModel"><serviceProviderCode>BPTDEV</serviceProviderCode><inspResultGroup>LIC_STANDARD</inspResultGroup><inspResult>Failed</inspResult><resultCatrgory>RESULT</resultCatrgory><auditModel><auditDate>2013-11-21T17:31:20-07:00</auditDate><auditID>ADMIN</auditID><auditStatus>A</auditStatus></auditModel><inspResultDisplayOrder>3</inspResultDisplayOrder><inspResultGroupI18Ns/><inspResultType>DENIED</inspResultType></inspectionResultGroupModel><inspectionResultGroupModel refId="2@InspectionResultGroupModel"><serviceProviderCode>BPTDEV</serviceProviderCode><inspResultGroup>LIC_STANDARD</inspResultGroup><inspResult>Passed</inspResult><resultCatrgory>RESULT</resultCatrgory><auditModel><auditDate>2013-11-21T17:31:20-07:00</auditDate><auditID>ADMIN</auditID><auditStatus>A</auditStatus></auditModel><inspResultDisplayOrder>2</inspResultDisplayOrder><inspResultGroupI18Ns/><inspResultType>APPROVED</inspResultType></inspectionResultGroupModel><inspectionResultGroupModel refId="3@InspectionResultGroupModel"><serviceProviderCode>BPTDEV</serviceProviderCode><inspResultGroup>LIC_STANDARD</inspResultGroup><inspResult>Pending</inspResult><resultCatrgory>RESULT</resultCatrgory><auditModel><auditDate>2013-11-21T17:31:20-07:00</auditDate><auditID>ADMIN</auditID><auditStatus>A</auditStatus></auditModel><inspResultDisplayOrder>1</inspResultDisplayOrder><inspResultGroupI18Ns/><inspResultType>PENDING</inspResultType></inspectionResultGroupModel></inspectionResultGroupModels></refInspResultGroup>
</list>