<?xml version="1.0" encoding="UTF-8" standalone="yes"?>
<list  version="8.0.0" minorVersion="15" exportUser="ADMIN" exportDateTime="03/30/2016 08:15 PM" description="null"><menuTemplate refId="1@MenuTemplateModel"><policySeq>2251</policySeq><serviceProviderCode>BPTDEV</serviceProviderCode><auditModel><auditDate>2015-07-05T14:27:28-06:00</auditDate><auditID>ADMIN</auditID><auditStatus>A</auditStatus></auditModel><data1>cap_tabbar</data1><data2>Building Module Menu</data2><levelData>Building</levelData><levelType>Module</levelType><menuLevel>1</menuLevel><policyI18NModels/><policyName>Menu</policyName><rightGranted>Y</rightGranted><status>Y</status><menuModels><menu refId="2@MenuModel"><policySeq>2330</policySeq><serviceProviderCode>BPTDEV</serviceProviderCode><auditModel><auditDate>2015-07-05T14:27:28-06:00</auditDate><auditID>ADMIN</auditID><auditStatus>A</auditStatus></auditModel><data1>cap_tabbar</data1><data2>Building Module Menu/[4]Workflow</data2><levelData>Building</levelData><levelType>Module</levelType><menuLevel>2</menuLevel><policyI18NModels/><policyName>Menu</policyName><rightGranted>Y</rightGranted><status>Y</status><menuItemModels><menuItem refId="3@MenuItemModel"><policySeq>2331</policySeq><serviceProviderCode>BPTDEV</serviceProviderCode><auditModel><auditDate>2015-07-05T14:27:28-06:00</auditDate><auditID>ADMIN</auditID><auditStatus>A</auditStatus></auditModel><data1>cap_tabbar</data1><data2>Building Module Menu/[4]Workflow/[0]Workflow[][B]</data2><levelData>Building</levelData><levelType>Module</levelType><menuLevel>3</menuLevel><policyI18NModels/><policyName>Menu</policyName><rightGranted>Y</rightGranted><status>Y</status></menuItem><menuItem refId="4@MenuItemModel"><policySeq>2332</policySeq><serviceProviderCode>BPTDEV</serviceProviderCode><auditModel><auditDate>2015-07-05T14:27:28-06:00</auditDate><auditID>ADMIN</auditID><auditStatus>A</auditStatus></auditModel><data1>cap_tabbar</data1><data2>Building Module Menu/[4]Workflow/[1]History[][B]</data2><levelData>Building</levelData><levelType>Module</levelType><menuLevel>3</menuLevel><policyI18NModels/><policyName>Menu</policyName><rightGranted>Y</rightGranted><status>Y</status></menuItem><menuItem refId="5@MenuItemModel"><policySeq>2333</policySeq><serviceProviderCode>BPTDEV</serviceProviderCode><auditModel><auditDate>2015-07-05T14:27:28-06:00</auditDate><auditID>ADMIN</auditID><auditStatus>A</auditStatus></auditModel><data1>cap_tabbar</data1><data2>Building Module Menu/[4]Workflow/[2]Activity[][B]</data2><levelData>Building</levelData><levelType>Module</levelType><menuLevel>3</menuLevel><policyI18NModels/><policyName>Menu</policyName><rightGranted>Y</rightGranted><status>Y</status></menuItem><menuItem refId="6@MenuItemModel"><policySeq>2334</policySeq><serviceProviderCode>BPTDEV</serviceProviderCode><auditModel><auditDate>2015-07-05T14:27:28-06:00</auditDate><auditID>ADMIN</auditID><auditStatus>A</auditStatus></auditModel><data1>cap_tabbar</data1><data2>Building Module Menu/[4]Workflow/[3]Activity Summary[][B]</data2><levelData>Building</levelData><levelType>Module</levelType><menuLevel>3</menuLevel><policyI18NModels/><policyName>Menu</policyName><rightGranted>Y</rightGranted><status>Y</status></menuItem><menuItem refId="7@MenuItemModel"><policySeq>3100</policySeq><serviceProviderCode>BPTDEV</serviceProviderCode><auditModel><auditDate>2015-07-05T14:27:29-06:00</auditDate><auditID>ADMIN</auditID><auditStatus>A</auditStatus></auditModel><data1>cap_tabbar</data1><data2>Building Module Menu/[4]Workflow/[4]RecordActivityReport[][B]</data2><levelData>Building</levelData><levelType>Module</levelType><menuLevel>3</menuLevel><policyI18NModels/><policyName>Menu</policyName><rightGranted>Y</rightGranted><status>Y</status></menuItem></menuItemModels><menuName>Building Module Menu/[4]Workflow%</menuName></menu><menu refId="8@MenuModel"><policySeq>2335</policySeq><serviceProviderCode>BPTDEV</serviceProviderCode><auditModel><auditDate>2015-07-05T14:27:28-06:00</auditDate><auditID>ADMIN</auditID><auditStatus>A</auditStatus></auditModel><data1>cap_tabbar</data1><data2>Building Module Menu/[5]Inspections</data2><levelData>Building</levelData><levelType>Module</levelType><menuLevel>2</menuLevel><policyI18NModels/><policyName>Menu</policyName><rightGranted>Y</rightGranted><status>Y</status><menuItemModels><menuItem refId="9@MenuItemModel"><policySeq>2336</policySeq><serviceProviderCode>BPTDEV</serviceProviderCode><auditModel><auditDate>2015-07-05T14:27:28-06:00</auditDate><auditID>ADMIN</auditID><auditStatus>A</auditStatus></auditModel><data1>cap_tabbar</data1><data2>Building Module Menu/[5]Inspections/[0]Inspections[][B]</data2><levelData>Building</levelData><levelType>Module</levelType><menuLevel>3</menuLevel><policyI18NModels/><policyName>Menu</policyName><rightGranted>Y</rightGranted><status>Y</status></menuItem><menuItem refId="10@MenuItemModel"><policySeq>3101</policySeq><serviceProviderCode>BPTDEV</serviceProviderCode><auditModel><auditDate>2015-07-05T14:27:29-06:00</auditDate><auditID>ADMIN</auditID><auditStatus>A</auditStatus></auditModel><data1>cap_tabbar</data1><data2>Building Module Menu/[5]Inspections/[1]RecordActivityReport[][B]</data2><levelData>Building</levelData><levelType>Module</levelType><menuLevel>3</menuLevel><policyI18NModels/><policyName>Menu</policyName><rightGranted>Y</rightGranted><status>Y</status></menuItem></menuItemModels><menuName>Building Module Menu/[5]Inspections%</menuName></menu><menu refId="11@MenuModel"><policySeq>2337</policySeq><serviceProviderCode>BPTDEV</serviceProviderCode><auditModel><auditDate>2015-07-05T14:27:28-06:00</auditDate><auditID>ADMIN</auditID><auditStatus>A</auditStatus></auditModel><data1>cap_tabbar</data1><data2>Building Module Menu/[6]Tab</data2><levelData>Building</levelData><levelType>Module</levelType><menuLevel>2</menuLevel><policyI18NModels/><policyName>Menu</policyName><rightGranted>Y</rightGranted><status>Y</status><menuItemModels><menuItem refId="12@MenuItemModel"><policySeq>2338</policySeq><serviceProviderCode>BPTDEV</serviceProviderCode><auditModel><auditDate>2015-07-05T14:27:28-06:00</auditDate><auditID>ADMIN</auditID><auditStatus>A</auditStatus></auditModel><data1>cap_tabbar</data1><data2>Building Module Menu/[6]Tab/[0]CapTabSummary[][B]</data2><levelData>Building</levelData><levelType>Module</levelType><menuLevel>3</menuLevel><policyI18NModels/><policyName>Menu</policyName><rightGranted>Y</rightGranted><status>Y</status></menuItem><menuItem refId="13@MenuItemModel"><policySeq>2339</policySeq><serviceProviderCode>BPTDEV</serviceProviderCode><auditModel><auditDate>2015-07-05T14:27:28-06:00</auditDate><auditID>ADMIN</auditID><auditStatus>A</auditStatus></auditModel><data1>cap_tabbar</data1><data2>Building Module Menu/[6]Tab/[1]CapDetail[][B]</data2><levelData>Building</levelData><levelType>Module</levelType><menuLevel>3</menuLevel><policyI18NModels/><policyName>Menu</policyName><rightGranted>Y</rightGranted><status>Y</status></menuItem><menuItem refId="14@MenuItemModel"><policySeq>2340</policySeq><serviceProviderCode>BPTDEV</serviceProviderCode><auditModel><auditDate>2015-07-05T14:27:28-06:00</auditDate><auditID>ADMIN</auditID><auditStatus>A</auditStatus></auditModel><data1>cap_tabbar</data1><data2>Building Module Menu/[6]Tab/[2]Activity[][B]</data2><levelData>Building</levelData><levelType>Module</levelType><menuLevel>3</menuLevel><policyI18NModels/><policyName>Menu</policyName><rightGranted>Y</rightGranted><status>Y</status></menuItem><menuItem refId="15@MenuItemModel"><policySeq>2341</policySeq><serviceProviderCode>BPTDEV</serviceProviderCode><auditModel><auditDate>2015-07-05T14:27:28-06:00</auditDate><auditID>ADMIN</auditID><auditStatus>A</auditStatus></auditModel><data1>cap_tabbar</data1><data2>Building Module Menu/[6]Tab/[3]Activity Summary[][B]</data2><levelData>Building</levelData><levelType>Module</levelType><menuLevel>3</menuLevel><policyI18NModels/><policyName>Menu</policyName><rightGranted>Y</rightGranted><status>Y</status></menuItem><menuItem refId="16@MenuItemModel"><policySeq>2342</policySeq><serviceProviderCode>BPTDEV</serviceProviderCode><auditModel><auditDate>2015-07-05T14:27:28-06:00</auditDate><auditID>ADMIN</auditID><auditStatus>A</auditStatus></auditModel><data1>cap_tabbar</data1><data2>Building Module Menu/[6]Tab/[4]Address[][B]</data2><levelData>Building</levelData><levelType>Module</levelType><menuLevel>3</menuLevel><policyI18NModels/><policyName>Menu</policyName><rightGranted>Y</rightGranted><status>Y</status></menuItem><menuItem refId="17@MenuItemModel"><policySeq>2343</policySeq><serviceProviderCode>BPTDEV</serviceProviderCode><auditModel><auditDate>2015-07-05T14:27:28-06:00</auditDate><auditID>ADMIN</auditID><auditStatus>A</auditStatus></auditModel><data1>cap_tabbar</data1><data2>Building Module Menu/[6]Tab/[5]AddtInfo[][B]</data2><levelData>Building</levelData><levelType>Module</levelType><menuLevel>3</menuLevel><policyI18NModels/><policyName>Menu</policyName><rightGranted>Y</rightGranted><status>Y</status></menuItem><menuItem refId="18@MenuItemModel"><policySeq>2344</policySeq><serviceProviderCode>BPTDEV</serviceProviderCode><auditModel><auditDate>2015-07-05T14:27:28-06:00</auditDate><auditID>ADMIN</auditID><auditStatus>A</auditStatus></auditModel><data1>cap_tabbar</data1><data2>Building Module Menu/[6]Tab/[6]AppSpecInfo[Data Fields][B]</data2><levelData>Building</levelData><levelType>Module</levelType><menuLevel>3</menuLevel><policyI18NModels/><policyName>Menu</policyName><rightGranted>Y</rightGranted><status>Y</status></menuItem><menuItem refId="19@MenuItemModel"><policySeq>2345</policySeq><serviceProviderCode>BPTDEV</serviceProviderCode><auditModel><auditDate>2015-07-05T14:27:28-06:00</auditDate><auditID>ADMIN</auditID><auditStatus>A</auditStatus></auditModel><data1>cap_tabbar</data1><data2>Building Module Menu/[6]Tab/[7]AppSpecInfoTable[Data Tables][B]</data2><levelData>Building</levelData><levelType>Module</levelType><menuLevel>3</menuLevel><policyI18NModels/><policyName>Menu</policyName><rightGranted>Y</rightGranted><status>Y</status></menuItem><menuItem refId="20@MenuItemModel"><policySeq>2346</policySeq><serviceProviderCode>BPTDEV</serviceProviderCode><auditModel><auditDate>2015-07-05T14:27:28-06:00</auditDate><auditID>ADMIN</auditID><auditStatus>A</auditStatus></auditModel><data1>cap_tabbar</data1><data2>Building Module Menu/[6]Tab/[26]StatusHistory[Status History][B]</data2><levelData>Building</levelData><levelType>Module</levelType><menuLevel>3</menuLevel><policyI18NModels/><policyName>Menu</policyName><rightGranted>Y</rightGranted><status>Y</status></menuItem><menuItem refId="21@MenuItemModel"><policySeq>2347</policySeq><serviceProviderCode>BPTDEV</serviceProviderCode><auditModel><auditDate>2015-07-05T14:27:28-06:00</auditDate><auditID>ADMIN</auditID><auditStatus>A</auditStatus></auditModel><data1>cap_tabbar</data1><data2>Building Module Menu/[6]Tab/[8]Calendar[][B]</data2><levelData>Building</levelData><levelType>Module</levelType><menuLevel>3</menuLevel><policyI18NModels/><policyName>Menu</policyName><rightGranted>Y</rightGranted><status>Y</status></menuItem><menuItem refId="22@MenuItemModel"><policySeq>2348</policySeq><serviceProviderCode>BPTDEV</serviceProviderCode><auditModel><auditDate>2015-07-05T14:27:28-06:00</auditDate><auditID>ADMIN</auditID><auditStatus>A</auditStatus></auditModel><data1>cap_tabbar</data1><data2>Building Module Menu/[6]Tab/[9]Comments[][B]</data2><levelData>Building</levelData><levelType>Module</levelType><menuLevel>3</menuLevel><policyI18NModels/><policyName>Menu</policyName><rightGranted>Y</rightGranted><status>Y</status></menuItem><menuItem refId="23@MenuItemModel"><policySeq>2349</policySeq><serviceProviderCode>BPTDEV</serviceProviderCode><auditModel><auditDate>2015-07-05T14:27:28-06:00</auditDate><auditID>ADMIN</auditID><auditStatus>A</auditStatus></auditModel><data1>cap_tabbar</data1><data2>Building Module Menu/[6]Tab/[10]Conditions[Flags][B]</data2><levelData>Building</levelData><levelType>Module</levelType><menuLevel>3</menuLevel><policyI18NModels/><policyName>Menu</policyName><rightGranted>Y</rightGranted><status>Y</status></menuItem><menuItem refId="24@MenuItemModel"><policySeq>2350</policySeq><serviceProviderCode>BPTDEV</serviceProviderCode><auditModel><auditDate>2015-07-05T14:27:28-06:00</auditDate><auditID>ADMIN</auditID><auditStatus>A</auditStatus></auditModel><data1>cap_tabbar</data1><data2>Building Module Menu/[6]Tab/[12]Contact[][B]</data2><levelData>Building</levelData><levelType>Module</levelType><menuLevel>3</menuLevel><policyI18NModels/><policyName>Menu</policyName><rightGranted>Y</rightGranted><status>Y</status></menuItem><menuItem refId="25@MenuItemModel"><policySeq>2351</policySeq><serviceProviderCode>BPTDEV</serviceProviderCode><auditModel><auditDate>2015-07-05T14:27:28-06:00</auditDate><auditID>ADMIN</auditID><auditStatus>A</auditStatus></auditModel><data1>cap_tabbar</data1><data2>Building Module Menu/[6]Tab/[15]Document[][B]</data2><levelData>Building</levelData><levelType>Module</levelType><menuLevel>3</menuLevel><policyI18NModels/><policyName>Menu</policyName><rightGranted>Y</rightGranted><status>Y</status></menuItem><menuItem refId="26@MenuItemModel"><policySeq>2352</policySeq><serviceProviderCode>BPTDEV</serviceProviderCode><auditModel><auditDate>2015-07-05T14:27:28-06:00</auditDate><auditID>ADMIN</auditID><auditStatus>A</auditStatus></auditModel><data1>cap_tabbar</data1><data2>Building Module Menu/[6]Tab/[16]Fees[][B]</data2><levelData>Building</levelData><levelType>Module</levelType><menuLevel>3</menuLevel><policyI18NModels/><policyName>Menu</policyName><rightGranted>Y</rightGranted><status>Y</status></menuItem><menuItem refId="27@MenuItemModel"><policySeq>2353</policySeq><serviceProviderCode>BPTDEV</serviceProviderCode><auditModel><auditDate>2015-07-05T14:27:28-06:00</auditDate><auditID>ADMIN</auditID><auditStatus>A</auditStatus></auditModel><data1>cap_tabbar</data1><data2>Building Module Menu/[6]Tab/[18]Inspections[][B]</data2><levelData>Building</levelData><levelType>Module</levelType><menuLevel>3</menuLevel><policyI18NModels/><policyName>Menu</policyName><rightGranted>Y</rightGranted><status>Y</status></menuItem><menuItem refId="28@MenuItemModel"><policySeq>2354</policySeq><serviceProviderCode>BPTDEV</serviceProviderCode><auditModel><auditDate>2015-07-05T14:27:28-06:00</auditDate><auditID>ADMIN</auditID><auditStatus>A</auditStatus></auditModel><data1>cap_tabbar</data1><data2>Building Module Menu/[6]Tab/[19]Owner[][B]</data2><levelData>Building</levelData><levelType>Module</levelType><menuLevel>3</menuLevel><policyI18NModels/><policyName>Menu</policyName><rightGranted>Y</rightGranted><status>Y</status></menuItem><menuItem refId="29@MenuItemModel"><policySeq>4938</policySeq><serviceProviderCode>BPTDEV</serviceProviderCode><auditModel><auditDate>2015-07-05T14:27:29-06:00</auditDate><auditID>ADMIN</auditID><auditStatus>A</auditStatus></auditModel><data1>cap_tabbar</data1><data2>Building Module Menu/[6]Tab/[13]Communications[][B]</data2><levelData>Building</levelData><levelType>Module</levelType><menuLevel>3</menuLevel><policyI18NModels/><policyName>Menu</policyName><rightGranted>Y</rightGranted><status>Y</status></menuItem><menuItem refId="30@MenuItemModel"><policySeq>2355</policySeq><serviceProviderCode>BPTDEV</serviceProviderCode><auditModel><auditDate>2015-07-05T14:27:29-06:00</auditDate><auditID>ADMIN</auditID><auditStatus>A</auditStatus></auditModel><data1>cap_tabbar</data1><data2>Building Module Menu/[6]Tab/[20]Parcel[][B]</data2><levelData>Building</levelData><levelType>Module</levelType><menuLevel>3</menuLevel><policyI18NModels/><policyName>Menu</policyName><rightGranted>Y</rightGranted><status>Y</status></menuItem><menuItem refId="31@MenuItemModel"><policySeq>2356</policySeq><serviceProviderCode>BPTDEV</serviceProviderCode><auditModel><auditDate>2015-07-05T14:27:29-06:00</auditDate><auditID>ADMIN</auditID><auditStatus>A</auditStatus></auditModel><data1>cap_tabbar</data1><data2>Building Module Menu/[6]Tab/[21]Payments[][B]</data2><levelData>Building</levelData><levelType>Module</levelType><menuLevel>3</menuLevel><policyI18NModels/><policyName>Menu</policyName><rightGranted>Y</rightGranted><status>Y</status></menuItem><menuItem refId="32@MenuItemModel"><policySeq>2357</policySeq><serviceProviderCode>BPTDEV</serviceProviderCode><auditModel><auditDate>2015-07-05T14:27:29-06:00</auditDate><auditID>ADMIN</auditID><auditStatus>A</auditStatus></auditModel><data1>cap_tabbar</data1><data2>Building Module Menu/[6]Tab/[22]PaymentHistory[][B]</data2><levelData>Building</levelData><levelType>Module</levelType><menuLevel>3</menuLevel><policyI18NModels/><policyName>Menu</policyName><rightGranted>Y</rightGranted><status>Y</status></menuItem><menuItem refId="33@MenuItemModel"><policySeq>2358</policySeq><serviceProviderCode>BPTDEV</serviceProviderCode><auditModel><auditDate>2015-07-05T14:27:29-06:00</auditDate><auditID>ADMIN</auditID><auditStatus>A</auditStatus></auditModel><data1>cap_tabbar</data1><data2>Building Module Menu/[6]Tab/[23]Professionals[][B]</data2><levelData>Building</levelData><levelType>Module</levelType><menuLevel>3</menuLevel><policyI18NModels/><policyName>Menu</policyName><rightGranted>Y</rightGranted><status>Y</status></menuItem><menuItem refId="34@MenuItemModel"><policySeq>2359</policySeq><serviceProviderCode>BPTDEV</serviceProviderCode><auditModel><auditDate>2015-07-05T14:27:29-06:00</auditDate><auditID>ADMIN</auditID><auditStatus>A</auditStatus></auditModel><data1>cap_tabbar</data1><data2>Building Module Menu/[6]Tab/[24]XRefCap[][B]</data2><levelData>Building</levelData><levelType>Module</levelType><menuLevel>3</menuLevel><policyI18NModels/><policyName>Menu</policyName><rightGranted>Y</rightGranted><status>Y</status></menuItem><menuItem refId="35@MenuItemModel"><policySeq>2360</policySeq><serviceProviderCode>BPTDEV</serviceProviderCode><auditModel><auditDate>2015-07-05T14:27:29-06:00</auditDate><auditID>ADMIN</auditID><auditStatus>A</auditStatus></auditModel><data1>cap_tabbar</data1><data2>Building Module Menu/[6]Tab/[25]Status[][B]</data2><levelData>Building</levelData><levelType>Module</levelType><menuLevel>3</menuLevel><policyI18NModels/><policyName>Menu</policyName><rightGranted>Y</rightGranted><status>Y</status></menuItem><menuItem refId="36@MenuItemModel"><policySeq>2361</policySeq><serviceProviderCode>BPTDEV</serviceProviderCode><auditModel><auditDate>2015-07-05T14:27:29-06:00</auditDate><auditID>ADMIN</auditID><auditStatus>A</auditStatus></auditModel><data1>cap_tabbar</data1><data2>Building Module Menu/[6]Tab/[27]FeeValuation[][B]</data2><levelData>Building</levelData><levelType>Module</levelType><menuLevel>3</menuLevel><policyI18NModels/><policyName>Menu</policyName><rightGranted>Y</rightGranted><status>Y</status></menuItem><menuItem refId="37@MenuItemModel"><policySeq>2362</policySeq><serviceProviderCode>BPTDEV</serviceProviderCode><auditModel><auditDate>2015-07-05T14:27:29-06:00</auditDate><auditID>ADMIN</auditID><auditStatus>A</auditStatus></auditModel><data1>cap_tabbar</data1><data2>Building Module Menu/[6]Tab/[28]Workflow[][B]</data2><levelData>Building</levelData><levelType>Module</levelType><menuLevel>3</menuLevel><policyI18NModels/><policyName>Menu</policyName><rightGranted>Y</rightGranted><status>Y</status></menuItem><menuItem refId="38@MenuItemModel"><policySeq>2363</policySeq><serviceProviderCode>BPTDEV</serviceProviderCode><auditModel><auditDate>2015-07-05T14:27:29-06:00</auditDate><auditID>ADMIN</auditID><auditStatus>A</auditStatus></auditModel><data1>cap_tabbar</data1><data2>Building Module Menu/[6]Tab/[29]History[][B]</data2><levelData>Building</levelData><levelType>Module</levelType><menuLevel>3</menuLevel><policyI18NModels/><policyName>Menu</policyName><rightGranted>Y</rightGranted><status>Y</status></menuItem><menuItem refId="39@MenuItemModel"><policySeq>2395</policySeq><serviceProviderCode>BPTDEV</serviceProviderCode><auditModel><auditDate>2015-07-05T14:27:29-06:00</auditDate><auditID>ADMIN</auditID><auditStatus>A</auditStatus></auditModel><data1>cap_tabbar</data1><data2>Building Module Menu/[6]Tab/[17]AssessFeeHistory[Fee History][B]</data2><levelData>Building</levelData><levelType>Module</levelType><menuLevel>3</menuLevel><policyI18NModels/><policyName>Menu</policyName><rightGranted>Y</rightGranted><status>Y</status></menuItem><menuItem refId="40@MenuItemModel"><policySeq>2452</policySeq><serviceProviderCode>BPTDEV</serviceProviderCode><auditModel><auditDate>2015-07-05T14:27:29-06:00</auditDate><auditID>ADMIN</auditID><auditStatus>A</auditStatus></auditModel><data1>cap_tabbar</data1><data2>Building Module Menu/[6]Tab/[11]ConditionsOfApproval[Requirements][B]</data2><levelData>Building</levelData><levelType>Module</levelType><menuLevel>3</menuLevel><policyI18NModels/><policyName>Menu</policyName><rightGranted>Y</rightGranted><status>Y</status></menuItem><menuItem refId="41@MenuItemModel"><policySeq>3098</policySeq><serviceProviderCode>BPTDEV</serviceProviderCode><auditModel><auditDate>2015-07-05T14:27:29-06:00</auditDate><auditID>ADMIN</auditID><auditStatus>A</auditStatus></auditModel><data1>cap_tabbar</data1><data2>Building Module Menu/[6]Tab/[14]RecordActivityReport[][B]</data2><levelData>Building</levelData><levelType>Module</levelType><menuLevel>3</menuLevel><policyI18NModels/><policyName>Menu</policyName><rightGranted>Y</rightGranted><status>Y</status></menuItem></menuItemModels><menuName>Building Module Menu/[6]Tab%</menuName></menu><menu refId="42@MenuModel"><policySeq>2306</policySeq><serviceProviderCode>BPTDEV</serviceProviderCode><auditModel><auditDate>2015-07-05T14:27:28-06:00</auditDate><auditID>ADMIN</auditID><auditStatus>A</auditStatus></auditModel><data1>cap_tabbar</data1><data2>Building Module Menu/[0]Record Data</data2><levelData>Building</levelData><levelType>Module</levelType><menuLevel>2</menuLevel><policyI18NModels/><policyName>Menu</policyName><rightGranted>Y</rightGranted><status>Y</status><menuItemModels><menuItem refId="43@MenuItemModel"><policySeq>4950</policySeq><serviceProviderCode>BPTDEV</serviceProviderCode><auditModel><auditDate>2015-07-05T14:27:28-06:00</auditDate><auditID>ADMIN</auditID><auditStatus>A</auditStatus></auditModel><data1>cap_tabbar</data1><data2>Building Module Menu/[0]Record Data/[14]FeeValuation[][B]</data2><levelData>Building</levelData><levelType>Module</levelType><menuLevel>3</menuLevel><policyI18NModels/><policyName>Menu</policyName><rightGranted>Y</rightGranted><status>Y</status></menuItem><menuItem refId="44@MenuItemModel"><policySeq>2307</policySeq><serviceProviderCode>BPTDEV</serviceProviderCode><auditModel><auditDate>2015-07-05T14:27:28-06:00</auditDate><auditID>ADMIN</auditID><auditStatus>A</auditStatus></auditModel><data1>cap_tabbar</data1><data2>Building Module Menu/[0]Record Data/[0]CapTabSummary[][B]</data2><levelData>Building</levelData><levelType>Module</levelType><menuLevel>3</menuLevel><policyI18NModels/><policyName>Menu</policyName><rightGranted>Y</rightGranted><status>Y</status></menuItem><menuItem refId="45@MenuItemModel"><policySeq>2308</policySeq><serviceProviderCode>BPTDEV</serviceProviderCode><auditModel><auditDate>2015-07-05T14:27:28-06:00</auditDate><auditID>ADMIN</auditID><auditStatus>A</auditStatus></auditModel><data1>cap_tabbar</data1><data2>Building Module Menu/[0]Record Data/[1]CapDetail[][B]</data2><levelData>Building</levelData><levelType>Module</levelType><menuLevel>3</menuLevel><policyI18NModels/><policyName>Menu</policyName><rightGranted>Y</rightGranted><status>Y</status></menuItem><menuItem refId="46@MenuItemModel"><policySeq>2309</policySeq><serviceProviderCode>BPTDEV</serviceProviderCode><auditModel><auditDate>2015-07-05T14:27:29-06:00</auditDate><auditID>ADMIN</auditID><auditStatus>A</auditStatus></auditModel><data1>cap_tabbar</data1><data2>Building Module Menu/[0]Record Data/[2]Activity[][B]</data2><levelData>Building</levelData><levelType>Module</levelType><menuLevel>3</menuLevel><policyI18NModels/><policyName>Menu</policyName><rightGranted>Y</rightGranted><status>Y</status></menuItem><menuItem refId="47@MenuItemModel"><policySeq>2310</policySeq><serviceProviderCode>BPTDEV</serviceProviderCode><auditModel><auditDate>2015-07-05T14:27:29-06:00</auditDate><auditID>ADMIN</auditID><auditStatus>A</auditStatus></auditModel><data1>cap_tabbar</data1><data2>Building Module Menu/[0]Record Data/[3]Comments[][B]</data2><levelData>Building</levelData><levelType>Module</levelType><menuLevel>3</menuLevel><policyI18NModels/><policyName>Menu</policyName><rightGranted>Y</rightGranted><status>Y</status></menuItem><menuItem refId="48@MenuItemModel"><policySeq>2311</policySeq><serviceProviderCode>BPTDEV</serviceProviderCode><auditModel><auditDate>2015-07-05T14:27:29-06:00</auditDate><auditID>ADMIN</auditID><auditStatus>A</auditStatus></auditModel><data1>cap_tabbar</data1><data2>Building Module Menu/[0]Record Data/[4]Conditions[Conditions][B]</data2><levelData>Building</levelData><levelType>Module</levelType><menuLevel>3</menuLevel><policyI18NModels/><policyName>Menu</policyName><rightGranted>Y</rightGranted><status>Y</status></menuItem><menuItem refId="49@MenuItemModel"><policySeq>2312</policySeq><serviceProviderCode>BPTDEV</serviceProviderCode><auditModel><auditDate>2015-07-05T14:27:29-06:00</auditDate><auditID>ADMIN</auditID><auditStatus>A</auditStatus></auditModel><data1>cap_tabbar</data1><data2>Building Module Menu/[0]Record Data/[8]AppSpecInfo[Data Fields][B]</data2><levelData>Building</levelData><levelType>Module</levelType><menuLevel>3</menuLevel><policyI18NModels/><policyName>Menu</policyName><rightGranted>Y</rightGranted><status>Y</status></menuItem><menuItem refId="50@MenuItemModel"><policySeq>2313</policySeq><serviceProviderCode>BPTDEV</serviceProviderCode><auditModel><auditDate>2015-07-05T14:27:29-06:00</auditDate><auditID>ADMIN</auditID><auditStatus>A</auditStatus></auditModel><data1>cap_tabbar</data1><data2>Building Module Menu/[0]Record Data/[9]AppSpecInfoTable[Data Tables][B]</data2><levelData>Building</levelData><levelType>Module</levelType><menuLevel>3</menuLevel><policyI18NModels/><policyName>Menu</policyName><rightGranted>Y</rightGranted><status>Y</status></menuItem><menuItem refId="51@MenuItemModel"><policySeq>2314</policySeq><serviceProviderCode>BPTDEV</serviceProviderCode><auditModel><auditDate>2015-07-05T14:27:29-06:00</auditDate><auditID>ADMIN</auditID><auditStatus>A</auditStatus></auditModel><data1>cap_tabbar</data1><data2>Building Module Menu/[0]Record Data/[10]Document[][B]</data2><levelData>Building</levelData><levelType>Module</levelType><menuLevel>3</menuLevel><policyI18NModels/><policyName>Menu</policyName><rightGranted>Y</rightGranted><status>Y</status></menuItem><menuItem refId="52@MenuItemModel"><policySeq>2315</policySeq><serviceProviderCode>BPTDEV</serviceProviderCode><auditModel><auditDate>2015-07-05T14:27:29-06:00</auditDate><auditID>ADMIN</auditID><auditStatus>A</auditStatus></auditModel><data1>cap_tabbar</data1><data2>Building Module Menu/[0]Record Data/[11]XRefCap[][B]</data2><levelData>Building</levelData><levelType>Module</levelType><menuLevel>3</menuLevel><policyI18NModels/><policyName>Menu</policyName><rightGranted>Y</rightGranted><status>Y</status></menuItem><menuItem refId="53@MenuItemModel"><policySeq>2316</policySeq><serviceProviderCode>BPTDEV</serviceProviderCode><auditModel><auditDate>2015-07-05T14:27:29-06:00</auditDate><auditID>ADMIN</auditID><auditStatus>A</auditStatus></auditModel><data1>cap_tabbar</data1><data2>Building Module Menu/[0]Record Data/[12]Status[][B]</data2><levelData>Building</levelData><levelType>Module</levelType><menuLevel>3</menuLevel><policyI18NModels/><policyName>Menu</policyName><rightGranted>Y</rightGranted><status>Y</status></menuItem><menuItem refId="54@MenuItemModel"><policySeq>2364</policySeq><serviceProviderCode>BPTDEV</serviceProviderCode><auditModel><auditDate>2015-07-05T14:27:29-06:00</auditDate><auditID>ADMIN</auditID><auditStatus>A</auditStatus></auditModel><data1>cap_tabbar</data1><data2>Building Module Menu/[0]Record Data/[13]StatusHistory[Status History][B]</data2><levelData>Building</levelData><levelType>Module</levelType><menuLevel>3</menuLevel><policyI18NModels/><policyName>Menu</policyName><rightGranted>Y</rightGranted><status>Y</status></menuItem><menuItem refId="55@MenuItemModel"><policySeq>2368</policySeq><serviceProviderCode>BPTDEV</serviceProviderCode><auditModel><auditDate>2015-07-05T14:27:29-06:00</auditDate><auditID>ADMIN</auditID><auditStatus>A</auditStatus></auditModel><data1>cap_tabbar</data1><data2>Building Module Menu/[0]Record Data/[7]Calendar[][B]</data2><levelData>Building</levelData><levelType>Module</levelType><menuLevel>3</menuLevel><policyI18NModels/><policyName>Menu</policyName><rightGranted>Y</rightGranted><status>Y</status></menuItem><menuItem refId="56@MenuItemModel"><policySeq>2451</policySeq><serviceProviderCode>BPTDEV</serviceProviderCode><auditModel><auditDate>2015-07-05T14:27:29-06:00</auditDate><auditID>ADMIN</auditID><auditStatus>A</auditStatus></auditModel><data1>cap_tabbar</data1><data2>Building Module Menu/[0]Record Data/[5]ConditionsOfApproval[Requirements][B]</data2><levelData>Building</levelData><levelType>Module</levelType><menuLevel>3</menuLevel><policyI18NModels/><policyName>Menu</policyName><rightGranted>Y</rightGranted><status>Y</status></menuItem><menuItem refId="57@MenuItemModel"><policySeq>3099</policySeq><serviceProviderCode>BPTDEV</serviceProviderCode><auditModel><auditDate>2015-07-05T14:27:29-06:00</auditDate><auditID>ADMIN</auditID><auditStatus>A</auditStatus></auditModel><data1>cap_tabbar</data1><data2>Building Module Menu/[0]Record Data/[6]RecordActivityReport[][B]</data2><levelData>Building</levelData><levelType>Module</levelType><menuLevel>3</menuLevel><policyI18NModels/><policyName>Menu</policyName><rightGranted>Y</rightGranted><status>Y</status></menuItem></menuItemModels><menuName>Building Module Menu/[0]Record Data%</menuName></menu><menu refId="58@MenuModel"><policySeq>2317</policySeq><serviceProviderCode>BPTDEV</serviceProviderCode><auditModel><auditDate>2015-07-05T14:27:29-06:00</auditDate><auditID>ADMIN</auditID><auditStatus>A</auditStatus></auditModel><data1>cap_tabbar</data1><data2>Building Module Menu/[1]Property</data2><levelData>Building</levelData><levelType>Module</levelType><menuLevel>2</menuLevel><policyI18NModels/><policyName>Menu</policyName><rightGranted>Y</rightGranted><status>Y</status><menuItemModels><menuItem refId="59@MenuItemModel"><policySeq>2318</policySeq><serviceProviderCode>BPTDEV</serviceProviderCode><auditModel><auditDate>2015-07-05T14:27:29-06:00</auditDate><auditID>ADMIN</auditID><auditStatus>A</auditStatus></auditModel><data1>cap_tabbar</data1><data2>Building Module Menu/[1]Property/[0]Address[][B]</data2><levelData>Building</levelData><levelType>Module</levelType><menuLevel>3</menuLevel><policyI18NModels/><policyName>Menu</policyName><rightGranted>Y</rightGranted><status>Y</status></menuItem><menuItem refId="60@MenuItemModel"><policySeq>2319</policySeq><serviceProviderCode>BPTDEV</serviceProviderCode><auditModel><auditDate>2015-07-05T14:27:29-06:00</auditDate><auditID>ADMIN</auditID><auditStatus>A</auditStatus></auditModel><data1>cap_tabbar</data1><data2>Building Module Menu/[1]Property/[1]Parcel[][B]</data2><levelData>Building</levelData><levelType>Module</levelType><menuLevel>3</menuLevel><policyI18NModels/><policyName>Menu</policyName><rightGranted>Y</rightGranted><status>Y</status></menuItem></menuItemModels><menuName>Building Module Menu/[1]Property%</menuName></menu><menu refId="61@MenuModel"><policySeq>2320</policySeq><serviceProviderCode>BPTDEV</serviceProviderCode><auditModel><auditDate>2015-07-05T14:27:29-06:00</auditDate><auditID>ADMIN</auditID><auditStatus>A</auditStatus></auditModel><data1>cap_tabbar</data1><data2>Building Module Menu/[2]Fees and Payments</data2><levelData>Building</levelData><levelType>Module</levelType><menuLevel>2</menuLevel><policyI18NModels/><policyName>Menu</policyName><rightGranted>Y</rightGranted><status>Y</status><menuItemModels><menuItem refId="62@MenuItemModel"><policySeq>4951</policySeq><serviceProviderCode>BPTDEV</serviceProviderCode><auditModel><auditDate>2015-07-05T14:27:28-06:00</auditDate><auditID>ADMIN</auditID><auditStatus>A</auditStatus></auditModel><data1>cap_tabbar</data1><data2>Building Module Menu/[2]Fees and Payments/[4]FeeValuation[][B]</data2><levelData>Building</levelData><levelType>Module</levelType><menuLevel>3</menuLevel><policyI18NModels/><policyName>Menu</policyName><rightGranted>Y</rightGranted><status>Y</status></menuItem><menuItem refId="63@MenuItemModel"><policySeq>2321</policySeq><serviceProviderCode>BPTDEV</serviceProviderCode><auditModel><auditDate>2015-07-05T14:27:29-06:00</auditDate><auditID>ADMIN</auditID><auditStatus>A</auditStatus></auditModel><data1>cap_tabbar</data1><data2>Building Module Menu/[2]Fees and Payments/[0]Fees[][B]</data2><levelData>Building</levelData><levelType>Module</levelType><menuLevel>3</menuLevel><policyI18NModels/><policyName>Menu</policyName><rightGranted>Y</rightGranted><status>Y</status></menuItem><menuItem refId="64@MenuItemModel"><policySeq>2322</policySeq><serviceProviderCode>BPTDEV</serviceProviderCode><auditModel><auditDate>2015-07-05T14:27:29-06:00</auditDate><auditID>ADMIN</auditID><auditStatus>A</auditStatus></auditModel><data1>cap_tabbar</data1><data2>Building Module Menu/[2]Fees and Payments/[1]AssessFeeHistory[Fee History][B]</data2><levelData>Building</levelData><levelType>Module</levelType><menuLevel>3</menuLevel><policyI18NModels/><policyName>Menu</policyName><rightGranted>Y</rightGranted><status>Y</status></menuItem><menuItem refId="65@MenuItemModel"><policySeq>2323</policySeq><serviceProviderCode>BPTDEV</serviceProviderCode><auditModel><auditDate>2015-07-05T14:27:29-06:00</auditDate><auditID>ADMIN</auditID><auditStatus>A</auditStatus></auditModel><data1>cap_tabbar</data1><data2>Building Module Menu/[2]Fees and Payments/[2]Payments[][B]</data2><levelData>Building</levelData><levelType>Module</levelType><menuLevel>3</menuLevel><policyI18NModels/><policyName>Menu</policyName><rightGranted>Y</rightGranted><status>Y</status></menuItem><menuItem refId="66@MenuItemModel"><policySeq>2324</policySeq><serviceProviderCode>BPTDEV</serviceProviderCode><auditModel><auditDate>2015-07-05T14:27:29-06:00</auditDate><auditID>ADMIN</auditID><auditStatus>A</auditStatus></auditModel><data1>cap_tabbar</data1><data2>Building Module Menu/[2]Fees and Payments/[3]PaymentHistory[][B]</data2><levelData>Building</levelData><levelType>Module</levelType><menuLevel>3</menuLevel><policyI18NModels/><policyName>Menu</policyName><rightGranted>Y</rightGranted><status>Y</status></menuItem></menuItemModels><menuName>Building Module Menu/[2]Fees and Payments%</menuName></menu><menu refId="67@MenuModel"><policySeq>2326</policySeq><serviceProviderCode>BPTDEV</serviceProviderCode><auditModel><auditDate>2015-07-05T14:27:29-06:00</auditDate><auditID>ADMIN</auditID><auditStatus>A</auditStatus></auditModel><data1>cap_tabbar</data1><data2>Building Module Menu/[3]People</data2><levelData>Building</levelData><levelType>Module</levelType><menuLevel>2</menuLevel><policyI18NModels/><policyName>Menu</policyName><rightGranted>Y</rightGranted><status>Y</status><menuItemModels><menuItem refId="68@MenuItemModel"><policySeq>2328</policySeq><serviceProviderCode>BPTDEV</serviceProviderCode><auditModel><auditDate>2015-07-05T14:27:28-06:00</auditDate><auditID>ADMIN</auditID><auditStatus>A</auditStatus></auditModel><data1>cap_tabbar</data1><data2>Building Module Menu/[3]People/[1]Owner[][B]</data2><levelData>Building</levelData><levelType>Module</levelType><menuLevel>3</menuLevel><policyI18NModels/><policyName>Menu</policyName><rightGranted>Y</rightGranted><status>Y</status></menuItem><menuItem refId="69@MenuItemModel"><policySeq>2329</policySeq><serviceProviderCode>BPTDEV</serviceProviderCode><auditModel><auditDate>2015-07-05T14:27:28-06:00</auditDate><auditID>ADMIN</auditID><auditStatus>A</auditStatus></auditModel><data1>cap_tabbar</data1><data2>Building Module Menu/[3]People/[2]Professionals[][B]</data2><levelData>Building</levelData><levelType>Module</levelType><menuLevel>3</menuLevel><policyI18NModels/><policyName>Menu</policyName><rightGranted>Y</rightGranted><status>Y</status></menuItem><menuItem refId="70@MenuItemModel"><policySeq>2327</policySeq><serviceProviderCode>BPTDEV</serviceProviderCode><auditModel><auditDate>2015-07-05T14:27:29-06:00</auditDate><auditID>ADMIN</auditID><auditStatus>A</auditStatus></auditModel><data1>cap_tabbar</data1><data2>Building Module Menu/[3]People/[0]Contact[][B]</data2><levelData>Building</levelData><levelType>Module</levelType><menuLevel>3</menuLevel><policyI18NModels/><policyName>Menu</policyName><rightGranted>Y</rightGranted><status>Y</status></menuItem></menuItemModels><menuName>Building Module Menu/[3]People%</menuName></menu></menuModels><menuName>Building Module Menu%</menuName><upperMenuLevel refId="71@MenuLevelVirtualModel"><data1>cap_tabbar</data1><levelData>Building</levelData><levelType>Module</levelType><menuLevel>1</menuLevel><MenuLevelModels><MenuLevelModel refId="72@MenuLevelModel"><policySeq>2160</policySeq><serviceProviderCode>BPTDEV</serviceProviderCode><auditModel><auditDate>2011-11-04T10:12:13-06:00</auditDate><auditID>ADMIN</auditID><auditStatus>A</auditStatus></auditModel><data1>cap_tabbar</data1><data4>Default agency menu</data4><levelData>BPTDEV</levelData><levelType>Agency</levelType><menuLevel>1</menuLevel><policyI18NModels/><policyName>Menu</policyName><rightGranted>Y</rightGranted><status>Y</status></MenuLevelModel></MenuLevelModels><moduleName> </moduleName><policyName>Menu</policyName><serviceProviderCode>BPTDEV</serviceProviderCode></upperMenuLevel></menuTemplate>
</list>