<?xml version="1.0" encoding="UTF-8" standalone="yes"?>
<list  version="8.0.0" minorVersion="15" exportUser="ADMIN" exportDateTime="03/30/2016 08:15 PM" description="null"><myNavigation><serviceProviderCode>BPTDEV</serviceProviderCode><xportletId>65</xportletId><auditModel><auditDate>2013-05-13T13:28:12-06:00</auditDate><auditID>Accela Administrator</auditID><auditStatus>A</auditStatus></auditModel><flowRecipients><flowRecipient><serviceProviderCode>BPTDEV</serviceProviderCode><portletID>65</portletID><recipientType>group</recipientType><recipientKey>400</recipientKey><auditModel><auditDate>2013-05-13T12:53:45-06:00</auditDate><auditID>ADMIN</auditID><auditStatus>A</auditStatus></auditModel><virtualUserGroupModel refId="1@VirtualUserGroupModel"><moduleName>Permits</moduleName><serviceProviderCode>BPTDEV</serviceProviderCode><userGroup>PermitsAdmin</userGroup></virtualUserGroupModel></flowRecipient><flowRecipient><serviceProviderCode>BPTDEV</serviceProviderCode><portletID>65</portletID><recipientType>group</recipientType><recipientKey>551</recipientKey><auditModel><auditDate>2013-05-13T12:53:58-06:00</auditDate><auditID>ADMIN</auditID><auditStatus>A</auditStatus></auditModel><virtualUserGroupModel refId="2@VirtualUserGroupModel"><moduleName>Permits</moduleName><serviceProviderCode>BPTDEV</serviceProviderCode><userGroup>PermitsDaily</userGroup></virtualUserGroupModel></flowRecipient><flowRecipient><serviceProviderCode>BPTDEV</serviceProviderCode><portletID>65</portletID><recipientType>group</recipientType><recipientKey>561</recipientKey><auditModel><auditDate>2013-05-13T12:53:52-06:00</auditDate><auditID>ADMIN</auditID><auditStatus>A</auditStatus></auditModel><virtualUserGroupModel refId="3@VirtualUserGroupModel"><moduleName>Permits</moduleName><serviceProviderCode>BPTDEV</serviceProviderCode><userGroup>PermitsAgencyAdmin</userGroup></virtualUserGroupModel></flowRecipient><flowRecipient><serviceProviderCode>BPTDEV</serviceProviderCode><portletID>65</portletID><recipientType>module</recipientType><recipientKey>Permits</recipientKey><auditModel><auditDate>2013-05-13T12:54:38-06:00</auditDate><auditID>ADMIN</auditID><auditStatus>A</auditStatus></auditModel></flowRecipient></flowRecipients><refLinksPortletI18NS/><portletComments>Building</portletComments><portletId>1</portletId><portletName>My Nav - Building</portletName><portletType>FLOW_DIAGRAM</portletType><refQuickLinks><refQuickLink><serviceProviderCode>BPTDEV</serviceProviderCode><linkId>283</linkId><auditModel><auditDate>2013-05-13T13:05:14-06:00</auditDate><auditID>ADMIN</auditID><auditStatus>A</auditStatus></auditModel><linkAlt>ASI Tables</linkAlt><linkDescription>Data Tables</linkDescription><linkIcon>/portlets/images/icons/diag_enter_permit.gif</linkIcon><linkOrder>20</linkOrder><linkTarget>capForm</linkTarget><linkType>PORTLET</linkType><linkUrl>215</linkUrl><refPortletModel><serviceProviderCode>BPTDEV</serviceProviderCode><portletId>215</portletId><auditModel><auditDate>2014-09-11T12:08:40-06:00</auditDate><auditID>ADMIN</auditID><auditStatus>A</auditStatus></auditModel><fid>8132</fid><portalPageId>NA</portalPageId><portletDes>My Nav - ASIT</portletDes><portletIcon>/portlets/images/icons/diag_enter_permit.gif</portletIcon><portletUrl>/portlets/appspecinfo/appSpecInfoTableForm.do?mode=list</portletUrl><refPortletI18NS/></refPortletModel><refPortletI18NS/><xportletId>65</xportletId></refQuickLink><refQuickLink><serviceProviderCode>BPTDEV</serviceProviderCode><linkId>284</linkId><auditModel><auditDate>2013-05-13T13:05:14-06:00</auditDate><auditID>ADMIN</auditID><auditStatus>A</auditStatus></auditModel><linkAlt>Record comments</linkAlt><linkDescription>Comments</linkDescription><linkOrder>30</linkOrder><linkTarget>capForm</linkTarget><linkType>PORTLET</linkType><linkUrl>214</linkUrl><refPortletModel><serviceProviderCode>BPTDEV</serviceProviderCode><portletId>214</portletId><auditModel><auditDate>2011-06-08T17:05:50-06:00</auditDate><auditID>ADMIN</auditID><auditStatus>A</auditStatus></auditModel><fid>8132</fid><portalPageId>NA</portalPageId><portletDes>My Nav - Comments</portletDes><portletIcon>/portlets/images/icons/diag_enter_activity.gif</portletIcon><portletUrl>/portlets/cap/capCommentList.do?mode=view</portletUrl><refPortletI18NS/></refPortletModel><refPortletI18NS/><xportletId>65</xportletId></refQuickLink><refQuickLink><serviceProviderCode>BPTDEV</serviceProviderCode><linkId>285</linkId><auditModel><auditDate>2013-05-13T13:05:14-06:00</auditDate><auditID>ADMIN</auditID><auditStatus>A</auditStatus></auditModel><linkAlt>Locks/Holds/Notices</linkAlt><linkDescription>Flags</linkDescription><linkOrder>40</linkOrder><linkTarget>capForm</linkTarget><linkType>PORTLET</linkType><linkUrl>218</linkUrl><refPortletModel><serviceProviderCode>BPTDEV</serviceProviderCode><portletId>218</portletId><auditModel><auditDate>2012-10-03T10:27:00-06:00</auditDate><auditID>ADMIN</auditID><auditStatus>A</auditStatus></auditModel><fid>8132</fid><portalPageId>NA</portalPageId><portletDes>My Nav - Conditions</portletDes><portletIcon>/portlets/images/icons/status.gif</portletIcon><portletUrl>/portlets/condition/capConditionList.do?mode=list</portletUrl><refPortletI18NS/></refPortletModel><refPortletI18NS/><xportletId>65</xportletId></refQuickLink><refQuickLink><serviceProviderCode>BPTDEV</serviceProviderCode><linkId>286</linkId><auditModel><auditDate>2013-05-13T13:34:05-06:00</auditDate><auditID>Accela Administrator</auditID><auditStatus>A</auditStatus></auditModel><linkAlt>Conditions of Approval</linkAlt><linkDescription>Requirements/COA</linkDescription><linkOrder>45</linkOrder><linkTarget>capForm</linkTarget><linkType>PORTLET</linkType><linkUrl>230</linkUrl><refPortletModel><serviceProviderCode>BPTDEV</serviceProviderCode><portletId>230</portletId><auditModel><auditDate>2012-09-05T11:56:09-06:00</auditDate><auditID>ADMIN</auditID><auditStatus>A</auditStatus></auditModel><fid>8480</fid><portalPageId>NA</portalPageId><portletDes>My Nav - Conditions of  Approval</portletDes><portletIcon>/portlets/images/icons/status.gif</portletIcon><portletUrl>/portlets/coa/conditionOfApprovalList.do?mode=list&amp;fromNotice=NO</portletUrl><refPortletI18NS/></refPortletModel><refPortletI18NS/><xportletId>65</xportletId></refQuickLink><refQuickLink><serviceProviderCode>BPTDEV</serviceProviderCode><linkId>287</linkId><auditModel><auditDate>2013-05-13T13:05:14-06:00</auditDate><auditID>ADMIN</auditID><auditStatus>A</auditStatus></auditModel><linkAlt>People &amp; Addresses</linkAlt><linkDescription>Contacts</linkDescription><linkOrder>50</linkOrder><linkTarget>capForm</linkTarget><linkType>PORTLET</linkType><linkUrl>223</linkUrl><refPortletModel><serviceProviderCode>BPTDEV</serviceProviderCode><portletId>223</portletId><auditModel><auditDate>2011-06-08T17:06:28-06:00</auditDate><auditID>ADMIN</auditID><auditStatus>A</auditStatus></auditModel><fid>8132</fid><portalPageId>NA</portalPageId><portletDes>My Nav - Contacts</portletDes><portletIcon>/portlets/images/icons/diag_enter_activity.gif</portletIcon><portletUrl>/portlets/contact/contactList.do?mode=list</portletUrl><refPortletI18NS/></refPortletModel><refPortletI18NS/><xportletId>65</xportletId></refQuickLink><refQuickLink><serviceProviderCode>BPTDEV</serviceProviderCode><linkId>288</linkId><auditModel><auditDate>2013-05-13T13:05:46-06:00</auditDate><auditID>Accela Administrator</auditID><auditStatus>A</auditStatus></auditModel><linkAlt>Attached documentation</linkAlt><linkDescription>Documents</linkDescription><linkOrder>60</linkOrder><linkTarget>capForm</linkTarget><linkType>PORTLET</linkType><linkUrl>222</linkUrl><refPortletModel><serviceProviderCode>BPTDEV</serviceProviderCode><portletId>222</portletId><auditModel><auditDate>2011-06-08T17:05:45-06:00</auditDate><auditID>ADMIN</auditID><auditStatus>A</auditStatus></auditModel><fid>8132</fid><portalPageId>NA</portalPageId><portletDes>My Nav - Attached Documents</portletDes><portletIcon>/portlets/images/icons/diag_reports.gif</portletIcon><portletUrl>/portlets/document/documentList.do?mode=list&amp;entityType=CAP&amp;entry=yes</portletUrl><refPortletI18NS/></refPortletModel><refPortletI18NS/><xportletId>65</xportletId></refQuickLink><refQuickLink><serviceProviderCode>BPTDEV</serviceProviderCode><linkId>289</linkId><auditModel><auditDate>2013-05-13T13:06:27-06:00</auditDate><auditID>Accela Administrator</auditID><auditStatus>A</auditStatus></auditModel><linkAlt>Assess fees</linkAlt><linkDescription>Fees</linkDescription><linkOrder>70</linkOrder><linkTarget>capForm</linkTarget><linkType>PORTLET</linkType><linkUrl>219</linkUrl><refPortletModel><serviceProviderCode>BPTDEV</serviceProviderCode><portletId>219</portletId><auditModel><auditDate>2011-06-08T17:06:38-06:00</auditDate><auditID>ADMIN</auditID><auditStatus>A</auditStatus></auditModel><fid>8132</fid><portalPageId>NA</portalPageId><portletDes>My Nav - Fees</portletDes><portletIcon>/portlets/images/icons/diag_assess_fees.gif</portletIcon><portletUrl>/portlets/fee/feeList.do?mode=list</portletUrl><refPortletI18NS/></refPortletModel><refPortletI18NS/><xportletId>65</xportletId></refQuickLink><refQuickLink><serviceProviderCode>BPTDEV</serviceProviderCode><linkId>282</linkId><auditModel><auditDate>2013-05-13T13:05:14-06:00</auditDate><auditID>ADMIN</auditID><auditStatus>A</auditStatus></auditModel><linkAlt>ASI Data Fields</linkAlt><linkDescription>Data Fields</linkDescription><linkOrder>10</linkOrder><linkTarget>capForm</linkTarget><linkType>PORTLET</linkType><linkUrl>225</linkUrl><refPortletModel><serviceProviderCode>BPTDEV</serviceProviderCode><portletId>225</portletId><auditModel><auditDate>2011-06-08T17:05:26-06:00</auditDate><auditID>ADMIN</auditID><auditStatus>A</auditStatus></auditModel><fid>8132</fid><portalPageId>NA</portalPageId><portletDes>My Nav - ASI</portletDes><portletIcon>/portlets/images/icons/diag_enter_permit.gif</portletIcon><portletUrl>/portlets/appspecinfo/appSpecInfoForm.do?mode=view</portletUrl><refPortletI18NS/></refPortletModel><refPortletI18NS/><xportletId>65</xportletId></refQuickLink><refQuickLink><serviceProviderCode>BPTDEV</serviceProviderCode><linkId>290</linkId><auditModel><auditDate>2013-05-13T13:07:30-06:00</auditDate><auditID>Accela Administrator</auditID><auditStatus>A</auditStatus></auditModel><linkAlt>Enter payments</linkAlt><linkDescription>Payments</linkDescription><linkOrder>80</linkOrder><linkTarget>capForm</linkTarget><linkType>PORTLET</linkType><linkUrl>220</linkUrl><refPortletModel><serviceProviderCode>BPTDEV</serviceProviderCode><portletId>220</portletId><auditModel><auditDate>2011-06-08T17:06:57-06:00</auditDate><auditID>ADMIN</auditID><auditStatus>A</auditStatus></auditModel><fid>8132</fid><portalPageId>NA</portalPageId><portletDes>My Nav - Payments</portletDes><portletIcon>/portlets/images/icons/diag_payment_receipt.gif</portletIcon><portletUrl>/portlets/fee/paymentList.do</portletUrl><refPortletI18NS/></refPortletModel><refPortletI18NS/><xportletId>65</xportletId></refQuickLink><refQuickLink><serviceProviderCode>BPTDEV</serviceProviderCode><linkId>291</linkId><auditModel><auditDate>2013-05-13T13:08:02-06:00</auditDate><auditID>Accela Administrator</auditID><auditStatus>A</auditStatus></auditModel><linkAlt>Schedule &amp; result</linkAlt><linkDescription>Inspections</linkDescription><linkOrder>90</linkOrder><linkTarget>capForm</linkTarget><linkType>PORTLET</linkType><linkUrl>213</linkUrl><refPortletModel><serviceProviderCode>BPTDEV</serviceProviderCode><portletId>213</portletId><auditModel><auditDate>2011-06-08T17:06:50-06:00</auditDate><auditID>ADMIN</auditID><auditStatus>A</auditStatus></auditModel><fid>8132</fid><portalPageId>NA</portalPageId><portletDes>My Nav - Inspections</portletDes><portletIcon>/portlets/images/icons/diag_inspections.gif</portletIcon><portletUrl>/portlets/inspection/inspectionListCapSpecific.do?mode=list</portletUrl><refPortletI18NS/></refPortletModel><refPortletI18NS/><xportletId>65</xportletId></refQuickLink><refQuickLink><serviceProviderCode>BPTDEV</serviceProviderCode><linkId>292</linkId><auditModel><auditDate>2013-05-13T13:08:51-06:00</auditDate><auditID>Accela Administrator</auditID><auditStatus>A</auditStatus></auditModel><linkAlt>Contractors/Licensed Professionals</linkAlt><linkDescription>Professionals</linkDescription><linkOrder>100</linkOrder><linkTarget>capForm</linkTarget><linkType>PORTLET</linkType><linkUrl>224</linkUrl><refPortletModel><serviceProviderCode>BPTDEV</serviceProviderCode><portletId>224</portletId><auditModel><auditDate>2011-06-08T17:30:47-06:00</auditDate><auditID>ADMIN</auditID><auditStatus>A</auditStatus></auditModel><fid>8132</fid><portalPageId>NA</portalPageId><portletDes>My Nav - Professionals</portletDes><portletIcon>/portlets/images/icons/diag_enter_activity.gif</portletIcon><portletUrl>/portlets/professional/professionalList.do?mode=list</portletUrl><refPortletI18NS/></refPortletModel><refPortletI18NS/><xportletId>65</xportletId></refQuickLink><refQuickLink><serviceProviderCode>BPTDEV</serviceProviderCode><linkId>293</linkId><auditModel><auditDate>2013-05-13T13:15:38-06:00</auditDate><auditID>Accela Administrator</auditID><auditStatus>A</auditStatus></auditModel><linkAlt>Parent/child records</linkAlt><linkDescription>Related Records</linkDescription><linkOrder>110</linkOrder><linkTarget>capForm</linkTarget><linkType>PORTLET</linkType><linkUrl>221</linkUrl><refPortletModel><serviceProviderCode>BPTDEV</serviceProviderCode><portletId>221</portletId><auditModel><auditDate>2011-06-08T17:07:33-06:00</auditDate><auditID>ADMIN</auditID><auditStatus>A</auditStatus></auditModel><fid>8132</fid><portalPageId>NA</portalPageId><portletDes>My Nav - Related Records</portletDes><portletIcon>/portlets/images/icons/diag_update_workflow.gif</portletIcon><portletUrl>/portlets/xrefcap/crossReferenceXRefCapList.do?mode=doQuickQueryList</portletUrl><refPortletI18NS/></refPortletModel><refPortletI18NS/><xportletId>65</xportletId></refQuickLink><refQuickLink><serviceProviderCode>BPTDEV</serviceProviderCode><linkId>294</linkId><auditModel><auditDate>2013-05-13T13:09:43-06:00</auditDate><auditID>Accela Administrator</auditID><auditStatus>A</auditStatus></auditModel><linkAlt>Summary page</linkAlt><linkDescription>Record Summary</linkDescription><linkOrder>120</linkOrder><linkTarget>capForm</linkTarget><linkType>PORTLET</linkType><linkUrl>217</linkUrl><refPortletModel><serviceProviderCode>BPTDEV</serviceProviderCode><portletId>217</portletId><auditModel><auditDate>2011-06-08T17:07:47-06:00</auditDate><auditID>ADMIN</auditID><auditStatus>A</auditStatus></auditModel><fid>8132</fid><portalPageId>NA</portalPageId><portletDes>My Nav - Record Summary</portletDes><portletIcon>/portlets/images/icons/diag_enter_permit.gif</portletIcon><portletUrl>/portlets/cap/capsummary/CapTabSummary.do?mode=tabSummary&amp;isRedirect=false</portletUrl><refPortletI18NS/></refPortletModel><refPortletI18NS/><xportletId>65</xportletId></refQuickLink><refQuickLink><serviceProviderCode>BPTDEV</serviceProviderCode><linkId>295</linkId><auditModel><auditDate>2013-05-13T13:15:15-06:00</auditDate><auditID>Accela Administrator</auditID><auditStatus>A</auditStatus></auditModel><linkAlt>Processing tasks</linkAlt><linkDescription>Workflow</linkDescription><linkOrder>130</linkOrder><linkTarget>capForm</linkTarget><linkType>PORTLET</linkType><linkUrl>216</linkUrl><refPortletModel><serviceProviderCode>BPTDEV</serviceProviderCode><portletId>216</portletId><auditModel><auditDate>2011-06-08T17:07:40-06:00</auditDate><auditID>ADMIN</auditID><auditStatus>A</auditStatus></auditModel><fid>8132</fid><portalPageId>NA</portalPageId><portletDes>My Nav - Workflow</portletDes><portletIcon>/portlets/images/icons/diag_update_workflow.gif</portletIcon><portletUrl>/portlets/workflow/workflowStatusList.do</portletUrl><refPortletI18NS/></refPortletModel><refPortletI18NS/><xportletId>65</xportletId></refQuickLink><refQuickLink><serviceProviderCode>BPTDEV</serviceProviderCode><linkId>372</linkId><auditModel><auditDate>2014-05-08T17:16:14-06:00</auditDate><auditID>Accela Administrator</auditID><auditStatus>A</auditStatus></auditModel><linkAlt>Update record status</linkAlt><linkDescription>Status</linkDescription><linkOrder>140</linkOrder><linkTarget>capForm</linkTarget><linkType>PORTLET</linkType><linkUrl>258</linkUrl><refPortletModel><serviceProviderCode>BPTDEV</serviceProviderCode><portletId>258</portletId><auditModel><auditDate>2014-05-08T16:15:31-06:00</auditDate><auditID>ADMIN</auditID><auditStatus>A</auditStatus></auditModel><fid>8132</fid><portalPageId>NA</portalPageId><portletDes>My Nav - Status</portletDes><portletIcon>/portlets/images/icons/status.gif</portletIcon><portletUrl>/portlets/cap/capStatusView.do?</portletUrl><refPortletI18NS/></refPortletModel><refPortletI18NS/><xportletId>65</xportletId></refQuickLink><refQuickLink><serviceProviderCode>BPTDEV</serviceProviderCode><linkId>423</linkId><auditModel><auditDate>2014-09-30T15:07:30-06:00</auditDate><auditID>Accela Administrator</auditID><auditStatus>A</auditStatus></auditModel><linkAlt>Calculate job value</linkAlt><linkDescription>Valuation Calculator</linkDescription><linkIcon>/portlets/images/icons/diag_enter_activity.gif</linkIcon><linkOrder>150</linkOrder><linkTarget>capForm</linkTarget><linkType>PORTLET</linkType><linkUrl>261</linkUrl><refPortletModel><serviceProviderCode>BPTDEV</serviceProviderCode><portletId>261</portletId><auditModel><auditDate>2014-09-30T14:10:36-06:00</auditDate><auditID>ADMIN</auditID><auditStatus>A</auditStatus></auditModel><fid>8132</fid><portalPageId>NA</portalPageId><portletDes>My Nav - Valuation Calc</portletDes><portletIcon>/portlets/images/icons/diag_enter_activity.gif</portletIcon><portletUrl>/portlets/feevaluation/feeValuationList.do?mode=list</portletUrl><refPortletI18NS/></refPortletModel><refPortletI18NS/><xportletId>65</xportletId></refQuickLink></refQuickLinks><systemName>FlowDiagram</systemName></myNavigation>
<myNavigation><serviceProviderCode>BPTDEV</serviceProviderCode><xportletId>26</xportletId><auditModel><auditDate>2013-05-13T12:53:11-06:00</auditDate><auditID>Accela Administrator</auditID><auditStatus>A</auditStatus></auditModel><flowRecipients><flowRecipient><serviceProviderCode>BPTDEV</serviceProviderCode><portletID>26</portletID><recipientType>agency</recipientType><recipientKey>BPTDEV</recipientKey><auditModel><auditDate>2011-06-08T17:12:47-06:00</auditDate><auditID>ADMIN</auditID><auditStatus>A</auditStatus></auditModel></flowRecipient></flowRecipients><refLinksPortletI18NS/><portletComments>Agency</portletComments><portletDesc>Default My Nav portlet</portletDesc><portletId>1</portletId><portletName>My Nav - Agency Default</portletName><portletType>FLOW_DIAGRAM</portletType><refQuickLinks><refQuickLink><serviceProviderCode>BPTDEV</serviceProviderCode><linkId>2</linkId><auditModel><auditDate>2012-06-07T08:52:38-06:00</auditDate><auditID>ADMIN</auditID><auditStatus>A</auditStatus></auditModel><linkAlt>Workflow Tasks</linkAlt><linkDescription>Workflow</linkDescription><linkIcon>/portlets/images/icons/diag_update_workflow.gif</linkIcon><linkOrder>130</linkOrder><linkTarget>capForm</linkTarget><linkType>PORTLET</linkType><linkUrl>216</linkUrl><refPortletModel><serviceProviderCode>BPTDEV</serviceProviderCode><portletId>216</portletId><auditModel><auditDate>2011-06-08T17:07:40-06:00</auditDate><auditID>ADMIN</auditID><auditStatus>A</auditStatus></auditModel><fid>8132</fid><portalPageId>NA</portalPageId><portletDes>My Nav - Workflow</portletDes><portletIcon>/portlets/images/icons/diag_update_workflow.gif</portletIcon><portletUrl>/portlets/workflow/workflowStatusList.do</portletUrl><refPortletI18NS/></refPortletModel><refPortletI18NS/><xportletId>26</xportletId></refQuickLink><refQuickLink><serviceProviderCode>BPTDEV</serviceProviderCode><linkId>3</linkId><auditModel><auditDate>2015-03-26T10:22:58-06:00</auditDate><auditID>Accela Administrator</auditID><auditStatus>A</auditStatus></auditModel><linkAlt>Data Fields</linkAlt><linkDescription>Data Fields</linkDescription><linkOrder>10</linkOrder><linkTarget>capForm</linkTarget><linkType>PORTLET</linkType><linkUrl>225</linkUrl><refPortletModel><serviceProviderCode>BPTDEV</serviceProviderCode><portletId>225</portletId><auditModel><auditDate>2011-06-08T17:05:26-06:00</auditDate><auditID>ADMIN</auditID><auditStatus>A</auditStatus></auditModel><fid>8132</fid><portalPageId>NA</portalPageId><portletDes>My Nav - ASI</portletDes><portletIcon>/portlets/images/icons/diag_enter_permit.gif</portletIcon><portletUrl>/portlets/appspecinfo/appSpecInfoForm.do?mode=view</portletUrl><refPortletI18NS/></refPortletModel><refPortletI18NS/><xportletId>26</xportletId></refQuickLink><refQuickLink><serviceProviderCode>BPTDEV</serviceProviderCode><linkId>4</linkId><auditModel><auditDate>2015-03-26T10:23:12-06:00</auditDate><auditID>Accela Administrator</auditID><auditStatus>A</auditStatus></auditModel><linkAlt>Data Tables</linkAlt><linkDescription>Data Tables</linkDescription><linkOrder>20</linkOrder><linkTarget>capForm</linkTarget><linkType>PORTLET</linkType><linkUrl>215</linkUrl><refPortletModel><serviceProviderCode>BPTDEV</serviceProviderCode><portletId>215</portletId><auditModel><auditDate>2014-09-11T12:08:40-06:00</auditDate><auditID>ADMIN</auditID><auditStatus>A</auditStatus></auditModel><fid>8132</fid><portalPageId>NA</portalPageId><portletDes>My Nav - ASIT</portletDes><portletIcon>/portlets/images/icons/diag_enter_permit.gif</portletIcon><portletUrl>/portlets/appspecinfo/appSpecInfoTableForm.do?mode=list</portletUrl><refPortletI18NS/></refPortletModel><refPortletI18NS/><xportletId>26</xportletId></refQuickLink><refQuickLink><serviceProviderCode>BPTDEV</serviceProviderCode><linkId>83</linkId><auditModel><auditDate>2015-03-26T10:24:47-06:00</auditDate><auditID>Accela Administrator</auditID><auditStatus>A</auditStatus></auditModel><linkDescription>Requirements/COA</linkDescription><linkOrder>45</linkOrder><linkTarget>capForm</linkTarget><linkType>PORTLET</linkType><linkUrl>230</linkUrl><refPortletModel><serviceProviderCode>BPTDEV</serviceProviderCode><portletId>230</portletId><auditModel><auditDate>2012-09-05T11:56:09-06:00</auditDate><auditID>ADMIN</auditID><auditStatus>A</auditStatus></auditModel><fid>8480</fid><portalPageId>NA</portalPageId><portletDes>My Nav - Conditions of  Approval</portletDes><portletIcon>/portlets/images/icons/status.gif</portletIcon><portletUrl>/portlets/coa/conditionOfApprovalList.do?mode=list&amp;fromNotice=NO</portletUrl><refPortletI18NS/></refPortletModel><refPortletI18NS/><xportletId>26</xportletId></refQuickLink><refQuickLink><serviceProviderCode>BPTDEV</serviceProviderCode><linkId>5</linkId><auditModel><auditDate>2012-06-07T08:52:38-06:00</auditDate><auditID>ADMIN</auditID><auditStatus>A</auditStatus></auditModel><linkAlt>Schedule &amp; Result</linkAlt><linkDescription>Inspections</linkDescription><linkOrder>90</linkOrder><linkTarget>capForm</linkTarget><linkType>PORTLET</linkType><linkUrl>213</linkUrl><refPortletModel><serviceProviderCode>BPTDEV</serviceProviderCode><portletId>213</portletId><auditModel><auditDate>2011-06-08T17:06:50-06:00</auditDate><auditID>ADMIN</auditID><auditStatus>A</auditStatus></auditModel><fid>8132</fid><portalPageId>NA</portalPageId><portletDes>My Nav - Inspections</portletDes><portletIcon>/portlets/images/icons/diag_inspections.gif</portletIcon><portletUrl>/portlets/inspection/inspectionListCapSpecific.do?mode=list</portletUrl><refPortletI18NS/></refPortletModel><refPortletI18NS/><xportletId>26</xportletId></refQuickLink><refQuickLink><serviceProviderCode>BPTDEV</serviceProviderCode><linkId>6</linkId><auditModel><auditDate>2012-06-07T08:52:38-06:00</auditDate><auditID>ADMIN</auditID><auditStatus>A</auditStatus></auditModel><linkAlt>Assess Fees</linkAlt><linkDescription>Fees</linkDescription><linkOrder>70</linkOrder><linkTarget>capForm</linkTarget><linkType>PORTLET</linkType><linkUrl>219</linkUrl><refPortletModel><serviceProviderCode>BPTDEV</serviceProviderCode><portletId>219</portletId><auditModel><auditDate>2011-06-08T17:06:38-06:00</auditDate><auditID>ADMIN</auditID><auditStatus>A</auditStatus></auditModel><fid>8132</fid><portalPageId>NA</portalPageId><portletDes>My Nav - Fees</portletDes><portletIcon>/portlets/images/icons/diag_assess_fees.gif</portletIcon><portletUrl>/portlets/fee/feeList.do?mode=list</portletUrl><refPortletI18NS/></refPortletModel><refPortletI18NS/><xportletId>26</xportletId></refQuickLink><refQuickLink><serviceProviderCode>BPTDEV</serviceProviderCode><linkId>7</linkId><auditModel><auditDate>2012-06-07T08:52:38-06:00</auditDate><auditID>ADMIN</auditID><auditStatus>A</auditStatus></auditModel><linkAlt>Enter Payments</linkAlt><linkDescription>Payments</linkDescription><linkOrder>80</linkOrder><linkTarget>capForm</linkTarget><linkType>PORTLET</linkType><linkUrl>220</linkUrl><refPortletModel><serviceProviderCode>BPTDEV</serviceProviderCode><portletId>220</portletId><auditModel><auditDate>2011-06-08T17:06:57-06:00</auditDate><auditID>ADMIN</auditID><auditStatus>A</auditStatus></auditModel><fid>8132</fid><portalPageId>NA</portalPageId><portletDes>My Nav - Payments</portletDes><portletIcon>/portlets/images/icons/diag_payment_receipt.gif</portletIcon><portletUrl>/portlets/fee/paymentList.do</portletUrl><refPortletI18NS/></refPortletModel><refPortletI18NS/><xportletId>26</xportletId></refQuickLink><refQuickLink><serviceProviderCode>BPTDEV</serviceProviderCode><linkId>8</linkId><auditModel><auditDate>2012-06-07T08:52:38-06:00</auditDate><auditID>ADMIN</auditID><auditStatus>A</auditStatus></auditModel><linkAlt>People &amp; Addresses</linkAlt><linkDescription>Contacts</linkDescription><linkOrder>50</linkOrder><linkTarget>capForm</linkTarget><linkType>PORTLET</linkType><linkUrl>223</linkUrl><refPortletModel><serviceProviderCode>BPTDEV</serviceProviderCode><portletId>223</portletId><auditModel><auditDate>2011-06-08T17:06:28-06:00</auditDate><auditID>ADMIN</auditID><auditStatus>A</auditStatus></auditModel><fid>8132</fid><portalPageId>NA</portalPageId><portletDes>My Nav - Contacts</portletDes><portletIcon>/portlets/images/icons/diag_enter_activity.gif</portletIcon><portletUrl>/portlets/contact/contactList.do?mode=list</portletUrl><refPortletI18NS/></refPortletModel><refPortletI18NS/><xportletId>26</xportletId></refQuickLink><refQuickLink><serviceProviderCode>BPTDEV</serviceProviderCode><linkId>9</linkId><auditModel><auditDate>2015-03-26T10:24:37-06:00</auditDate><auditID>Accela Administrator</auditID><auditStatus>A</auditStatus></auditModel><linkAlt>Locks/Holds/Notices</linkAlt><linkDescription>Flags</linkDescription><linkOrder>40</linkOrder><linkTarget>capForm</linkTarget><linkType>PORTLET</linkType><linkUrl>218</linkUrl><refPortletModel><serviceProviderCode>BPTDEV</serviceProviderCode><portletId>218</portletId><auditModel><auditDate>2012-10-03T10:27:00-06:00</auditDate><auditID>ADMIN</auditID><auditStatus>A</auditStatus></auditModel><fid>8132</fid><portalPageId>NA</portalPageId><portletDes>My Nav - Conditions</portletDes><portletIcon>/portlets/images/icons/status.gif</portletIcon><portletUrl>/portlets/condition/capConditionList.do?mode=list</portletUrl><refPortletI18NS/></refPortletModel><refPortletI18NS/><xportletId>26</xportletId></refQuickLink><refQuickLink><serviceProviderCode>BPTDEV</serviceProviderCode><linkId>10</linkId><auditModel><auditDate>2012-06-07T08:52:38-06:00</auditDate><auditID>ADMIN</auditID><auditStatus>A</auditStatus></auditModel><linkDescription>Comments</linkDescription><linkOrder>30</linkOrder><linkTarget>capForm</linkTarget><linkType>PORTLET</linkType><linkUrl>214</linkUrl><refPortletModel><serviceProviderCode>BPTDEV</serviceProviderCode><portletId>214</portletId><auditModel><auditDate>2011-06-08T17:05:50-06:00</auditDate><auditID>ADMIN</auditID><auditStatus>A</auditStatus></auditModel><fid>8132</fid><portalPageId>NA</portalPageId><portletDes>My Nav - Comments</portletDes><portletIcon>/portlets/images/icons/diag_enter_activity.gif</portletIcon><portletUrl>/portlets/cap/capCommentList.do?mode=view</portletUrl><refPortletI18NS/></refPortletModel><refPortletI18NS/><xportletId>26</xportletId></refQuickLink><refQuickLink><serviceProviderCode>BPTDEV</serviceProviderCode><linkId>11</linkId><auditModel><auditDate>2012-06-07T08:52:38-06:00</auditDate><auditID>ADMIN</auditID><auditStatus>A</auditStatus></auditModel><linkAlt>Summary Form</linkAlt><linkDescription>Record Summary</linkDescription><linkOrder>120</linkOrder><linkTarget>capForm</linkTarget><linkType>PORTLET</linkType><linkUrl>217</linkUrl><refPortletModel><serviceProviderCode>BPTDEV</serviceProviderCode><portletId>217</portletId><auditModel><auditDate>2011-06-08T17:07:47-06:00</auditDate><auditID>ADMIN</auditID><auditStatus>A</auditStatus></auditModel><fid>8132</fid><portalPageId>NA</portalPageId><portletDes>My Nav - Record Summary</portletDes><portletIcon>/portlets/images/icons/diag_enter_permit.gif</portletIcon><portletUrl>/portlets/cap/capsummary/CapTabSummary.do?mode=tabSummary&amp;isRedirect=false</portletUrl><refPortletI18NS/></refPortletModel><refPortletI18NS/><xportletId>26</xportletId></refQuickLink><refQuickLink><serviceProviderCode>BPTDEV</serviceProviderCode><linkId>12</linkId><auditModel><auditDate>2012-06-07T08:52:38-06:00</auditDate><auditID>ADMIN</auditID><auditStatus>A</auditStatus></auditModel><linkDescription>Professionals</linkDescription><linkIcon>/portlets/images/icons/diag_enter_activity.gif</linkIcon><linkOrder>100</linkOrder><linkTarget>capForm</linkTarget><linkType>PORTLET</linkType><linkUrl>224</linkUrl><refPortletModel><serviceProviderCode>BPTDEV</serviceProviderCode><portletId>224</portletId><auditModel><auditDate>2011-06-08T17:30:47-06:00</auditDate><auditID>ADMIN</auditID><auditStatus>A</auditStatus></auditModel><fid>8132</fid><portalPageId>NA</portalPageId><portletDes>My Nav - Professionals</portletDes><portletIcon>/portlets/images/icons/diag_enter_activity.gif</portletIcon><portletUrl>/portlets/professional/professionalList.do?mode=list</portletUrl><refPortletI18NS/></refPortletModel><refPortletI18NS/><xportletId>26</xportletId></refQuickLink><refQuickLink><serviceProviderCode>BPTDEV</serviceProviderCode><linkId>13</linkId><auditModel><auditDate>2012-06-07T08:52:38-06:00</auditDate><auditID>ADMIN</auditID><auditStatus>A</auditStatus></auditModel><linkAlt>Attached documentation</linkAlt><linkDescription>Documents</linkDescription><linkOrder>60</linkOrder><linkTarget>capForm</linkTarget><linkType>PORTLET</linkType><linkUrl>222</linkUrl><refPortletModel><serviceProviderCode>BPTDEV</serviceProviderCode><portletId>222</portletId><auditModel><auditDate>2011-06-08T17:05:45-06:00</auditDate><auditID>ADMIN</auditID><auditStatus>A</auditStatus></auditModel><fid>8132</fid><portalPageId>NA</portalPageId><portletDes>My Nav - Attached Documents</portletDes><portletIcon>/portlets/images/icons/diag_reports.gif</portletIcon><portletUrl>/portlets/document/documentList.do?mode=list&amp;entityType=CAP&amp;entry=yes</portletUrl><refPortletI18NS/></refPortletModel><refPortletI18NS/><xportletId>26</xportletId></refQuickLink><refQuickLink><serviceProviderCode>BPTDEV</serviceProviderCode><linkId>14</linkId><auditModel><auditDate>2012-06-07T08:52:38-06:00</auditDate><auditID>ADMIN</auditID><auditStatus>A</auditStatus></auditModel><linkDescription>Related Records</linkDescription><linkOrder>110</linkOrder><linkTarget>capForm</linkTarget><linkType>PORTLET</linkType><linkUrl>221</linkUrl><refPortletModel><serviceProviderCode>BPTDEV</serviceProviderCode><portletId>221</portletId><auditModel><auditDate>2011-06-08T17:07:33-06:00</auditDate><auditID>ADMIN</auditID><auditStatus>A</auditStatus></auditModel><fid>8132</fid><portalPageId>NA</portalPageId><portletDes>My Nav - Related Records</portletDes><portletIcon>/portlets/images/icons/diag_update_workflow.gif</portletIcon><portletUrl>/portlets/xrefcap/crossReferenceXRefCapList.do?mode=doQuickQueryList</portletUrl><refPortletI18NS/></refPortletModel><refPortletI18NS/><xportletId>26</xportletId></refQuickLink></refQuickLinks><systemName>FlowDiagram</systemName></myNavigation>
</list>