<?xml version="1.0" encoding="UTF-8" standalone="yes"?>
<list  version="8.0.0" minorVersion="15" exportUser="ADMIN" exportDateTime="03/30/2016 08:01 PM" description="null"><departMentType><serviceProviderCode>BPTDEV</serviceProviderCode><agencyCode>ASSET</agencyCode><bureauCode>NA</bureauCode><divisionCode>NA</divisionCode><groupCode>NA</groupCode><officeCode>NA</officeCode><sectionCode>NA</sectionCode><subgroupCode>NA</subgroupCode><auditModel><auditDate>2012-01-31T10:37:18-07:00</auditDate><auditID>ADMIN</auditID><auditStatus>A</auditStatus></auditModel><bureauModel><serviceProviderCode>BPTDEV</serviceProviderCode><agencyCode>ASSET</agencyCode><bureauCode>NA</bureauCode><auditModel><auditDate>2012-01-31T10:36:31-07:00</auditDate><auditID>ADMIN</auditID><auditStatus>A</auditStatus></auditModel><bureauDescription>NA</bureauDescription><bureauI18Ns/></bureauModel><departMentTypeKey>BPTDEV/ASSET/NA/NA/NA/NA/NA</departMentTypeKey><departMentTypeName>Asset Management</departMentTypeName><divisionModel><serviceProviderCode>BPTDEV</serviceProviderCode><agencyCode>ASSET</agencyCode><divisionCode>NA</divisionCode><auditModel><auditDate>2012-01-31T10:36:38-07:00</auditDate><auditID>ADMIN</auditID><auditStatus>A</auditStatus></auditModel><divisionDescription>NA</divisionDescription><divisnI18Ns/></divisionModel><dpttyI18Ns/><groupModel><serviceProviderCode>BPTDEV</serviceProviderCode><agencyCode>ASSET</agencyCode><groupCode>NA</groupCode><auditModel><auditDate>2012-01-31T10:36:55-07:00</auditDate><auditID>ADMIN</auditID><auditStatus>A</auditStatus></auditModel><groupDescription>NA</groupDescription><wgroupI18Ns/></groupModel><officeModel><serviceProviderCode>BPTDEV</serviceProviderCode><agencyCode>ASSET</agencyCode><officeCode>NA</officeCode><auditModel><auditDate>2012-01-31T10:37:04-07:00</auditDate><auditID>ADMIN</auditID><auditStatus>A</auditStatus></auditModel><officeI18Ns/><officeLocation>NA</officeLocation></officeModel><sectionModel><serviceProviderCode>BPTDEV</serviceProviderCode><agencyCode>ASSET</agencyCode><sectionCode>NA</sectionCode><auditModel><auditDate>2012-01-31T10:36:47-07:00</auditDate><auditID>ADMIN</auditID><auditStatus>A</auditStatus></auditModel><sectionDescription>NA</sectionDescription><wsectinI18Ns/></sectionModel><subGroupDescription>Asset Management</subGroupDescription></departMentType>
<departMentType><serviceProviderCode>BPTDEV</serviceProviderCode><agencyCode>ADMIN</agencyCode><bureauCode>NA</bureauCode><divisionCode>NA</divisionCode><groupCode>NA</groupCode><officeCode>NA</officeCode><sectionCode>NA</sectionCode><subgroupCode>NA</subgroupCode><auditModel><auditDate>2012-02-13T11:27:15-07:00</auditDate><auditID>ADMIN</auditID><auditStatus>A</auditStatus></auditModel><bureauModel><serviceProviderCode>BPTDEV</serviceProviderCode><agencyCode>ADMIN</agencyCode><bureauCode>NA</bureauCode><auditModel><auditDate>2012-02-13T11:26:14-07:00</auditDate><auditID>ADMIN</auditID><auditStatus>A</auditStatus></auditModel><bureauDescription>NA</bureauDescription><bureauI18Ns/></bureauModel><departMentTypeKey>BPTDEV/ADMIN/NA/NA/NA/NA/NA</departMentTypeKey><departMentTypeName>Administrator</departMentTypeName><divisionModel><serviceProviderCode>BPTDEV</serviceProviderCode><agencyCode>ADMIN</agencyCode><divisionCode>NA</divisionCode><auditModel><auditDate>2012-02-13T11:26:24-07:00</auditDate><auditID>ADMIN</auditID><auditStatus>A</auditStatus></auditModel><divisionDescription>NA</divisionDescription><divisnI18Ns/></divisionModel><dpttyI18Ns/><groupModel><serviceProviderCode>BPTDEV</serviceProviderCode><agencyCode>ADMIN</agencyCode><groupCode>NA</groupCode><auditModel><auditDate>2012-02-13T11:26:41-07:00</auditDate><auditID>ADMIN</auditID><auditStatus>A</auditStatus></auditModel><groupDescription>NA</groupDescription><wgroupI18Ns/></groupModel><officeModel><serviceProviderCode>BPTDEV</serviceProviderCode><agencyCode>ADMIN</agencyCode><officeCode>NA</officeCode><auditModel><auditDate>2012-02-13T11:26:49-07:00</auditDate><auditID>ADMIN</auditID><auditStatus>A</auditStatus></auditModel><officeI18Ns/><officeLocation>NA</officeLocation></officeModel><sectionModel><serviceProviderCode>BPTDEV</serviceProviderCode><agencyCode>ADMIN</agencyCode><sectionCode>NA</sectionCode><auditModel><auditDate>2012-02-13T11:26:33-07:00</auditDate><auditID>ADMIN</auditID><auditStatus>A</auditStatus></auditModel><sectionDescription>NA</sectionDescription><wsectinI18Ns/></sectionModel></departMentType>
</list>