<?xml version="1.0" encoding="UTF-8" standalone="yes"?>
<list  version="8.0.0" minorVersion="15" exportUser="ADMIN" exportDateTime="03/30/2016 08:01 PM" description="null"><organizationagency refId="1@OrganizationAgencyModel"><serviceProviderCode>BPTDEV</serviceProviderCode><agencyCode>ASSET</agencyCode><agencyI18NModels/><agencyName>Asset</agencyName><auditModel><auditDate>2012-01-31T10:36:06-07:00</auditDate><auditID>ADMIN</auditID><auditStatus>A</auditStatus></auditModel></organizationagency>
<organizationagency refId="1@OrganizationAgencyModel"><serviceProviderCode>BPTDEV</serviceProviderCode><agencyCode>ADMIN</agencyCode><agencyI18NModels/><agencyName>Admin</agencyName><auditModel><auditDate>2012-02-13T11:26:03-07:00</auditDate><auditID>ADMIN</auditID><auditStatus>A</auditStatus></auditModel></organizationagency>
</list>