<?xml version="1.0" encoding="UTF-8" standalone="yes"?>
<list  version="8.0.0" minorVersion="15" exportUser="ADMIN" exportDateTime="03/30/2016 08:00 PM" description="null"><applicationStatusGroup><appStatusGroupCode>AAM_GENERAL</appStatusGroupCode><serviceProviderCode>BPTDEV</serviceProviderCode><appStatusGroupModels><appStatusGroupModel refId="1@AppStatusGroupModel"><serviceProviderCode>BPTDEV</serviceProviderCode><appStatusGroupCode>AAM_GENERAL</appStatusGroupCode><status>Assigned</status><appStatusGroupI18Ns/><auditModel><auditDate>2013-02-12T15:05:50-07:00</auditDate><auditID>ADMIN</auditID><auditStatus>A</auditStatus></auditModel><statusType>OPEN</statusType></appStatusGroupModel><appStatusGroupModel refId="2@AppStatusGroupModel"><serviceProviderCode>BPTDEV</serviceProviderCode><appStatusGroupCode>AAM_GENERAL</appStatusGroupCode><status>Closed</status><appStatusGroupI18Ns/><auditModel><auditDate>2013-02-12T15:06:16-07:00</auditDate><auditID>ADMIN</auditID><auditStatus>A</auditStatus></auditModel><statusType>CLOSED</statusType></appStatusGroupModel><appStatusGroupModel refId="3@AppStatusGroupModel"><serviceProviderCode>BPTDEV</serviceProviderCode><appStatusGroupCode>AAM_GENERAL</appStatusGroupCode><status>Complete</status><appStatusGroupI18Ns/><auditModel><auditDate>2013-02-15T11:27:12-07:00</auditDate><auditID>ADMIN</auditID><auditStatus>A</auditStatus></auditModel><statusType>OPEN</statusType></appStatusGroupModel><appStatusGroupModel refId="4@AppStatusGroupModel"><serviceProviderCode>BPTDEV</serviceProviderCode><appStatusGroupCode>AAM_GENERAL</appStatusGroupCode><status>In Work</status><appStatusGroupI18Ns/><auditModel><auditDate>2014-05-16T14:15:55-06:00</auditDate><auditID>ADMIN</auditID><auditStatus>A</auditStatus></auditModel><statusType>OPEN</statusType></appStatusGroupModel><appStatusGroupModel refId="5@AppStatusGroupModel"><serviceProviderCode>BPTDEV</serviceProviderCode><appStatusGroupCode>AAM_GENERAL</appStatusGroupCode><status>Inwork</status><appStatusGroupI18Ns/><auditModel><auditDate>2014-05-16T14:15:45-06:00</auditDate><auditID>ADMIN</auditID><auditStatus>D</auditStatus></auditModel><statusType>OPEN</statusType></appStatusGroupModel><appStatusGroupModel refId="6@AppStatusGroupModel"><serviceProviderCode>BPTDEV</serviceProviderCode><appStatusGroupCode>AAM_GENERAL</appStatusGroupCode><status>Open</status><appStatusGroupI18Ns/><auditModel><auditDate>2013-02-12T15:11:58-07:00</auditDate><auditID>ADMIN</auditID><auditStatus>A</auditStatus></auditModel><statusType>OPEN</statusType></appStatusGroupModel></appStatusGroupModels></applicationStatusGroup>
</list>