<?xml version="1.0" encoding="UTF-8" standalone="yes"?>
<list  version="8.0.0" minorVersion="15" exportUser="ADMIN" exportDateTime="03/30/2016 08:00 PM" description="null"><mask><name>Default</name><serviceProviderCode>BPTDEV</serviceProviderCode><type>Cap Key</type><auditModel><auditDate>2014-03-20T13:46:14-06:00</auditDate><auditID>SYSTEM</auditID><auditStatus>A</auditStatus></auditModel><description>Default Cap Key Mask</description><maxLength>17</maxLength><minLength>17</minLength><pattern>REC$$yy$$-00000-$$SEQ05$$</pattern><radixValue>36</radixValue><seqName>Default</seqName></mask>
<mask><name>Default</name><serviceProviderCode>BPTDEV</serviceProviderCode><type>Cap ID</type><auditModel><auditDate>2011-06-06T11:25:34-06:00</auditDate><auditID>SYSTEM</auditID><auditStatus>A</auditStatus></auditModel><description>Default Cap ID Mask</description><maxLength>30</maxLength><minLength>1</minLength><pattern>$$yy$$CAP-$$SEQ08$$</pattern><radixValue>10</radixValue><seqName>Default</seqName></mask>
<mask><name>Default</name><serviceProviderCode>BPTDEV</serviceProviderCode><type>Partial CAP ID</type><auditModel><auditDate>2008-03-11T07:29:47-06:00</auditDate><auditID>ADMIN</auditID><auditStatus>A</auditStatus></auditModel><description>Mask Definition for Partial CAP ID</description><maxLength>30</maxLength><minLength>1</minLength><pattern>$$yy$$EST-$$SEQ06$$</pattern><radixValue>10</radixValue><seqName>Default</seqName></mask>
<mask><name>Default</name><serviceProviderCode>BPTDEV</serviceProviderCode><type>Temporary CAP ID</type><auditModel><auditDate>2008-03-11T07:29:47-06:00</auditDate><auditID>ADMIN</auditID><auditStatus>A</auditStatus></auditModel><description>Mask Definition for Temporary CAP ID</description><maxLength>30</maxLength><minLength>1</minLength><pattern>$$yy$$TMP-$$SEQ06$$</pattern><radixValue>10</radixValue><seqName>Default</seqName></mask>
<mask><name>AMS/Electric//</name><serviceProviderCode>BPTDEV</serviceProviderCode><type>Cap ID</type><auditModel><auditDate>2014-03-11T17:10:13-06:00</auditDate><auditID>SYSTEM</auditID><auditStatus>A</auditStatus></auditModel><description>Electric Dept Work Orders</description><maxLength>30</maxLength><minLength>1</minLength><pattern>$$yy$$ELE-$$SEQ05$$</pattern><radixValue>10</radixValue><seqName>AMS/Electric//</seqName></mask>
<mask><name>AMS/Facilities//</name><serviceProviderCode>BPTDEV</serviceProviderCode><type>Cap ID</type><auditModel><auditDate>2014-03-11T17:11:55-06:00</auditDate><auditID>SYSTEM</auditID><auditStatus>A</auditStatus></auditModel><description>Facilities Work Orders</description><maxLength>30</maxLength><minLength>1</minLength><pattern>$$yy$$FAC-$$SEQ05$$</pattern><radixValue>10</radixValue><seqName>AMS/Facilities//</seqName></mask>
<mask><name>AMS/Fleet//</name><serviceProviderCode>BPTDEV</serviceProviderCode><type>Cap ID</type><auditModel><auditDate>2014-03-11T17:12:59-06:00</auditDate><auditID>SYSTEM</auditID><auditStatus>A</auditStatus></auditModel><description> </description><maxLength>30</maxLength><minLength>1</minLength><pattern>$$yy$$FLT-$$SEQ05$$</pattern><radixValue>10</radixValue><seqName>AMS/Fleet//</seqName></mask>
<mask><name>AMS/Parks//</name><serviceProviderCode>BPTDEV</serviceProviderCode><type>Cap ID</type><auditModel><auditDate>2014-03-12T10:43:12-06:00</auditDate><auditID>SYSTEM</auditID><auditStatus>A</auditStatus></auditModel><description>Parks Department Work Order</description><maxLength>30</maxLength><minLength>1</minLength><pattern>$$yy$$PRK-$$SEQ05$$</pattern><radixValue>10</radixValue><seqName>AMS/Parks//</seqName></mask>
<mask><name>AMS/Sewer//</name><serviceProviderCode>BPTDEV</serviceProviderCode><type>Cap ID</type><auditModel><auditDate>2014-03-11T17:07:49-06:00</auditDate><auditID>SYSTEM</auditID><auditStatus>A</auditStatus></auditModel><description>Sewer Dept Work Orders</description><maxLength>30</maxLength><minLength>1</minLength><pattern>$$yy$$SWR-$$SEQ05$$</pattern><radixValue>10</radixValue><seqName>AMS/Sewer//</seqName></mask>
<mask><name>AMS/Storm//</name><serviceProviderCode>BPTDEV</serviceProviderCode><type>Cap ID</type><auditModel><auditDate>2014-03-12T10:44:38-06:00</auditDate><auditID>SYSTEM</auditID><auditStatus>A</auditStatus></auditModel><description>Stormwater Department Work Order</description><maxLength>30</maxLength><minLength>1</minLength><pattern>$$yy$$STM-$$SEQ05$$</pattern><radixValue>10</radixValue><seqName>AMS/Storm//</seqName></mask>
<mask><name>AMS/Street//</name><serviceProviderCode>BPTDEV</serviceProviderCode><type>Cap ID</type><auditModel><auditDate>2014-03-12T10:45:43-06:00</auditDate><auditID>SYSTEM</auditID><auditStatus>A</auditStatus></auditModel><description>Street Department Work Order</description><maxLength>30</maxLength><minLength>1</minLength><pattern>$$yy$$STR-$$SEQ05$$</pattern><radixValue>10</radixValue><seqName>AMS/Street//</seqName></mask>
<mask><name>AMS/Water//</name><serviceProviderCode>BPTDEV</serviceProviderCode><type>Cap ID</type><auditModel><auditDate>2014-03-11T17:07:40-06:00</auditDate><auditID>SYSTEM</auditID><auditStatus>A</auditStatus></auditModel><description>Water Dept Work Orders</description><maxLength>30</maxLength><minLength>1</minLength><pattern>$$yy$$WTR-$$SEQ05$$</pattern><radixValue>10</radixValue><seqName>AMS/Water//</seqName></mask>
</list>