<?xml version="1.0" encoding="UTF-8" standalone="yes"?>
<list  version="8.0.0" minorVersion="15" exportUser="ADMIN" exportDateTime="03/30/2016 08:00 PM" description="null"><refFeeSchedule refId="1@RefFeeScheduleModel"><serviceProviderCode>BPTDEV</serviceProviderCode><feeScheduleName>NONE</feeScheduleName><feeScheduleVersion>V1.0</feeScheduleVersion><auditModel><auditDate>2012-01-21T08:22:01-07:00</auditDate><auditID>ADMIN</auditID><auditStatus>A</auditStatus></auditModel><effDate>2011-12-30T18:00:00-07:00</effDate><refFeeItemModels/><refFeeScheduleI18NModels/><feeScheduleModuleModels/><refFeeItemgroups/></refFeeSchedule>
</list>