<?xml version="1.0" encoding="UTF-8" standalone="yes"?>
<list  version="8.0.0" minorVersion="12" exportUser="ADMIN" exportDateTime="06/14/2016 12:36 PM" description="null"><notificationTemplate><resId>10258</resId><serviceProviderCode>ATOM</serviceProviderCode><auditModel><auditDate>2016-05-27T11:54:50-07:00</auditDate><auditID>ADMIN</auditID><auditStatus>A</auditStatus></auditModel><isEmailSelected>Y</isEmailSelected><isReserved>Y</isReserved><isSMSSelected>Y</isSMSSelected><notificationTemplateI18NModels/><templateName>ACA_MESSAGE_SENDPASSWORD</templateName></notificationTemplate>
<notificationTemplate><resId>10259</resId><serviceProviderCode>ATOM</serviceProviderCode><auditModel><auditDate>2016-05-27T11:54:50-07:00</auditDate><auditID>ADMIN</auditID><auditStatus>A</auditStatus></auditModel><isEmailSelected>Y</isEmailSelected><isReserved>Y</isReserved><isSMSSelected>Y</isSMSSelected><notificationTemplateI18NModels/><templateName>ACA_ACTIVATION_MESSAGE</templateName></notificationTemplate>
<notificationTemplate><resId>10260</resId><serviceProviderCode>ATOM</serviceProviderCode><auditModel><auditDate>2016-05-27T11:54:50-07:00</auditDate><auditID>ADMIN</auditID><auditStatus>A</auditStatus></auditModel><isEmailSelected>Y</isEmailSelected><isReserved>Y</isReserved><isSMSSelected>Y</isSMSSelected><notificationTemplateI18NModels/><templateName>ACA_INACTIVATION_MESSAGE</templateName></notificationTemplate>
<notificationTemplate><resId>10261</resId><serviceProviderCode>ATOM</serviceProviderCode><auditModel><auditDate>2016-05-27T11:54:50-07:00</auditDate><auditID>ADMIN</auditID><auditStatus>A</auditStatus></auditModel><isEmailSelected>Y</isEmailSelected><isReserved>Y</isReserved><isSMSSelected>Y</isSMSSelected><notificationTemplateI18NModels/><templateName>ACA_AGENCY_ACTIVATION_MESSAGE</templateName></notificationTemplate>
</list>