<?xml version="1.0" encoding="UTF-8" standalone="yes"?>
<list  version="8.0.0" minorVersion="20" exportUser="ADMIN" exportDateTime="06/30/2016 10:22 AM" description="EnvHealth Record Types"><applicationStatusGroup><appStatusGroupCode>EH_APP</appStatusGroupCode><serviceProviderCode>BPTDEV</serviceProviderCode><appStatusGroupModels><appStatusGroupModel refId="1@AppStatusGroupModel"><serviceProviderCode>BPTDEV</serviceProviderCode><appStatusGroupCode>EH_APP</appStatusGroupCode><status>Accepted</status><appStatusGroupI18Ns/><auditModel><auditDate>2016-01-18T02:36:01-07:00</auditDate><auditID>ADMIN</auditID><auditStatus>A</auditStatus></auditModel><statusType>PENDING</statusType></appStatusGroupModel><appStatusGroupModel refId="2@AppStatusGroupModel"><serviceProviderCode>BPTDEV</serviceProviderCode><appStatusGroupCode>EH_APP</appStatusGroupCode><status>Additional Info Needed</status><appStatusGroupI18Ns/><auditModel><auditDate>2016-01-18T02:35:36-07:00</auditDate><auditID>ADMIN</auditID><auditStatus>A</auditStatus></auditModel><statusType>INCOMPLETE</statusType></appStatusGroupModel><appStatusGroupModel refId="3@AppStatusGroupModel"><serviceProviderCode>BPTDEV</serviceProviderCode><appStatusGroupCode>EH_APP</appStatusGroupCode><status>Denied</status><appStatusGroupI18Ns/><auditModel><auditDate>2016-01-18T02:35:43-07:00</auditDate><auditID>ADMIN</auditID><auditStatus>A</auditStatus></auditModel><statusType>DENIED</statusType></appStatusGroupModel><appStatusGroupModel refId="4@AppStatusGroupModel"><serviceProviderCode>BPTDEV</serviceProviderCode><appStatusGroupCode>EH_APP</appStatusGroupCode><status>In-Review</status><appStatusGroupI18Ns/><auditModel><auditDate>2016-01-18T02:36:27-07:00</auditDate><auditID>ADMIN</auditID><auditStatus>A</auditStatus></auditModel><statusType>PENDING</statusType></appStatusGroupModel><appStatusGroupModel refId="5@AppStatusGroupModel"><serviceProviderCode>BPTDEV</serviceProviderCode><appStatusGroupCode>EH_APP</appStatusGroupCode><status>Inspection Passed</status><appStatusGroupI18Ns/><auditModel><auditDate>2016-01-18T02:36:56-07:00</auditDate><auditID>ADMIN</auditID><auditStatus>A</auditStatus></auditModel><statusType>PENDING</statusType></appStatusGroupModel><appStatusGroupModel refId="6@AppStatusGroupModel"><serviceProviderCode>BPTDEV</serviceProviderCode><appStatusGroupCode>EH_APP</appStatusGroupCode><status>Issued</status><appStatusGroupI18Ns/><auditModel><auditDate>2016-01-18T02:36:18-07:00</auditDate><auditID>ADMIN</auditID><auditStatus>A</auditStatus></auditModel><statusType>COMPLETE</statusType></appStatusGroupModel><appStatusGroupModel refId="7@AppStatusGroupModel"><serviceProviderCode>BPTDEV</serviceProviderCode><appStatusGroupCode>EH_APP</appStatusGroupCode><status>No Plan Review Required</status><appStatusGroupI18Ns/><auditModel><auditDate>2016-01-18T02:36:42-07:00</auditDate><auditID>ADMIN</auditID><auditStatus>A</auditStatus></auditModel><statusType>PENDING</statusType></appStatusGroupModel><appStatusGroupModel refId="8@AppStatusGroupModel"><serviceProviderCode>BPTDEV</serviceProviderCode><appStatusGroupCode>EH_APP</appStatusGroupCode><status>Pending</status><appStatusGroupI18Ns/><auditModel><auditDate>2016-01-18T02:35:29-07:00</auditDate><auditID>ADMIN</auditID><auditStatus>A</auditStatus></auditModel><statusType>PENDING</statusType></appStatusGroupModel><appStatusGroupModel refId="9@AppStatusGroupModel"><serviceProviderCode>BPTDEV</serviceProviderCode><appStatusGroupCode>EH_APP</appStatusGroupCode><status>Plan Review Required</status><appStatusGroupI18Ns/><auditModel><auditDate>2016-01-18T02:36:34-07:00</auditDate><auditID>ADMIN</auditID><auditStatus>A</auditStatus></auditModel><statusType>PENDING</statusType></appStatusGroupModel><appStatusGroupModel refId="10@AppStatusGroupModel"><serviceProviderCode>BPTDEV</serviceProviderCode><appStatusGroupCode>EH_APP</appStatusGroupCode><status>Plans Approved</status><appStatusGroupI18Ns/><auditModel><auditDate>2016-01-18T02:36:10-07:00</auditDate><auditID>ADMIN</auditID><auditStatus>A</auditStatus></auditModel><statusType>OPEN</statusType></appStatusGroupModel><appStatusGroupModel refId="11@AppStatusGroupModel"><serviceProviderCode>BPTDEV</serviceProviderCode><appStatusGroupCode>EH_APP</appStatusGroupCode><status>Re-Inspection Required</status><appStatusGroupI18Ns/><auditModel><auditDate>2016-01-18T02:38:30-07:00</auditDate><auditID>ADMIN</auditID><auditStatus>A</auditStatus></auditModel><statusType>PENDING</statusType></appStatusGroupModel><appStatusGroupModel refId="12@AppStatusGroupModel"><serviceProviderCode>BPTDEV</serviceProviderCode><appStatusGroupCode>EH_APP</appStatusGroupCode><status>Received</status><appStatusGroupI18Ns/><auditModel><auditDate>2016-01-18T02:35:23-07:00</auditDate><auditID>ADMIN</auditID><auditStatus>A</auditStatus></auditModel><statusType>PENDING</statusType></appStatusGroupModel><appStatusGroupModel refId="13@AppStatusGroupModel"><serviceProviderCode>BPTDEV</serviceProviderCode><appStatusGroupCode>EH_APP</appStatusGroupCode><status>Void</status><appStatusGroupI18Ns/><auditModel><auditDate>2016-02-18T18:37:45-07:00</auditDate><auditID>ADMIN</auditID><auditStatus>A</auditStatus></auditModel><statusType>VOID</statusType></appStatusGroupModel><appStatusGroupModel refId="14@AppStatusGroupModel"><serviceProviderCode>BPTDEV</serviceProviderCode><appStatusGroupCode>EH_APP</appStatusGroupCode><status>Withdrawn</status><appStatusGroupI18Ns/><auditModel><auditDate>2016-01-18T02:35:52-07:00</auditDate><auditID>ADMIN</auditID><auditStatus>A</auditStatus></auditModel><statusType>VOID</statusType></appStatusGroupModel></appStatusGroupModels></applicationStatusGroup>
<applicationStatusGroup><appStatusGroupCode>EH_PMT</appStatusGroupCode><serviceProviderCode>BPTDEV</serviceProviderCode><appStatusGroupModels><appStatusGroupModel refId="1@AppStatusGroupModel"><serviceProviderCode>BPTDEV</serviceProviderCode><appStatusGroupCode>EH_PMT</appStatusGroupCode><status>Active</status><appStatusGroupI18Ns/><auditModel><auditDate>2016-01-18T23:24:43-07:00</auditDate><auditID>ADMIN</auditID><auditStatus>A</auditStatus></auditModel><statusType>APPROVED</statusType></appStatusGroupModel><appStatusGroupModel refId="2@AppStatusGroupModel"><serviceProviderCode>BPTDEV</serviceProviderCode><appStatusGroupCode>EH_PMT</appStatusGroupCode><status>Delinquent</status><appStatusGroupI18Ns/><auditModel><auditDate>2016-01-18T23:24:52-07:00</auditDate><auditID>ADMIN</auditID><auditStatus>A</auditStatus></auditModel><statusType>OPEN</statusType></appStatusGroupModel><appStatusGroupModel refId="3@AppStatusGroupModel"><serviceProviderCode>BPTDEV</serviceProviderCode><appStatusGroupCode>EH_PMT</appStatusGroupCode><status>Expired</status><appStatusGroupI18Ns/><auditModel><auditDate>2016-01-18T23:25:13-07:00</auditDate><auditID>ADMIN</auditID><auditStatus>A</auditStatus></auditModel><statusType>CLOSED</statusType></appStatusGroupModel><appStatusGroupModel refId="4@AppStatusGroupModel"><serviceProviderCode>BPTDEV</serviceProviderCode><appStatusGroupCode>EH_PMT</appStatusGroupCode><status>Pending</status><appStatusGroupI18Ns/><auditModel><auditDate>2016-01-18T23:25:22-07:00</auditDate><auditID>ADMIN</auditID><auditStatus>A</auditStatus></auditModel><statusType>PENDING</statusType></appStatusGroupModel><appStatusGroupModel refId="5@AppStatusGroupModel"><serviceProviderCode>BPTDEV</serviceProviderCode><appStatusGroupCode>EH_PMT</appStatusGroupCode><status>Revoked</status><appStatusGroupI18Ns/><auditModel><auditDate>2016-01-18T23:25:33-07:00</auditDate><auditID>ADMIN</auditID><auditStatus>A</auditStatus></auditModel><statusType>CLOSED</statusType></appStatusGroupModel><appStatusGroupModel refId="6@AppStatusGroupModel"><serviceProviderCode>BPTDEV</serviceProviderCode><appStatusGroupCode>EH_PMT</appStatusGroupCode><status>Suspended</status><appStatusGroupI18Ns/><auditModel><auditDate>2016-01-18T23:25:43-07:00</auditDate><auditID>ADMIN</auditID><auditStatus>A</auditStatus></auditModel><statusType>OPEN</statusType></appStatusGroupModel><appStatusGroupModel refId="7@AppStatusGroupModel"><serviceProviderCode>BPTDEV</serviceProviderCode><appStatusGroupCode>EH_PMT</appStatusGroupCode><status>Void</status><appStatusGroupI18Ns/><auditModel><auditDate>2016-01-18T23:25:50-07:00</auditDate><auditID>ADMIN</auditID><auditStatus>A</auditStatus></auditModel><statusType>VOID</statusType></appStatusGroupModel><appStatusGroupModel refId="8@AppStatusGroupModel"><serviceProviderCode>BPTDEV</serviceProviderCode><appStatusGroupCode>EH_PMT</appStatusGroupCode><status>Withdrawn</status><appStatusGroupI18Ns/><auditModel><auditDate>2016-01-18T23:26:01-07:00</auditDate><auditID>ADMIN</auditID><auditStatus>A</auditStatus></auditModel><statusType>VOID</statusType></appStatusGroupModel></appStatusGroupModels></applicationStatusGroup>
<applicationStatusGroup><appStatusGroupCode>EH_CMP</appStatusGroupCode><serviceProviderCode>BPTDEV</serviceProviderCode><appStatusGroupModels><appStatusGroupModel refId="1@AppStatusGroupModel"><serviceProviderCode>BPTDEV</serviceProviderCode><appStatusGroupCode>EH_CMP</appStatusGroupCode><status>Closed - Abated</status><appStatusGroupI18Ns/><auditModel><auditDate>2016-04-24T20:26:11-06:00</auditDate><auditID>ADMIN</auditID><auditStatus>A</auditStatus></auditModel><statusType>COMPLETE</statusType></appStatusGroupModel><appStatusGroupModel refId="2@AppStatusGroupModel"><serviceProviderCode>BPTDEV</serviceProviderCode><appStatusGroupCode>EH_CMP</appStatusGroupCode><status>Closed - Unsubstantiated</status><appStatusGroupI18Ns/><auditModel><auditDate>2016-04-24T20:27:12-06:00</auditDate><auditID>ADMIN</auditID><auditStatus>A</auditStatus></auditModel><statusType>COMPLETE</statusType></appStatusGroupModel><appStatusGroupModel refId="3@AppStatusGroupModel"><serviceProviderCode>BPTDEV</serviceProviderCode><appStatusGroupCode>EH_CMP</appStatusGroupCode><status>Pending</status><appStatusGroupI18Ns/><auditModel><auditDate>2016-04-24T20:25:51-06:00</auditDate><auditID>ADMIN</auditID><auditStatus>A</auditStatus></auditModel><statusType>PENDING</statusType></appStatusGroupModel><appStatusGroupModel refId="4@AppStatusGroupModel"><serviceProviderCode>BPTDEV</serviceProviderCode><appStatusGroupCode>EH_CMP</appStatusGroupCode><status>Received</status><appStatusGroupI18Ns/><auditModel><auditDate>2016-04-24T20:25:43-06:00</auditDate><auditID>ADMIN</auditID><auditStatus>A</auditStatus></auditModel><statusType>PENDING</statusType></appStatusGroupModel><appStatusGroupModel refId="5@AppStatusGroupModel"><serviceProviderCode>BPTDEV</serviceProviderCode><appStatusGroupCode>EH_CMP</appStatusGroupCode><status>Referred</status><appStatusGroupI18Ns/><auditModel><auditDate>2016-04-24T20:26:21-06:00</auditDate><auditID>ADMIN</auditID><auditStatus>A</auditStatus></auditModel><statusType>COMPLETE</statusType></appStatusGroupModel><appStatusGroupModel refId="6@AppStatusGroupModel"><serviceProviderCode>BPTDEV</serviceProviderCode><appStatusGroupCode>EH_CMP</appStatusGroupCode><status>Void</status><appStatusGroupI18Ns/><auditModel><auditDate>2016-04-24T20:27:21-06:00</auditDate><auditID>ADMIN</auditID><auditStatus>A</auditStatus></auditModel><statusType>VOID</statusType></appStatusGroupModel></appStatusGroupModels></applicationStatusGroup>
<applicationStatusGroup><appStatusGroupCode>EH_FAC</appStatusGroupCode><serviceProviderCode>BPTDEV</serviceProviderCode><appStatusGroupModels><appStatusGroupModel refId="1@AppStatusGroupModel"><serviceProviderCode>BPTDEV</serviceProviderCode><appStatusGroupCode>EH_FAC</appStatusGroupCode><status>Active</status><appStatusGroupI18Ns/><auditModel><auditDate>2016-04-04T23:56:49-06:00</auditDate><auditID>ADMIN</auditID><auditStatus>A</auditStatus></auditModel><statusType>APPROVED</statusType></appStatusGroupModel><appStatusGroupModel refId="2@AppStatusGroupModel"><serviceProviderCode>BPTDEV</serviceProviderCode><appStatusGroupCode>EH_FAC</appStatusGroupCode><status>Expired</status><appStatusGroupI18Ns/><auditModel><auditDate>2016-04-04T23:56:54-06:00</auditDate><auditID>ADMIN</auditID><auditStatus>A</auditStatus></auditModel><statusType>CLOSED</statusType></appStatusGroupModel><appStatusGroupModel refId="3@AppStatusGroupModel"><serviceProviderCode>BPTDEV</serviceProviderCode><appStatusGroupCode>EH_FAC</appStatusGroupCode><status>Pending</status><appStatusGroupI18Ns/><auditModel><auditDate>2016-04-04T23:57:01-06:00</auditDate><auditID>ADMIN</auditID><auditStatus>A</auditStatus></auditModel><statusType>PENDING</statusType></appStatusGroupModel><appStatusGroupModel refId="4@AppStatusGroupModel"><serviceProviderCode>BPTDEV</serviceProviderCode><appStatusGroupCode>EH_FAC</appStatusGroupCode><status>Suspended</status><appStatusGroupI18Ns/><auditModel><auditDate>2016-04-04T23:57:08-06:00</auditDate><auditID>ADMIN</auditID><auditStatus>A</auditStatus></auditModel><statusType>OPEN</statusType></appStatusGroupModel><appStatusGroupModel refId="5@AppStatusGroupModel"><serviceProviderCode>BPTDEV</serviceProviderCode><appStatusGroupCode>EH_FAC</appStatusGroupCode><status>Void</status><appStatusGroupI18Ns/><auditModel><auditDate>2016-04-04T23:57:16-06:00</auditDate><auditID>ADMIN</auditID><auditStatus>A</auditStatus></auditModel><statusType>VOID</statusType></appStatusGroupModel><appStatusGroupModel refId="6@AppStatusGroupModel"><serviceProviderCode>BPTDEV</serviceProviderCode><appStatusGroupCode>EH_FAC</appStatusGroupCode><status>Withdrawn</status><appStatusGroupI18Ns/><auditModel><auditDate>2016-04-04T23:57:22-06:00</auditDate><auditID>ADMIN</auditID><auditStatus>A</auditStatus></auditModel><statusType>VOID</statusType></appStatusGroupModel></appStatusGroupModels></applicationStatusGroup>
</list>