<?xml version="1.0" encoding="UTF-8" standalone="yes"?>
<list  version="8.0.0" minorVersion="20" exportUser="ADMIN" exportDateTime="06/30/2016 10:22 AM" description="EnvHealth Record Types"><checklistGroup><guideGroup>EnvHealth Food Pre-Operational</guideGroup><serviceProviderCode>BPTDEV</serviceProviderCode><guideSheetGroupModels><guideSheetGroupModel><serviceProviderCode>BPTDEV</serviceProviderCode><guideGroup>EnvHealth Food Pre-Operational</guideGroup><guideType>EnvHealth Food Pre-Operational</guideType><auditModel><auditDate>2016-04-14T03:22:37-06:00</auditDate><auditID>ADMIN</auditID><auditStatus>A</auditStatus></auditModel><guideAutoCreate>Y</guideAutoCreate><guideItemDisplayOrder>1</guideItemDisplayOrder><guideSheetGroupI18ns/></guideSheetGroupModel></guideSheetGroupModels></checklistGroup>
<checklistGroup><guideGroup>EnvHealth Food Routine</guideGroup><serviceProviderCode>BPTDEV</serviceProviderCode><guideSheetGroupModels><guideSheetGroupModel><serviceProviderCode>BPTDEV</serviceProviderCode><guideGroup>EnvHealth Food Routine</guideGroup><guideType>EnvHealth Food Routine</guideType><auditModel><auditDate>2016-04-14T03:22:54-06:00</auditDate><auditID>ADMIN</auditID><auditStatus>A</auditStatus></auditModel><guideAutoCreate>Y</guideAutoCreate><guideItemDisplayOrder>1</guideItemDisplayOrder><guideSheetGroupI18ns/></guideSheetGroupModel></guideSheetGroupModels></checklistGroup>
</list>