<?xml version="1.0" encoding="UTF-8" standalone="yes"?>
<list  version="8.0.0" minorVersion="20" exportUser="ADMIN" exportDateTime="06/30/2016 10:22 AM" description="EnvHealth Record Types"><inspectionGroup><inspCode>EH_GEN_APP</inspCode><servProvCode>BPTDEV</servProvCode><inspGroupName>Program Application</inspGroupName><inspectionSec>EH_GEN_APP/%</inspectionSec><inspectionTypeModels><inspectionTypeModel><inspSeqNbr>84020821</inspSeqNbr><servProvCode>BPTDEV</servProvCode><allowFailedGuidesheet>Y</allowFailedGuidesheet><allowMultiInspInAca>N</allowMultiInspInAca><autoAssign>N</autoAssign><displayInAca>Y</displayInAca><flowEnabled>N</flowEnabled><inspCode>EH_GEN_APP</inspCode><inspEditable>Y</inspEditable><inspGroupName>Program Application</inspGroupName><inspRequired>N</inspRequired><inspResultGroup>EH_GEN</inspResultGroup><inspType>Pre-Operational Inspection</inspType><inspectionTypeI18ns/><recDate>2016-06-10T16:17:16-06:00</recDate><recFulNam>ADMIN</recFulNam><recStatus>A</recStatus><totalScoreOption>SUM(list)</totalScoreOption></inspectionTypeModel><inspectionTypeModel><inspSeqNbr>84020822</inspSeqNbr><servProvCode>BPTDEV</servProvCode><allowFailedGuidesheet>Y</allowFailedGuidesheet><allowMultiInspInAca>N</allowMultiInspInAca><autoAssign>N</autoAssign><displayInAca>Y</displayInAca><flowEnabled>N</flowEnabled><inspCode>EH_GEN_APP</inspCode><inspEditable>Y</inspEditable><inspGroupName>Program Application</inspGroupName><inspRequired>N</inspRequired><inspResultGroup>EH_GEN</inspResultGroup><inspType>Follow-up Inspection</inspType><inspectionTypeI18ns/><recDate>2016-06-10T16:17:16-06:00</recDate><recFulNam>ADMIN</recFulNam><recStatus>A</recStatus><totalScoreOption>SUM(list)</totalScoreOption></inspectionTypeModel></inspectionTypeModels><inspectionTypeSecurityModels/><isDepartmentSelected>Y</isDepartmentSelected><isGradeGroupSelected>Y</isGradeGroupSelected><isGuideSheetSelected>Y</isGuideSheetSelected><isRelatedInspSelected>Y</isRelatedInspSelected><isResultGroupSelected>Y</isResultGroupSelected><isSecutirySelected>Y</isSecutirySelected></inspectionGroup>
<inspectionGroup><inspCode>EH_GEN_PMT</inspCode><servProvCode>BPTDEV</servProvCode><inspGroupName>Program Permit</inspGroupName><inspectionSec>EH_GEN_PMT/%</inspectionSec><inspectionTypeModels><inspectionTypeModel><inspSeqNbr>84020823</inspSeqNbr><servProvCode>BPTDEV</servProvCode><allowFailedGuidesheet>Y</allowFailedGuidesheet><allowMultiInspInAca>N</allowMultiInspInAca><autoAssign>N</autoAssign><displayInAca>Y</displayInAca><flowEnabled>N</flowEnabled><inspCode>EH_GEN_PMT</inspCode><inspEditable>Y</inspEditable><inspGroupName>Program Permit</inspGroupName><inspRequired>N</inspRequired><inspResultGroup>EH_GEN</inspResultGroup><inspType>Complaint Investigation</inspType><inspectionTypeI18ns/><recDate>2016-05-26T10:27:09-06:00</recDate><recFulNam>ADMIN</recFulNam><recStatus>A</recStatus><totalScoreOption>SUM(list)</totalScoreOption></inspectionTypeModel><inspectionTypeModel><inspSeqNbr>84020824</inspSeqNbr><servProvCode>BPTDEV</servProvCode><allowFailedGuidesheet>Y</allowFailedGuidesheet><allowMultiInspInAca>N</allowMultiInspInAca><autoAssign>N</autoAssign><displayInAca>Y</displayInAca><flowEnabled>N</flowEnabled><inspCode>EH_GEN_PMT</inspCode><inspEditable>Y</inspEditable><inspGroupName>Program Permit</inspGroupName><inspRequired>N</inspRequired><inspResultGroup>EH_GEN</inspResultGroup><inspType>Routine Inspection</inspType><inspectionTypeI18ns/><recDate>2016-05-26T10:27:09-06:00</recDate><recFulNam>ADMIN</recFulNam><recStatus>A</recStatus><totalScoreOption>SUM(list)</totalScoreOption></inspectionTypeModel><inspectionTypeModel><inspSeqNbr>84020825</inspSeqNbr><servProvCode>BPTDEV</servProvCode><allowFailedGuidesheet>Y</allowFailedGuidesheet><allowMultiInspInAca>N</allowMultiInspInAca><autoAssign>N</autoAssign><displayInAca>Y</displayInAca><flowEnabled>N</flowEnabled><inspCode>EH_GEN_PMT</inspCode><inspEditable>Y</inspEditable><inspGroupName>Program Permit</inspGroupName><inspRequired>N</inspRequired><inspResultGroup>EH_GEN</inspResultGroup><inspType>Follow-up Inspection</inspType><inspectionTypeI18ns/><recDate>2016-05-26T10:27:09-06:00</recDate><recFulNam>ADMIN</recFulNam><recStatus>A</recStatus><totalScoreOption>SUM(list)</totalScoreOption></inspectionTypeModel></inspectionTypeModels><inspectionTypeSecurityModels/><isDepartmentSelected>Y</isDepartmentSelected><isGradeGroupSelected>Y</isGradeGroupSelected><isGuideSheetSelected>Y</isGuideSheetSelected><isRelatedInspSelected>Y</isRelatedInspSelected><isResultGroupSelected>Y</isResultGroupSelected><isSecutirySelected>Y</isSecutirySelected></inspectionGroup>
<inspectionGroup><inspCode>EH_CMP</inspCode><servProvCode>BPTDEV</servProvCode><inspGroupName>Environmental Health Complaint</inspGroupName><inspectionSec>EH_CMP/%</inspectionSec><inspectionTypeModels><inspectionTypeModel><inspSeqNbr>84020826</inspSeqNbr><servProvCode>BPTDEV</servProvCode><allowFailedGuidesheet>Y</allowFailedGuidesheet><allowMultiInspInAca>N</allowMultiInspInAca><autoAssign>N</autoAssign><displayInAca>Y</displayInAca><flowEnabled>N</flowEnabled><inspCode>EH_CMP</inspCode><inspEditable>Y</inspEditable><inspGroupName>Environmental Health Complaint</inspGroupName><inspRequired>N</inspRequired><inspResultGroup>EH_GEN</inspResultGroup><inspType>Complaint Investigation</inspType><inspectionTypeI18ns/><recDate>2016-04-24T20:57:10-06:00</recDate><recFulNam>ADMIN</recFulNam><recStatus>A</recStatus><totalScoreOption>SUM(list)</totalScoreOption></inspectionTypeModel></inspectionTypeModels><inspectionTypeSecurityModels/><isDepartmentSelected>Y</isDepartmentSelected><isGradeGroupSelected>Y</isGradeGroupSelected><isGuideSheetSelected>Y</isGuideSheetSelected><isRelatedInspSelected>Y</isRelatedInspSelected><isResultGroupSelected>Y</isResultGroupSelected><isSecutirySelected>Y</isSecutirySelected></inspectionGroup>
<inspectionGroup><inspCode>EH_FOOD_APP</inspCode><servProvCode>BPTDEV</servProvCode><inspGroupName>Food Program Application</inspGroupName><inspectionSec>EH_FOOD_APP/%</inspectionSec><inspectionTypeModels><inspectionTypeModel><inspSeqNbr>84020827</inspSeqNbr><servProvCode>BPTDEV</servProvCode><allowFailedGuidesheet>Y</allowFailedGuidesheet><allowMultiInspInAca>N</allowMultiInspInAca><autoAssign>N</autoAssign><displayInAca>Y</displayInAca><flowEnabled>N</flowEnabled><guideGroup>EnvHealth Food Pre-Operational</guideGroup><inspCode>EH_FOOD_APP</inspCode><inspEditable>Y</inspEditable><inspGroupName>Food Program Application</inspGroupName><inspPriority>10</inspPriority><inspRequired>N</inspRequired><inspResultGroup>EH_GEN</inspResultGroup><inspType>Pre-Operational Inspection</inspType><inspectionTypeI18ns/><recDate>2016-06-10T16:16:32-06:00</recDate><recFulNam>ADMIN</recFulNam><recStatus>A</recStatus><totalScoreOption>SUM(list)</totalScoreOption></inspectionTypeModel><inspectionTypeModel><inspSeqNbr>84020828</inspSeqNbr><servProvCode>BPTDEV</servProvCode><allowFailedGuidesheet>Y</allowFailedGuidesheet><allowMultiInspInAca>N</allowMultiInspInAca><autoAssign>N</autoAssign><displayInAca>Y</displayInAca><flowEnabled>N</flowEnabled><guideGroup>EnvHealth Food Pre-Operational</guideGroup><inspCode>EH_FOOD_APP</inspCode><inspEditable>Y</inspEditable><inspGroupName>Food Program Application</inspGroupName><inspRequired>N</inspRequired><inspResultGroup>EH_GEN</inspResultGroup><inspType>Follow-up Inspection</inspType><inspectionTypeI18ns/><recDate>2016-06-10T16:16:32-06:00</recDate><recFulNam>ADMIN</recFulNam><recStatus>A</recStatus><totalScoreOption>SUM(list)</totalScoreOption></inspectionTypeModel></inspectionTypeModels><inspectionTypeSecurityModels/><isDepartmentSelected>Y</isDepartmentSelected><isGradeGroupSelected>Y</isGradeGroupSelected><isGuideSheetSelected>Y</isGuideSheetSelected><isRelatedInspSelected>Y</isRelatedInspSelected><isResultGroupSelected>Y</isResultGroupSelected><isSecutirySelected>Y</isSecutirySelected></inspectionGroup>
<inspectionGroup><inspCode>EH_FOOD_PMT</inspCode><servProvCode>BPTDEV</servProvCode><inspGroupName>Food Program Permit</inspGroupName><inspectionSec>EH_FOOD_PMT/%</inspectionSec><inspectionTypeModels><inspectionTypeModel><inspSeqNbr>84020829</inspSeqNbr><servProvCode>BPTDEV</servProvCode><allowFailedGuidesheet>Y</allowFailedGuidesheet><allowMultiInspInAca>N</allowMultiInspInAca><autoAssign>N</autoAssign><displayInAca>Y</displayInAca><flowEnabled>N</flowEnabled><inspCode>EH_FOOD_PMT</inspCode><inspEditable>Y</inspEditable><inspGroupName>Food Program Permit</inspGroupName><inspPriority>40</inspPriority><inspRequired>N</inspRequired><inspResultGroup>EH_GEN</inspResultGroup><inspType>Follow-up Inspection</inspType><inspectionTypeI18ns/><recDate>2016-06-01T17:15:26-06:00</recDate><recFulNam>ADMIN</recFulNam><recStatus>A</recStatus><totalScoreOption>SUM(list)</totalScoreOption></inspectionTypeModel><inspectionTypeModel><inspSeqNbr>84020830</inspSeqNbr><servProvCode>BPTDEV</servProvCode><allowFailedGuidesheet>Y</allowFailedGuidesheet><allowMultiInspInAca>N</allowMultiInspInAca><autoAssign>N</autoAssign><displayInAca>Y</displayInAca><flowEnabled>N</flowEnabled><inspCode>EH_FOOD_PMT</inspCode><inspEditable>Y</inspEditable><inspGroupName>Food Program Permit</inspGroupName><inspPriority>30</inspPriority><inspRequired>N</inspRequired><inspResultGroup>EH_GEN</inspResultGroup><inspType>Complaint Investigation</inspType><inspectionTypeI18ns/><recDate>2016-06-01T17:15:26-06:00</recDate><recFulNam>ADMIN</recFulNam><recStatus>A</recStatus><totalScoreOption>SUM(list)</totalScoreOption></inspectionTypeModel><inspectionTypeModel><inspSeqNbr>84020831</inspSeqNbr><servProvCode>BPTDEV</servProvCode><allowFailedGuidesheet>Y</allowFailedGuidesheet><allowMultiInspInAca>N</allowMultiInspInAca><autoAssign>N</autoAssign><displayInAca>Y</displayInAca><flowEnabled>N</flowEnabled><inspCode>EH_FOOD_PMT</inspCode><inspEditable>Y</inspEditable><inspGroupName>Food Program Permit</inspGroupName><inspPriority>10</inspPriority><inspRequired>N</inspRequired><inspResultGroup>EH_GEN</inspResultGroup><inspType>Observational Inspection</inspType><inspectionTypeI18ns/><recDate>2016-06-01T17:15:26-06:00</recDate><recFulNam>ADMIN</recFulNam><recStatus>A</recStatus><totalScoreOption>SUM(list)</totalScoreOption></inspectionTypeModel><inspectionTypeModel><inspSeqNbr>84020832</inspSeqNbr><servProvCode>BPTDEV</servProvCode><allowFailedGuidesheet>Y</allowFailedGuidesheet><allowMultiInspInAca>N</allowMultiInspInAca><autoAssign>N</autoAssign><displayInAca>Y</displayInAca><flowEnabled>N</flowEnabled><guideGroup>EnvHealth Food Routine</guideGroup><inspCode>EH_FOOD_PMT</inspCode><inspEditable>Y</inspEditable><inspGroupName>Food Program Permit</inspGroupName><inspPriority>20</inspPriority><inspRequired>N</inspRequired><inspResultGroup>EH_GEN</inspResultGroup><inspType>Routine Inspection</inspType><inspectionTypeI18ns/><recDate>2016-06-01T17:15:26-06:00</recDate><recFulNam>ADMIN</recFulNam><recStatus>A</recStatus><totalScoreOption>SUM(list)</totalScoreOption></inspectionTypeModel></inspectionTypeModels><inspectionTypeSecurityModels/><isDepartmentSelected>Y</isDepartmentSelected><isGradeGroupSelected>Y</isGradeGroupSelected><isGuideSheetSelected>Y</isGuideSheetSelected><isRelatedInspSelected>Y</isRelatedInspSelected><isResultGroupSelected>Y</isResultGroupSelected><isSecutirySelected>Y</isSecutirySelected></inspectionGroup>
</list>