﻿<?xml version="1.0" encoding="UTF-8" standalone="yes"?>
<list  version="8.0.0" minorVersion="20" exportUser="ADMIN" exportDateTime="06/30/2016 10:22 AM" description="EnvHealth Record Types"><refDocument refId="1@RefDocumentModel"><docCode>EH_BAF</docCode><docSeqNumber>233425</docSeqNumber><serviceProviderCode>BPTDEV</serviceProviderCode><auditModel><auditDate>2016-01-18T02:52:16-07:00</auditDate><auditID>ADMIN</auditID><auditStatus>A</auditStatus></auditModel><autoDownload>N</autoDownload><deleteRole>0101000000</deleteRole><XDocEntityTypes/><docStatusGroup>DOCUMENT STATUS</docStatusGroup><documentComment> </documentComment><refDocumentI18NModels/><documentType>Plans</documentType><documentsecurityModels/><restrictDocTypeForACA>Y</restrictDocTypeForACA><reviewStatusGroup>DOCUMENT REVIEW STATUS</reviewStatusGroup><titleRestrictRole>0101000000</titleRestrictRole><uploadRole>0101000000</uploadRole><viewRole>0101000000</viewRole></refDocument>
<refDocument refId="1@RefDocumentModel"><docCode>EH_BAF</docCode><docSeqNumber>233426</docSeqNumber><serviceProviderCode>BPTDEV</serviceProviderCode><auditModel><auditDate>2016-01-18T02:52:39-07:00</auditDate><auditID>ADMIN</auditID><auditStatus>A</auditStatus></auditModel><autoDownload>N</autoDownload><deleteRole>0101000000</deleteRole><XDocEntityTypes/><docStatusGroup>DOCUMENT STATUS</docStatusGroup><documentComment> </documentComment><refDocumentI18NModels/><documentType>Business License</documentType><documentsecurityModels/><restrictDocTypeForACA>Y</restrictDocTypeForACA><reviewStatusGroup>DOCUMENT REVIEW STATUS</reviewStatusGroup><titleRestrictRole>0101000000</titleRestrictRole><uploadRole>0101000000</uploadRole><viewRole>0101000000</viewRole></refDocument>
<refDocument refId="1@RefDocumentModel"><docCode>EH_BAF</docCode><docSeqNumber>233427</docSeqNumber><serviceProviderCode>BPTDEV</serviceProviderCode><auditModel><auditDate>2016-01-18T02:52:53-07:00</auditDate><auditID>ADMIN</auditID><auditStatus>A</auditStatus></auditModel><autoDownload>N</autoDownload><deleteRole>0101000000</deleteRole><XDocEntityTypes/><docStatusGroup>DOCUMENT STATUS</docStatusGroup><documentComment> </documentComment><refDocumentI18NModels/><documentType>Infection Prevention Control Plan</documentType><documentsecurityModels/><restrictDocTypeForACA>Y</restrictDocTypeForACA><reviewStatusGroup>DOCUMENT REVIEW STATUS</reviewStatusGroup><titleRestrictRole>0101000000</titleRestrictRole><uploadRole>0101000000</uploadRole><viewRole>0101000000</viewRole></refDocument>
<refDocument refId="1@RefDocumentModel"><docCode>EH_BAF</docCode><docSeqNumber>233428</docSeqNumber><serviceProviderCode>BPTDEV</serviceProviderCode><auditModel><auditDate>2016-01-18T02:53:07-07:00</auditDate><auditID>ADMIN</auditID><auditStatus>A</auditStatus></auditModel><autoDownload>N</autoDownload><deleteRole>0101000000</deleteRole><XDocEntityTypes/><docStatusGroup>DOCUMENT STATUS</docStatusGroup><documentComment> </documentComment><refDocumentI18NModels/><documentType>Customer Consent Forms</documentType><documentsecurityModels/><restrictDocTypeForACA>Y</restrictDocTypeForACA><reviewStatusGroup>DOCUMENT REVIEW STATUS</reviewStatusGroup><titleRestrictRole>0101000000</titleRestrictRole><uploadRole>0101000000</uploadRole><viewRole>0101000000</viewRole></refDocument>
<refDocument refId="1@RefDocumentModel"><docCode>EH_BAF</docCode><docSeqNumber>233429</docSeqNumber><serviceProviderCode>BPTDEV</serviceProviderCode><auditModel><auditDate>2016-01-18T02:53:21-07:00</auditDate><auditID>ADMIN</auditID><auditStatus>A</auditStatus></auditModel><autoDownload>N</autoDownload><deleteRole>0101000000</deleteRole><XDocEntityTypes/><docStatusGroup>DOCUMENT STATUS</docStatusGroup><documentComment> </documentComment><refDocumentI18NModels/><documentType>Customer Questionnaire Forms</documentType><documentsecurityModels/><restrictDocTypeForACA>Y</restrictDocTypeForACA><reviewStatusGroup>DOCUMENT REVIEW STATUS</reviewStatusGroup><titleRestrictRole>0101000000</titleRestrictRole><uploadRole>0101000000</uploadRole><viewRole>0101000000</viewRole></refDocument>
<refDocument refId="1@RefDocumentModel"><docCode>EH_BAF</docCode><docSeqNumber>233430</docSeqNumber><serviceProviderCode>BPTDEV</serviceProviderCode><auditModel><auditDate>2016-01-18T02:53:34-07:00</auditDate><auditID>ADMIN</auditID><auditStatus>A</auditStatus></auditModel><autoDownload>N</autoDownload><deleteRole>0101000000</deleteRole><XDocEntityTypes/><docStatusGroup>DOCUMENT STATUS</docStatusGroup><documentComment> </documentComment><refDocumentI18NModels/><documentType>Customer Aftercare Instructions</documentType><documentsecurityModels/><restrictDocTypeForACA>Y</restrictDocTypeForACA><reviewStatusGroup>DOCUMENT REVIEW STATUS</reviewStatusGroup><titleRestrictRole>0101000000</titleRestrictRole><uploadRole>0101000000</uploadRole><viewRole>0101000000</viewRole></refDocument>
<refDocument refId="1@RefDocumentModel"><docCode>EH_BAF</docCode><docSeqNumber>233431</docSeqNumber><serviceProviderCode>BPTDEV</serviceProviderCode><auditModel><auditDate>2016-01-18T02:53:50-07:00</auditDate><auditID>ADMIN</auditID><auditStatus>A</auditStatus></auditModel><autoDownload>N</autoDownload><deleteRole>0101000000</deleteRole><XDocEntityTypes/><docStatusGroup>DOCUMENT STATUS</docStatusGroup><documentComment> </documentComment><refDocumentI18NModels/><documentType>Negative Biological (spore) Indicate Test for the Autoclave</documentType><documentsecurityModels/><restrictDocTypeForACA>Y</restrictDocTypeForACA><reviewStatusGroup>DOCUMENT REVIEW STATUS</reviewStatusGroup><titleRestrictRole>0101000000</titleRestrictRole><uploadRole>0101000000</uploadRole><viewRole>0101000000</viewRole></refDocument>
<refDocument refId="1@RefDocumentModel"><docCode>EH_BAF</docCode><docSeqNumber>233432</docSeqNumber><serviceProviderCode>BPTDEV</serviceProviderCode><auditModel><auditDate>2016-01-18T02:54:06-07:00</auditDate><auditID>ADMIN</auditID><auditStatus>A</auditStatus></auditModel><autoDownload>N</autoDownload><deleteRole>0101000000</deleteRole><XDocEntityTypes/><docStatusGroup>DOCUMENT STATUS</docStatusGroup><documentComment> </documentComment><refDocumentI18NModels/><documentName>Agreement with an Approved Medical Waste Hauler or a Mail Back Program</documentName><documentType>Agreement with an Approved Medical Waste Hauler or a Mail Back Program for Sharp Waste Removal</documentType><documentsecurityModels/><restrictDocTypeForACA>Y</restrictDocTypeForACA><reviewStatusGroup>DOCUMENT REVIEW STATUS</reviewStatusGroup><titleRestrictRole>0101000000</titleRestrictRole><uploadRole>0101000000</uploadRole><viewRole>0101000000</viewRole></refDocument>
<refDocument refId="1@RefDocumentModel"><docCode>EH_BAF</docCode><docSeqNumber>233433</docSeqNumber><serviceProviderCode>BPTDEV</serviceProviderCode><auditModel><auditDate>2016-01-18T02:54:32-07:00</auditDate><auditID>ADMIN</auditID><auditStatus>A</auditStatus></auditModel><autoDownload>N</autoDownload><deleteRole>0101000000</deleteRole><XDocEntityTypes/><docStatusGroup>DOCUMENT STATUS</docStatusGroup><documentComment> </documentComment><refDocumentI18NModels/><documentType>Practitioner Registration Forms</documentType><documentsecurityModels/><restrictDocTypeForACA>Y</restrictDocTypeForACA><reviewStatusGroup>DOCUMENT REVIEW STATUS</reviewStatusGroup><titleRestrictRole>0101000000</titleRestrictRole><uploadRole>0101000000</uploadRole><viewRole>0101000000</viewRole></refDocument>
<refDocument refId="1@RefDocumentModel"><docCode>EH_CMP</docCode><docSeqNumber>233434</docSeqNumber><serviceProviderCode>BPTDEV</serviceProviderCode><auditModel><auditDate>2016-04-24T21:02:01-06:00</auditDate><auditID>ADMIN</auditID><auditStatus>A</auditStatus></auditModel><autoDownload>N</autoDownload><deleteRole>0101000000</deleteRole><XDocEntityTypes/><documentComment> </documentComment><refDocumentI18NModels/><documentType>Photo</documentType><documentsecurityModels/><restrictDocTypeForACA>Y</restrictDocTypeForACA><titleRestrictRole>0101000000</titleRestrictRole><uploadRole>0101000000</uploadRole><viewRole>0101000000</viewRole></refDocument>
<refDocument refId="1@RefDocumentModel"><docCode>EH_CMP</docCode><docSeqNumber>233435</docSeqNumber><serviceProviderCode>BPTDEV</serviceProviderCode><auditModel><auditDate>2016-04-24T21:02:14-06:00</auditDate><auditID>ADMIN</auditID><auditStatus>A</auditStatus></auditModel><autoDownload>N</autoDownload><deleteRole>0101000000</deleteRole><XDocEntityTypes/><documentComment> </documentComment><refDocumentI18NModels/><documentType>Document</documentType><documentsecurityModels/><restrictDocTypeForACA>Y</restrictDocTypeForACA><titleRestrictRole>0101000000</titleRestrictRole><uploadRole>0101000000</uploadRole><viewRole>0101000000</viewRole></refDocument>
<refDocument refId="1@RefDocumentModel"><docCode>EH_FOOD</docCode><docSeqNumber>233436</docSeqNumber><serviceProviderCode>BPTDEV</serviceProviderCode><auditModel><auditDate>2016-05-18T17:37:41-06:00</auditDate><auditID>ADMIN</auditID><auditStatus>A</auditStatus></auditModel><autoDownload>N</autoDownload><deleteRole>0101000000</deleteRole><XDocEntityTypes/><docStatusGroup>DOCUMENT STATUS</docStatusGroup><documentComment> </documentComment><refDocumentI18NModels/><documentType>Correspondence</documentType><documentsecurityModels/><restrictDocTypeForACA>Y</restrictDocTypeForACA><reviewStatusGroup>DOCUMENT REVIEW STATUS</reviewStatusGroup><titleRestrictRole>0101000000</titleRestrictRole><uploadRole>0101000000</uploadRole><viewRole>0101000000</viewRole></refDocument>
<refDocument refId="1@RefDocumentModel"><docCode>EH_FOOD</docCode><docSeqNumber>233437</docSeqNumber><serviceProviderCode>BPTDEV</serviceProviderCode><auditModel><auditDate>2016-05-18T17:37:31-06:00</auditDate><auditID>ADMIN</auditID><auditStatus>A</auditStatus></auditModel><autoDownload>N</autoDownload><deleteRole>0101000000</deleteRole><XDocEntityTypes/><docStatusGroup>DOCUMENT STATUS</docStatusGroup><documentComment> </documentComment><refDocumentI18NModels/><documentType>Compliance Forms</documentType><documentsecurityModels/><restrictDocTypeForACA>Y</restrictDocTypeForACA><reviewStatusGroup>DOCUMENT REVIEW STATUS</reviewStatusGroup><titleRestrictRole>0101000000</titleRestrictRole><uploadRole>0101000000</uploadRole><viewRole>0101000000</viewRole></refDocument>
<refDocument refId="1@RefDocumentModel"><docCode>EH_FOOD</docCode><docSeqNumber>233438</docSeqNumber><serviceProviderCode>BPTDEV</serviceProviderCode><auditModel><auditDate>2016-05-18T17:37:12-06:00</auditDate><auditID>ADMIN</auditID><auditStatus>A</auditStatus></auditModel><autoDownload>N</autoDownload><deleteRole>0101000000</deleteRole><XDocEntityTypes/><docStatusGroup>DOCUMENT STATUS</docStatusGroup><documentComment> </documentComment><refDocumentI18NModels/><documentType>Plans</documentType><documentsecurityModels/><restrictDocTypeForACA>Y</restrictDocTypeForACA><reviewStatusGroup>DOCUMENT REVIEW STATUS</reviewStatusGroup><titleRestrictRole>0101000000</titleRestrictRole><uploadRole>0101000000</uploadRole><viewRole>0101000000</viewRole></refDocument>
<refDocument refId="1@RefDocumentModel"><docCode>EH_MBL_CART</docCode><docSeqNumber>233439</docSeqNumber><serviceProviderCode>BPTDEV</serviceProviderCode><auditModel><auditDate>2016-02-25T01:02:08-07:00</auditDate><auditID>ADMIN</auditID><auditStatus>A</auditStatus></auditModel><autoDownload>N</autoDownload><deleteRole>0101000000</deleteRole><XDocEntityTypes/><docStatusGroup>DOCUMENT STATUS</docStatusGroup><documentComment> </documentComment><refDocumentI18NModels/><documentType>Commissary Approval Doc</documentType><documentsecurityModels/><restrictDocTypeForACA>Y</restrictDocTypeForACA><reviewStatusGroup>DOCUMENT REVIEW STATUS</reviewStatusGroup><titleRestrictRole>0101000000</titleRestrictRole><uploadRole>0101000000</uploadRole><viewRole>0101000000</viewRole></refDocument>
<refDocument refId="1@RefDocumentModel"><docCode>EH_MBL_CART</docCode><docSeqNumber>233440</docSeqNumber><serviceProviderCode>BPTDEV</serviceProviderCode><auditModel><auditDate>2016-02-25T01:02:39-07:00</auditDate><auditID>ADMIN</auditID><auditStatus>A</auditStatus></auditModel><autoDownload>N</autoDownload><deleteRole>0101000000</deleteRole><XDocEntityTypes/><docStatusGroup>DOCUMENT STATUS</docStatusGroup><documentComment> </documentComment><refDocumentI18NModels/><documentType>Plans</documentType><documentsecurityModels/><restrictDocTypeForACA>Y</restrictDocTypeForACA><reviewStatusGroup>DOCUMENT REVIEW STATUS</reviewStatusGroup><titleRestrictRole>0101000000</titleRestrictRole><uploadRole>0101000000</uploadRole><viewRole>0101000000</viewRole></refDocument>
<refDocument refId="1@RefDocumentModel"><docCode>EH_MBL_CART</docCode><docSeqNumber>233441</docSeqNumber><serviceProviderCode>BPTDEV</serviceProviderCode><auditModel><auditDate>2016-02-25T01:03:13-07:00</auditDate><auditID>ADMIN</auditID><auditStatus>A</auditStatus></auditModel><autoDownload>N</autoDownload><deleteRole>0101000000</deleteRole><XDocEntityTypes/><docStatusGroup>DOCUMENT STATUS</docStatusGroup><documentComment> </documentComment><refDocumentI18NModels/><documentType>Location List / Time Schedule</documentType><documentsecurityModels/><restrictDocTypeForACA>Y</restrictDocTypeForACA><reviewStatusGroup>DOCUMENT REVIEW STATUS</reviewStatusGroup><titleRestrictRole>0101000000</titleRestrictRole><uploadRole>0101000000</uploadRole><viewRole>0101000000</viewRole></refDocument>
<refDocument refId="1@RefDocumentModel"><docCode>EH_MBL_CART</docCode><docSeqNumber>233442</docSeqNumber><serviceProviderCode>BPTDEV</serviceProviderCode><auditModel><auditDate>2016-02-25T01:03:31-07:00</auditDate><auditID>ADMIN</auditID><auditStatus>A</auditStatus></auditModel><autoDownload>N</autoDownload><deleteRole>0101000000</deleteRole><XDocEntityTypes/><docStatusGroup>DOCUMENT STATUS</docStatusGroup><documentComment> </documentComment><refDocumentI18NModels/><documentType>Menu</documentType><documentsecurityModels/><restrictDocTypeForACA>Y</restrictDocTypeForACA><reviewStatusGroup>DOCUMENT REVIEW STATUS</reviewStatusGroup><titleRestrictRole>0101000000</titleRestrictRole><uploadRole>0101000000</uploadRole><viewRole>0101000000</viewRole></refDocument>
<refDocument refId="1@RefDocumentModel"><docCode>EH_MBL_CART</docCode><docSeqNumber>233443</docSeqNumber><serviceProviderCode>BPTDEV</serviceProviderCode><auditModel><auditDate>2016-02-25T01:04:41-07:00</auditDate><auditID>ADMIN</auditID><auditStatus>A</auditStatus></auditModel><autoDownload>N</autoDownload><deleteRole>0101000000</deleteRole><XDocEntityTypes/><docStatusGroup>DOCUMENT STATUS</docStatusGroup><documentComment> </documentComment><refDocumentI18NModels/><documentType>Food Preparation Sheet</documentType><documentsecurityModels/><restrictDocTypeForACA>Y</restrictDocTypeForACA><reviewStatusGroup>DOCUMENT REVIEW STATUS</reviewStatusGroup><titleRestrictRole>0101000000</titleRestrictRole><uploadRole>0101000000</uploadRole><viewRole>0101000000</viewRole></refDocument>
<refDocument refId="1@RefDocumentModel"><docCode>EH_POOL</docCode><docSeqNumber>233458</docSeqNumber><serviceProviderCode>BPTDEV</serviceProviderCode><auditModel><auditDate>2016-01-19T22:44:58-07:00</auditDate><auditID>ADMIN</auditID><auditStatus>A</auditStatus></auditModel><autoDownload>N</autoDownload><deleteRole>0101000000</deleteRole><XDocEntityTypes/><docStatusGroup>DOCUMENT STATUS</docStatusGroup><documentComment> </documentComment><refDocumentI18NModels/><documentType>Correspondence</documentType><documentsecurityModels/><restrictDocTypeForACA>Y</restrictDocTypeForACA><reviewStatusGroup>DOCUMENT REVIEW STATUS</reviewStatusGroup><titleRestrictRole>0101000000</titleRestrictRole><uploadRole>0101000000</uploadRole><viewRole>0101000000</viewRole></refDocument>
<refDocument refId="1@RefDocumentModel"><docCode>EH_POOL</docCode><docSeqNumber>233459</docSeqNumber><serviceProviderCode>BPTDEV</serviceProviderCode><auditModel><auditDate>2016-01-19T22:45:40-07:00</auditDate><auditID>ADMIN</auditID><auditStatus>A</auditStatus></auditModel><autoDownload>N</autoDownload><deleteRole>0101000000</deleteRole><XDocEntityTypes/><docStatusGroup>DOCUMENT STATUS</docStatusGroup><documentComment> </documentComment><refDocumentI18NModels/><documentType>Compliance Forms (Required for EnvHealth/Rec-Health/Pool/Application)</documentType><documentsecurityModels/><restrictDocTypeForACA>Y</restrictDocTypeForACA><reviewStatusGroup>DOCUMENT REVIEW STATUS</reviewStatusGroup><titleRestrictRole>0101000000</titleRestrictRole><uploadRole>0101000000</uploadRole><viewRole>0101000000</viewRole></refDocument>
<refDocument refId="1@RefDocumentModel"><docCode>EH_POOL</docCode><docSeqNumber>233460</docSeqNumber><serviceProviderCode>BPTDEV</serviceProviderCode><auditModel><auditDate>2016-01-19T22:46:01-07:00</auditDate><auditID>ADMIN</auditID><auditStatus>A</auditStatus></auditModel><autoDownload>N</autoDownload><deleteRole>0101000000</deleteRole><XDocEntityTypes/><docStatusGroup>DOCUMENT STATUS</docStatusGroup><documentComment> </documentComment><refDocumentI18NModels/><documentName>Equipment Schematic Diagrams (Required for EnvHealth/Rec-Health/Pool/Applicat</documentName><documentType>Equipment Schematic Diagrams (Required for EnvHealth/Rec-Health/Pool/Application)</documentType><documentsecurityModels/><restrictDocTypeForACA>Y</restrictDocTypeForACA><reviewStatusGroup>DOCUMENT REVIEW STATUS</reviewStatusGroup><titleRestrictRole>0101000000</titleRestrictRole><uploadRole>0101000000</uploadRole><viewRole>0101000000</viewRole></refDocument>
<refDocument refId="1@RefDocumentModel"><docCode>EH_POOL</docCode><docSeqNumber>233461</docSeqNumber><serviceProviderCode>BPTDEV</serviceProviderCode><auditModel><auditDate>2016-01-19T22:46:21-07:00</auditDate><auditID>ADMIN</auditID><auditStatus>A</auditStatus></auditModel><autoDownload>N</autoDownload><deleteRole>0101000000</deleteRole><XDocEntityTypes/><docStatusGroup>DOCUMENT STATUS</docStatusGroup><documentComment> </documentComment><refDocumentI18NModels/><documentType>Plans</documentType><documentsecurityModels/><restrictDocTypeForACA>Y</restrictDocTypeForACA><reviewStatusGroup>DOCUMENT REVIEW STATUS</reviewStatusGroup><titleRestrictRole>0101000000</titleRestrictRole><uploadRole>0101000000</uploadRole><viewRole>0101000000</viewRole></refDocument>
<refDocument refId="1@RefDocumentModel"><docCode>EH_WW</docCode><docSeqNumber>233452</docSeqNumber><serviceProviderCode>BPTDEV</serviceProviderCode><auditModel><auditDate>2016-01-19T01:02:26-07:00</auditDate><auditID>ADMIN</auditID><auditStatus>A</auditStatus></auditModel><autoDownload>N</autoDownload><deleteRole>0101000000</deleteRole><XDocEntityTypes/><docStatusGroup>DOCUMENT STATUS</docStatusGroup><documentComment> </documentComment><refDocumentI18NModels/><documentType>Plans</documentType><documentsecurityModels/><restrictDocTypeForACA>Y</restrictDocTypeForACA><reviewStatusGroup>DOCUMENT REVIEW STATUS</reviewStatusGroup><titleRestrictRole>0101000000</titleRestrictRole><uploadRole>0101000000</uploadRole><viewRole>0101000000</viewRole></refDocument>
<refDocument refId="1@RefDocumentModel"><docCode>EH_WW</docCode><docSeqNumber>233453</docSeqNumber><serviceProviderCode>BPTDEV</serviceProviderCode><auditModel><auditDate>2016-01-19T01:02:50-07:00</auditDate><auditID>ADMIN</auditID><auditStatus>A</auditStatus></auditModel><autoDownload>N</autoDownload><deleteRole>0101000000</deleteRole><XDocEntityTypes/><docStatusGroup>DOCUMENT STATUS</docStatusGroup><documentComment> </documentComment><refDocumentI18NModels/><documentName>Compliance Forms (proof of potable water optional for water well permi</documentName><documentType>Compliance Forms (proof of potable water optional for water well permit)</documentType><documentsecurityModels/><restrictDocTypeForACA>Y</restrictDocTypeForACA><reviewStatusGroup>DOCUMENT REVIEW STATUS</reviewStatusGroup><titleRestrictRole>0101000000</titleRestrictRole><uploadRole>0101000000</uploadRole><viewRole>0101000000</viewRole></refDocument>
<refDocument refId="1@RefDocumentModel"><docCode>EH_WW</docCode><docSeqNumber>233454</docSeqNumber><serviceProviderCode>BPTDEV</serviceProviderCode><auditModel><auditDate>2016-01-19T01:03:11-07:00</auditDate><auditID>ADMIN</auditID><auditStatus>A</auditStatus></auditModel><autoDownload>N</autoDownload><deleteRole>0101000000</deleteRole><XDocEntityTypes/><docStatusGroup>DOCUMENT STATUS</docStatusGroup><documentComment> </documentComment><refDocumentI18NModels/><documentType>Equipment Schematic Diagrams</documentType><documentsecurityModels/><restrictDocTypeForACA>Y</restrictDocTypeForACA><reviewStatusGroup>DOCUMENT REVIEW STATUS</reviewStatusGroup><titleRestrictRole>0101000000</titleRestrictRole><uploadRole>0101000000</uploadRole><viewRole>0101000000</viewRole></refDocument>
<refDocument refId="1@RefDocumentModel"><docCode>EH_WW</docCode><docSeqNumber>233455</docSeqNumber><serviceProviderCode>BPTDEV</serviceProviderCode><auditModel><auditDate>2016-01-19T01:03:26-07:00</auditDate><auditID>ADMIN</auditID><auditStatus>A</auditStatus></auditModel><autoDownload>N</autoDownload><deleteRole>0101000000</deleteRole><XDocEntityTypes/><docStatusGroup>DOCUMENT STATUS</docStatusGroup><documentComment> </documentComment><refDocumentI18NModels/><documentType>Correspondence</documentType><documentsecurityModels/><restrictDocTypeForACA>Y</restrictDocTypeForACA><reviewStatusGroup>DOCUMENT REVIEW STATUS</reviewStatusGroup><titleRestrictRole>0101000000</titleRestrictRole><uploadRole>0101000000</uploadRole><viewRole>0101000000</viewRole></refDocument>
<refDocument refId="1@RefDocumentModel"><docCode>EH_WW</docCode><docSeqNumber>233456</docSeqNumber><serviceProviderCode>BPTDEV</serviceProviderCode><auditModel><auditDate>2016-01-19T01:03:42-07:00</auditDate><auditID>ADMIN</auditID><auditStatus>A</auditStatus></auditModel><autoDownload>N</autoDownload><deleteRole>0101000000</deleteRole><XDocEntityTypes/><docStatusGroup>DOCUMENT STATUS</docStatusGroup><documentComment> </documentComment><refDocumentI18NModels/><documentType>Test Results</documentType><documentsecurityModels/><restrictDocTypeForACA>Y</restrictDocTypeForACA><reviewStatusGroup>DOCUMENT REVIEW STATUS</reviewStatusGroup><titleRestrictRole>0101000000</titleRestrictRole><uploadRole>0101000000</uploadRole><viewRole>0101000000</viewRole></refDocument>
<refDocument refId="1@RefDocumentModel"><docCode>EH_WW</docCode><docSeqNumber>233457</docSeqNumber><serviceProviderCode>BPTDEV</serviceProviderCode><auditModel><auditDate>2016-01-19T01:07:45-07:00</auditDate><auditID>ADMIN</auditID><auditStatus>A</auditStatus></auditModel><autoDownload>N</autoDownload><deleteRole>0101000000</deleteRole><XDocEntityTypes/><docStatusGroup>DOCUMENT STATUS</docStatusGroup><documentComment> </documentComment><refDocumentI18NModels/><documentType>Driller’s log</documentType><documentsecurityModels/><restrictDocTypeForACA>Y</restrictDocTypeForACA><reviewStatusGroup>DOCUMENT REVIEW STATUS</reviewStatusGroup><titleRestrictRole>0101000000</titleRestrictRole><uploadRole>0101000000</uploadRole><viewRole>0101000000</viewRole></refDocument>
<refDocument refId="1@RefDocumentModel"><docCode>EH_OWTS</docCode><docSeqNumber>233447</docSeqNumber><serviceProviderCode>BPTDEV</serviceProviderCode><auditModel><auditDate>2016-01-18T19:50:35-07:00</auditDate><auditID>ADMIN</auditID><auditStatus>A</auditStatus></auditModel><autoDownload>N</autoDownload><deleteRole>0101000000</deleteRole><XDocEntityTypes/><docStatusGroup>DOCUMENT STATUS</docStatusGroup><documentComment> </documentComment><refDocumentI18NModels/><documentType>Correspondence</documentType><documentsecurityModels/><restrictDocTypeForACA>Y</restrictDocTypeForACA><reviewStatusGroup>DOCUMENT REVIEW STATUS</reviewStatusGroup><titleRestrictRole>0101000000</titleRestrictRole><uploadRole>0101000000</uploadRole><viewRole>0101000000</viewRole></refDocument>
<refDocument refId="1@RefDocumentModel"><docCode>EH_OWTS</docCode><docSeqNumber>233448</docSeqNumber><serviceProviderCode>BPTDEV</serviceProviderCode><auditModel><auditDate>2016-01-18T19:51:50-07:00</auditDate><auditID>ADMIN</auditID><auditStatus>A</auditStatus></auditModel><autoDownload>N</autoDownload><deleteRole>0101000000</deleteRole><XDocEntityTypes/><docStatusGroup>DOCUMENT STATUS</docStatusGroup><documentComment> </documentComment><refDocumentI18NModels/><documentType>Compliance Forms (Proof of potable water optional for OWTS permit)</documentType><documentsecurityModels/><restrictDocTypeForACA>Y</restrictDocTypeForACA><reviewStatusGroup>DOCUMENT REVIEW STATUS</reviewStatusGroup><titleRestrictRole>0101000000</titleRestrictRole><uploadRole>0101000000</uploadRole><viewRole>0101000000</viewRole></refDocument>
<refDocument refId="1@RefDocumentModel"><docCode>EH_OWTS</docCode><docSeqNumber>233449</docSeqNumber><serviceProviderCode>BPTDEV</serviceProviderCode><auditModel><auditDate>2016-01-18T19:52:14-07:00</auditDate><auditID>ADMIN</auditID><auditStatus>A</auditStatus></auditModel><autoDownload>N</autoDownload><deleteRole>0101000000</deleteRole><XDocEntityTypes/><docStatusGroup>DOCUMENT STATUS</docStatusGroup><documentComment> </documentComment><refDocumentI18NModels/><documentType>Equipment Schematic Diagrams</documentType><documentsecurityModels/><restrictDocTypeForACA>Y</restrictDocTypeForACA><reviewStatusGroup>DOCUMENT REVIEW STATUS</reviewStatusGroup><titleRestrictRole>0101000000</titleRestrictRole><uploadRole>0101000000</uploadRole><viewRole>0101000000</viewRole></refDocument>
<refDocument refId="1@RefDocumentModel"><docCode>EH_OWTS</docCode><docSeqNumber>233450</docSeqNumber><serviceProviderCode>BPTDEV</serviceProviderCode><auditModel><auditDate>2016-01-18T19:52:37-07:00</auditDate><auditID>ADMIN</auditID><auditStatus>A</auditStatus></auditModel><autoDownload>N</autoDownload><deleteRole>0101000000</deleteRole><XDocEntityTypes/><docStatusGroup>DOCUMENT STATUS</docStatusGroup><documentComment> </documentComment><refDocumentI18NModels/><documentType>Plans</documentType><documentsecurityModels/><restrictDocTypeForACA>Y</restrictDocTypeForACA><reviewStatusGroup>DOCUMENT REVIEW STATUS</reviewStatusGroup><titleRestrictRole>0101000000</titleRestrictRole><uploadRole>0101000000</uploadRole><viewRole>0101000000</viewRole></refDocument>
<refDocument refId="1@RefDocumentModel"><docCode>EH_OWTS</docCode><docSeqNumber>233451</docSeqNumber><serviceProviderCode>BPTDEV</serviceProviderCode><auditModel><auditDate>2016-01-18T19:52:59-07:00</auditDate><auditID>ADMIN</auditID><auditStatus>A</auditStatus></auditModel><autoDownload>N</autoDownload><deleteRole>0101000000</deleteRole><XDocEntityTypes/><docStatusGroup>DOCUMENT STATUS</docStatusGroup><documentComment> </documentComment><refDocumentI18NModels/><documentType>Test Results</documentType><documentsecurityModels/><restrictDocTypeForACA>Y</restrictDocTypeForACA><reviewStatusGroup>DOCUMENT REVIEW STATUS</reviewStatusGroup><titleRestrictRole>0101000000</titleRestrictRole><uploadRole>0101000000</uploadRole><viewRole>0101000000</viewRole></refDocument>
<refDocument refId="1@RefDocumentModel"><docCode>EH_INST</docCode><docSeqNumber>233444</docSeqNumber><serviceProviderCode>BPTDEV</serviceProviderCode><auditModel><auditDate>2016-05-18T17:38:38-06:00</auditDate><auditID>ADMIN</auditID><auditStatus>A</auditStatus></auditModel><autoDownload>Y</autoDownload><deleteRole>0101000000</deleteRole><XDocEntityTypes/><documentComment> </documentComment><refDocumentI18NModels/><documentType>Plans</documentType><documentsecurityModels/><restrictDocTypeForACA>Y</restrictDocTypeForACA><titleRestrictRole>0101000000</titleRestrictRole><uploadRole>0101000000</uploadRole><viewRole>0101000000</viewRole></refDocument>
<refDocument refId="1@RefDocumentModel"><docCode>EH_INST</docCode><docSeqNumber>233445</docSeqNumber><serviceProviderCode>BPTDEV</serviceProviderCode><auditModel><auditDate>2016-05-18T17:38:48-06:00</auditDate><auditID>ADMIN</auditID><auditStatus>A</auditStatus></auditModel><autoDownload>Y</autoDownload><deleteRole>0101000000</deleteRole><XDocEntityTypes/><documentComment> </documentComment><refDocumentI18NModels/><documentType>Compliance Forms</documentType><documentsecurityModels/><restrictDocTypeForACA>Y</restrictDocTypeForACA><titleRestrictRole>0101000000</titleRestrictRole><uploadRole>0101000000</uploadRole><viewRole>0101000000</viewRole></refDocument>
<refDocument refId="1@RefDocumentModel"><docCode>EH_INST</docCode><docSeqNumber>233446</docSeqNumber><serviceProviderCode>BPTDEV</serviceProviderCode><auditModel><auditDate>2016-05-18T17:38:56-06:00</auditDate><auditID>ADMIN</auditID><auditStatus>A</auditStatus></auditModel><autoDownload>Y</autoDownload><deleteRole>0101000000</deleteRole><XDocEntityTypes/><documentComment> </documentComment><refDocumentI18NModels/><documentType>Correspondence</documentType><documentsecurityModels/><restrictDocTypeForACA>Y</restrictDocTypeForACA><titleRestrictRole>0101000000</titleRestrictRole><uploadRole>0101000000</uploadRole><viewRole>0101000000</viewRole></refDocument>
</list>