<?xml version="1.0" encoding="UTF-8" standalone="yes"?>
<list  version="8.0.0" minorVersion="20" exportUser="ADMIN" exportDateTime="06/30/2016 10:22 AM" description="EnvHealth Record Types"><mask><name>Default</name><serviceProviderCode>BPTDEV</serviceProviderCode><type>Cap Key</type><auditModel><auditDate>2014-03-20T13:46:14-06:00</auditDate><auditID>SYSTEM</auditID><auditStatus>A</auditStatus></auditModel><description>Default Cap Key Mask</description><maxLength>17</maxLength><minLength>17</minLength><pattern>REC$$yy$$-00000-$$SEQ05$$</pattern><radixValue>36</radixValue><seqName>Default</seqName></mask>
<mask><name>EnvHealth/Body-Art/Facility/Application</name><serviceProviderCode>BPTDEV</serviceProviderCode><type>Cap ID</type><auditModel><auditDate>2016-02-22T02:25:35-07:00</auditDate><auditID>SYSTEM</auditID><auditStatus>A</auditStatus></auditModel><description> </description><maxLength>30</maxLength><minLength>1</minLength><pattern>EHA$$YY$$-$$SEQ05$$</pattern><radixValue>10</radixValue><seqName>EnvHealth///Application</seqName></mask>
<mask><name>Default</name><serviceProviderCode>BPTDEV</serviceProviderCode><type>Partial CAP ID</type><auditModel><auditDate>2008-03-11T07:29:47-06:00</auditDate><auditID>ADMIN</auditID><auditStatus>A</auditStatus></auditModel><description>Mask Definition for Partial CAP ID</description><maxLength>30</maxLength><minLength>1</minLength><pattern>$$yy$$EST-$$SEQ06$$</pattern><radixValue>10</radixValue><seqName>Default</seqName></mask>
<mask><name>Agency-Receipt</name><serviceProviderCode>BPTDEV</serviceProviderCode><type>Receipt</type><auditModel><auditDate>2011-08-09T07:07:28-06:00</auditDate><auditID>SYSTEM</auditID><auditStatus>A</auditStatus></auditModel><description>Mask Definition for Receipt Number</description><maxLength>30</maxLength><minLength>1</minLength><pattern>$$SEQ12$$</pattern><radixValue>10</radixValue><seqName>Agency-Receipt</seqName></mask>
<mask><name>Default</name><serviceProviderCode>BPTDEV</serviceProviderCode><type>Temporary CAP ID</type><auditModel><auditDate>2008-03-11T07:29:47-06:00</auditDate><auditID>ADMIN</auditID><auditStatus>A</auditStatus></auditModel><description>Mask Definition for Temporary CAP ID</description><maxLength>30</maxLength><minLength>1</minLength><pattern>$$yy$$TMP-$$SEQ06$$</pattern><radixValue>10</radixValue><seqName>Default</seqName></mask>
<mask><name>EnvHealth/Body-Art/Facility/Permit</name><serviceProviderCode>BPTDEV</serviceProviderCode><type>Cap ID</type><auditModel><auditDate>2016-04-08T02:06:40-06:00</auditDate><auditID>SYSTEM</auditID><auditStatus>A</auditStatus></auditModel><description> </description><maxLength>30</maxLength><minLength>1</minLength><pattern>EH$$YY$$-$$SEQ05$$</pattern><radixValue>10</radixValue><seqName>EnvHealth///Permit</seqName></mask>
<mask><name>EnvHealth/Complaint/NA/NA</name><serviceProviderCode>BPTDEV</serviceProviderCode><type>Cap ID</type><auditModel><auditDate>2016-04-24T21:37:12-06:00</auditDate><auditID>SYSTEM</auditID><auditStatus>A</auditStatus></auditModel><description> </description><maxLength>30</maxLength><minLength>1</minLength><pattern>EHC$$YY$$-$$SEQ05$$</pattern><radixValue>10</radixValue><seqName>EnvHealth/Complaint/NA/NA</seqName></mask>
<mask><name>EnvHealth/Facility/NA/NA</name><serviceProviderCode>BPTDEV</serviceProviderCode><type>Cap ID</type><auditModel><auditDate>2016-05-27T14:00:46-06:00</auditDate><auditID>SYSTEM</auditID><auditStatus>A</auditStatus></auditModel><description> </description><maxLength>30</maxLength><minLength>1</minLength><pattern>EHF$$YY$$-$$SEQ05$$</pattern><radixValue>10</radixValue><seqName>EnvHealth/Facility</seqName></mask>
<mask><name>EnvHealth/Food/Commissary/Application</name><serviceProviderCode>BPTDEV</serviceProviderCode><type>Cap ID</type><auditModel><auditDate>2016-02-22T18:30:53-07:00</auditDate><auditID>SYSTEM</auditID><auditStatus>A</auditStatus></auditModel><description> </description><maxLength>30</maxLength><minLength>1</minLength><pattern>EHA$$YY$$-$$SEQ05$$</pattern><radixValue>10</radixValue><seqName>EnvHealth///Application</seqName></mask>
<mask><name>EnvHealth/Food/Commissary/Permit</name><serviceProviderCode>BPTDEV</serviceProviderCode><type>Cap ID</type><auditModel><auditDate>2016-02-22T18:34:35-07:00</auditDate><auditID>SYSTEM</auditID><auditStatus>A</auditStatus></auditModel><description> </description><maxLength>30</maxLength><minLength>1</minLength><pattern>EH$$YY$$-$$SEQ05$$</pattern><radixValue>10</radixValue><seqName>EnvHealth///Permit</seqName></mask>
<mask><name>EnvHealth/Food/Cottage/Application</name><serviceProviderCode>BPTDEV</serviceProviderCode><type>Cap ID</type><auditModel><auditDate>2016-02-22T18:41:02-07:00</auditDate><auditID>SYSTEM</auditID><auditStatus>A</auditStatus></auditModel><description> </description><maxLength>30</maxLength><minLength>1</minLength><pattern>EHA$$YY$$-$$SEQ05$$</pattern><radixValue>10</radixValue><seqName>EnvHealth///Application</seqName></mask>
<mask><name>EnvHealth/Food/Cottage/Permit</name><serviceProviderCode>BPTDEV</serviceProviderCode><type>Cap ID</type><auditModel><auditDate>2016-02-22T18:45:01-07:00</auditDate><auditID>SYSTEM</auditID><auditStatus>A</auditStatus></auditModel><description> </description><maxLength>30</maxLength><minLength>1</minLength><pattern>EH$$YY$$-$$SEQ05$$</pattern><radixValue>10</radixValue><seqName>EnvHealth///Permit</seqName></mask>
<mask><name>EnvHealth/Food/Cottage/Registration</name><serviceProviderCode>BPTDEV</serviceProviderCode><type>Cap ID</type><auditModel><auditDate>2016-06-23T10:31:24-06:00</auditDate><auditID>SYSTEM</auditID><auditStatus>A</auditStatus></auditModel><description> </description><maxLength>30</maxLength><minLength>1</minLength><pattern>EHR$$YY$$-$$SEQ05$$</pattern><radixValue>10</radixValue><seqName>EnvHealth///Registration</seqName></mask>
<mask><name>EnvHealth/Food/Educational/Application</name><serviceProviderCode>BPTDEV</serviceProviderCode><type>Cap ID</type><auditModel><auditDate>2016-02-22T02:38:59-07:00</auditDate><auditID>SYSTEM</auditID><auditStatus>A</auditStatus></auditModel><description> </description><maxLength>30</maxLength><minLength>1</minLength><pattern>EHA$$YY$$-$$SEQ05$$</pattern><radixValue>10</radixValue><seqName>EnvHealth///Application</seqName></mask>
<mask><name>EnvHealth/Food/Educational/Permit</name><serviceProviderCode>BPTDEV</serviceProviderCode><type>Cap ID</type><auditModel><auditDate>2016-02-22T02:49:45-07:00</auditDate><auditID>SYSTEM</auditID><auditStatus>A</auditStatus></auditModel><description> </description><maxLength>30</maxLength><minLength>1</minLength><pattern>EH$$YY$$-$$SEQ05$$</pattern><radixValue>10</radixValue><seqName>EnvHealth///Permit</seqName></mask>
<mask><name>EnvHealth/Food/Elderly-Catered/Application</name><serviceProviderCode>BPTDEV</serviceProviderCode><type>Cap ID</type><auditModel><auditDate>2016-03-01T00:21:36-07:00</auditDate><auditID>SYSTEM</auditID><auditStatus>A</auditStatus></auditModel><description> </description><maxLength>30</maxLength><minLength>1</minLength><pattern>EHA$$YY$$-$$SEQ05$$</pattern><radixValue>10</radixValue><seqName>EnvHealth///Application</seqName></mask>
<mask><name>EnvHealth/Food/Elderly-Catered/Permit</name><serviceProviderCode>BPTDEV</serviceProviderCode><type>Cap ID</type><auditModel><auditDate>2016-02-28T19:44:37-07:00</auditDate><auditID>SYSTEM</auditID><auditStatus>A</auditStatus></auditModel><description> </description><maxLength>30</maxLength><minLength>1</minLength><pattern>EH$$YY$$-$$SEQ05$$</pattern><radixValue>10</radixValue><seqName>EnvHealth///Permit</seqName></mask>
<mask><name>EnvHealth/Food/Elderly-On-Site/Application</name><serviceProviderCode>BPTDEV</serviceProviderCode><type>Cap ID</type><auditModel><auditDate>2016-02-23T18:15:27-07:00</auditDate><auditID>SYSTEM</auditID><auditStatus>A</auditStatus></auditModel><description> </description><maxLength>30</maxLength><minLength>1</minLength><pattern>EHA$$YY$$-$$SEQ05$$</pattern><radixValue>10</radixValue><seqName>EnvHealth///Application</seqName></mask>
<mask><name>EnvHealth/Food/Elderly-On-Site/Permit</name><serviceProviderCode>BPTDEV</serviceProviderCode><type>Cap ID</type><auditModel><auditDate>2016-02-23T18:50:03-07:00</auditDate><auditID>SYSTEM</auditID><auditStatus>A</auditStatus></auditModel><description> </description><maxLength>30</maxLength><minLength>1</minLength><pattern>EH$$YY$$-$$SEQ05$$</pattern><radixValue>10</radixValue><seqName>EnvHealth///Permit</seqName></mask>
<mask><name>EnvHealth/Food/Farmers-Market/Application</name><serviceProviderCode>BPTDEV</serviceProviderCode><type>Cap ID</type><auditModel><auditDate>2016-02-22T18:58:25-07:00</auditDate><auditID>SYSTEM</auditID><auditStatus>A</auditStatus></auditModel><description> </description><maxLength>30</maxLength><minLength>1</minLength><pattern>EHA$$YY$$-$$SEQ05$$</pattern><radixValue>10</radixValue><seqName>EnvHealth///Application</seqName></mask>
<mask><name>EnvHealth/Food/Farmers-Market/Permit</name><serviceProviderCode>BPTDEV</serviceProviderCode><type>Cap ID</type><auditModel><auditDate>2016-02-22T20:28:39-07:00</auditDate><auditID>SYSTEM</auditID><auditStatus>A</auditStatus></auditModel><description> </description><maxLength>30</maxLength><minLength>1</minLength><pattern>EH$$YY$$-$$SEQ05$$</pattern><radixValue>10</radixValue><seqName>EnvHealth///Permit</seqName></mask>
<mask><name>EnvHealth/Food/Hospital/Application</name><serviceProviderCode>BPTDEV</serviceProviderCode><type>Cap ID</type><auditModel><auditDate>2016-02-23T18:48:09-07:00</auditDate><auditID>SYSTEM</auditID><auditStatus>A</auditStatus></auditModel><description> </description><maxLength>30</maxLength><minLength>1</minLength><pattern>EHA$$YY$$-$$SEQ05$$</pattern><radixValue>10</radixValue><seqName>EnvHealth///Application</seqName></mask>
<mask><name>EnvHealth/Food/Hospital/Permit</name><serviceProviderCode>BPTDEV</serviceProviderCode><type>Cap ID</type><auditModel><auditDate>2016-02-23T23:08:28-07:00</auditDate><auditID>SYSTEM</auditID><auditStatus>A</auditStatus></auditModel><description> </description><maxLength>30</maxLength><minLength>1</minLength><pattern>EH$$YY$$-$$SEQ05$$</pattern><radixValue>10</radixValue><seqName>EnvHealth///Permit</seqName></mask>
<mask><name>EnvHealth/Food/Institutional/Application</name><serviceProviderCode>BPTDEV</serviceProviderCode><type>Cap ID</type><auditModel><auditDate>2016-02-24T01:42:45-07:00</auditDate><auditID>SYSTEM</auditID><auditStatus>A</auditStatus></auditModel><description> </description><maxLength>30</maxLength><minLength>1</minLength><pattern>EHA$$YY$$-$$SEQ05$$</pattern><radixValue>10</radixValue><seqName>EnvHealth///Application</seqName></mask>
<mask><name>EnvHealth/Food/Institutional/Permit</name><serviceProviderCode>BPTDEV</serviceProviderCode><type>Cap ID</type><auditModel><auditDate>2016-02-24T23:04:08-07:00</auditDate><auditID>SYSTEM</auditID><auditStatus>A</auditStatus></auditModel><description> </description><maxLength>30</maxLength><minLength>1</minLength><pattern>EH$$YY$$-$$SEQ05$$</pattern><radixValue>10</radixValue><seqName>EnvHealth///Permit</seqName></mask>
<mask><name>EnvHealth/Food/Limited/Application</name><serviceProviderCode>BPTDEV</serviceProviderCode><type>Cap ID</type><auditModel><auditDate>2016-02-23T22:50:12-07:00</auditDate><auditID>SYSTEM</auditID><auditStatus>A</auditStatus></auditModel><description> </description><maxLength>30</maxLength><minLength>1</minLength><pattern>EHA$$YY$$-$$SEQ05$$</pattern><radixValue>10</radixValue><seqName>EnvHealth///Application</seqName></mask>
<mask><name>EnvHealth/Food/Limited/Permit</name><serviceProviderCode>BPTDEV</serviceProviderCode><type>Cap ID</type><auditModel><auditDate>2016-02-23T23:33:10-07:00</auditDate><auditID>SYSTEM</auditID><auditStatus>A</auditStatus></auditModel><description> </description><maxLength>30</maxLength><minLength>1</minLength><pattern>EH$$YY$$-$$SEQ05$$</pattern><radixValue>10</radixValue><seqName>EnvHealth///Permit</seqName></mask>
<mask><name>EnvHealth/Food/Local-Confinement /Application</name><serviceProviderCode>BPTDEV</serviceProviderCode><type>Cap ID</type><auditModel><auditDate>2016-02-24T00:53:06-07:00</auditDate><auditID>SYSTEM</auditID><auditStatus>A</auditStatus></auditModel><description> </description><maxLength>30</maxLength><minLength>1</minLength><pattern>EHA$$YY$$-$$SEQ05$$</pattern><radixValue>10</radixValue><seqName>EnvHealth///Application</seqName></mask>
<mask><name>EnvHealth/Food/Local-Confinement /Permit</name><serviceProviderCode>BPTDEV</serviceProviderCode><type>Cap ID</type><auditModel><auditDate>2016-02-24T01:30:20-07:00</auditDate><auditID>SYSTEM</auditID><auditStatus>A</auditStatus></auditModel><description> </description><maxLength>30</maxLength><minLength>1</minLength><pattern>EH$$YY$$-$$SEQ05$$</pattern><radixValue>10</radixValue><seqName>EnvHealth///Permit</seqName></mask>
<mask><name>EnvHealth/Food/Meat-Market/Application</name><serviceProviderCode>BPTDEV</serviceProviderCode><type>Cap ID</type><auditModel><auditDate>2016-02-24T18:45:38-07:00</auditDate><auditID>SYSTEM</auditID><auditStatus>A</auditStatus></auditModel><description> </description><maxLength>30</maxLength><minLength>1</minLength><pattern>EHA$$YY$$-$$SEQ05$$</pattern><radixValue>10</radixValue><seqName>EnvHealth///Application</seqName></mask>
<mask><name>EnvHealth/Food/Meat-Market/Permit</name><serviceProviderCode>BPTDEV</serviceProviderCode><type>Cap ID</type><auditModel><auditDate>2016-02-25T02:15:08-07:00</auditDate><auditID>SYSTEM</auditID><auditStatus>A</auditStatus></auditModel><description> </description><maxLength>30</maxLength><minLength>1</minLength><pattern>EH$$YY$$-$$SEQ05$$</pattern><radixValue>10</radixValue><seqName>EnvHealth///Permit</seqName></mask>
<mask><name>EnvHealth/Food/Mobile/Application</name><serviceProviderCode>BPTDEV</serviceProviderCode><type>Cap ID</type><auditModel><auditDate>2016-02-25T00:54:20-07:00</auditDate><auditID>SYSTEM</auditID><auditStatus>A</auditStatus></auditModel><description> </description><maxLength>30</maxLength><minLength>1</minLength><pattern>EHA$$YY$$-$$SEQ05$$</pattern><radixValue>10</radixValue><seqName>EnvHealth///Application</seqName></mask>
<mask><name>EnvHealth/Food/Mobile/Permit</name><serviceProviderCode>BPTDEV</serviceProviderCode><type>Cap ID</type><auditModel><auditDate>2016-02-25T01:32:16-07:00</auditDate><auditID>SYSTEM</auditID><auditStatus>A</auditStatus></auditModel><description> </description><maxLength>30</maxLength><minLength>1</minLength><pattern>EH$$YY$$-$$SEQ05$$</pattern><radixValue>10</radixValue><seqName>EnvHealth///Permit</seqName></mask>
<mask><name>EnvHealth/Food/Private-School-Lunchroom /Application</name><serviceProviderCode>BPTDEV</serviceProviderCode><type>Cap ID</type><auditModel><auditDate>2016-02-25T18:43:02-07:00</auditDate><auditID>SYSTEM</auditID><auditStatus>A</auditStatus></auditModel><description> </description><maxLength>30</maxLength><minLength>1</minLength><pattern>EHA$$YY$$-$$SEQ05$$</pattern><radixValue>10</radixValue><seqName>EnvHealth///Application</seqName></mask>
<mask><name>EnvHealth/Rec-Health/Pool/Permit</name><serviceProviderCode>BPTDEV</serviceProviderCode><type>Cap ID</type><auditModel><auditDate>2016-04-08T03:01:23-06:00</auditDate><auditID>SYSTEM</auditID><auditStatus>A</auditStatus></auditModel><description> </description><maxLength>30</maxLength><minLength>1</minLength><pattern>EH$$YY$$-$$SEQ05$$</pattern><radixValue>10</radixValue><seqName>EnvHealth///Permit</seqName></mask>
<mask><name>EnvHealth/Rec-Health/Pool/Application</name><serviceProviderCode>BPTDEV</serviceProviderCode><type>Cap ID</type><auditModel><auditDate>2016-02-22T02:46:44-07:00</auditDate><auditID>SYSTEM</auditID><auditStatus>A</auditStatus></auditModel><description> </description><maxLength>30</maxLength><minLength>1</minLength><pattern>EHA$$YY$$-$$SEQ05$$</pattern><radixValue>10</radixValue><seqName>EnvHealth///Application</seqName></mask>
<mask><name>EnvHealth/Land/Water-Well/Application</name><serviceProviderCode>BPTDEV</serviceProviderCode><type>Cap ID</type><auditModel><auditDate>2016-02-22T02:45:38-07:00</auditDate><auditID>SYSTEM</auditID><auditStatus>A</auditStatus></auditModel><description> </description><maxLength>30</maxLength><minLength>1</minLength><pattern>EHA$$YY$$-$$SEQ05$$</pattern><radixValue>10</radixValue><seqName>EnvHealth///Application</seqName></mask>
<mask><name>EnvHealth/Land/OWTS/Application</name><serviceProviderCode>BPTDEV</serviceProviderCode><type>Cap ID</type><auditModel><auditDate>2016-02-22T02:44:27-07:00</auditDate><auditID>SYSTEM</auditID><auditStatus>A</auditStatus></auditModel><description> </description><maxLength>30</maxLength><minLength>1</minLength><pattern>EHA$$YY$$-$$SEQ05$$</pattern><radixValue>10</radixValue><seqName>EnvHealth///Application</seqName></mask>
<mask><name>EnvHealth/Institutional/School-Building/Permit</name><serviceProviderCode>BPTDEV</serviceProviderCode><type>Cap ID</type><auditModel><auditDate>2016-05-19T03:47:33-06:00</auditDate><auditID>SYSTEM</auditID><auditStatus>A</auditStatus></auditModel><description> </description><maxLength>30</maxLength><minLength>1</minLength><pattern>EH$$YY$$-$$SEQ05$$</pattern><radixValue>10</radixValue><seqName>EnvHealth///Permit</seqName></mask>
<mask><name>EnvHealth/Institutional/School-Building/Application</name><serviceProviderCode>BPTDEV</serviceProviderCode><type>Cap ID</type><auditModel><auditDate>2016-05-19T03:40:39-06:00</auditDate><auditID>SYSTEM</auditID><auditStatus>A</auditStatus></auditModel><description> </description><maxLength>30</maxLength><minLength>1</minLength><pattern>EHA$$YY$$-$$SEQ05$$</pattern><radixValue>10</radixValue><seqName>EnvHealth///Application</seqName></mask>
<mask><name>EnvHealth/Institutional/Residential-Care/Permit</name><serviceProviderCode>BPTDEV</serviceProviderCode><type>Cap ID</type><auditModel><auditDate>2016-05-19T03:34:23-06:00</auditDate><auditID>SYSTEM</auditID><auditStatus>A</auditStatus></auditModel><description> </description><maxLength>30</maxLength><minLength>1</minLength><pattern>EH$$YY$$-$$SEQ05$$</pattern><radixValue>10</radixValue><seqName>EnvHealth///Permit</seqName></mask>
<mask><name>EnvHealth/Institutional/Residential-Care/Application</name><serviceProviderCode>BPTDEV</serviceProviderCode><type>Cap ID</type><auditModel><auditDate>2016-05-19T03:26:38-06:00</auditDate><auditID>SYSTEM</auditID><auditStatus>A</auditStatus></auditModel><description> </description><maxLength>30</maxLength><minLength>1</minLength><pattern>EHA$$YY$$-$$SEQ05$$</pattern><radixValue>10</radixValue><seqName>EnvHealth///Application</seqName></mask>
<mask><name>EnvHealth/Institutional/Other/Permit</name><serviceProviderCode>BPTDEV</serviceProviderCode><type>Cap ID</type><auditModel><auditDate>2016-05-19T03:17:47-06:00</auditDate><auditID>SYSTEM</auditID><auditStatus>A</auditStatus></auditModel><description> </description><maxLength>30</maxLength><minLength>1</minLength><pattern>EH$$YY$$-$$SEQ05$$</pattern><radixValue>10</radixValue><seqName>EnvHealth///Permit</seqName></mask>
<mask><name>EnvHealth/Institutional/Nursing-Home/Permit</name><serviceProviderCode>BPTDEV</serviceProviderCode><type>Cap ID</type><auditModel><auditDate>2016-05-19T02:59:19-06:00</auditDate><auditID>SYSTEM</auditID><auditStatus>A</auditStatus></auditModel><description> </description><maxLength>30</maxLength><minLength>1</minLength><pattern>EH$$YY$$-$$SEQ05$$</pattern><radixValue>10</radixValue><seqName>EnvHealth///Permit</seqName></mask>
<mask><name>EnvHealth/Institutional/Nursing-Home/Application</name><serviceProviderCode>BPTDEV</serviceProviderCode><type>Cap ID</type><auditModel><auditDate>2016-05-19T02:43:39-06:00</auditDate><auditID>SYSTEM</auditID><auditStatus>A</auditStatus></auditModel><description> </description><maxLength>30</maxLength><minLength>1</minLength><pattern>EHA$$YY$$-$$SEQ05$$</pattern><radixValue>10</radixValue><seqName>EnvHealth///Application</seqName></mask>
<mask><name>EnvHealth/Institutional/Other/Application</name><serviceProviderCode>BPTDEV</serviceProviderCode><type>Cap ID</type><auditModel><auditDate>2016-05-19T03:08:50-06:00</auditDate><auditID>SYSTEM</auditID><auditStatus>A</auditStatus></auditModel><description> </description><maxLength>30</maxLength><minLength>1</minLength><pattern>EHA$$YY$$-$$SEQ05$$</pattern><radixValue>10</radixValue><seqName>EnvHealth///Application</seqName></mask>
<mask><name>EnvHealth/Institutional/Day-Care-Home/Permit</name><serviceProviderCode>BPTDEV</serviceProviderCode><type>Cap ID</type><auditModel><auditDate>2016-05-19T00:55:27-06:00</auditDate><auditID>SYSTEM</auditID><auditStatus>A</auditStatus></auditModel><description> </description><maxLength>30</maxLength><minLength>1</minLength><pattern>EH$$YY$$-$$SEQ05$$</pattern><radixValue>10</radixValue><seqName>EnvHealth///Permit</seqName></mask>
<mask><name>EnvHealth/Institutional/Day-Care-Home/Application</name><serviceProviderCode>BPTDEV</serviceProviderCode><type>Cap ID</type><auditModel><auditDate>2016-05-19T00:42:18-06:00</auditDate><auditID>SYSTEM</auditID><auditStatus>A</auditStatus></auditModel><description> </description><maxLength>30</maxLength><minLength>1</minLength><pattern>EHA$$YY$$-$$SEQ05$$</pattern><radixValue>10</radixValue><seqName>EnvHealth///Application</seqName></mask>
<mask><name>EnvHealth/Institutional/Day-Care-Child/Permit</name><serviceProviderCode>BPTDEV</serviceProviderCode><type>Cap ID</type><auditModel><auditDate>2016-05-19T00:23:50-06:00</auditDate><auditID>SYSTEM</auditID><auditStatus>A</auditStatus></auditModel><description> </description><maxLength>30</maxLength><minLength>1</minLength><pattern>EH$$YY$$-$$SEQ05$$</pattern><radixValue>10</radixValue><seqName>EnvHealth///Permit</seqName></mask>
<mask><name>EnvHealth/Institutional/Day-Care-Child/Application</name><serviceProviderCode>BPTDEV</serviceProviderCode><type>Cap ID</type><auditModel><auditDate>2016-05-18T23:54:47-06:00</auditDate><auditID>SYSTEM</auditID><auditStatus>A</auditStatus></auditModel><description> </description><maxLength>30</maxLength><minLength>1</minLength><pattern>EHA$$YY$$-$$SEQ05$$</pattern><radixValue>10</radixValue><seqName>EnvHealth///Application</seqName></mask>
<mask><name>EnvHealth/Institutional/Day-Care-Adult/Permit</name><serviceProviderCode>BPTDEV</serviceProviderCode><type>Cap ID</type><auditModel><auditDate>2016-05-18T04:06:51-06:00</auditDate><auditID>SYSTEM</auditID><auditStatus>A</auditStatus></auditModel><description> </description><maxLength>30</maxLength><minLength>1</minLength><pattern>EH$$YY$$-$$SEQ05$$</pattern><radixValue>10</radixValue><seqName>EnvHealth///Permit</seqName></mask>
<mask><name>EnvHealth/Institutional/Day-Care-Adult/Application</name><serviceProviderCode>BPTDEV</serviceProviderCode><type>Cap ID</type><auditModel><auditDate>2016-05-18T04:06:24-06:00</auditDate><auditID>SYSTEM</auditID><auditStatus>A</auditStatus></auditModel><description> </description><maxLength>30</maxLength><minLength>1</minLength><pattern>EHA$$YY$$-$$SEQ05$$</pattern><radixValue>10</radixValue><seqName>EnvHealth///Application</seqName></mask>
<mask><name>EnvHealth/Food/Temporary/Permit</name><serviceProviderCode>BPTDEV</serviceProviderCode><type>Cap ID</type><auditModel><auditDate>2016-03-01T23:38:50-07:00</auditDate><auditID>SYSTEM</auditID><auditStatus>A</auditStatus></auditModel><description> </description><maxLength>30</maxLength><minLength>1</minLength><pattern>EH$$YY$$-$$SEQ05$$</pattern><radixValue>10</radixValue><seqName>EnvHealth///Permit</seqName></mask>
<mask><name>EnvHealth/Food/Temporary/Application</name><serviceProviderCode>BPTDEV</serviceProviderCode><type>Cap ID</type><auditModel><auditDate>2016-03-01T23:11:20-07:00</auditDate><auditID>SYSTEM</auditID><auditStatus>A</auditStatus></auditModel><description> </description><maxLength>30</maxLength><minLength>1</minLength><pattern>EHA$$YY$$-$$SEQ05$$</pattern><radixValue>10</radixValue><seqName>EnvHealth///Application</seqName></mask>
<mask><name>EnvHealth/Food/Stand/Permit</name><serviceProviderCode>BPTDEV</serviceProviderCode><type>Cap ID</type><auditModel><auditDate>2016-02-29T23:18:33-07:00</auditDate><auditID>SYSTEM</auditID><auditStatus>A</auditStatus></auditModel><description> </description><maxLength>30</maxLength><minLength>1</minLength><pattern>EH$$YY$$-$$SEQ05$$</pattern><radixValue>10</radixValue><seqName>EnvHealth///Permit</seqName></mask>
<mask><name>EnvHealth/Food/Stand/Application</name><serviceProviderCode>BPTDEV</serviceProviderCode><type>Cap ID</type><auditModel><auditDate>2016-02-29T00:55:27-07:00</auditDate><auditID>SYSTEM</auditID><auditStatus>A</auditStatus></auditModel><description> </description><maxLength>30</maxLength><minLength>1</minLength><pattern>EHA$$YY$$-$$SEQ05$$</pattern><radixValue>10</radixValue><seqName>EnvHealth///Application</seqName></mask>
<mask><name>EnvHealth/Food/Restaurant/Permit</name><serviceProviderCode>BPTDEV</serviceProviderCode><type>Cap ID</type><auditModel><auditDate>2016-02-22T02:41:52-07:00</auditDate><auditID>SYSTEM</auditID><auditStatus>A</auditStatus></auditModel><description> </description><maxLength>30</maxLength><minLength>1</minLength><pattern>EH$$YY$$-$$SEQ05$$</pattern><radixValue>10</radixValue><seqName>EnvHealth///Permit</seqName></mask>
<mask><name>EnvHealth/Food/Pushcart/Permit</name><serviceProviderCode>BPTDEV</serviceProviderCode><type>Cap ID</type><auditModel><auditDate>2016-02-28T23:30:07-07:00</auditDate><auditID>SYSTEM</auditID><auditStatus>A</auditStatus></auditModel><description> </description><maxLength>30</maxLength><minLength>1</minLength><pattern>EH$$YY$$-$$SEQ05$$</pattern><radixValue>10</radixValue><seqName>EnvHealth///Permit</seqName></mask>
<mask><name>EnvHealth/Food/Pushcart/Application</name><serviceProviderCode>BPTDEV</serviceProviderCode><type>Cap ID</type><auditModel><auditDate>2016-02-28T23:05:31-07:00</auditDate><auditID>SYSTEM</auditID><auditStatus>A</auditStatus></auditModel><description> </description><maxLength>30</maxLength><minLength>1</minLength><pattern>EHA$$YY$$-$$SEQ05$$</pattern><radixValue>10</radixValue><seqName>EnvHealth///Application</seqName></mask>
<mask><name>EnvHealth/Food/Public-School-lunchroom/Permit</name><serviceProviderCode>BPTDEV</serviceProviderCode><type>Cap ID</type><auditModel><auditDate>2016-02-26T01:20:27-07:00</auditDate><auditID>SYSTEM</auditID><auditStatus>A</auditStatus></auditModel><description> </description><maxLength>30</maxLength><minLength>1</minLength><pattern>EH$$YY$$-$$SEQ05$$</pattern><radixValue>10</radixValue><seqName>EnvHealth///Permit</seqName></mask>
<mask><name>EnvHealth/Food/Public-School-Lunchroom /Application</name><serviceProviderCode>BPTDEV</serviceProviderCode><type>Cap ID</type><auditModel><auditDate>2016-02-26T01:04:50-07:00</auditDate><auditID>SYSTEM</auditID><auditStatus>A</auditStatus></auditModel><description> </description><maxLength>30</maxLength><minLength>1</minLength><pattern>EHA$$YY$$-$$SEQ05$$</pattern><radixValue>10</radixValue><seqName>EnvHealth///Application</seqName></mask>
<mask><name>EnvHealth/Food/Private-School-lunchroom/Permit</name><serviceProviderCode>BPTDEV</serviceProviderCode><type>Cap ID</type><auditModel><auditDate>2016-02-25T18:58:29-07:00</auditDate><auditID>SYSTEM</auditID><auditStatus>A</auditStatus></auditModel><description> </description><maxLength>30</maxLength><minLength>1</minLength><pattern>EH$$YY$$-$$SEQ05$$</pattern><radixValue>10</radixValue><seqName>EnvHealth///Permit</seqName></mask>
<mask><name>EnvHealth/Food/Restaurant/Application</name><serviceProviderCode>BPTDEV</serviceProviderCode><type>Cap ID</type><auditModel><auditDate>2016-02-22T02:40:20-07:00</auditDate><auditID>SYSTEM</auditID><auditStatus>A</auditStatus></auditModel><description> </description><maxLength>30</maxLength><minLength>1</minLength><pattern>EHA$$YY$$-$$SEQ05$$</pattern><radixValue>10</radixValue><seqName>EnvHealth///Application</seqName></mask>
</list>