﻿<?xml version="1.0" encoding="UTF-8" standalone="yes"?>
<list  version="8.0.0" minorVersion="20" exportUser="ADMIN" exportDateTime="06/30/2016 10:22 AM" description="EnvHealth Record Types"><sharedDropDownListModel><name>YesNo</name><serviceProviderCode>BPTDEV</serviceProviderCode><auditModel><auditDate>2016-04-05T00:55:51-06:00</auditDate><auditID>ADMIN</auditID><auditStatus>A</auditStatus></auditModel><sharedDropDownList><sharedDropDownValue><bdvSeqNbr>105213334</bdvSeqNbr><servProvCode>BPTDEV</servProvCode><auditModel><auditDate>2016-04-05T00:55:51-06:00</auditDate><auditID>ADMIN</auditID><auditStatus>A</auditStatus></auditModel><bizdomain>YesNo</bizdomain><bizdomainValue>No</bizdomainValue><standardChoiceValueI18NModels/></sharedDropDownValue><sharedDropDownValue><bdvSeqNbr>105213335</bdvSeqNbr><servProvCode>BPTDEV</servProvCode><auditModel><auditDate>2016-04-05T00:55:51-06:00</auditDate><auditID>ADMIN</auditID><auditStatus>A</auditStatus></auditModel><bizdomain>YesNo</bizdomain><bizdomainValue>Yes</bizdomainValue><standardChoiceValueI18NModels/></sharedDropDownValue></sharedDropDownList><type>ShareDropDown</type><valueSize>0</valueSize></sharedDropDownListModel>
<sharedDropDownListModel><name>EnvHealth BUSINESS CODE</name><serviceProviderCode>BPTDEV</serviceProviderCode><auditModel><auditDate>2016-01-18T01:34:07-07:00</auditDate><auditID>ADMIN</auditID><auditStatus>A</auditStatus></auditModel><sharedDropDownList><sharedDropDownValue><bdvSeqNbr>105213336</bdvSeqNbr><servProvCode>BPTDEV</servProvCode><auditModel><auditDate>2016-01-18T01:34:07-07:00</auditDate><auditID>ADMIN</auditID><auditStatus>A</auditStatus></auditModel><bizdomain>EnvHealth BUSINESS CODE</bizdomain><bizdomainValue>Corporation</bizdomainValue><standardChoiceValueI18NModels/></sharedDropDownValue><sharedDropDownValue><bdvSeqNbr>105213337</bdvSeqNbr><servProvCode>BPTDEV</servProvCode><auditModel><auditDate>2016-01-18T01:34:07-07:00</auditDate><auditID>ADMIN</auditID><auditStatus>A</auditStatus></auditModel><bizdomain>EnvHealth BUSINESS CODE</bizdomain><bizdomainValue>County-Agency</bizdomainValue><standardChoiceValueI18NModels/></sharedDropDownValue><sharedDropDownValue><bdvSeqNbr>105213338</bdvSeqNbr><servProvCode>BPTDEV</servProvCode><auditModel><auditDate>2016-01-18T01:34:07-07:00</auditDate><auditID>ADMIN</auditID><auditStatus>A</auditStatus></auditModel><bizdomain>EnvHealth BUSINESS CODE</bizdomain><bizdomainValue>Federal-Agency</bizdomainValue><standardChoiceValueI18NModels/></sharedDropDownValue><sharedDropDownValue><bdvSeqNbr>105213339</bdvSeqNbr><servProvCode>BPTDEV</servProvCode><auditModel><auditDate>2016-01-18T01:34:07-07:00</auditDate><auditID>ADMIN</auditID><auditStatus>A</auditStatus></auditModel><bizdomain>EnvHealth BUSINESS CODE</bizdomain><bizdomainValue>Individual</bizdomainValue><standardChoiceValueI18NModels/></sharedDropDownValue><sharedDropDownValue><bdvSeqNbr>105213340</bdvSeqNbr><servProvCode>BPTDEV</servProvCode><auditModel><auditDate>2016-01-18T01:34:07-07:00</auditDate><auditID>ADMIN</auditID><auditStatus>A</auditStatus></auditModel><bizdomain>EnvHealth BUSINESS CODE</bizdomain><bizdomainValue>Local-Agency</bizdomainValue><standardChoiceValueI18NModels/></sharedDropDownValue><sharedDropDownValue><bdvSeqNbr>105213341</bdvSeqNbr><servProvCode>BPTDEV</servProvCode><auditModel><auditDate>2016-01-18T01:34:07-07:00</auditDate><auditID>ADMIN</auditID><auditStatus>A</auditStatus></auditModel><bizdomain>EnvHealth BUSINESS CODE</bizdomain><bizdomainValue>Partnership</bizdomainValue><standardChoiceValueI18NModels/></sharedDropDownValue><sharedDropDownValue><bdvSeqNbr>105213342</bdvSeqNbr><servProvCode>BPTDEV</servProvCode><auditModel><auditDate>2016-01-18T01:34:07-07:00</auditDate><auditID>ADMIN</auditID><auditStatus>A</auditStatus></auditModel><bizdomain>EnvHealth BUSINESS CODE</bizdomain><bizdomainValue>State-Agency</bizdomainValue><standardChoiceValueI18NModels/></sharedDropDownValue><sharedDropDownValue><bdvSeqNbr>105213343</bdvSeqNbr><servProvCode>BPTDEV</servProvCode><auditModel><auditDate>2016-01-18T01:34:07-07:00</auditDate><auditID>ADMIN</auditID><auditStatus>A</auditStatus></auditModel><bizdomain>EnvHealth BUSINESS CODE</bizdomain><bizdomainValue>Unknown</bizdomainValue><standardChoiceValueI18NModels/></sharedDropDownValue></sharedDropDownList><type>ShareDropDown</type><valueSize>0</valueSize></sharedDropDownListModel>
<sharedDropDownListModel><name>EnvHealth RISK</name><serviceProviderCode>BPTDEV</serviceProviderCode><auditModel><auditDate>2016-05-24T10:45:26-06:00</auditDate><auditID>ADMIN</auditID><auditStatus>A</auditStatus></auditModel><sharedDropDownList><sharedDropDownValue><bdvSeqNbr>105213344</bdvSeqNbr><servProvCode>BPTDEV</servProvCode><auditModel><auditDate>2016-06-09T11:32:16-06:00</auditDate><auditID>ADMIN</auditID><auditStatus>A</auditStatus></auditModel><bizdomain>EnvHealth RISK</bizdomain><bizdomainValue>1</bizdomainValue><sortOrder>1</sortOrder><standardChoiceValueI18NModels/></sharedDropDownValue><sharedDropDownValue><bdvSeqNbr>105213345</bdvSeqNbr><servProvCode>BPTDEV</servProvCode><auditModel><auditDate>2016-06-09T11:32:16-06:00</auditDate><auditID>ADMIN</auditID><auditStatus>A</auditStatus></auditModel><bizdomain>EnvHealth RISK</bizdomain><bizdomainValue>2</bizdomainValue><sortOrder>2</sortOrder><standardChoiceValueI18NModels/></sharedDropDownValue><sharedDropDownValue><bdvSeqNbr>105213346</bdvSeqNbr><servProvCode>BPTDEV</servProvCode><auditModel><auditDate>2016-06-09T11:32:16-06:00</auditDate><auditID>ADMIN</auditID><auditStatus>A</auditStatus></auditModel><bizdomain>EnvHealth RISK</bizdomain><bizdomainValue>3</bizdomainValue><sortOrder>3</sortOrder><standardChoiceValueI18NModels/></sharedDropDownValue><sharedDropDownValue><bdvSeqNbr>105213347</bdvSeqNbr><servProvCode>BPTDEV</servProvCode><auditModel><auditDate>2016-06-09T11:32:16-06:00</auditDate><auditID>ADMIN</auditID><auditStatus>A</auditStatus></auditModel><bizdomain>EnvHealth RISK</bizdomain><bizdomainValue>4</bizdomainValue><sortOrder>4</sortOrder><standardChoiceValueI18NModels/></sharedDropDownValue></sharedDropDownList><type>ShareDropDown</type><valueSize>0</valueSize></sharedDropDownListModel>
<sharedDropDownListModel><name>EH_COMPLAINT_TYPE</name><serviceProviderCode>BPTDEV</serviceProviderCode><auditModel><auditDate>2016-04-24T20:39:30-06:00</auditDate><auditID>ADMIN</auditID><auditStatus>A</auditStatus></auditModel><sharedDropDownList><sharedDropDownValue><bdvSeqNbr>105213348</bdvSeqNbr><servProvCode>BPTDEV</servProvCode><auditModel><auditDate>2016-04-24T20:39:30-06:00</auditDate><auditID>ADMIN</auditID><auditStatus>A</auditStatus></auditModel><bizdomain>EH_COMPLAINT_TYPE</bizdomain><bizdomainValue>Air Quality</bizdomainValue><standardChoiceValueI18NModels/></sharedDropDownValue><sharedDropDownValue><bdvSeqNbr>105213349</bdvSeqNbr><servProvCode>BPTDEV</servProvCode><auditModel><auditDate>2016-04-24T20:39:30-06:00</auditDate><auditID>ADMIN</auditID><auditStatus>A</auditStatus></auditModel><bizdomain>EH_COMPLAINT_TYPE</bizdomain><bizdomainValue>Body Art</bizdomainValue><standardChoiceValueI18NModels/></sharedDropDownValue><sharedDropDownValue><bdvSeqNbr>105213350</bdvSeqNbr><servProvCode>BPTDEV</servProvCode><auditModel><auditDate>2016-04-24T20:39:30-06:00</auditDate><auditID>ADMIN</auditID><auditStatus>A</auditStatus></auditModel><bizdomain>EH_COMPLAINT_TYPE</bizdomain><bizdomainValue>Drinking Water</bizdomainValue><standardChoiceValueI18NModels/></sharedDropDownValue><sharedDropDownValue><bdvSeqNbr>105213351</bdvSeqNbr><servProvCode>BPTDEV</servProvCode><auditModel><auditDate>2016-04-24T20:39:30-06:00</auditDate><auditID>ADMIN</auditID><auditStatus>A</auditStatus></auditModel><bizdomain>EH_COMPLAINT_TYPE</bizdomain><bizdomainValue>Food</bizdomainValue><standardChoiceValueI18NModels/></sharedDropDownValue><sharedDropDownValue><bdvSeqNbr>105213352</bdvSeqNbr><servProvCode>BPTDEV</servProvCode><auditModel><auditDate>2016-04-24T20:39:30-06:00</auditDate><auditID>ADMIN</auditID><auditStatus>A</auditStatus></auditModel><bizdomain>EH_COMPLAINT_TYPE</bizdomain><bizdomainValue>Hazmat</bizdomainValue><standardChoiceValueI18NModels/></sharedDropDownValue><sharedDropDownValue><bdvSeqNbr>105213353</bdvSeqNbr><servProvCode>BPTDEV</servProvCode><auditModel><auditDate>2016-04-24T20:39:30-06:00</auditDate><auditID>ADMIN</auditID><auditStatus>A</auditStatus></auditModel><bizdomain>EH_COMPLAINT_TYPE</bizdomain><bizdomainValue>Housing</bizdomainValue><standardChoiceValueI18NModels/></sharedDropDownValue><sharedDropDownValue><bdvSeqNbr>105213354</bdvSeqNbr><servProvCode>BPTDEV</servProvCode><auditModel><auditDate>2016-04-24T20:39:30-06:00</auditDate><auditID>ADMIN</auditID><auditStatus>A</auditStatus></auditModel><bizdomain>EH_COMPLAINT_TYPE</bizdomain><bizdomainValue>Institutional</bizdomainValue><standardChoiceValueI18NModels/></sharedDropDownValue><sharedDropDownValue><bdvSeqNbr>105213355</bdvSeqNbr><servProvCode>BPTDEV</servProvCode><auditModel><auditDate>2016-04-24T20:39:30-06:00</auditDate><auditID>ADMIN</auditID><auditStatus>A</auditStatus></auditModel><bizdomain>EH_COMPLAINT_TYPE</bizdomain><bizdomainValue>Land</bizdomainValue><standardChoiceValueI18NModels/></sharedDropDownValue><sharedDropDownValue><bdvSeqNbr>105213356</bdvSeqNbr><servProvCode>BPTDEV</servProvCode><auditModel><auditDate>2016-04-24T20:39:30-06:00</auditDate><auditID>ADMIN</auditID><auditStatus>A</auditStatus></auditModel><bizdomain>EH_COMPLAINT_TYPE</bizdomain><bizdomainValue>Milk &amp; Dairy</bizdomainValue><standardChoiceValueI18NModels/></sharedDropDownValue><sharedDropDownValue><bdvSeqNbr>105213357</bdvSeqNbr><servProvCode>BPTDEV</servProvCode><auditModel><auditDate>2016-04-24T20:39:30-06:00</auditDate><auditID>ADMIN</auditID><auditStatus>A</auditStatus></auditModel><bizdomain>EH_COMPLAINT_TYPE</bizdomain><bizdomainValue>Other</bizdomainValue><standardChoiceValueI18NModels/></sharedDropDownValue><sharedDropDownValue><bdvSeqNbr>105213358</bdvSeqNbr><servProvCode>BPTDEV</servProvCode><auditModel><auditDate>2016-04-24T20:39:30-06:00</auditDate><auditID>ADMIN</auditID><auditStatus>A</auditStatus></auditModel><bizdomain>EH_COMPLAINT_TYPE</bizdomain><bizdomainValue>Recreational Health</bizdomainValue><standardChoiceValueI18NModels/></sharedDropDownValue><sharedDropDownValue><bdvSeqNbr>105213359</bdvSeqNbr><servProvCode>BPTDEV</servProvCode><auditModel><auditDate>2016-04-24T20:39:30-06:00</auditDate><auditID>ADMIN</auditID><auditStatus>A</auditStatus></auditModel><bizdomain>EH_COMPLAINT_TYPE</bizdomain><bizdomainValue>Retail</bizdomainValue><standardChoiceValueI18NModels/></sharedDropDownValue><sharedDropDownValue><bdvSeqNbr>105213360</bdvSeqNbr><servProvCode>BPTDEV</servProvCode><auditModel><auditDate>2016-04-24T20:39:30-06:00</auditDate><auditID>ADMIN</auditID><auditStatus>A</auditStatus></auditModel><bizdomain>EH_COMPLAINT_TYPE</bizdomain><bizdomainValue>Services</bizdomainValue><standardChoiceValueI18NModels/></sharedDropDownValue><sharedDropDownValue><bdvSeqNbr>105213361</bdvSeqNbr><servProvCode>BPTDEV</servProvCode><auditModel><auditDate>2016-04-24T20:39:30-06:00</auditDate><auditID>ADMIN</auditID><auditStatus>A</auditStatus></auditModel><bizdomain>EH_COMPLAINT_TYPE</bizdomain><bizdomainValue>Solid Waste</bizdomainValue><standardChoiceValueI18NModels/></sharedDropDownValue><sharedDropDownValue><bdvSeqNbr>105213362</bdvSeqNbr><servProvCode>BPTDEV</servProvCode><auditModel><auditDate>2016-04-24T20:39:30-06:00</auditDate><auditID>ADMIN</auditID><auditStatus>A</auditStatus></auditModel><bizdomain>EH_COMPLAINT_TYPE</bizdomain><bizdomainValue>Vector</bizdomainValue><standardChoiceValueI18NModels/></sharedDropDownValue></sharedDropDownList><type>ShareDropDown</type><valueSize>0</valueSize></sharedDropDownListModel>
<sharedDropDownListModel><name>EnvHealth SEWER TYPE</name><serviceProviderCode>BPTDEV</serviceProviderCode><auditModel><auditDate>2016-01-18T02:15:44-07:00</auditDate><auditID>ADMIN</auditID><auditStatus>A</auditStatus></auditModel><sharedDropDownList><sharedDropDownValue><bdvSeqNbr>105213363</bdvSeqNbr><servProvCode>BPTDEV</servProvCode><auditModel><auditDate>2016-01-18T02:15:52-07:00</auditDate><auditID>ADMIN</auditID><auditStatus>A</auditStatus></auditModel><bizdomain>EnvHealth SEWER TYPE</bizdomain><bizdomainValue>Public</bizdomainValue><standardChoiceValueI18NModels/></sharedDropDownValue><sharedDropDownValue><bdvSeqNbr>105213364</bdvSeqNbr><servProvCode>BPTDEV</servProvCode><auditModel><auditDate>2016-01-18T02:16:00-07:00</auditDate><auditID>ADMIN</auditID><auditStatus>A</auditStatus></auditModel><bizdomain>EnvHealth SEWER TYPE</bizdomain><bizdomainValue>Septic/Private</bizdomainValue><standardChoiceValueI18NModels/></sharedDropDownValue></sharedDropDownList><type>ShareDropDown</type><valueSize>0</valueSize></sharedDropDownListModel>
<sharedDropDownListModel><name>EnvHealth WATER SOURCE</name><serviceProviderCode>BPTDEV</serviceProviderCode><auditModel><auditDate>2016-01-18T18:49:36-07:00</auditDate><auditID>ADMIN</auditID><auditStatus>A</auditStatus></auditModel><sharedDropDownList><sharedDropDownValue><bdvSeqNbr>105213365</bdvSeqNbr><servProvCode>BPTDEV</servProvCode><auditModel><auditDate>2016-01-18T18:49:36-07:00</auditDate><auditID>ADMIN</auditID><auditStatus>A</auditStatus></auditModel><bizdomain>EnvHealth WATER SOURCE</bizdomain><bizdomainValue>Public</bizdomainValue><standardChoiceValueI18NModels/></sharedDropDownValue><sharedDropDownValue><bdvSeqNbr>105213366</bdvSeqNbr><servProvCode>BPTDEV</servProvCode><auditModel><auditDate>2016-01-18T18:49:36-07:00</auditDate><auditID>ADMIN</auditID><auditStatus>A</auditStatus></auditModel><bizdomain>EnvHealth WATER SOURCE</bizdomain><bizdomainValue>Well/Private</bizdomainValue><standardChoiceValueI18NModels/></sharedDropDownValue></sharedDropDownList><type>ShareDropDown</type><valueSize>0</valueSize></sharedDropDownListModel>
<sharedDropDownListModel><name>EnvHealth CUSTOMER UTENSILS</name><serviceProviderCode>BPTDEV</serviceProviderCode><auditModel><auditDate>2016-01-18T18:48:27-07:00</auditDate><auditID>ADMIN</auditID><auditStatus>A</auditStatus></auditModel><sharedDropDownList><sharedDropDownValue><bdvSeqNbr>105213367</bdvSeqNbr><servProvCode>BPTDEV</servProvCode><auditModel><auditDate>2016-01-18T18:48:27-07:00</auditDate><auditID>ADMIN</auditID><auditStatus>A</auditStatus></auditModel><bizdomain>EnvHealth CUSTOMER UTENSILS</bizdomain><bizdomainValue>Multi-Use</bizdomainValue><standardChoiceValueI18NModels/></sharedDropDownValue><sharedDropDownValue><bdvSeqNbr>105213368</bdvSeqNbr><servProvCode>BPTDEV</servProvCode><auditModel><auditDate>2016-01-18T18:48:27-07:00</auditDate><auditID>ADMIN</auditID><auditStatus>A</auditStatus></auditModel><bizdomain>EnvHealth CUSTOMER UTENSILS</bizdomain><bizdomainValue>Single-Use</bizdomainValue><standardChoiceValueI18NModels/></sharedDropDownValue></sharedDropDownList><type>ShareDropDown</type><valueSize>0</valueSize></sharedDropDownListModel>
<sharedDropDownListModel><name>EnvHealth FOOD PREPARED</name><serviceProviderCode>BPTDEV</serviceProviderCode><auditModel><auditDate>2016-02-22T19:16:52-07:00</auditDate><auditID>ADMIN</auditID><auditStatus>A</auditStatus></auditModel><sharedDropDownList><sharedDropDownValue><bdvSeqNbr>105213369</bdvSeqNbr><servProvCode>BPTDEV</servProvCode><auditModel><auditDate>2016-02-22T19:16:52-07:00</auditDate><auditID>ADMIN</auditID><auditStatus>A</auditStatus></auditModel><bizdomain>EnvHealth FOOD PREPARED</bizdomain><bizdomainValue>Commissary</bizdomainValue><standardChoiceValueI18NModels/></sharedDropDownValue><sharedDropDownValue><bdvSeqNbr>105213370</bdvSeqNbr><servProvCode>BPTDEV</servProvCode><auditModel><auditDate>2016-02-22T19:17:23-07:00</auditDate><auditID>ADMIN</auditID><auditStatus>A</auditStatus></auditModel><bizdomain>EnvHealth FOOD PREPARED</bizdomain><bizdomainValue>Other</bizdomainValue><standardChoiceValueI18NModels/></sharedDropDownValue><sharedDropDownValue><bdvSeqNbr>105213371</bdvSeqNbr><servProvCode>BPTDEV</servProvCode><auditModel><auditDate>2016-02-22T19:17:10-07:00</auditDate><auditID>ADMIN</auditID><auditStatus>A</auditStatus></auditModel><bizdomain>EnvHealth FOOD PREPARED</bizdomain><bizdomainValue>Restaurant</bizdomainValue><standardChoiceValueI18NModels/></sharedDropDownValue></sharedDropDownList><type>ShareDropDown</type><valueSize>0</valueSize></sharedDropDownListModel>
<sharedDropDownListModel><name>EnvHealth SHAPE FOR POOL SURFACE AREA CALCULATION</name><serviceProviderCode>BPTDEV</serviceProviderCode><auditModel><auditDate>2016-01-19T19:18:40-07:00</auditDate><auditID>ADMIN</auditID><auditStatus>A</auditStatus></auditModel><sharedDropDownList><sharedDropDownValue><bdvSeqNbr>105213458</bdvSeqNbr><servProvCode>BPTDEV</servProvCode><auditModel><auditDate>2016-01-19T19:19:04-07:00</auditDate><auditID>ADMIN</auditID><auditStatus>A</auditStatus></auditModel><bizdomain>EnvHealth SHAPE FOR POOL SURFACE AREA CALCULATION</bizdomain><bizdomainValue>Circle</bizdomainValue><standardChoiceValueI18NModels/></sharedDropDownValue><sharedDropDownValue><bdvSeqNbr>105213459</bdvSeqNbr><servProvCode>BPTDEV</servProvCode><auditModel><auditDate>2016-01-19T19:19:12-07:00</auditDate><auditID>ADMIN</auditID><auditStatus>A</auditStatus></auditModel><bizdomain>EnvHealth SHAPE FOR POOL SURFACE AREA CALCULATION</bizdomain><bizdomainValue>Kidney</bizdomainValue><standardChoiceValueI18NModels/></sharedDropDownValue><sharedDropDownValue><bdvSeqNbr>105213460</bdvSeqNbr><servProvCode>BPTDEV</servProvCode><auditModel><auditDate>2016-01-19T19:18:56-07:00</auditDate><auditID>ADMIN</auditID><auditStatus>A</auditStatus></auditModel><bizdomain>EnvHealth SHAPE FOR POOL SURFACE AREA CALCULATION</bizdomain><bizdomainValue>Square/Rectangle</bizdomainValue><standardChoiceValueI18NModels/></sharedDropDownValue></sharedDropDownList><type>ShareDropDown</type><valueSize>0</valueSize></sharedDropDownListModel>
<sharedDropDownListModel><name>EnvHealth TYPE OF POOL</name><serviceProviderCode>BPTDEV</serviceProviderCode><auditModel><auditDate>2016-01-19T19:02:38-07:00</auditDate><auditID>ADMIN</auditID><auditStatus>A</auditStatus></auditModel><sharedDropDownList><sharedDropDownValue><bdvSeqNbr>105213461</bdvSeqNbr><servProvCode>BPTDEV</servProvCode><auditModel><auditDate>2016-01-19T19:16:19-07:00</auditDate><auditID>ADMIN</auditID><auditStatus>A</auditStatus></auditModel><bizdomain>EnvHealth TYPE OF POOL</bizdomain><bizdomainValue>Competition</bizdomainValue><standardChoiceValueI18NModels/></sharedDropDownValue><sharedDropDownValue><bdvSeqNbr>105213462</bdvSeqNbr><servProvCode>BPTDEV</servProvCode><auditModel><auditDate>2016-01-19T19:16:50-07:00</auditDate><auditID>ADMIN</auditID><auditStatus>A</auditStatus></auditModel><bizdomain>EnvHealth TYPE OF POOL</bizdomain><bizdomainValue>Diving</bizdomainValue><standardChoiceValueI18NModels/></sharedDropDownValue><sharedDropDownValue><bdvSeqNbr>105213463</bdvSeqNbr><servProvCode>BPTDEV</servProvCode><auditModel><auditDate>2016-01-19T19:16:30-07:00</auditDate><auditID>ADMIN</auditID><auditStatus>A</auditStatus></auditModel><bizdomain>EnvHealth TYPE OF POOL</bizdomain><bizdomainValue>Instructional</bizdomainValue><standardChoiceValueI18NModels/></sharedDropDownValue><sharedDropDownValue><bdvSeqNbr>105213464</bdvSeqNbr><servProvCode>BPTDEV</servProvCode><auditModel><auditDate>2016-01-19T19:13:25-07:00</auditDate><auditID>ADMIN</auditID><auditStatus>A</auditStatus></auditModel><bizdomain>EnvHealth TYPE OF POOL</bizdomain><bizdomainValue>Interactive Water Feature</bizdomainValue><standardChoiceValueI18NModels/></sharedDropDownValue><sharedDropDownValue><bdvSeqNbr>105213465</bdvSeqNbr><servProvCode>BPTDEV</servProvCode><auditModel><auditDate>2016-01-19T19:02:50-07:00</auditDate><auditID>ADMIN</auditID><auditStatus>A</auditStatus></auditModel><bizdomain>EnvHealth TYPE OF POOL</bizdomain><bizdomainValue>Pool</bizdomainValue><standardChoiceValueI18NModels/></sharedDropDownValue><sharedDropDownValue><bdvSeqNbr>105213466</bdvSeqNbr><servProvCode>BPTDEV</servProvCode><auditModel><auditDate>2016-01-19T19:17:01-07:00</auditDate><auditID>ADMIN</auditID><auditStatus>A</auditStatus></auditModel><bizdomain>EnvHealth TYPE OF POOL</bizdomain><bizdomainValue>Slide Landing Pool</bizdomainValue><standardChoiceValueI18NModels/></sharedDropDownValue><sharedDropDownValue><bdvSeqNbr>105213467</bdvSeqNbr><servProvCode>BPTDEV</servProvCode><auditModel><auditDate>2016-01-19T19:12:44-07:00</auditDate><auditID>ADMIN</auditID><auditStatus>A</auditStatus></auditModel><bizdomain>EnvHealth TYPE OF POOL</bizdomain><bizdomainValue>Spa</bizdomainValue><standardChoiceValueI18NModels/></sharedDropDownValue><sharedDropDownValue><bdvSeqNbr>105213468</bdvSeqNbr><servProvCode>BPTDEV</servProvCode><auditModel><auditDate>2016-01-19T19:17:20-07:00</auditDate><auditID>ADMIN</auditID><auditStatus>A</auditStatus></auditModel><bizdomain>EnvHealth TYPE OF POOL</bizdomain><bizdomainValue>Special Purpose</bizdomainValue><standardChoiceValueI18NModels/></sharedDropDownValue><sharedDropDownValue><bdvSeqNbr>105213469</bdvSeqNbr><servProvCode>BPTDEV</servProvCode><auditModel><auditDate>2016-01-19T19:16:41-07:00</auditDate><auditID>ADMIN</auditID><auditStatus>A</auditStatus></auditModel><bizdomain>EnvHealth TYPE OF POOL</bizdomain><bizdomainValue>Spray Pad</bizdomainValue><standardChoiceValueI18NModels/></sharedDropDownValue><sharedDropDownValue><bdvSeqNbr>105213470</bdvSeqNbr><servProvCode>BPTDEV</servProvCode><auditModel><auditDate>2016-01-19T19:13:06-07:00</auditDate><auditID>ADMIN</auditID><auditStatus>A</auditStatus></auditModel><bizdomain>EnvHealth TYPE OF POOL</bizdomain><bizdomainValue>Therapy / Medical</bizdomainValue><standardChoiceValueI18NModels/></sharedDropDownValue><sharedDropDownValue><bdvSeqNbr>105213471</bdvSeqNbr><servProvCode>BPTDEV</servProvCode><auditModel><auditDate>2016-01-19T19:12:53-07:00</auditDate><auditID>ADMIN</auditID><auditStatus>A</auditStatus></auditModel><bizdomain>EnvHealth TYPE OF POOL</bizdomain><bizdomainValue>Wader</bizdomainValue><standardChoiceValueI18NModels/></sharedDropDownValue><sharedDropDownValue><bdvSeqNbr>105213472</bdvSeqNbr><servProvCode>BPTDEV</servProvCode><auditModel><auditDate>2016-01-19T19:17:11-07:00</auditDate><auditID>ADMIN</auditID><auditStatus>A</auditStatus></auditModel><bizdomain>EnvHealth TYPE OF POOL</bizdomain><bizdomainValue>Water Attraction</bizdomainValue><standardChoiceValueI18NModels/></sharedDropDownValue></sharedDropDownList><type>ShareDropDown</type><valueSize>0</valueSize></sharedDropDownListModel>
<sharedDropDownListModel><name>EnvHealth TYPE OF PROJECT</name><serviceProviderCode>BPTDEV</serviceProviderCode><auditModel><auditDate>2016-01-19T19:17:48-07:00</auditDate><auditID>ADMIN</auditID><auditStatus>A</auditStatus></auditModel><sharedDropDownList><sharedDropDownValue><bdvSeqNbr>105213473</bdvSeqNbr><servProvCode>BPTDEV</servProvCode><auditModel><auditDate>2016-01-19T19:18:08-07:00</auditDate><auditID>ADMIN</auditID><auditStatus>A</auditStatus></auditModel><bizdomain>EnvHealth TYPE OF PROJECT</bizdomain><bizdomainValue>Major Renovation</bizdomainValue><standardChoiceValueI18NModels/></sharedDropDownValue><sharedDropDownValue><bdvSeqNbr>105213474</bdvSeqNbr><servProvCode>BPTDEV</servProvCode><auditModel><auditDate>2016-01-19T19:17:58-07:00</auditDate><auditID>ADMIN</auditID><auditStatus>A</auditStatus></auditModel><bizdomain>EnvHealth TYPE OF PROJECT</bizdomain><bizdomainValue>New</bizdomainValue><standardChoiceValueI18NModels/></sharedDropDownValue><sharedDropDownValue><bdvSeqNbr>105213475</bdvSeqNbr><servProvCode>BPTDEV</servProvCode><auditModel><auditDate>2016-01-19T19:18:17-07:00</auditDate><auditID>ADMIN</auditID><auditStatus>A</auditStatus></auditModel><bizdomain>EnvHealth TYPE OF PROJECT</bizdomain><bizdomainValue>Remodel</bizdomainValue><standardChoiceValueI18NModels/></sharedDropDownValue></sharedDropDownList><type>ShareDropDown</type><valueSize>0</valueSize></sharedDropDownListModel>
<sharedDropDownListModel><name>EH_WW APP TYPE</name><serviceProviderCode>BPTDEV</serviceProviderCode><auditModel><auditDate>2016-01-18T23:25:23-07:00</auditDate><auditID>ADMIN</auditID><auditStatus>A</auditStatus></auditModel><sharedDropDownList><sharedDropDownValue><bdvSeqNbr>105213422</bdvSeqNbr><servProvCode>BPTDEV</servProvCode><auditModel><auditDate>2016-01-18T23:25:57-07:00</auditDate><auditID>ADMIN</auditID><auditStatus>A</auditStatus></auditModel><bizdomain>EH_WW APP TYPE</bizdomain><bizdomainValue>Abandon</bizdomainValue><standardChoiceValueI18NModels/></sharedDropDownValue><sharedDropDownValue><bdvSeqNbr>105213423</bdvSeqNbr><servProvCode>BPTDEV</servProvCode><auditModel><auditDate>2016-01-18T23:25:34-07:00</auditDate><auditID>ADMIN</auditID><auditStatus>A</auditStatus></auditModel><bizdomain>EH_WW APP TYPE</bizdomain><bizdomainValue>New</bizdomainValue><standardChoiceValueI18NModels/></sharedDropDownValue><sharedDropDownValue><bdvSeqNbr>105213424</bdvSeqNbr><servProvCode>BPTDEV</servProvCode><auditModel><auditDate>2016-01-18T23:25:47-07:00</auditDate><auditID>ADMIN</auditID><auditStatus>A</auditStatus></auditModel><bizdomain>EH_WW APP TYPE</bizdomain><bizdomainValue>Repair</bizdomainValue><standardChoiceValueI18NModels/></sharedDropDownValue></sharedDropDownList><type>ShareDropDown</type><valueSize>0</valueSize></sharedDropDownListModel>
<sharedDropDownListModel><name>EnvHealth WW INTENDED USE</name><serviceProviderCode>BPTDEV</serviceProviderCode><auditModel><auditDate>2016-01-18T23:26:25-07:00</auditDate><auditID>ADMIN</auditID><auditStatus>A</auditStatus></auditModel><sharedDropDownList><sharedDropDownValue><bdvSeqNbr>105213425</bdvSeqNbr><servProvCode>BPTDEV</servProvCode><auditModel><auditDate>2016-01-18T23:27:28-07:00</auditDate><auditID>ADMIN</auditID><auditStatus>A</auditStatus></auditModel><bizdomain>EnvHealth WW INTENDED USE</bizdomain><bizdomainValue>Ag Well</bizdomainValue><standardChoiceValueI18NModels/></sharedDropDownValue><sharedDropDownValue><bdvSeqNbr>105213426</bdvSeqNbr><servProvCode>BPTDEV</servProvCode><auditModel><auditDate>2016-01-18T23:27:17-07:00</auditDate><auditID>ADMIN</auditID><auditStatus>A</auditStatus></auditModel><bizdomain>EnvHealth WW INTENDED USE</bizdomain><bizdomainValue>Air Sparge</bizdomainValue><standardChoiceValueI18NModels/></sharedDropDownValue><sharedDropDownValue><bdvSeqNbr>105213427</bdvSeqNbr><servProvCode>BPTDEV</servProvCode><auditModel><auditDate>2016-01-18T23:26:36-07:00</auditDate><auditID>ADMIN</auditID><auditStatus>A</auditStatus></auditModel><bizdomain>EnvHealth WW INTENDED USE</bizdomain><bizdomainValue>Domestic Water</bizdomainValue><standardChoiceValueI18NModels/></sharedDropDownValue><sharedDropDownValue><bdvSeqNbr>105213428</bdvSeqNbr><servProvCode>BPTDEV</servProvCode><auditModel><auditDate>2016-01-18T23:28:17-07:00</auditDate><auditID>ADMIN</auditID><auditStatus>A</auditStatus></auditModel><bizdomain>EnvHealth WW INTENDED USE</bizdomain><bizdomainValue>Dual Phase Extraction</bizdomainValue><standardChoiceValueI18NModels/></sharedDropDownValue><sharedDropDownValue><bdvSeqNbr>105213429</bdvSeqNbr><servProvCode>BPTDEV</servProvCode><auditModel><auditDate>2016-01-18T23:26:56-07:00</auditDate><auditID>ADMIN</auditID><auditStatus>A</auditStatus></auditModel><bizdomain>EnvHealth WW INTENDED USE</bizdomain><bizdomainValue>Monitoring/Haz Mat</bizdomainValue><standardChoiceValueI18NModels/></sharedDropDownValue><sharedDropDownValue><bdvSeqNbr>105213430</bdvSeqNbr><servProvCode>BPTDEV</servProvCode><auditModel><auditDate>2016-01-18T23:26:46-07:00</auditDate><auditID>ADMIN</auditID><auditStatus>A</auditStatus></auditModel><bizdomain>EnvHealth WW INTENDED USE</bizdomain><bizdomainValue>Monitoring/Sampling</bizdomainValue><standardChoiceValueI18NModels/></sharedDropDownValue><sharedDropDownValue><bdvSeqNbr>105213431</bdvSeqNbr><servProvCode>BPTDEV</servProvCode><auditModel><auditDate>2016-01-18T23:28:25-07:00</auditDate><auditID>ADMIN</auditID><auditStatus>A</auditStatus></auditModel><bizdomain>EnvHealth WW INTENDED USE</bizdomain><bizdomainValue>Other</bizdomainValue><standardChoiceValueI18NModels/></sharedDropDownValue><sharedDropDownValue><bdvSeqNbr>105213432</bdvSeqNbr><servProvCode>BPTDEV</servProvCode><auditModel><auditDate>2016-01-18T23:27:07-07:00</auditDate><auditID>ADMIN</auditID><auditStatus>A</auditStatus></auditModel><bizdomain>EnvHealth WW INTENDED USE</bizdomain><bizdomainValue>Property Assessment</bizdomainValue><standardChoiceValueI18NModels/></sharedDropDownValue><sharedDropDownValue><bdvSeqNbr>105213433</bdvSeqNbr><servProvCode>BPTDEV</servProvCode><auditModel><auditDate>2016-01-18T23:28:07-07:00</auditDate><auditID>ADMIN</auditID><auditStatus>A</auditStatus></auditModel><bizdomain>EnvHealth WW INTENDED USE</bizdomain><bizdomainValue>UST Cathodic Protection</bizdomainValue><standardChoiceValueI18NModels/></sharedDropDownValue><sharedDropDownValue><bdvSeqNbr>105213434</bdvSeqNbr><servProvCode>BPTDEV</servProvCode><auditModel><auditDate>2016-01-18T23:27:38-07:00</auditDate><auditID>ADMIN</auditID><auditStatus>A</auditStatus></auditModel><bizdomain>EnvHealth WW INTENDED USE</bizdomain><bizdomainValue>Vadose Zone Monitoring</bizdomainValue><standardChoiceValueI18NModels/></sharedDropDownValue><sharedDropDownValue><bdvSeqNbr>105213435</bdvSeqNbr><servProvCode>BPTDEV</servProvCode><auditModel><auditDate>2016-01-18T23:27:50-07:00</auditDate><auditID>ADMIN</auditID><auditStatus>A</auditStatus></auditModel><bizdomain>EnvHealth WW INTENDED USE</bizdomain><bizdomainValue>Vapor Extraction</bizdomainValue><standardChoiceValueI18NModels/></sharedDropDownValue></sharedDropDownList><type>ShareDropDown</type><valueSize>0</valueSize></sharedDropDownListModel>
<sharedDropDownListModel><name>EnvHealth WW TYPE OF WELL</name><serviceProviderCode>BPTDEV</serviceProviderCode><auditModel><auditDate>2016-01-18T23:33:26-07:00</auditDate><auditID>ADMIN</auditID><auditStatus>A</auditStatus></auditModel><sharedDropDownList><sharedDropDownValue><bdvSeqNbr>105213436</bdvSeqNbr><servProvCode>BPTDEV</servProvCode><auditModel><auditDate>2016-01-18T23:33:26-07:00</auditDate><auditID>ADMIN</auditID><auditStatus>A</auditStatus></auditModel><bizdomain>EnvHealth WW TYPE OF WELL</bizdomain><bizdomainValue>Agricultural Well</bizdomainValue><standardChoiceValueI18NModels/></sharedDropDownValue><sharedDropDownValue><bdvSeqNbr>105213437</bdvSeqNbr><servProvCode>BPTDEV</servProvCode><auditModel><auditDate>2016-01-18T23:33:26-07:00</auditDate><auditID>ADMIN</auditID><auditStatus>A</auditStatus></auditModel><bizdomain>EnvHealth WW TYPE OF WELL</bizdomain><bizdomainValue>Air Sparge</bizdomainValue><standardChoiceValueI18NModels/></sharedDropDownValue><sharedDropDownValue><bdvSeqNbr>105213438</bdvSeqNbr><servProvCode>BPTDEV</servProvCode><auditModel><auditDate>2016-01-18T23:33:26-07:00</auditDate><auditID>ADMIN</auditID><auditStatus>A</auditStatus></auditModel><bizdomain>EnvHealth WW TYPE OF WELL</bizdomain><bizdomainValue>Cathodic Protection</bizdomainValue><standardChoiceValueI18NModels/></sharedDropDownValue><sharedDropDownValue><bdvSeqNbr>105213439</bdvSeqNbr><servProvCode>BPTDEV</servProvCode><auditModel><auditDate>2016-01-18T23:33:43-07:00</auditDate><auditID>ADMIN</auditID><auditStatus>A</auditStatus></auditModel><bizdomain>EnvHealth WW TYPE OF WELL</bizdomain><bizdomainValue>Deepen Existing Well</bizdomainValue><standardChoiceValueI18NModels/></sharedDropDownValue><sharedDropDownValue><bdvSeqNbr>105213440</bdvSeqNbr><servProvCode>BPTDEV</servProvCode><auditModel><auditDate>2016-01-18T23:33:54-07:00</auditDate><auditID>ADMIN</auditID><auditStatus>A</auditStatus></auditModel><bizdomain>EnvHealth WW TYPE OF WELL</bizdomain><bizdomainValue>Destruction</bizdomainValue><standardChoiceValueI18NModels/></sharedDropDownValue><sharedDropDownValue><bdvSeqNbr>105213441</bdvSeqNbr><servProvCode>BPTDEV</servProvCode><auditModel><auditDate>2016-01-18T23:34:05-07:00</auditDate><auditID>ADMIN</auditID><auditStatus>A</auditStatus></auditModel><bizdomain>EnvHealth WW TYPE OF WELL</bizdomain><bizdomainValue>Geothermal Well</bizdomainValue><standardChoiceValueI18NModels/></sharedDropDownValue><sharedDropDownValue><bdvSeqNbr>105213442</bdvSeqNbr><servProvCode>BPTDEV</servProvCode><auditModel><auditDate>2016-01-18T23:34:16-07:00</auditDate><auditID>ADMIN</auditID><auditStatus>A</auditStatus></auditModel><bizdomain>EnvHealth WW TYPE OF WELL</bizdomain><bizdomainValue>Industrial Well</bizdomainValue><standardChoiceValueI18NModels/></sharedDropDownValue><sharedDropDownValue><bdvSeqNbr>105213443</bdvSeqNbr><servProvCode>BPTDEV</servProvCode><auditModel><auditDate>2016-01-18T23:34:26-07:00</auditDate><auditID>ADMIN</auditID><auditStatus>A</auditStatus></auditModel><bizdomain>EnvHealth WW TYPE OF WELL</bizdomain><bizdomainValue>Monitoring Well</bizdomainValue><standardChoiceValueI18NModels/></sharedDropDownValue><sharedDropDownValue><bdvSeqNbr>105213444</bdvSeqNbr><servProvCode>BPTDEV</servProvCode><auditModel><auditDate>2016-01-18T23:34:37-07:00</auditDate><auditID>ADMIN</auditID><auditStatus>A</auditStatus></auditModel><bizdomain>EnvHealth WW TYPE OF WELL</bizdomain><bizdomainValue>Non-Public Well</bizdomainValue><standardChoiceValueI18NModels/></sharedDropDownValue><sharedDropDownValue><bdvSeqNbr>105213445</bdvSeqNbr><servProvCode>BPTDEV</servProvCode><auditModel><auditDate>2016-01-18T23:34:56-07:00</auditDate><auditID>ADMIN</auditID><auditStatus>A</auditStatus></auditModel><bizdomain>EnvHealth WW TYPE OF WELL</bizdomain><bizdomainValue>Private</bizdomainValue><standardChoiceValueI18NModels/></sharedDropDownValue><sharedDropDownValue><bdvSeqNbr>105213446</bdvSeqNbr><servProvCode>BPTDEV</servProvCode><auditModel><auditDate>2016-01-18T23:34:46-07:00</auditDate><auditID>ADMIN</auditID><auditStatus>A</auditStatus></auditModel><bizdomain>EnvHealth WW TYPE OF WELL</bizdomain><bizdomainValue>Public Well</bizdomainValue><standardChoiceValueI18NModels/></sharedDropDownValue><sharedDropDownValue><bdvSeqNbr>105213447</bdvSeqNbr><servProvCode>BPTDEV</servProvCode><auditModel><auditDate>2016-01-18T23:35:05-07:00</auditDate><auditID>ADMIN</auditID><auditStatus>A</auditStatus></auditModel><bizdomain>EnvHealth WW TYPE OF WELL</bizdomain><bizdomainValue>Re Construction</bizdomainValue><standardChoiceValueI18NModels/></sharedDropDownValue><sharedDropDownValue><bdvSeqNbr>105213448</bdvSeqNbr><servProvCode>BPTDEV</servProvCode><auditModel><auditDate>2016-01-18T23:35:16-07:00</auditDate><auditID>ADMIN</auditID><auditStatus>A</auditStatus></auditModel><bizdomain>EnvHealth WW TYPE OF WELL</bizdomain><bizdomainValue>Test Hole</bizdomainValue><standardChoiceValueI18NModels/></sharedDropDownValue><sharedDropDownValue><bdvSeqNbr>105213449</bdvSeqNbr><servProvCode>BPTDEV</servProvCode><auditModel><auditDate>2016-01-18T23:35:25-07:00</auditDate><auditID>ADMIN</auditID><auditStatus>A</auditStatus></auditModel><bizdomain>EnvHealth WW TYPE OF WELL</bizdomain><bizdomainValue>Test Well</bizdomainValue><standardChoiceValueI18NModels/></sharedDropDownValue><sharedDropDownValue><bdvSeqNbr>105213450</bdvSeqNbr><servProvCode>BPTDEV</servProvCode><auditModel><auditDate>2016-01-18T23:35:33-07:00</auditDate><auditID>ADMIN</auditID><auditStatus>A</auditStatus></auditModel><bizdomain>EnvHealth WW TYPE OF WELL</bizdomain><bizdomainValue>Vapor Extraction</bizdomainValue><standardChoiceValueI18NModels/></sharedDropDownValue></sharedDropDownList><type>ShareDropDown</type><valueSize>0</valueSize></sharedDropDownListModel>
<sharedDropDownListModel><name>EnvHealth WW TYPE OF WORK</name><serviceProviderCode>BPTDEV</serviceProviderCode><auditModel><auditDate>2016-01-18T23:29:17-07:00</auditDate><auditID>ADMIN</auditID><auditStatus>A</auditStatus></auditModel><sharedDropDownList><sharedDropDownValue><bdvSeqNbr>105213451</bdvSeqNbr><servProvCode>BPTDEV</servProvCode><auditModel><auditDate>2016-01-18T23:31:09-07:00</auditDate><auditID>ADMIN</auditID><auditStatus>A</auditStatus></auditModel><bizdomain>EnvHealth WW TYPE OF WORK</bizdomain><bizdomainValue>Nonmandated - Other</bizdomainValue><standardChoiceValueI18NModels/></sharedDropDownValue><sharedDropDownValue><bdvSeqNbr>105213452</bdvSeqNbr><servProvCode>BPTDEV</servProvCode><auditModel><auditDate>2016-01-18T23:31:29-07:00</auditDate><auditID>ADMIN</auditID><auditStatus>A</auditStatus></auditModel><bizdomain>EnvHealth WW TYPE OF WORK</bizdomain><bizdomainValue>Other</bizdomainValue><standardChoiceValueI18NModels/></sharedDropDownValue><sharedDropDownValue><bdvSeqNbr>105213453</bdvSeqNbr><servProvCode>BPTDEV</servProvCode><auditModel><auditDate>2016-01-18T23:30:56-07:00</auditDate><auditID>ADMIN</auditID><auditStatus>A</auditStatus></auditModel><bizdomain>EnvHealth WW TYPE OF WORK</bizdomain><bizdomainValue>Phase II -Property Assessment</bizdomainValue><standardChoiceValueI18NModels/></sharedDropDownValue><sharedDropDownValue><bdvSeqNbr>105213454</bdvSeqNbr><servProvCode>BPTDEV</servProvCode><auditModel><auditDate>2016-01-18T23:30:43-07:00</auditDate><auditID>ADMIN</auditID><auditStatus>A</auditStatus></auditModel><bizdomain>EnvHealth WW TYPE OF WORK</bizdomain><bizdomainValue>State Mandated Investigation</bizdomainValue><standardChoiceValueI18NModels/></sharedDropDownValue><sharedDropDownValue><bdvSeqNbr>105213455</bdvSeqNbr><servProvCode>BPTDEV</servProvCode><auditModel><auditDate>2016-01-18T23:31:18-07:00</auditDate><auditID>ADMIN</auditID><auditStatus>A</auditStatus></auditModel><bizdomain>EnvHealth WW TYPE OF WORK</bizdomain><bizdomainValue>USEPA Mandated Investigation</bizdomainValue><standardChoiceValueI18NModels/></sharedDropDownValue><sharedDropDownValue><bdvSeqNbr>105213456</bdvSeqNbr><servProvCode>BPTDEV</servProvCode><auditModel><auditDate>2016-01-18T23:29:34-07:00</auditDate><auditID>ADMIN</auditID><auditStatus>A</auditStatus></auditModel><bizdomain>EnvHealth WW TYPE OF WORK</bizdomain><bizdomainValue>UST Leak - Local Oversight</bizdomainValue><standardChoiceValueI18NModels/></sharedDropDownValue><sharedDropDownValue><bdvSeqNbr>105213457</bdvSeqNbr><servProvCode>BPTDEV</servProvCode><auditModel><auditDate>2016-01-18T23:29:44-07:00</auditDate><auditID>ADMIN</auditID><auditStatus>A</auditStatus></auditModel><bizdomain>EnvHealth WW TYPE OF WORK</bizdomain><bizdomainValue>UST Leak - State Oversight</bizdomainValue><standardChoiceValueI18NModels/></sharedDropDownValue></sharedDropDownList><type>ShareDropDown</type><valueSize>0</valueSize></sharedDropDownListModel>
<sharedDropDownListModel><name>EnvHealth OWTS APP TYPE</name><serviceProviderCode>BPTDEV</serviceProviderCode><auditModel><auditDate>2016-01-18T01:51:51-07:00</auditDate><auditID>ADMIN</auditID><auditStatus>A</auditStatus></auditModel><sharedDropDownList><sharedDropDownValue><bdvSeqNbr>105213372</bdvSeqNbr><servProvCode>BPTDEV</servProvCode><auditModel><auditDate>2016-01-18T01:51:51-07:00</auditDate><auditID>ADMIN</auditID><auditStatus>A</auditStatus></auditModel><bizdomain>EnvHealth OWTS APP TYPE</bizdomain><bizdomainValue>Advantex</bizdomainValue><standardChoiceValueI18NModels/></sharedDropDownValue><sharedDropDownValue><bdvSeqNbr>105213373</bdvSeqNbr><servProvCode>BPTDEV</servProvCode><auditModel><auditDate>2016-01-18T01:51:51-07:00</auditDate><auditID>ADMIN</auditID><auditStatus>A</auditStatus></auditModel><bizdomain>EnvHealth OWTS APP TYPE</bizdomain><bizdomainValue>Aerobic treatment unit</bizdomainValue><standardChoiceValueI18NModels/></sharedDropDownValue><sharedDropDownValue><bdvSeqNbr>105213374</bdvSeqNbr><servProvCode>BPTDEV</servProvCode><auditModel><auditDate>2016-01-18T01:51:51-07:00</auditDate><auditID>ADMIN</auditID><auditStatus>A</auditStatus></auditModel><bizdomain>EnvHealth OWTS APP TYPE</bizdomain><bizdomainValue>Commercial system</bizdomainValue><standardChoiceValueI18NModels/></sharedDropDownValue><sharedDropDownValue><bdvSeqNbr>105213375</bdvSeqNbr><servProvCode>BPTDEV</servProvCode><auditModel><auditDate>2016-01-18T01:51:51-07:00</auditDate><auditID>ADMIN</auditID><auditStatus>A</auditStatus></auditModel><bizdomain>EnvHealth OWTS APP TYPE</bizdomain><bizdomainValue>Deep trench</bizdomainValue><standardChoiceValueI18NModels/></sharedDropDownValue><sharedDropDownValue><bdvSeqNbr>105213376</bdvSeqNbr><servProvCode>BPTDEV</servProvCode><auditModel><auditDate>2016-01-18T01:51:51-07:00</auditDate><auditID>ADMIN</auditID><auditStatus>A</auditStatus></auditModel><bizdomain>EnvHealth OWTS APP TYPE</bizdomain><bizdomainValue>Expansion</bizdomainValue><standardChoiceValueI18NModels/></sharedDropDownValue><sharedDropDownValue><bdvSeqNbr>105213377</bdvSeqNbr><servProvCode>BPTDEV</servProvCode><auditModel><auditDate>2016-01-18T01:51:51-07:00</auditDate><auditID>ADMIN</auditID><auditStatus>A</auditStatus></auditModel><bizdomain>EnvHealth OWTS APP TYPE</bizdomain><bizdomainValue>Experimental</bizdomainValue><standardChoiceValueI18NModels/></sharedDropDownValue><sharedDropDownValue><bdvSeqNbr>105213378</bdvSeqNbr><servProvCode>BPTDEV</servProvCode><auditModel><auditDate>2016-01-18T01:51:51-07:00</auditDate><auditID>ADMIN</auditID><auditStatus>A</auditStatus></auditModel><bizdomain>EnvHealth OWTS APP TYPE</bizdomain><bizdomainValue>Geoflow</bizdomainValue><standardChoiceValueI18NModels/></sharedDropDownValue><sharedDropDownValue><bdvSeqNbr>105213379</bdvSeqNbr><servProvCode>BPTDEV</servProvCode><auditModel><auditDate>2016-01-18T01:51:51-07:00</auditDate><auditID>ADMIN</auditID><auditStatus>A</auditStatus></auditModel><bizdomain>EnvHealth OWTS APP TYPE</bizdomain><bizdomainValue>Gravel - pressure distribution</bizdomainValue><standardChoiceValueI18NModels/></sharedDropDownValue><sharedDropDownValue><bdvSeqNbr>105213380</bdvSeqNbr><servProvCode>BPTDEV</servProvCode><auditModel><auditDate>2016-01-18T01:51:51-07:00</auditDate><auditID>ADMIN</auditID><auditStatus>A</auditStatus></auditModel><bizdomain>EnvHealth OWTS APP TYPE</bizdomain><bizdomainValue>Gravelless</bizdomainValue><standardChoiceValueI18NModels/></sharedDropDownValue><sharedDropDownValue><bdvSeqNbr>105213381</bdvSeqNbr><servProvCode>BPTDEV</servProvCode><auditModel><auditDate>2016-01-18T01:51:51-07:00</auditDate><auditID>ADMIN</auditID><auditStatus>A</auditStatus></auditModel><bizdomain>EnvHealth OWTS APP TYPE</bizdomain><bizdomainValue>Gravity</bizdomainValue><standardChoiceValueI18NModels/></sharedDropDownValue><sharedDropDownValue><bdvSeqNbr>105213382</bdvSeqNbr><servProvCode>BPTDEV</servProvCode><auditModel><auditDate>2016-01-18T01:51:51-07:00</auditDate><auditID>ADMIN</auditID><auditStatus>A</auditStatus></auditModel><bizdomain>EnvHealth OWTS APP TYPE</bizdomain><bizdomainValue>Holding tank</bizdomainValue><standardChoiceValueI18NModels/></sharedDropDownValue><sharedDropDownValue><bdvSeqNbr>105213383</bdvSeqNbr><servProvCode>BPTDEV</servProvCode><auditModel><auditDate>2016-01-18T01:51:51-07:00</auditDate><auditID>ADMIN</auditID><auditStatus>A</auditStatus></auditModel><bizdomain>EnvHealth OWTS APP TYPE</bizdomain><bizdomainValue>Hoot</bizdomainValue><standardChoiceValueI18NModels/></sharedDropDownValue><sharedDropDownValue><bdvSeqNbr>105213384</bdvSeqNbr><servProvCode>BPTDEV</servProvCode><auditModel><auditDate>2016-01-18T01:52:02-07:00</auditDate><auditID>ADMIN</auditID><auditStatus>A</auditStatus></auditModel><bizdomain>EnvHealth OWTS APP TYPE</bizdomain><bizdomainValue>Large system</bizdomainValue><standardChoiceValueI18NModels/></sharedDropDownValue><sharedDropDownValue><bdvSeqNbr>105213385</bdvSeqNbr><servProvCode>BPTDEV</servProvCode><auditModel><auditDate>2016-01-18T01:58:08-07:00</auditDate><auditID>ADMIN</auditID><auditStatus>A</auditStatus></auditModel><bizdomain>EnvHealth OWTS APP TYPE</bizdomain><bizdomainValue>Low pressure distribution</bizdomainValue><standardChoiceValueI18NModels/></sharedDropDownValue><sharedDropDownValue><bdvSeqNbr>105213386</bdvSeqNbr><servProvCode>BPTDEV</servProvCode><auditModel><auditDate>2016-01-18T01:58:17-07:00</auditDate><auditID>ADMIN</auditID><auditStatus>A</auditStatus></auditModel><bizdomain>EnvHealth OWTS APP TYPE</bizdomain><bizdomainValue>Modification</bizdomainValue><standardChoiceValueI18NModels/></sharedDropDownValue><sharedDropDownValue><bdvSeqNbr>105213387</bdvSeqNbr><servProvCode>BPTDEV</servProvCode><auditModel><auditDate>2016-01-18T01:58:24-07:00</auditDate><auditID>ADMIN</auditID><auditStatus>A</auditStatus></auditModel><bizdomain>EnvHealth OWTS APP TYPE</bizdomain><bizdomainValue>Mound</bizdomainValue><standardChoiceValueI18NModels/></sharedDropDownValue><sharedDropDownValue><bdvSeqNbr>105213388</bdvSeqNbr><servProvCode>BPTDEV</servProvCode><auditModel><auditDate>2016-01-18T01:58:35-07:00</auditDate><auditID>ADMIN</auditID><auditStatus>A</auditStatus></auditModel><bizdomain>EnvHealth OWTS APP TYPE</bizdomain><bizdomainValue>Pressure distribution</bizdomainValue><standardChoiceValueI18NModels/></sharedDropDownValue><sharedDropDownValue><bdvSeqNbr>105213389</bdvSeqNbr><servProvCode>BPTDEV</servProvCode><auditModel><auditDate>2016-01-18T01:58:53-07:00</auditDate><auditID>ADMIN</auditID><auditStatus>A</auditStatus></auditModel><bizdomain>EnvHealth OWTS APP TYPE</bizdomain><bizdomainValue>Pressure distribution w/capping fill</bizdomainValue><standardChoiceValueI18NModels/></sharedDropDownValue><sharedDropDownValue><bdvSeqNbr>105213390</bdvSeqNbr><servProvCode>BPTDEV</servProvCode><auditModel><auditDate>2016-01-18T01:59:01-07:00</auditDate><auditID>ADMIN</auditID><auditStatus>A</auditStatus></auditModel><bizdomain>EnvHealth OWTS APP TYPE</bizdomain><bizdomainValue>Replacement</bizdomainValue><standardChoiceValueI18NModels/></sharedDropDownValue><sharedDropDownValue><bdvSeqNbr>105213391</bdvSeqNbr><servProvCode>BPTDEV</servProvCode><auditModel><auditDate>2016-01-18T01:59:48-07:00</auditDate><auditID>ADMIN</auditID><auditStatus>A</auditStatus></auditModel><bizdomain>EnvHealth OWTS APP TYPE</bizdomain><bizdomainValue>Sand filter</bizdomainValue><standardChoiceValueI18NModels/></sharedDropDownValue><sharedDropDownValue><bdvSeqNbr>105213392</bdvSeqNbr><servProvCode>BPTDEV</servProvCode><auditModel><auditDate>2016-01-18T01:59:58-07:00</auditDate><auditID>ADMIN</auditID><auditStatus>A</auditStatus></auditModel><bizdomain>EnvHealth OWTS APP TYPE</bizdomain><bizdomainValue>Seepage pits</bizdomainValue><standardChoiceValueI18NModels/></sharedDropDownValue><sharedDropDownValue><bdvSeqNbr>105213393</bdvSeqNbr><servProvCode>BPTDEV</servProvCode><auditModel><auditDate>2016-01-18T02:00:08-07:00</auditDate><auditID>ADMIN</auditID><auditStatus>A</auditStatus></auditModel><bizdomain>EnvHealth OWTS APP TYPE</bizdomain><bizdomainValue>Septic tank</bizdomainValue><standardChoiceValueI18NModels/></sharedDropDownValue><sharedDropDownValue><bdvSeqNbr>105213394</bdvSeqNbr><servProvCode>BPTDEV</servProvCode><auditModel><auditDate>2016-01-18T02:00:18-07:00</auditDate><auditID>ADMIN</auditID><auditStatus>A</auditStatus></auditModel><bizdomain>EnvHealth OWTS APP TYPE</bizdomain><bizdomainValue>Septic tank abandonment</bizdomainValue><standardChoiceValueI18NModels/></sharedDropDownValue><sharedDropDownValue><bdvSeqNbr>105213395</bdvSeqNbr><servProvCode>BPTDEV</servProvCode><auditModel><auditDate>2016-01-18T02:00:42-07:00</auditDate><auditID>ADMIN</auditID><auditStatus>A</auditStatus></auditModel><bizdomain>EnvHealth OWTS APP TYPE</bizdomain><bizdomainValue>Septic tank replacement</bizdomainValue><standardChoiceValueI18NModels/></sharedDropDownValue><sharedDropDownValue><bdvSeqNbr>105213396</bdvSeqNbr><servProvCode>BPTDEV</servProvCode><auditModel><auditDate>2016-01-18T02:01:00-07:00</auditDate><auditID>ADMIN</auditID><auditStatus>A</auditStatus></auditModel><bizdomain>EnvHealth OWTS APP TYPE</bizdomain><bizdomainValue>Standard</bizdomainValue><standardChoiceValueI18NModels/></sharedDropDownValue><sharedDropDownValue><bdvSeqNbr>105213397</bdvSeqNbr><servProvCode>BPTDEV</servProvCode><auditModel><auditDate>2016-01-18T02:01:13-07:00</auditDate><auditID>ADMIN</auditID><auditStatus>A</auditStatus></auditModel><bizdomain>EnvHealth OWTS APP TYPE</bizdomain><bizdomainValue>Standard with capping fill</bizdomainValue><standardChoiceValueI18NModels/></sharedDropDownValue><sharedDropDownValue><bdvSeqNbr>105213398</bdvSeqNbr><servProvCode>BPTDEV</servProvCode><auditModel><auditDate>2016-01-18T02:01:24-07:00</auditDate><auditID>ADMIN</auditID><auditStatus>A</auditStatus></auditModel><bizdomain>EnvHealth OWTS APP TYPE</bizdomain><bizdomainValue>Steep slope</bizdomainValue><standardChoiceValueI18NModels/></sharedDropDownValue><sharedDropDownValue><bdvSeqNbr>105213399</bdvSeqNbr><servProvCode>BPTDEV</servProvCode><auditModel><auditDate>2016-01-18T02:01:33-07:00</auditDate><auditID>ADMIN</auditID><auditStatus>A</auditStatus></auditModel><bizdomain>EnvHealth OWTS APP TYPE</bizdomain><bizdomainValue>Subsurface drip</bizdomainValue><standardChoiceValueI18NModels/></sharedDropDownValue></sharedDropDownList><type>ShareDropDown</type><valueSize>0</valueSize></sharedDropDownListModel>
<sharedDropDownListModel><name>EnvHealth SOIL TYPE 1</name><serviceProviderCode>BPTDEV</serviceProviderCode><auditModel><auditDate>2016-01-18T02:04:31-07:00</auditDate><auditID>ADMIN</auditID><auditStatus>A</auditStatus></auditModel><sharedDropDownList><sharedDropDownValue><bdvSeqNbr>105213400</bdvSeqNbr><servProvCode>BPTDEV</servProvCode><auditModel><auditDate>2016-01-18T02:04:59-07:00</auditDate><auditID>ADMIN</auditID><auditStatus>A</auditStatus></auditModel><bizdomain>EnvHealth SOIL TYPE 1</bizdomain><bizdomainValue>Bedrock</bizdomainValue><standardChoiceValueI18NModels/></sharedDropDownValue><sharedDropDownValue><bdvSeqNbr>105213401</bdvSeqNbr><servProvCode>BPTDEV</servProvCode><auditModel><auditDate>2016-01-18T02:04:52-07:00</auditDate><auditID>ADMIN</auditID><auditStatus>A</auditStatus></auditModel><bizdomain>EnvHealth SOIL TYPE 1</bizdomain><bizdomainValue>Decomposed Granite</bizdomainValue><standardChoiceValueI18NModels/></sharedDropDownValue><sharedDropDownValue><bdvSeqNbr>105213402</bdvSeqNbr><servProvCode>BPTDEV</servProvCode><auditModel><auditDate>2016-01-18T02:04:40-07:00</auditDate><auditID>ADMIN</auditID><auditStatus>A</auditStatus></auditModel><bizdomain>EnvHealth SOIL TYPE 1</bizdomain><bizdomainValue>Sandy Loam</bizdomainValue><standardChoiceValueI18NModels/></sharedDropDownValue></sharedDropDownList><type>ShareDropDown</type><valueSize>0</valueSize></sharedDropDownListModel>
<sharedDropDownListModel><name>EnvHealth SOIL TYPE 2</name><serviceProviderCode>BPTDEV</serviceProviderCode><auditModel><auditDate>2016-01-18T02:05:25-07:00</auditDate><auditID>ADMIN</auditID><auditStatus>A</auditStatus></auditModel><sharedDropDownList><sharedDropDownValue><bdvSeqNbr>105213403</bdvSeqNbr><servProvCode>BPTDEV</servProvCode><auditModel><auditDate>2016-01-18T02:05:37-07:00</auditDate><auditID>ADMIN</auditID><auditStatus>A</auditStatus></auditModel><bizdomain>EnvHealth SOIL TYPE 2</bizdomain><bizdomainValue>Bedrock</bizdomainValue><standardChoiceValueI18NModels/></sharedDropDownValue><sharedDropDownValue><bdvSeqNbr>105213404</bdvSeqNbr><servProvCode>BPTDEV</servProvCode><auditModel><auditDate>2016-01-18T02:05:44-07:00</auditDate><auditID>ADMIN</auditID><auditStatus>A</auditStatus></auditModel><bizdomain>EnvHealth SOIL TYPE 2</bizdomain><bizdomainValue>Decomposed Granite</bizdomainValue><standardChoiceValueI18NModels/></sharedDropDownValue><sharedDropDownValue><bdvSeqNbr>105213405</bdvSeqNbr><servProvCode>BPTDEV</servProvCode><auditModel><auditDate>2016-01-18T02:05:53-07:00</auditDate><auditID>ADMIN</auditID><auditStatus>A</auditStatus></auditModel><bizdomain>EnvHealth SOIL TYPE 2</bizdomain><bizdomainValue>Sandy Loam</bizdomainValue><standardChoiceValueI18NModels/></sharedDropDownValue></sharedDropDownList><type>ShareDropDown</type><valueSize>0</valueSize></sharedDropDownListModel>
<sharedDropDownListModel><name>EnvHealth SOIL TYPE 3</name><serviceProviderCode>BPTDEV</serviceProviderCode><auditModel><auditDate>2016-01-18T02:07:25-07:00</auditDate><auditID>ADMIN</auditID><auditStatus>A</auditStatus></auditModel><sharedDropDownList><sharedDropDownValue><bdvSeqNbr>105213406</bdvSeqNbr><servProvCode>BPTDEV</servProvCode><auditModel><auditDate>2016-01-18T02:07:40-07:00</auditDate><auditID>ADMIN</auditID><auditStatus>A</auditStatus></auditModel><bizdomain>EnvHealth SOIL TYPE 3</bizdomain><bizdomainValue>Bedrock</bizdomainValue><standardChoiceValueI18NModels/></sharedDropDownValue><sharedDropDownValue><bdvSeqNbr>105213407</bdvSeqNbr><servProvCode>BPTDEV</servProvCode><auditModel><auditDate>2016-01-18T02:07:48-07:00</auditDate><auditID>ADMIN</auditID><auditStatus>A</auditStatus></auditModel><bizdomain>EnvHealth SOIL TYPE 3</bizdomain><bizdomainValue>Decomposed Granite</bizdomainValue><standardChoiceValueI18NModels/></sharedDropDownValue><sharedDropDownValue><bdvSeqNbr>105213408</bdvSeqNbr><servProvCode>BPTDEV</servProvCode><auditModel><auditDate>2016-01-18T02:07:53-07:00</auditDate><auditID>ADMIN</auditID><auditStatus>A</auditStatus></auditModel><bizdomain>EnvHealth SOIL TYPE 3</bizdomain><bizdomainValue>Sandy Loam</bizdomainValue><standardChoiceValueI18NModels/></sharedDropDownValue></sharedDropDownList><type>ShareDropDown</type><valueSize>0</valueSize></sharedDropDownListModel>
<sharedDropDownListModel><name>EnvHealth SOIL TYPE 4</name><serviceProviderCode>BPTDEV</serviceProviderCode><auditModel><auditDate>2016-01-18T02:08:14-07:00</auditDate><auditID>ADMIN</auditID><auditStatus>A</auditStatus></auditModel><sharedDropDownList><sharedDropDownValue><bdvSeqNbr>105213409</bdvSeqNbr><servProvCode>BPTDEV</servProvCode><auditModel><auditDate>2016-01-18T02:08:20-07:00</auditDate><auditID>ADMIN</auditID><auditStatus>A</auditStatus></auditModel><bizdomain>EnvHealth SOIL TYPE 4</bizdomain><bizdomainValue>Bedrock</bizdomainValue><standardChoiceValueI18NModels/></sharedDropDownValue><sharedDropDownValue><bdvSeqNbr>105213410</bdvSeqNbr><servProvCode>BPTDEV</servProvCode><auditModel><auditDate>2016-01-18T02:08:25-07:00</auditDate><auditID>ADMIN</auditID><auditStatus>A</auditStatus></auditModel><bizdomain>EnvHealth SOIL TYPE 4</bizdomain><bizdomainValue>Decomposed Granite</bizdomainValue><standardChoiceValueI18NModels/></sharedDropDownValue><sharedDropDownValue><bdvSeqNbr>105213411</bdvSeqNbr><servProvCode>BPTDEV</servProvCode><auditModel><auditDate>2016-01-18T02:08:30-07:00</auditDate><auditID>ADMIN</auditID><auditStatus>A</auditStatus></auditModel><bizdomain>EnvHealth SOIL TYPE 4</bizdomain><bizdomainValue>Sandy Loam</bizdomainValue><standardChoiceValueI18NModels/></sharedDropDownValue></sharedDropDownList><type>ShareDropDown</type><valueSize>0</valueSize></sharedDropDownListModel>
<sharedDropDownListModel><name>EnvHealth OWTS STRUCTURE TYPE</name><serviceProviderCode>BPTDEV</serviceProviderCode><auditModel><auditDate>2016-01-18T02:02:44-07:00</auditDate><auditID>ADMIN</auditID><auditStatus>A</auditStatus></auditModel><sharedDropDownList><sharedDropDownValue><bdvSeqNbr>105213412</bdvSeqNbr><servProvCode>BPTDEV</servProvCode><auditModel><auditDate>2016-01-18T02:02:55-07:00</auditDate><auditID>ADMIN</auditID><auditStatus>A</auditStatus></auditModel><bizdomain>EnvHealth OWTS STRUCTURE TYPE</bizdomain><bizdomainValue>Accessory (Other Use)</bizdomainValue><standardChoiceValueI18NModels/></sharedDropDownValue><sharedDropDownValue><bdvSeqNbr>105213413</bdvSeqNbr><servProvCode>BPTDEV</servProvCode><auditModel><auditDate>2016-01-18T02:03:03-07:00</auditDate><auditID>ADMIN</auditID><auditStatus>A</auditStatus></auditModel><bizdomain>EnvHealth OWTS STRUCTURE TYPE</bizdomain><bizdomainValue>Accessory Dwelling Unit</bizdomainValue><standardChoiceValueI18NModels/></sharedDropDownValue><sharedDropDownValue><bdvSeqNbr>105213414</bdvSeqNbr><servProvCode>BPTDEV</servProvCode><auditModel><auditDate>2016-01-18T02:03:20-07:00</auditDate><auditID>ADMIN</auditID><auditStatus>A</auditStatus></auditModel><bizdomain>EnvHealth OWTS STRUCTURE TYPE</bizdomain><bizdomainValue>Commercial Use</bizdomainValue><standardChoiceValueI18NModels/></sharedDropDownValue><sharedDropDownValue><bdvSeqNbr>105213415</bdvSeqNbr><servProvCode>BPTDEV</servProvCode><auditModel><auditDate>2016-01-18T02:03:32-07:00</auditDate><auditID>ADMIN</auditID><auditStatus>A</auditStatus></auditModel><bizdomain>EnvHealth OWTS STRUCTURE TYPE</bizdomain><bizdomainValue>Dwelling Unit – Single Family</bizdomainValue><standardChoiceValueI18NModels/></sharedDropDownValue><sharedDropDownValue><bdvSeqNbr>105213416</bdvSeqNbr><servProvCode>BPTDEV</servProvCode><auditModel><auditDate>2016-01-18T02:03:42-07:00</auditDate><auditID>ADMIN</auditID><auditStatus>A</auditStatus></auditModel><bizdomain>EnvHealth OWTS STRUCTURE TYPE</bizdomain><bizdomainValue>Dwelling – Multi-Family</bizdomainValue><standardChoiceValueI18NModels/></sharedDropDownValue><sharedDropDownValue><bdvSeqNbr>105213417</bdvSeqNbr><servProvCode>BPTDEV</servProvCode><auditModel><auditDate>2016-01-18T02:03:53-07:00</auditDate><auditID>ADMIN</auditID><auditStatus>A</auditStatus></auditModel><bizdomain>EnvHealth OWTS STRUCTURE TYPE</bizdomain><bizdomainValue>Noncommercial Use</bizdomainValue><standardChoiceValueI18NModels/></sharedDropDownValue><sharedDropDownValue><bdvSeqNbr>105213418</bdvSeqNbr><servProvCode>BPTDEV</servProvCode><auditModel><auditDate>2016-01-18T02:04:01-07:00</auditDate><auditID>ADMIN</auditID><auditStatus>A</auditStatus></auditModel><bizdomain>EnvHealth OWTS STRUCTURE TYPE</bizdomain><bizdomainValue>Public Use</bizdomainValue><standardChoiceValueI18NModels/></sharedDropDownValue></sharedDropDownList><type>ShareDropDown</type><valueSize>0</valueSize></sharedDropDownListModel>
<sharedDropDownListModel><name>EnvHealth SYSTEM LOCATION</name><serviceProviderCode>BPTDEV</serviceProviderCode><auditModel><auditDate>2016-01-18T02:16:36-07:00</auditDate><auditID>ADMIN</auditID><auditStatus>A</auditStatus></auditModel><sharedDropDownList><sharedDropDownValue><bdvSeqNbr>105213419</bdvSeqNbr><servProvCode>BPTDEV</servProvCode><auditModel><auditDate>2016-01-18T02:16:36-07:00</auditDate><auditID>ADMIN</auditID><auditStatus>A</auditStatus></auditModel><bizdomain>EnvHealth SYSTEM LOCATION</bizdomain><bizdomainValue>Back of House</bizdomainValue><standardChoiceValueI18NModels/></sharedDropDownValue><sharedDropDownValue><bdvSeqNbr>105213420</bdvSeqNbr><servProvCode>BPTDEV</servProvCode><auditModel><auditDate>2016-01-18T02:16:36-07:00</auditDate><auditID>ADMIN</auditID><auditStatus>A</auditStatus></auditModel><bizdomain>EnvHealth SYSTEM LOCATION</bizdomain><bizdomainValue>Front of House</bizdomainValue><standardChoiceValueI18NModels/></sharedDropDownValue><sharedDropDownValue><bdvSeqNbr>105213421</bdvSeqNbr><servProvCode>BPTDEV</servProvCode><auditModel><auditDate>2016-01-18T02:16:36-07:00</auditDate><auditID>ADMIN</auditID><auditStatus>A</auditStatus></auditModel><bizdomain>EnvHealth SYSTEM LOCATION</bizdomain><bizdomainValue>Side of House</bizdomainValue><standardChoiceValueI18NModels/></sharedDropDownValue></sharedDropDownList><type>ShareDropDown</type><valueSize>0</valueSize></sharedDropDownListModel>
<sharedDropDownListModel><name>EnvHealth BODY ART DISCIPLINE</name><serviceProviderCode>BPTDEV</serviceProviderCode><auditModel><auditDate>2016-01-18T01:02:35-07:00</auditDate><auditID>ADMIN</auditID><auditStatus>A</auditStatus></auditModel><sharedDropDownList><sharedDropDownValue><bdvSeqNbr>105213476</bdvSeqNbr><servProvCode>BPTDEV</servProvCode><auditModel><auditDate>2016-01-18T01:02:35-07:00</auditDate><auditID>ADMIN</auditID><auditStatus>A</auditStatus></auditModel><bizdomain>EnvHealth BODY ART DISCIPLINE</bizdomain><bizdomainValue>Body Piercing</bizdomainValue><standardChoiceValueI18NModels/></sharedDropDownValue><sharedDropDownValue><bdvSeqNbr>105213477</bdvSeqNbr><servProvCode>BPTDEV</servProvCode><auditModel><auditDate>2016-01-18T01:02:35-07:00</auditDate><auditID>ADMIN</auditID><auditStatus>A</auditStatus></auditModel><bizdomain>EnvHealth BODY ART DISCIPLINE</bizdomain><bizdomainValue>Branding</bizdomainValue><standardChoiceValueI18NModels/></sharedDropDownValue><sharedDropDownValue><bdvSeqNbr>105213478</bdvSeqNbr><servProvCode>BPTDEV</servProvCode><auditModel><auditDate>2016-01-18T01:02:35-07:00</auditDate><auditID>ADMIN</auditID><auditStatus>A</auditStatus></auditModel><bizdomain>EnvHealth BODY ART DISCIPLINE</bizdomain><bizdomainValue>Permanent Cosmetics</bizdomainValue><standardChoiceValueI18NModels/></sharedDropDownValue><sharedDropDownValue><bdvSeqNbr>105213479</bdvSeqNbr><servProvCode>BPTDEV</servProvCode><auditModel><auditDate>2016-01-18T01:02:35-07:00</auditDate><auditID>ADMIN</auditID><auditStatus>A</auditStatus></auditModel><bizdomain>EnvHealth BODY ART DISCIPLINE</bizdomain><bizdomainValue>Tattoo</bizdomainValue><standardChoiceValueI18NModels/></sharedDropDownValue></sharedDropDownList><type>ShareDropDown</type><valueSize>0</valueSize></sharedDropDownListModel>
<sharedDropDownListModel><name>EnvHealth BODY ART EMPLOYMENT STATUS</name><serviceProviderCode>BPTDEV</serviceProviderCode><auditModel><auditDate>2016-01-18T01:03:46-07:00</auditDate><auditID>ADMIN</auditID><auditStatus>A</auditStatus></auditModel><sharedDropDownList><sharedDropDownValue><bdvSeqNbr>105213480</bdvSeqNbr><servProvCode>BPTDEV</servProvCode><auditModel><auditDate>2016-01-18T01:03:46-07:00</auditDate><auditID>ADMIN</auditID><auditStatus>A</auditStatus></auditModel><bizdomain>EnvHealth BODY ART EMPLOYMENT STATUS</bizdomain><bizdomainValue>Contractor</bizdomainValue><standardChoiceValueI18NModels/></sharedDropDownValue><sharedDropDownValue><bdvSeqNbr>105213481</bdvSeqNbr><servProvCode>BPTDEV</servProvCode><auditModel><auditDate>2016-01-18T01:03:46-07:00</auditDate><auditID>ADMIN</auditID><auditStatus>A</auditStatus></auditModel><bizdomain>EnvHealth BODY ART EMPLOYMENT STATUS</bizdomain><bizdomainValue>Employee</bizdomainValue><standardChoiceValueI18NModels/></sharedDropDownValue><sharedDropDownValue><bdvSeqNbr>105213482</bdvSeqNbr><servProvCode>BPTDEV</servProvCode><auditModel><auditDate>2016-01-18T01:03:46-07:00</auditDate><auditID>ADMIN</auditID><auditStatus>A</auditStatus></auditModel><bizdomain>EnvHealth BODY ART EMPLOYMENT STATUS</bizdomain><bizdomainValue>Owner/Practitioner</bizdomainValue><standardChoiceValueI18NModels/></sharedDropDownValue></sharedDropDownList><type>ShareDropDown</type><valueSize>0</valueSize></sharedDropDownListModel>
<sharedDropDownListModel><name>EnvHealth EQUIPMENT TYPE</name><serviceProviderCode>BPTDEV</serviceProviderCode><auditModel><auditDate>2016-01-19T19:25:26-07:00</auditDate><auditID>ADMIN</auditID><auditStatus>A</auditStatus></auditModel><sharedDropDownList><sharedDropDownValue><bdvSeqNbr>105213483</bdvSeqNbr><servProvCode>BPTDEV</servProvCode><auditModel><auditDate>2016-01-19T19:25:54-07:00</auditDate><auditID>ADMIN</auditID><auditStatus>A</auditStatus></auditModel><bizdomain>EnvHealth EQUIPMENT TYPE</bizdomain><bizdomainValue>Disinfectant</bizdomainValue><standardChoiceValueI18NModels/></sharedDropDownValue><sharedDropDownValue><bdvSeqNbr>105213484</bdvSeqNbr><servProvCode>BPTDEV</servProvCode><auditModel><auditDate>2016-01-19T19:25:36-07:00</auditDate><auditID>ADMIN</auditID><auditStatus>A</auditStatus></auditModel><bizdomain>EnvHealth EQUIPMENT TYPE</bizdomain><bizdomainValue>Filter</bizdomainValue><standardChoiceValueI18NModels/></sharedDropDownValue><sharedDropDownValue><bdvSeqNbr>105213485</bdvSeqNbr><servProvCode>BPTDEV</servProvCode><auditModel><auditDate>2016-01-19T19:26:02-07:00</auditDate><auditID>ADMIN</auditID><auditStatus>A</auditStatus></auditModel><bizdomain>EnvHealth EQUIPMENT TYPE</bizdomain><bizdomainValue>Flowmeter</bizdomainValue><standardChoiceValueI18NModels/></sharedDropDownValue><sharedDropDownValue><bdvSeqNbr>105213486</bdvSeqNbr><servProvCode>BPTDEV</servProvCode><auditModel><auditDate>2016-01-19T19:26:11-07:00</auditDate><auditID>ADMIN</auditID><auditStatus>A</auditStatus></auditModel><bizdomain>EnvHealth EQUIPMENT TYPE</bizdomain><bizdomainValue>Heater</bizdomainValue><standardChoiceValueI18NModels/></sharedDropDownValue><sharedDropDownValue><bdvSeqNbr>105213487</bdvSeqNbr><servProvCode>BPTDEV</servProvCode><auditModel><auditDate>2016-01-19T19:26:19-07:00</auditDate><auditID>ADMIN</auditID><auditStatus>A</auditStatus></auditModel><bizdomain>EnvHealth EQUIPMENT TYPE</bizdomain><bizdomainValue>Other</bizdomainValue><standardChoiceValueI18NModels/></sharedDropDownValue><sharedDropDownValue><bdvSeqNbr>105213488</bdvSeqNbr><servProvCode>BPTDEV</servProvCode><auditModel><auditDate>2016-01-19T19:25:44-07:00</auditDate><auditID>ADMIN</auditID><auditStatus>A</auditStatus></auditModel><bizdomain>EnvHealth EQUIPMENT TYPE</bizdomain><bizdomainValue>Pump</bizdomainValue><standardChoiceValueI18NModels/></sharedDropDownValue></sharedDropDownList><type>ShareDropDown</type><valueSize>0</valueSize></sharedDropDownListModel>
<sharedDropDownListModel><name>EnvHealth GENDER</name><serviceProviderCode>BPTDEV</serviceProviderCode><auditModel><auditDate>2016-01-19T19:24:32-07:00</auditDate><auditID>ADMIN</auditID><auditStatus>A</auditStatus></auditModel><sharedDropDownList><sharedDropDownValue><bdvSeqNbr>105213489</bdvSeqNbr><servProvCode>BPTDEV</servProvCode><auditModel><auditDate>2016-01-19T19:25:03-07:00</auditDate><auditID>ADMIN</auditID><auditStatus>A</auditStatus></auditModel><bizdomain>EnvHealth GENDER</bizdomain><bizdomainValue>Family</bizdomainValue><standardChoiceValueI18NModels/></sharedDropDownValue><sharedDropDownValue><bdvSeqNbr>105213490</bdvSeqNbr><servProvCode>BPTDEV</servProvCode><auditModel><auditDate>2016-01-19T19:24:43-07:00</auditDate><auditID>ADMIN</auditID><auditStatus>A</auditStatus></auditModel><bizdomain>EnvHealth GENDER</bizdomain><bizdomainValue>Men</bizdomainValue><standardChoiceValueI18NModels/></sharedDropDownValue><sharedDropDownValue><bdvSeqNbr>105213491</bdvSeqNbr><servProvCode>BPTDEV</servProvCode><auditModel><auditDate>2016-01-19T19:24:50-07:00</auditDate><auditID>ADMIN</auditID><auditStatus>A</auditStatus></auditModel><bizdomain>EnvHealth GENDER</bizdomain><bizdomainValue>Women</bizdomainValue><standardChoiceValueI18NModels/></sharedDropDownValue></sharedDropDownList><type>ShareDropDown</type><valueSize>0</valueSize></sharedDropDownListModel>
</list>