<?xml version="1.0" encoding="UTF-8" standalone="yes"?>
<list  version="8.0.0" minorVersion="20" exportUser="ADMIN" exportDateTime="06/30/2016 10:22 AM" description="EnvHealth Record Types"><virProcess><r1ProcessCode>EH_GEN_APP</r1ProcessCode><servProvCode>BPTDEV</servProvCode><isEmailSettringSelected>Y</isEmailSettringSelected><isSecuritySelected>Y</isSecuritySelected><processEMailSettingModels/><processModels><processModel><r1ProcessCode>EH_GEN_APP</r1ProcessCode><sdStpNum>1</sdStpNum><servProvCode>BPTDEV</servProvCode><asgnAgencyCode>ADMIN</asgnAgencyCode><asgnBureauCode>NA</asgnBureauCode><asgnDivisionCode>NA</asgnDivisionCode><asgnGroupCode>NA</asgnGroupCode><asgnOfficeCode>NA</asgnOfficeCode><asgnSectionCode>NA</asgnSectionCode><auditModel><auditDate>2016-05-23T21:33:07-06:00</auditDate><auditID>ADMIN</auditID><auditStatus>A</auditStatus></auditModel><displayInAca>Y</displayInAca><estimatedHours>0</estimatedHours><hoursSpentRequired>N</hoursSpentRequired><sdChkLv5>A</sdChkLv5><sdDueDay>0</sdDueDay><sdNxtId1>000012000000000</sdNxtId1><sdProDes>Application Intake</sdProDes><sdProId1>010000000000000</sdProId1></processModel><processModel><r1ProcessCode>EH_GEN_APP</r1ProcessCode><sdStpNum>3</sdStpNum><servProvCode>BPTDEV</servProvCode><asgnAgencyCode>ADMIN</asgnAgencyCode><asgnBureauCode>NA</asgnBureauCode><asgnDivisionCode>NA</asgnDivisionCode><asgnGroupCode>NA</asgnGroupCode><asgnOfficeCode>NA</asgnOfficeCode><asgnSectionCode>NA</asgnSectionCode><auditModel><auditDate>2016-05-23T21:33:07-06:00</auditDate><auditID>ADMIN</auditID><auditStatus>A</auditStatus></auditModel><displayInAca>Y</displayInAca><estimatedHours>0</estimatedHours><hoursSpentRequired>N</hoursSpentRequired><sdChkLv5>A</sdChkLv5><sdDueDay>0</sdDueDay><sdNxtId1>000016000000000</sdNxtId1><sdProDes>Plan Review</sdProDes><sdProId1>014000000001000</sdProId1></processModel><processModel><r1ProcessCode>EH_GEN_APP</r1ProcessCode><sdStpNum>8</sdStpNum><servProvCode>BPTDEV</servProvCode><asgnAgencyCode>ADMIN</asgnAgencyCode><asgnBureauCode>NA</asgnBureauCode><asgnDivisionCode>NA</asgnDivisionCode><asgnGroupCode>NA</asgnGroupCode><asgnOfficeCode>NA</asgnOfficeCode><asgnSectionCode>NA</asgnSectionCode><auditModel><auditDate>2016-05-23T21:33:07-06:00</auditDate><auditID>ADMIN</auditID><auditStatus>A</auditStatus></auditModel><displayInAca>Y</displayInAca><estimatedHours>0</estimatedHours><hoursSpentRequired>N</hoursSpentRequired><r1CheckboxCode>EH_FAC_TSI</r1CheckboxCode><r1CheckboxGroup>WORKFLOW TASK</r1CheckboxGroup><sdChkLv5>A</sdChkLv5><sdDueDay>0</sdDueDay><sdNxtId1>000000000000000</sdNxtId1><sdProDes>Permit Issuance</sdProDes><sdProId1>017000000000000</sdProId1></processModel><processModel><r1ProcessCode>EH_GEN_APP</r1ProcessCode><sdStpNum>9</sdStpNum><servProvCode>BPTDEV</servProvCode><asgnAgencyCode>ADMIN</asgnAgencyCode><asgnBureauCode>NA</asgnBureauCode><asgnDivisionCode>NA</asgnDivisionCode><asgnGroupCode>NA</asgnGroupCode><asgnOfficeCode>NA</asgnOfficeCode><asgnSectionCode>NA</asgnSectionCode><auditModel><auditDate>2016-05-23T21:33:07-06:00</auditDate><auditID>ADMIN</auditID><auditStatus>A</auditStatus></auditModel><displayInAca>Y</displayInAca><estimatedHours>0</estimatedHours><hoursSpentRequired>N</hoursSpentRequired><sdChkLv5>A</sdChkLv5><sdDueDay>0</sdDueDay><sdNxtId1>000017000000000</sdNxtId1><sdProDes>Inspection</sdProDes><sdProId1>016000000000000</sdProId1></processModel><processModel><r1ProcessCode>EH_GEN_APP</r1ProcessCode><sdStpNum>12</sdStpNum><servProvCode>BPTDEV</servProvCode><asgnAgencyCode>ADMIN</asgnAgencyCode><asgnBureauCode>NA</asgnBureauCode><asgnDivisionCode>NA</asgnDivisionCode><asgnGroupCode>NA</asgnGroupCode><asgnOfficeCode>NA</asgnOfficeCode><asgnSectionCode>NA</asgnSectionCode><auditModel><auditDate>2016-05-23T21:33:07-06:00</auditDate><auditID>ADMIN</auditID><auditStatus>A</auditStatus></auditModel><displayInAca>Y</displayInAca><estimatedHours>0</estimatedHours><hoursSpentRequired>N</hoursSpentRequired><sdChkLv5>A</sdChkLv5><sdDueDay>0</sdDueDay><sdNxtId1>000017000001000</sdNxtId1><sdProDes>Application Review</sdProDes><sdProId1>012000000000000</sdProId1></processModel></processModels><processSecurityModels/><r3statypModels><r3statyp><r3ActStatCod>SCODE3</r3ActStatCod><r3ProcessCode>EH_GEN_APP</r3ProcessCode><servProvCode>BPTDEV</servProvCode><applicationStatus>Pending</applicationStatus><displayInAca>Y</displayInAca><r3ActStatDes>Accepted</r3ActStatDes><r3ActStatFlg>B</r3ActStatFlg><r3ActTypeDes>Application Intake</r3ActTypeDes><r3MouClockAction>No Action</r3MouClockAction><recDate>2016-05-18T20:33:47-06:00</recDate><recFulNam>Accela Administrator</recFulNam><recStatus>A</recStatus><refTaskStatusI18NModels/></r3statyp><r3statyp><r3ActStatCod>01001</r3ActStatCod><r3ProcessCode>EH_GEN_APP</r3ProcessCode><servProvCode>BPTDEV</servProvCode><applicationStatus>Pending</applicationStatus><displayInAca>Y</displayInAca><r3ActStatDes>Additional Info Needed</r3ActStatDes><r3ActStatFlg>U</r3ActStatFlg><r3ActTypeDes>Application Intake</r3ActTypeDes><recDate>2016-05-18T19:47:45-06:00</recDate><recFulNam>Accela Administrator</recFulNam><recStatus>A</recStatus><refTaskStatusI18NModels/></r3statyp><r3statyp><r3ActStatCod>0101222</r3ActStatCod><r3ProcessCode>EH_GEN_APP</r3ProcessCode><servProvCode>BPTDEV</servProvCode><applicationStatus>Denied</applicationStatus><displayInAca>Y</displayInAca><r3ActStatDes>Denied</r3ActStatDes><r3ActStatFlg>Y</r3ActStatFlg><r3ActTypeDes>Application Intake</r3ActTypeDes><r3MouClockAction>No Action</r3MouClockAction><recDate>2016-05-18T20:33:47-06:00</recDate><recFulNam>Accela Administrator</recFulNam><recStatus>A</recStatus><refTaskStatusI18NModels/></r3statyp><r3statyp><r3ActStatCod>0100</r3ActStatCod><r3ProcessCode>EH_GEN_APP</r3ProcessCode><servProvCode>BPTDEV</servProvCode><applicationStatus>Pending</applicationStatus><displayInAca>Y</displayInAca><r3ActStatDes>Received</r3ActStatDes><r3ActStatFlg>U</r3ActStatFlg><r3ActTypeDes>Application Intake</r3ActTypeDes><r3MouClockAction>No Action</r3MouClockAction><recDate>2016-05-18T19:47:45-06:00</recDate><recFulNam>Accela Administrator</recFulNam><recStatus>A</recStatus><refTaskStatusI18NModels/></r3statyp><r3statyp><r3ActStatCod>SCODE31</r3ActStatCod><r3ProcessCode>EH_GEN_APP</r3ProcessCode><servProvCode>BPTDEV</servProvCode><applicationStatus>Void</applicationStatus><displayInAca>Y</displayInAca><r3ActStatDes>Void</r3ActStatDes><r3ActStatFlg>Y</r3ActStatFlg><r3ActTypeDes>Application Intake</r3ActTypeDes><recDate>2016-05-18T20:33:47-06:00</recDate><recFulNam>Accela Administrator</recFulNam><recStatus>A</recStatus><refTaskStatusI18NModels/></r3statyp><r3statyp><r3ActStatCod>SCODE4</r3ActStatCod><r3ProcessCode>EH_GEN_APP</r3ProcessCode><servProvCode>BPTDEV</servProvCode><applicationStatus>Withdrawn</applicationStatus><displayInAca>Y</displayInAca><r3ActStatDes>Withdrawn</r3ActStatDes><r3ActStatFlg>Y</r3ActStatFlg><r3ActTypeDes>Application Intake</r3ActTypeDes><recDate>2016-05-18T20:33:47-06:00</recDate><recFulNam>Accela Administrator</recFulNam><recStatus>A</recStatus><refTaskStatusI18NModels/></r3statyp><r3statyp><r3ActStatCod>SCODE2</r3ActStatCod><r3ProcessCode>EH_GEN_APP</r3ProcessCode><servProvCode>BPTDEV</servProvCode><applicationStatus>Pending</applicationStatus><displayInAca>Y</displayInAca><r3ActStatDes>Additional Info Needed</r3ActStatDes><r3ActStatFlg>U</r3ActStatFlg><r3ActTypeDes>Application Review</r3ActTypeDes><recDate>2016-05-18T03:48:03-06:00</recDate><recFulNam>Accela Administrator</recFulNam><recStatus>A</recStatus><refTaskStatusI18NModels/></r3statyp><r3statyp><r3ActStatCod>SCODE8</r3ActStatCod><r3ProcessCode>EH_GEN_APP</r3ProcessCode><servProvCode>BPTDEV</servProvCode><applicationStatus>Denied</applicationStatus><displayInAca>Y</displayInAca><r3ActStatDes>Denied</r3ActStatDes><r3ActStatFlg>Y</r3ActStatFlg><r3ActTypeDes>Application Review</r3ActTypeDes><r3MouClockAction>No Action</r3MouClockAction><recDate>2016-05-18T20:33:47-06:00</recDate><recFulNam>Accela Administrator</recFulNam><recStatus>A</recStatus><refTaskStatusI18NModels/></r3statyp><r3statyp><r3ActStatCod>SCODE1</r3ActStatCod><r3ProcessCode>EH_GEN_APP</r3ProcessCode><servProvCode>BPTDEV</servProvCode><displayInAca>Y</displayInAca><r3ActStatDes>In-Review</r3ActStatDes><r3ActStatFlg>U</r3ActStatFlg><r3ActTypeDes>Application Review</r3ActTypeDes><recDate>2016-05-18T03:48:03-06:00</recDate><recFulNam>Accela Administrator</recFulNam><recStatus>A</recStatus><refTaskStatusI18NModels/></r3statyp><r3statyp><r3ActStatCod>SCODE21</r3ActStatCod><r3ProcessCode>EH_GEN_APP</r3ProcessCode><servProvCode>BPTDEV</servProvCode><applicationStatus>Pending</applicationStatus><displayInAca>Y</displayInAca><r3ActStatDes>No Plan Review Required</r3ActStatDes><r3ActStatFlg>B</r3ActStatFlg><r3ActTypeDes>Application Review</r3ActTypeDes><recDate>2016-05-18T20:10:39-06:00</recDate><recFulNam>Accela Administrator</recFulNam><recStatus>A</recStatus><refTaskStatusI18NModels/></r3statyp><r3statyp><r3ActStatCod>SCODE6</r3ActStatCod><r3ProcessCode>EH_GEN_APP</r3ProcessCode><servProvCode>BPTDEV</servProvCode><applicationStatus>Pending</applicationStatus><displayInAca>Y</displayInAca><r3ActStatDes>Plan Review Required</r3ActStatDes><r3ActStatFlg>L</r3ActStatFlg><r3ActTypeDes>Application Review</r3ActTypeDes><r3MouClockAction>No Action</r3MouClockAction><recDate>2016-05-18T20:33:47-06:00</recDate><recFulNam>Accela Administrator</recFulNam><recStatus>A</recStatus><refTaskStatusI18NModels/></r3statyp><r3statyp><r3ActStatCod>SCODE61</r3ActStatCod><r3ProcessCode>EH_GEN_APP</r3ProcessCode><servProvCode>BPTDEV</servProvCode><applicationStatus>Withdrawn</applicationStatus><displayInAca>Y</displayInAca><r3ActStatDes>Withdrawn</r3ActStatDes><r3ActStatFlg>Y</r3ActStatFlg><r3ActTypeDes>Application Review</r3ActTypeDes><recDate>2016-05-18T20:33:47-06:00</recDate><recFulNam>Accela Administrator</recFulNam><recStatus>A</recStatus><refTaskStatusI18NModels/></r3statyp><r3statyp><r3ActStatCod>SCODE18</r3ActStatCod><r3ProcessCode>EH_GEN_APP</r3ProcessCode><servProvCode>BPTDEV</servProvCode><applicationStatus>Denied</applicationStatus><displayInAca>Y</displayInAca><r3ActStatDes>Denied</r3ActStatDes><r3ActStatFlg>Y</r3ActStatFlg><r3ActTypeDes>Inspection</r3ActTypeDes><recDate>2016-05-23T01:59:03-06:00</recDate><recFulNam>Accela Administrator</recFulNam><recStatus>A</recStatus><refTaskStatusI18NModels/></r3statyp><r3statyp><r3ActStatCod>SCODE16</r3ActStatCod><r3ProcessCode>EH_GEN_APP</r3ProcessCode><servProvCode>BPTDEV</servProvCode><applicationStatus>Pending</applicationStatus><displayInAca>Y</displayInAca><r3ActStatDes>Inspection Passed</r3ActStatDes><r3ActStatFlg>B</r3ActStatFlg><r3ActTypeDes>Inspection</r3ActTypeDes><recDate>2016-05-18T03:48:03-06:00</recDate><recFulNam>Accela Administrator</recFulNam><recStatus>A</recStatus><refTaskStatusI18NModels/></r3statyp><r3statyp><r3ActStatCod>SCODE14</r3ActStatCod><r3ProcessCode>EH_GEN_APP</r3ProcessCode><servProvCode>BPTDEV</servProvCode><applicationStatus>Pending</applicationStatus><displayInAca>Y</displayInAca><r3ActStatDes>Pending</r3ActStatDes><r3ActStatFlg>U</r3ActStatFlg><r3ActTypeDes>Inspection</r3ActTypeDes><recDate>2016-05-18T03:48:03-06:00</recDate><recFulNam>Accela Administrator</recFulNam><recStatus>A</recStatus><refTaskStatusI18NModels/></r3statyp><r3statyp><r3ActStatCod>SCODE15</r3ActStatCod><r3ProcessCode>EH_GEN_APP</r3ProcessCode><servProvCode>BPTDEV</servProvCode><applicationStatus>Pending</applicationStatus><displayInAca>Y</displayInAca><r3ActStatDes>Re-Inspection Required</r3ActStatDes><r3ActStatFlg>U</r3ActStatFlg><r3ActTypeDes>Inspection</r3ActTypeDes><recDate>2016-05-18T03:48:03-06:00</recDate><recFulNam>Accela Administrator</recFulNam><recStatus>A</recStatus><refTaskStatusI18NModels/></r3statyp><r3statyp><r3ActStatCod>SCODE17</r3ActStatCod><r3ProcessCode>EH_GEN_APP</r3ProcessCode><servProvCode>BPTDEV</servProvCode><applicationStatus>Withdrawn</applicationStatus><displayInAca>Y</displayInAca><r3ActStatDes>Withdrawn</r3ActStatDes><r3ActStatFlg>Y</r3ActStatFlg><r3ActTypeDes>Inspection</r3ActTypeDes><recDate>2016-05-19T19:48:37-06:00</recDate><recFulNam>Accela Administrator</recFulNam><recStatus>A</recStatus><refTaskStatusI18NModels/></r3statyp><r3statyp><r3ActStatCod>SCODE19</r3ActStatCod><r3ProcessCode>EH_GEN_APP</r3ProcessCode><servProvCode>BPTDEV</servProvCode><applicationStatus>Denied</applicationStatus><displayInAca>Y</displayInAca><r3ActStatDes>Denied</r3ActStatDes><r3ActStatFlg>Y</r3ActStatFlg><r3ActTypeDes>Permit Issuance</r3ActTypeDes><recDate>2016-05-18T03:48:03-06:00</recDate><recFulNam>Accela Administrator</recFulNam><recStatus>A</recStatus><refTaskStatusI18NModels/></r3statyp><r3statyp><r3ActStatCod>SCODE20</r3ActStatCod><r3ProcessCode>EH_GEN_APP</r3ProcessCode><servProvCode>BPTDEV</servProvCode><applicationStatus>Complete</applicationStatus><displayInAca>Y</displayInAca><r3ActStatDes>Issued</r3ActStatDes><r3ActStatFlg>Y</r3ActStatFlg><r3ActTypeDes>Permit Issuance</r3ActTypeDes><recDate>2016-05-18T03:48:03-06:00</recDate><recFulNam>Accela Administrator</recFulNam><recStatus>A</recStatus><refTaskStatusI18NModels/></r3statyp><r3statyp><r3ActStatCod>SCODE10</r3ActStatCod><r3ProcessCode>EH_GEN_APP</r3ProcessCode><servProvCode>BPTDEV</servProvCode><applicationStatus>Pending</applicationStatus><displayInAca>Y</displayInAca><r3ActStatDes>Additional Info Needed</r3ActStatDes><r3ActStatFlg>U</r3ActStatFlg><r3ActTypeDes>Plan Review</r3ActTypeDes><recDate>2016-05-18T03:48:03-06:00</recDate><recFulNam>Accela Administrator</recFulNam><recStatus>A</recStatus><refTaskStatusI18NModels/></r3statyp><r3statyp><r3ActStatCod>SCODE11</r3ActStatCod><r3ProcessCode>EH_GEN_APP</r3ProcessCode><servProvCode>BPTDEV</servProvCode><applicationStatus>Denied</applicationStatus><displayInAca>Y</displayInAca><r3ActStatDes>Denied</r3ActStatDes><r3ActStatFlg>Y</r3ActStatFlg><r3ActTypeDes>Plan Review</r3ActTypeDes><recDate>2016-05-18T20:33:47-06:00</recDate><recFulNam>Accela Administrator</recFulNam><recStatus>A</recStatus><refTaskStatusI18NModels/></r3statyp><r3statyp><r3ActStatCod>SCODE9</r3ActStatCod><r3ProcessCode>EH_GEN_APP</r3ProcessCode><servProvCode>BPTDEV</servProvCode><applicationStatus>Pending</applicationStatus><displayInAca>Y</displayInAca><r3ActStatDes>In-Review</r3ActStatDes><r3ActStatFlg>U</r3ActStatFlg><r3ActTypeDes>Plan Review</r3ActTypeDes><recDate>2016-05-18T03:48:03-06:00</recDate><recFulNam>Accela Administrator</recFulNam><recStatus>A</recStatus><refTaskStatusI18NModels/></r3statyp><r3statyp><r3ActStatCod>SCODE13</r3ActStatCod><r3ProcessCode>EH_GEN_APP</r3ProcessCode><servProvCode>BPTDEV</servProvCode><applicationStatus>Pending</applicationStatus><displayInAca>Y</displayInAca><r3ActStatDes>Plans Approved</r3ActStatDes><r3ActStatFlg>B</r3ActStatFlg><r3ActTypeDes>Plan Review</r3ActTypeDes><recDate>2016-05-18T20:33:47-06:00</recDate><recFulNam>Accela Administrator</recFulNam><recStatus>A</recStatus><refTaskStatusI18NModels/></r3statyp><r3statyp><r3ActStatCod>SCODE12</r3ActStatCod><r3ProcessCode>EH_GEN_APP</r3ProcessCode><servProvCode>BPTDEV</servProvCode><applicationStatus>Withdrawn</applicationStatus><displayInAca>Y</displayInAca><r3ActStatDes>Withdrawn</r3ActStatDes><r3ActStatFlg>Y</r3ActStatFlg><r3ActTypeDes>Plan Review</r3ActTypeDes><recDate>2016-05-18T20:33:47-06:00</recDate><recFulNam>Accela Administrator</recFulNam><recStatus>A</recStatus><refTaskStatusI18NModels/></r3statyp></r3statypModels><securityFlag>EH_GEN_APP/%</securityFlag></virProcess>
<virProcess><r1ProcessCode>EH_GEN_PMT</r1ProcessCode><servProvCode>BPTDEV</servProvCode><isEmailSettringSelected>Y</isEmailSettringSelected><isSecuritySelected>Y</isSecuritySelected><processEMailSettingModels/><processModels><processModel><r1ProcessCode>EH_GEN_PMT</r1ProcessCode><sdStpNum>1</sdStpNum><servProvCode>BPTDEV</servProvCode><asgnAgencyCode>ADMIN</asgnAgencyCode><asgnBureauCode>NA</asgnBureauCode><asgnDivisionCode>NA</asgnDivisionCode><asgnGroupCode>NA</asgnGroupCode><asgnOfficeCode>NA</asgnOfficeCode><asgnSectionCode>NA</asgnSectionCode><auditModel><auditDate>2016-05-18T03:48:30-06:00</auditDate><auditID>Accela Administrator</auditID><auditStatus>A</auditStatus></auditModel><sdNxtId1>000000000000000</sdNxtId1><sdProDes>Permit Status</sdProDes><sdProId1>010000000000000</sdProId1></processModel></processModels><processSecurityModels/><r3statypModels><r3statyp><r3ActStatCod>SCODE2</r3ActStatCod><r3ProcessCode>EH_GEN_PMT</r3ProcessCode><servProvCode>BPTDEV</servProvCode><applicationStatus>About to Expire</applicationStatus><displayInAca>Y</displayInAca><r3ActStatDes>About to Expire</r3ActStatDes><r3ActStatFlg>U</r3ActStatFlg><r3ActTypeDes>Permit Status</r3ActTypeDes><recDate>2016-05-18T03:48:30-06:00</recDate><recFulNam>Accela Administrator</recFulNam><recStatus>A</recStatus><refTaskStatusI18NModels/></r3statyp><r3statyp><r3ActStatCod>SCODE1</r3ActStatCod><r3ProcessCode>EH_GEN_PMT</r3ProcessCode><servProvCode>BPTDEV</servProvCode><applicationStatus>Active</applicationStatus><displayInAca>Y</displayInAca><r3ActStatDes>Active</r3ActStatDes><r3ActStatFlg>U</r3ActStatFlg><r3ActTypeDes>Permit Status</r3ActTypeDes><recDate>2016-05-18T03:48:30-06:00</recDate><recFulNam>Accela Administrator</recFulNam><recStatus>A</recStatus><refTaskStatusI18NModels/></r3statyp><r3statyp><r3ActStatCod>SCODE6</r3ActStatCod><r3ProcessCode>EH_GEN_PMT</r3ProcessCode><servProvCode>BPTDEV</servProvCode><applicationStatus>Closed</applicationStatus><displayInAca>Y</displayInAca><r3ActStatDes>Closed</r3ActStatDes><r3ActStatFlg>Y</r3ActStatFlg><r3ActTypeDes>Permit Status</r3ActTypeDes><recDate>2016-05-18T03:48:30-06:00</recDate><recFulNam>Accela Administrator</recFulNam><recStatus>A</recStatus><refTaskStatusI18NModels/></r3statyp><r3statyp><r3ActStatCod>SCODE5</r3ActStatCod><r3ProcessCode>EH_GEN_PMT</r3ProcessCode><servProvCode>BPTDEV</servProvCode><applicationStatus>Inactive</applicationStatus><displayInAca>Y</displayInAca><r3ActStatDes>Inactive</r3ActStatDes><r3ActStatFlg>Y</r3ActStatFlg><r3ActTypeDes>Permit Status</r3ActTypeDes><recDate>2016-05-18T03:48:30-06:00</recDate><recFulNam>Accela Administrator</recFulNam><recStatus>A</recStatus><refTaskStatusI18NModels/></r3statyp><r3statyp><r3ActStatCod>SCODE4</r3ActStatCod><r3ProcessCode>EH_GEN_PMT</r3ProcessCode><servProvCode>BPTDEV</servProvCode><applicationStatus>Revoked</applicationStatus><displayInAca>Y</displayInAca><r3ActStatDes>Revoked</r3ActStatDes><r3ActStatFlg>Y</r3ActStatFlg><r3ActTypeDes>Permit Status</r3ActTypeDes><recDate>2016-05-18T03:48:30-06:00</recDate><recFulNam>Accela Administrator</recFulNam><recStatus>A</recStatus><refTaskStatusI18NModels/></r3statyp><r3statyp><r3ActStatCod>SCODE3</r3ActStatCod><r3ProcessCode>EH_GEN_PMT</r3ProcessCode><servProvCode>BPTDEV</servProvCode><applicationStatus>Suspended</applicationStatus><displayInAca>Y</displayInAca><r3ActStatDes>Suspended</r3ActStatDes><r3ActStatFlg>U</r3ActStatFlg><r3ActTypeDes>Permit Status</r3ActTypeDes><recDate>2016-05-18T03:48:30-06:00</recDate><recFulNam>Accela Administrator</recFulNam><recStatus>A</recStatus><refTaskStatusI18NModels/></r3statyp></r3statypModels><securityFlag>EH_GEN_PMT/%</securityFlag></virProcess>
<virProcess><r1ProcessCode>EH_CMP</r1ProcessCode><servProvCode>BPTDEV</servProvCode><isEmailSettringSelected>Y</isEmailSettringSelected><isSecuritySelected>Y</isSecuritySelected><processEMailSettingModels/><processModels><processModel><r1ProcessCode>EH_CMP</r1ProcessCode><sdStpNum>1</sdStpNum><servProvCode>BPTDEV</servProvCode><asgnAgencyCode>ADMIN</asgnAgencyCode><asgnBureauCode>NA</asgnBureauCode><asgnDivisionCode>NA</asgnDivisionCode><asgnGroupCode>NA</asgnGroupCode><asgnOfficeCode>NA</asgnOfficeCode><asgnSectionCode>NA</asgnSectionCode><auditModel><auditDate>2016-04-24T20:50:50-06:00</auditDate><auditID>Accela Administrator</auditID><auditStatus>A</auditStatus></auditModel><sdNxtId1>000012000000000</sdNxtId1><sdProDes>Complaint Intake</sdProDes><sdProId1>010000000000000</sdProId1></processModel><processModel><r1ProcessCode>EH_CMP</r1ProcessCode><sdStpNum>2</sdStpNum><servProvCode>BPTDEV</servProvCode><asgnAgencyCode>ADMIN</asgnAgencyCode><asgnBureauCode>NA</asgnBureauCode><asgnDivisionCode>NA</asgnDivisionCode><asgnGroupCode>NA</asgnGroupCode><asgnOfficeCode>NA</asgnOfficeCode><asgnSectionCode>NA</asgnSectionCode><auditModel><auditDate>2016-04-24T20:50:50-06:00</auditDate><auditID>Accela Administrator</auditID><auditStatus>A</auditStatus></auditModel><sdNxtId1>000014000001000</sdNxtId1><sdProDes>Complaint Review</sdProDes><sdProId1>012000000000000</sdProId1></processModel><processModel><r1ProcessCode>EH_CMP</r1ProcessCode><sdStpNum>3</sdStpNum><servProvCode>BPTDEV</servProvCode><asgnAgencyCode>ADMIN</asgnAgencyCode><asgnBureauCode>NA</asgnBureauCode><asgnDivisionCode>NA</asgnDivisionCode><asgnGroupCode>NA</asgnGroupCode><asgnOfficeCode>NA</asgnOfficeCode><asgnSectionCode>NA</asgnSectionCode><auditModel><auditDate>2016-04-24T20:54:37-06:00</auditDate><auditID>Accela Administrator</auditID><auditStatus>A</auditStatus></auditModel><sdNxtId1>000016000000000</sdNxtId1><sdProDes>Inspection</sdProDes><sdProId1>014000000000000</sdProId1></processModel><processModel><r1ProcessCode>EH_CMP</r1ProcessCode><sdStpNum>4</sdStpNum><servProvCode>BPTDEV</servProvCode><asgnAgencyCode>ADMIN</asgnAgencyCode><asgnBureauCode>NA</asgnBureauCode><asgnDivisionCode>NA</asgnDivisionCode><asgnGroupCode>NA</asgnGroupCode><asgnOfficeCode>NA</asgnOfficeCode><asgnSectionCode>NA</asgnSectionCode><auditModel><auditDate>2016-04-24T20:54:37-06:00</auditDate><auditID>Accela Administrator</auditID><auditStatus>A</auditStatus></auditModel><r1CheckboxCode>EH_FAC_TSI</r1CheckboxCode><r1CheckboxGroup>WORKFLOW TASK</r1CheckboxGroup><sdNxtId1>000000000000000</sdNxtId1><sdProDes>Complaint Closed</sdProDes><sdProId1>016000000001000</sdProId1></processModel></processModels><processSecurityModels/><r3statypModels><r3statyp><r3ActStatCod>SCODE6</r3ActStatCod><r3ProcessCode>EH_CMP</r3ProcessCode><servProvCode>BPTDEV</servProvCode><applicationStatus>Closed</applicationStatus><displayInAca>Y</displayInAca><r3ActStatDes>Closed</r3ActStatDes><r3ActStatFlg>Y</r3ActStatFlg><r3ActTypeDes>Complaint Closed</r3ActTypeDes><recDate>2016-04-24T20:50:50-06:00</recDate><recFulNam>Accela Administrator</recFulNam><recStatus>A</recStatus><refTaskStatusI18NModels/></r3statyp><r3statyp><r3ActStatCod>SCODE1</r3ActStatCod><r3ProcessCode>EH_CMP</r3ProcessCode><servProvCode>BPTDEV</servProvCode><applicationStatus>Pending</applicationStatus><displayInAca>Y</displayInAca><r3ActStatDes>Accepted</r3ActStatDes><r3ActStatFlg>B</r3ActStatFlg><r3ActTypeDes>Complaint Intake</r3ActTypeDes><recDate>2016-04-24T20:50:50-06:00</recDate><recFulNam>Accela Administrator</recFulNam><recStatus>A</recStatus><refTaskStatusI18NModels/></r3statyp><r3statyp><r3ActStatCod>SCODE2</r3ActStatCod><r3ProcessCode>EH_CMP</r3ProcessCode><servProvCode>BPTDEV</servProvCode><applicationStatus>Pending</applicationStatus><displayInAca>Y</displayInAca><r3ActStatDes>Additional Info Needed</r3ActStatDes><r3ActStatFlg>U</r3ActStatFlg><r3ActTypeDes>Complaint Intake</r3ActTypeDes><recDate>2016-04-24T20:50:50-06:00</recDate><recFulNam>Accela Administrator</recFulNam><recStatus>A</recStatus><refTaskStatusI18NModels/></r3statyp><r3statyp><r3ActStatCod>SCODE7</r3ActStatCod><r3ProcessCode>EH_CMP</r3ProcessCode><servProvCode>BPTDEV</servProvCode><applicationStatus>Denied</applicationStatus><displayInAca>Y</displayInAca><r3ActStatDes>Denied</r3ActStatDes><r3ActStatFlg>Y</r3ActStatFlg><r3ActTypeDes>Complaint Intake</r3ActTypeDes><recDate>2016-04-24T20:50:50-06:00</recDate><recFulNam>Accela Administrator</recFulNam><recStatus>A</recStatus><refTaskStatusI18NModels/></r3statyp><r3statyp><r3ActStatCod>SCODE3</r3ActStatCod><r3ProcessCode>EH_CMP</r3ProcessCode><servProvCode>BPTDEV</servProvCode><applicationStatus>Pending</applicationStatus><displayInAca>Y</displayInAca><r3ActStatDes>Received</r3ActStatDes><r3ActStatFlg>U</r3ActStatFlg><r3ActTypeDes>Complaint Intake</r3ActTypeDes><recDate>2016-04-24T20:50:50-06:00</recDate><recFulNam>Accela Administrator</recFulNam><recStatus>A</recStatus><refTaskStatusI18NModels/></r3statyp><r3statyp><r3ActStatCod>SCODE9</r3ActStatCod><r3ProcessCode>EH_CMP</r3ProcessCode><servProvCode>BPTDEV</servProvCode><applicationStatus>Voided</applicationStatus><displayInAca>Y</displayInAca><r3ActStatDes>Void</r3ActStatDes><r3ActStatFlg>Y</r3ActStatFlg><r3ActTypeDes>Complaint Intake</r3ActTypeDes><recDate>2016-04-24T20:50:50-06:00</recDate><recFulNam>Accela Administrator</recFulNam><recStatus>A</recStatus><refTaskStatusI18NModels/></r3statyp><r3statyp><r3ActStatCod>SCODE8</r3ActStatCod><r3ProcessCode>EH_CMP</r3ProcessCode><servProvCode>BPTDEV</servProvCode><applicationStatus>Withdrawn</applicationStatus><displayInAca>Y</displayInAca><r3ActStatDes>Withdrawn</r3ActStatDes><r3ActStatFlg>Y</r3ActStatFlg><r3ActTypeDes>Complaint Intake</r3ActTypeDes><recDate>2016-04-24T20:50:50-06:00</recDate><recFulNam>Accela Administrator</recFulNam><recStatus>A</recStatus><refTaskStatusI18NModels/></r3statyp><r3statyp><r3ActStatCod>SCODE11</r3ActStatCod><r3ProcessCode>EH_CMP</r3ProcessCode><servProvCode>BPTDEV</servProvCode><displayInAca>Y</displayInAca><r3ActStatDes>Additional Info Needed</r3ActStatDes><r3ActStatFlg>U</r3ActStatFlg><r3ActTypeDes>Complaint Review</r3ActTypeDes><recDate>2016-04-24T20:50:50-06:00</recDate><recFulNam>Accela Administrator</recFulNam><recStatus>A</recStatus><refTaskStatusI18NModels/></r3statyp><r3statyp><r3ActStatCod>SCODE14</r3ActStatCod><r3ProcessCode>EH_CMP</r3ProcessCode><servProvCode>BPTDEV</servProvCode><applicationStatus>Denied</applicationStatus><displayInAca>Y</displayInAca><r3ActStatDes>Denied</r3ActStatDes><r3ActStatFlg>Y</r3ActStatFlg><r3ActTypeDes>Complaint Review</r3ActTypeDes><recDate>2016-04-24T20:50:50-06:00</recDate><recFulNam>Accela Administrator</recFulNam><recStatus>A</recStatus><refTaskStatusI18NModels/></r3statyp><r3statyp><r3ActStatCod>SCODE10</r3ActStatCod><r3ProcessCode>EH_CMP</r3ProcessCode><servProvCode>BPTDEV</servProvCode><displayInAca>Y</displayInAca><r3ActStatDes>In-Review</r3ActStatDes><r3ActStatFlg>U</r3ActStatFlg><r3ActTypeDes>Complaint Review</r3ActTypeDes><recDate>2016-04-24T20:50:50-06:00</recDate><recFulNam>Accela Administrator</recFulNam><recStatus>A</recStatus><refTaskStatusI18NModels/></r3statyp><r3statyp><r3ActStatCod>SCODE4</r3ActStatCod><r3ProcessCode>EH_CMP</r3ProcessCode><servProvCode>BPTDEV</servProvCode><displayInAca>Y</displayInAca><r3ActStatDes>Inspection Required</r3ActStatDes><r3ActStatFlg>B</r3ActStatFlg><r3ActTypeDes>Complaint Review</r3ActTypeDes><recDate>2016-04-24T20:50:50-06:00</recDate><recFulNam>Accela Administrator</recFulNam><recStatus>A</recStatus><refTaskStatusI18NModels/></r3statyp><r3statyp><r3ActStatCod>SCODE12</r3ActStatCod><r3ProcessCode>EH_CMP</r3ProcessCode><servProvCode>BPTDEV</servProvCode><displayInAca>Y</displayInAca><r3ActStatDes>No Inspection Required</r3ActStatDes><r3ActStatFlg>L</r3ActStatFlg><r3ActTypeDes>Complaint Review</r3ActTypeDes><recDate>2016-04-24T20:50:50-06:00</recDate><recFulNam>Accela Administrator</recFulNam><recStatus>A</recStatus><refTaskStatusI18NModels/></r3statyp><r3statyp><r3ActStatCod>SCODE13</r3ActStatCod><r3ProcessCode>EH_CMP</r3ProcessCode><servProvCode>BPTDEV</servProvCode><applicationStatus>Withdrawn</applicationStatus><displayInAca>Y</displayInAca><r3ActStatDes>Withdrawn</r3ActStatDes><r3ActStatFlg>Y</r3ActStatFlg><r3ActTypeDes>Complaint Review</r3ActTypeDes><recDate>2016-04-24T20:50:50-06:00</recDate><recFulNam>Accela Administrator</recFulNam><recStatus>A</recStatus><refTaskStatusI18NModels/></r3statyp><r3statyp><r3ActStatCod>SCODE19</r3ActStatCod><r3ProcessCode>EH_CMP</r3ProcessCode><servProvCode>BPTDEV</servProvCode><displayInAca>Y</displayInAca><r3ActStatDes>Fails to Meet Standards</r3ActStatDes><r3ActStatFlg>B</r3ActStatFlg><r3ActTypeDes>Inspection</r3ActTypeDes><recDate>2016-04-24T20:54:37-06:00</recDate><recFulNam>Accela Administrator</recFulNam><recStatus>A</recStatus><refTaskStatusI18NModels/></r3statyp><r3statyp><r3ActStatCod>SCODE5</r3ActStatCod><r3ProcessCode>EH_CMP</r3ProcessCode><servProvCode>BPTDEV</servProvCode><displayInAca>Y</displayInAca><r3ActStatDes>Meets Standards</r3ActStatDes><r3ActStatFlg>B</r3ActStatFlg><r3ActTypeDes>Inspection</r3ActTypeDes><recDate>2016-04-24T20:54:37-06:00</recDate><recFulNam>Accela Administrator</recFulNam><recStatus>A</recStatus><refTaskStatusI18NModels/></r3statyp><r3statyp><r3ActStatCod>SCODE15</r3ActStatCod><r3ProcessCode>EH_CMP</r3ProcessCode><servProvCode>BPTDEV</servProvCode><displayInAca>Y</displayInAca><r3ActStatDes>Pending</r3ActStatDes><r3ActStatFlg>U</r3ActStatFlg><r3ActTypeDes>Inspection</r3ActTypeDes><recDate>2016-04-24T20:50:50-06:00</recDate><recFulNam>Accela Administrator</recFulNam><recStatus>A</recStatus><refTaskStatusI18NModels/></r3statyp><r3statyp><r3ActStatCod>SCODE16</r3ActStatCod><r3ProcessCode>EH_CMP</r3ProcessCode><servProvCode>BPTDEV</servProvCode><applicationStatus>Pending</applicationStatus><displayInAca>Y</displayInAca><r3ActStatDes>Re-Inspection Required</r3ActStatDes><r3ActStatFlg>U</r3ActStatFlg><r3ActTypeDes>Inspection</r3ActTypeDes><recDate>2016-04-24T20:50:50-06:00</recDate><recFulNam>Accela Administrator</recFulNam><recStatus>A</recStatus><refTaskStatusI18NModels/></r3statyp><r3statyp><r3ActStatCod>SCODE18</r3ActStatCod><r3ProcessCode>EH_CMP</r3ProcessCode><servProvCode>BPTDEV</servProvCode><applicationStatus>Withdrawn</applicationStatus><displayInAca>Y</displayInAca><r3ActStatDes>Withdrawn</r3ActStatDes><r3ActStatFlg>Y</r3ActStatFlg><r3ActTypeDes>Inspection</r3ActTypeDes><recDate>2016-04-24T20:50:50-06:00</recDate><recFulNam>Accela Administrator</recFulNam><recStatus>A</recStatus><refTaskStatusI18NModels/></r3statyp></r3statypModels><securityFlag>EH_CMP/%</securityFlag></virProcess>
<virProcess><r1ProcessCode>NONE</r1ProcessCode><servProvCode>BPTDEV</servProvCode><isEmailSettringSelected>Y</isEmailSettringSelected><isSecuritySelected>Y</isSecuritySelected><processEMailSettingModels/><processModels><processModel><r1ProcessCode>NONE</r1ProcessCode><sdStpNum>1</sdStpNum><servProvCode>BPTDEV</servProvCode><asgnAgencyCode>BUILDING</asgnAgencyCode><asgnBureauCode>NA</asgnBureauCode><asgnDivisionCode>NA</asgnDivisionCode><asgnGroupCode>NA</asgnGroupCode><asgnOfficeCode>NA</asgnOfficeCode><asgnSectionCode>NA</asgnSectionCode><auditModel><auditDate>2012-02-29T10:35:34-07:00</auditDate><auditID>ADMIN</auditID><auditStatus>A</auditStatus></auditModel><displayInAca>N</displayInAca><hoursSpentRequired>N</hoursSpentRequired><sdChkLv5>A</sdChkLv5><sdDueDay>0</sdDueDay><sdNxtId1>000000000000000</sdNxtId1><sdProDes>No Workflow Required</sdProDes><sdProId1>010000000000000</sdProId1></processModel></processModels><processSecurityModels/><r3statypModels/><securityFlag>NONE/%</securityFlag></virProcess>
<virProcess><r1ProcessCode>EH_CTG_APP</r1ProcessCode><servProvCode>BPTDEV</servProvCode><isEmailSettringSelected>Y</isEmailSettringSelected><isSecuritySelected>Y</isSecuritySelected><processEMailSettingModels/><processModels><processModel><r1ProcessCode>EH_CTG_APP</r1ProcessCode><sdStpNum>1</sdStpNum><servProvCode>BPTDEV</servProvCode><asgnAgencyCode>ADMIN</asgnAgencyCode><asgnBureauCode>NA</asgnBureauCode><asgnDivisionCode>NA</asgnDivisionCode><asgnGroupCode>NA</asgnGroupCode><asgnOfficeCode>NA</asgnOfficeCode><asgnSectionCode>NA</asgnSectionCode><auditModel><auditDate>2016-02-19T01:44:31-07:00</auditDate><auditID>Accela Administrator</auditID><auditStatus>A</auditStatus></auditModel><displayInAca>Y</displayInAca><estimatedHours>0</estimatedHours><hoursSpentRequired>N</hoursSpentRequired><sdChkLv5>A</sdChkLv5><sdDueDay>0</sdDueDay><sdNxtId1>000012000000000</sdNxtId1><sdProDes>Application Intake</sdProDes><sdProId1>010000000000000</sdProId1></processModel><processModel><r1ProcessCode>EH_CTG_APP</r1ProcessCode><sdStpNum>3</sdStpNum><servProvCode>BPTDEV</servProvCode><asgnAgencyCode>ADMIN</asgnAgencyCode><asgnBureauCode>NA</asgnBureauCode><asgnDivisionCode>NA</asgnDivisionCode><asgnGroupCode>NA</asgnGroupCode><asgnOfficeCode>NA</asgnOfficeCode><asgnSectionCode>NA</asgnSectionCode><auditModel><auditDate>2016-04-20T01:23:37-06:00</auditDate><auditID>Accela Administrator</auditID><auditStatus>A</auditStatus></auditModel><sdNxtId1>000016000000000</sdNxtId1><sdProDes>Plan Review</sdProDes><sdProId1>014000000000000</sdProId1></processModel><processModel><r1ProcessCode>EH_CTG_APP</r1ProcessCode><sdStpNum>8</sdStpNum><servProvCode>BPTDEV</servProvCode><asgnAgencyCode>ADMIN</asgnAgencyCode><asgnBureauCode>NA</asgnBureauCode><asgnDivisionCode>NA</asgnDivisionCode><asgnGroupCode>NA</asgnGroupCode><asgnOfficeCode>NA</asgnOfficeCode><asgnSectionCode>NA</asgnSectionCode><auditModel><auditDate>2016-04-06T00:21:08-06:00</auditDate><auditID>Accela Administrator</auditID><auditStatus>A</auditStatus></auditModel><r1CheckboxCode>EH_FAC_TSI</r1CheckboxCode><r1CheckboxGroup>WORKFLOW TASK</r1CheckboxGroup><sdNxtId1>000000000000000</sdNxtId1><sdProDes>Permit Issuance</sdProDes><sdProId1>018000000001000</sdProId1></processModel><processModel><r1ProcessCode>EH_CTG_APP</r1ProcessCode><sdStpNum>9</sdStpNum><servProvCode>BPTDEV</servProvCode><asgnAgencyCode>ADMIN</asgnAgencyCode><asgnBureauCode>NA</asgnBureauCode><asgnDivisionCode>NA</asgnDivisionCode><asgnGroupCode>NA</asgnGroupCode><asgnOfficeCode>NA</asgnOfficeCode><asgnSectionCode>NA</asgnSectionCode><auditModel><auditDate>2016-02-24T19:49:30-07:00</auditDate><auditID>Accela Administrator</auditID><auditStatus>A</auditStatus></auditModel><sdNxtId1>000018000000000</sdNxtId1><sdProDes>Inspection</sdProDes><sdProId1>016000000000000</sdProId1></processModel><processModel><r1ProcessCode>EH_CTG_APP</r1ProcessCode><sdStpNum>12</sdStpNum><servProvCode>BPTDEV</servProvCode><asgnAgencyCode>ADMIN</asgnAgencyCode><asgnBureauCode>NA</asgnBureauCode><asgnDivisionCode>NA</asgnDivisionCode><asgnGroupCode>NA</asgnGroupCode><asgnOfficeCode>NA</asgnOfficeCode><asgnSectionCode>NA</asgnSectionCode><auditModel><auditDate>2016-02-24T19:49:30-07:00</auditDate><auditID>Accela Administrator</auditID><auditStatus>A</auditStatus></auditModel><sdNxtId1>000014000001000</sdNxtId1><sdProDes>Application Review</sdProDes><sdProId1>012000000000000</sdProId1></processModel></processModels><processSecurityModels/><r3statypModels><r3statyp><r3ActStatCod>0101222</r3ActStatCod><r3ProcessCode>EH_CTG_APP</r3ProcessCode><servProvCode>BPTDEV</servProvCode><applicationStatus>Pending</applicationStatus><displayInAca>Y</displayInAca><r3ActStatDes>Accepted</r3ActStatDes><r3ActStatFlg>B</r3ActStatFlg><r3ActTypeDes>Application Intake</r3ActTypeDes><r3MouClockAction>No Action</r3MouClockAction><recDate>2016-02-19T01:44:31-07:00</recDate><recFulNam>Accela Administrator</recFulNam><recStatus>A</recStatus><refTaskStatusI18NModels/></r3statyp><r3statyp><r3ActStatCod>0100</r3ActStatCod><r3ProcessCode>EH_CTG_APP</r3ProcessCode><servProvCode>BPTDEV</servProvCode><applicationStatus>Pending</applicationStatus><displayInAca>Y</displayInAca><r3ActStatDes>Additional Info Needed</r3ActStatDes><r3ActStatFlg>U</r3ActStatFlg><r3ActTypeDes>Application Intake</r3ActTypeDes><r3MouClockAction>No Action</r3MouClockAction><recDate>2016-02-19T01:44:31-07:00</recDate><recFulNam>Accela Administrator</recFulNam><recStatus>A</recStatus><refTaskStatusI18NModels/></r3statyp><r3statyp><r3ActStatCod>SCODE5</r3ActStatCod><r3ProcessCode>EH_CTG_APP</r3ProcessCode><servProvCode>BPTDEV</servProvCode><applicationStatus>Denied</applicationStatus><displayInAca>Y</displayInAca><r3ActStatDes>Denied</r3ActStatDes><r3ActStatFlg>Y</r3ActStatFlg><r3ActTypeDes>Application Intake</r3ActTypeDes><recDate>2016-02-19T01:44:31-07:00</recDate><recFulNam>Accela Administrator</recFulNam><recStatus>A</recStatus><refTaskStatusI18NModels/></r3statyp><r3statyp><r3ActStatCod>01001</r3ActStatCod><r3ProcessCode>EH_CTG_APP</r3ProcessCode><servProvCode>BPTDEV</servProvCode><applicationStatus>Pending</applicationStatus><displayInAca>Y</displayInAca><r3ActStatDes>Received</r3ActStatDes><r3ActStatFlg>U</r3ActStatFlg><r3ActTypeDes>Application Intake</r3ActTypeDes><recDate>2016-02-19T01:44:31-07:00</recDate><recFulNam>Accela Administrator</recFulNam><recStatus>A</recStatus><refTaskStatusI18NModels/></r3statyp><r3statyp><r3ActStatCod>SCODE3</r3ActStatCod><r3ProcessCode>EH_CTG_APP</r3ProcessCode><servProvCode>BPTDEV</servProvCode><applicationStatus>Void</applicationStatus><displayInAca>Y</displayInAca><r3ActStatDes>Void</r3ActStatDes><r3ActStatFlg>Y</r3ActStatFlg><r3ActTypeDes>Application Intake</r3ActTypeDes><recDate>2016-02-19T01:44:31-07:00</recDate><recFulNam>Accela Administrator</recFulNam><recStatus>A</recStatus><refTaskStatusI18NModels/></r3statyp><r3statyp><r3ActStatCod>SCODE4</r3ActStatCod><r3ProcessCode>EH_CTG_APP</r3ProcessCode><servProvCode>BPTDEV</servProvCode><applicationStatus>Withdrawn</applicationStatus><displayInAca>Y</displayInAca><r3ActStatDes>Withdrawn</r3ActStatDes><r3ActStatFlg>Y</r3ActStatFlg><r3ActTypeDes>Application Intake</r3ActTypeDes><recDate>2016-02-19T01:44:31-07:00</recDate><recFulNam>Accela Administrator</recFulNam><recStatus>A</recStatus><refTaskStatusI18NModels/></r3statyp><r3statyp><r3ActStatCod>SCODE2</r3ActStatCod><r3ProcessCode>EH_CTG_APP</r3ProcessCode><servProvCode>BPTDEV</servProvCode><applicationStatus>Pending</applicationStatus><displayInAca>Y</displayInAca><r3ActStatDes>Additional Info Needed</r3ActStatDes><r3ActStatFlg>U</r3ActStatFlg><r3ActTypeDes>Application Review</r3ActTypeDes><recDate>2016-02-24T19:49:30-07:00</recDate><recFulNam>Accela Administrator</recFulNam><recStatus>A</recStatus><refTaskStatusI18NModels/></r3statyp><r3statyp><r3ActStatCod>SCODE7</r3ActStatCod><r3ProcessCode>EH_CTG_APP</r3ProcessCode><servProvCode>BPTDEV</servProvCode><applicationStatus>Denied</applicationStatus><displayInAca>Y</displayInAca><r3ActStatDes>Denied</r3ActStatDes><r3ActStatFlg>Y</r3ActStatFlg><r3ActTypeDes>Application Review</r3ActTypeDes><recDate>2016-02-19T01:44:31-07:00</recDate><recFulNam>Accela Administrator</recFulNam><recStatus>A</recStatus><refTaskStatusI18NModels/></r3statyp><r3statyp><r3ActStatCod>SCODE1</r3ActStatCod><r3ProcessCode>EH_CTG_APP</r3ProcessCode><servProvCode>BPTDEV</servProvCode><displayInAca>Y</displayInAca><r3ActStatDes>In-Review</r3ActStatDes><r3ActStatFlg>U</r3ActStatFlg><r3ActTypeDes>Application Review</r3ActTypeDes><recDate>2016-02-19T01:44:31-07:00</recDate><recFulNam>Accela Administrator</recFulNam><recStatus>A</recStatus><refTaskStatusI18NModels/></r3statyp><r3statyp><r3ActStatCod>SCODE21</r3ActStatCod><r3ProcessCode>EH_CTG_APP</r3ProcessCode><servProvCode>BPTDEV</servProvCode><applicationStatus>Pending</applicationStatus><displayInAca>Y</displayInAca><r3ActStatDes>No Plan Review Required</r3ActStatDes><r3ActStatFlg>L</r3ActStatFlg><r3ActTypeDes>Application Review</r3ActTypeDes><recDate>2016-02-19T01:44:31-07:00</recDate><recFulNam>Accela Administrator</recFulNam><recStatus>A</recStatus><refTaskStatusI18NModels/></r3statyp><r3statyp><r3ActStatCod>SCODE8</r3ActStatCod><r3ProcessCode>EH_CTG_APP</r3ProcessCode><servProvCode>BPTDEV</servProvCode><applicationStatus>Pending</applicationStatus><displayInAca>Y</displayInAca><r3ActStatDes>Plan Review Required</r3ActStatDes><r3ActStatFlg>B</r3ActStatFlg><r3ActTypeDes>Application Review</r3ActTypeDes><recDate>2016-02-24T19:49:30-07:00</recDate><recFulNam>Accela Administrator</recFulNam><recStatus>A</recStatus><refTaskStatusI18NModels/></r3statyp><r3statyp><r3ActStatCod>SCODE6</r3ActStatCod><r3ProcessCode>EH_CTG_APP</r3ProcessCode><servProvCode>BPTDEV</servProvCode><applicationStatus>Withdrawn</applicationStatus><displayInAca>Y</displayInAca><r3ActStatDes>Withdrawn</r3ActStatDes><r3ActStatFlg>Y</r3ActStatFlg><r3ActTypeDes>Application Review</r3ActTypeDes><recDate>2016-02-19T01:44:31-07:00</recDate><recFulNam>Accela Administrator</recFulNam><recStatus>A</recStatus><refTaskStatusI18NModels/></r3statyp><r3statyp><r3ActStatCod>SCODE18</r3ActStatCod><r3ProcessCode>EH_CTG_APP</r3ProcessCode><servProvCode>BPTDEV</servProvCode><applicationStatus>Denied</applicationStatus><displayInAca>Y</displayInAca><r3ActStatDes>Denied</r3ActStatDes><r3ActStatFlg>Y</r3ActStatFlg><r3ActTypeDes>Inspection</r3ActTypeDes><recDate>2016-02-19T01:44:31-07:00</recDate><recFulNam>Accela Administrator</recFulNam><recStatus>A</recStatus><refTaskStatusI18NModels/></r3statyp><r3statyp><r3ActStatCod>SCODE16</r3ActStatCod><r3ProcessCode>EH_CTG_APP</r3ProcessCode><servProvCode>BPTDEV</servProvCode><applicationStatus>Pending</applicationStatus><displayInAca>Y</displayInAca><r3ActStatDes>Inspection Passed</r3ActStatDes><r3ActStatFlg>B</r3ActStatFlg><r3ActTypeDes>Inspection</r3ActTypeDes><recDate>2016-02-24T19:49:30-07:00</recDate><recFulNam>Accela Administrator</recFulNam><recStatus>A</recStatus><refTaskStatusI18NModels/></r3statyp><r3statyp><r3ActStatCod>SCODE14</r3ActStatCod><r3ProcessCode>EH_CTG_APP</r3ProcessCode><servProvCode>BPTDEV</servProvCode><applicationStatus>Pending</applicationStatus><displayInAca>Y</displayInAca><r3ActStatDes>Pending</r3ActStatDes><r3ActStatFlg>U</r3ActStatFlg><r3ActTypeDes>Inspection</r3ActTypeDes><recDate>2016-02-24T19:49:30-07:00</recDate><recFulNam>Accela Administrator</recFulNam><recStatus>A</recStatus><refTaskStatusI18NModels/></r3statyp><r3statyp><r3ActStatCod>SCODE15</r3ActStatCod><r3ProcessCode>EH_CTG_APP</r3ProcessCode><servProvCode>BPTDEV</servProvCode><applicationStatus>Pending</applicationStatus><displayInAca>Y</displayInAca><r3ActStatDes>Re-Inspection Required</r3ActStatDes><r3ActStatFlg>U</r3ActStatFlg><r3ActTypeDes>Inspection</r3ActTypeDes><recDate>2016-02-19T01:44:31-07:00</recDate><recFulNam>Accela Administrator</recFulNam><recStatus>A</recStatus><refTaskStatusI18NModels/></r3statyp><r3statyp><r3ActStatCod>SCODE17</r3ActStatCod><r3ProcessCode>EH_CTG_APP</r3ProcessCode><servProvCode>BPTDEV</servProvCode><applicationStatus>Withdrawn</applicationStatus><displayInAca>Y</displayInAca><r3ActStatDes>Withdrawn</r3ActStatDes><r3ActStatFlg>Y</r3ActStatFlg><r3ActTypeDes>Inspection</r3ActTypeDes><recDate>2016-02-19T01:44:31-07:00</recDate><recFulNam>Accela Administrator</recFulNam><recStatus>A</recStatus><refTaskStatusI18NModels/></r3statyp><r3statyp><r3ActStatCod>SCODE19</r3ActStatCod><r3ProcessCode>EH_CTG_APP</r3ProcessCode><servProvCode>BPTDEV</servProvCode><applicationStatus>Denied</applicationStatus><displayInAca>Y</displayInAca><r3ActStatDes>Denied</r3ActStatDes><r3ActStatFlg>Y</r3ActStatFlg><r3ActTypeDes>Permit Issuance</r3ActTypeDes><recDate>2016-02-19T01:44:31-07:00</recDate><recFulNam>Accela Administrator</recFulNam><recStatus>A</recStatus><refTaskStatusI18NModels/></r3statyp><r3statyp><r3ActStatCod>SCODE20</r3ActStatCod><r3ProcessCode>EH_CTG_APP</r3ProcessCode><servProvCode>BPTDEV</servProvCode><applicationStatus>Complete</applicationStatus><displayInAca>Y</displayInAca><r3ActStatDes>Issued</r3ActStatDes><r3ActStatFlg>Y</r3ActStatFlg><r3ActTypeDes>Permit Issuance</r3ActTypeDes><recDate>2016-02-19T01:44:31-07:00</recDate><recFulNam>Accela Administrator</recFulNam><recStatus>A</recStatus><refTaskStatusI18NModels/></r3statyp><r3statyp><r3ActStatCod>SCODE10</r3ActStatCod><r3ProcessCode>EH_CTG_APP</r3ProcessCode><servProvCode>BPTDEV</servProvCode><applicationStatus>Pending</applicationStatus><displayInAca>Y</displayInAca><r3ActStatDes>Additional Info Needed</r3ActStatDes><r3ActStatFlg>U</r3ActStatFlg><r3ActTypeDes>Plan Review</r3ActTypeDes><recDate>2016-02-24T19:49:30-07:00</recDate><recFulNam>Accela Administrator</recFulNam><recStatus>A</recStatus><refTaskStatusI18NModels/></r3statyp><r3statyp><r3ActStatCod>SCODE11</r3ActStatCod><r3ProcessCode>EH_CTG_APP</r3ProcessCode><servProvCode>BPTDEV</servProvCode><applicationStatus>Denied</applicationStatus><displayInAca>Y</displayInAca><r3ActStatDes>Denied</r3ActStatDes><r3ActStatFlg>Y</r3ActStatFlg><r3ActTypeDes>Plan Review</r3ActTypeDes><recDate>2016-02-19T01:44:31-07:00</recDate><recFulNam>Accela Administrator</recFulNam><recStatus>A</recStatus><refTaskStatusI18NModels/></r3statyp><r3statyp><r3ActStatCod>SCODE9</r3ActStatCod><r3ProcessCode>EH_CTG_APP</r3ProcessCode><servProvCode>BPTDEV</servProvCode><applicationStatus>Pending</applicationStatus><displayInAca>Y</displayInAca><r3ActStatDes>In-Review</r3ActStatDes><r3ActStatFlg>U</r3ActStatFlg><r3ActTypeDes>Plan Review</r3ActTypeDes><recDate>2016-02-24T19:49:30-07:00</recDate><recFulNam>Accela Administrator</recFulNam><recStatus>A</recStatus><refTaskStatusI18NModels/></r3statyp><r3statyp><r3ActStatCod>SCODE13</r3ActStatCod><r3ProcessCode>EH_CTG_APP</r3ProcessCode><servProvCode>BPTDEV</servProvCode><applicationStatus>Pending</applicationStatus><displayInAca>Y</displayInAca><r3ActStatDes>Plans Approved</r3ActStatDes><r3ActStatFlg>B</r3ActStatFlg><r3ActTypeDes>Plan Review</r3ActTypeDes><recDate>2016-02-24T19:49:30-07:00</recDate><recFulNam>Accela Administrator</recFulNam><recStatus>A</recStatus><refTaskStatusI18NModels/></r3statyp><r3statyp><r3ActStatCod>SCODE22</r3ActStatCod><r3ProcessCode>EH_CTG_APP</r3ProcessCode><servProvCode>BPTDEV</servProvCode><applicationStatus>Pending</applicationStatus><displayInAca>Y</displayInAca><r3ActStatDes>Revisions Required</r3ActStatDes><r3ActStatFlg>U</r3ActStatFlg><r3ActTypeDes>Plan Review</r3ActTypeDes><recDate>2016-04-20T01:23:37-06:00</recDate><recFulNam>Accela Administrator</recFulNam><recStatus>A</recStatus><refTaskStatusI18NModels/></r3statyp><r3statyp><r3ActStatCod>SCODE12</r3ActStatCod><r3ProcessCode>EH_CTG_APP</r3ProcessCode><servProvCode>BPTDEV</servProvCode><applicationStatus>Withdrawn</applicationStatus><displayInAca>Y</displayInAca><r3ActStatDes>Withdrawn</r3ActStatDes><r3ActStatFlg>Y</r3ActStatFlg><r3ActTypeDes>Plan Review</r3ActTypeDes><recDate>2016-02-19T01:44:31-07:00</recDate><recFulNam>Accela Administrator</recFulNam><recStatus>A</recStatus><refTaskStatusI18NModels/></r3statyp></r3statypModels><securityFlag>EH_CTG_APP/%</securityFlag></virProcess>
<virProcess><r1ProcessCode>EH_CTG_PMT</r1ProcessCode><servProvCode>BPTDEV</servProvCode><isEmailSettringSelected>Y</isEmailSettringSelected><isSecuritySelected>Y</isSecuritySelected><processEMailSettingModels/><processModels><processModel><r1ProcessCode>EH_CTG_PMT</r1ProcessCode><sdStpNum>1</sdStpNum><servProvCode>BPTDEV</servProvCode><asgnAgencyCode>ADMIN</asgnAgencyCode><asgnBureauCode>NA</asgnBureauCode><asgnDivisionCode>NA</asgnDivisionCode><asgnGroupCode>NA</asgnGroupCode><asgnOfficeCode>NA</asgnOfficeCode><asgnSectionCode>NA</asgnSectionCode><auditModel><auditDate>2016-02-21T20:25:42-07:00</auditDate><auditID>Accela Administrator</auditID><auditStatus>A</auditStatus></auditModel><sdNxtId1>000000000000000</sdNxtId1><sdProDes>Permit Status</sdProDes><sdProId1>010000000000000</sdProId1></processModel></processModels><processSecurityModels/><r3statypModels><r3statyp><r3ActStatCod>SCODE2</r3ActStatCod><r3ProcessCode>EH_CTG_PMT</r3ProcessCode><servProvCode>BPTDEV</servProvCode><applicationStatus>About to Expire</applicationStatus><displayInAca>Y</displayInAca><r3ActStatDes>About to Expire</r3ActStatDes><r3ActStatFlg>U</r3ActStatFlg><r3ActTypeDes>Permit Status</r3ActTypeDes><recDate>2016-02-21T20:25:42-07:00</recDate><recFulNam>Accela Administrator</recFulNam><recStatus>A</recStatus><refTaskStatusI18NModels/></r3statyp><r3statyp><r3ActStatCod>SCODE1</r3ActStatCod><r3ProcessCode>EH_CTG_PMT</r3ProcessCode><servProvCode>BPTDEV</servProvCode><applicationStatus>Active</applicationStatus><displayInAca>Y</displayInAca><r3ActStatDes>Active</r3ActStatDes><r3ActStatFlg>U</r3ActStatFlg><r3ActTypeDes>Permit Status</r3ActTypeDes><recDate>2016-02-21T20:25:42-07:00</recDate><recFulNam>Accela Administrator</recFulNam><recStatus>A</recStatus><refTaskStatusI18NModels/></r3statyp><r3statyp><r3ActStatCod>SCODE6</r3ActStatCod><r3ProcessCode>EH_CTG_PMT</r3ProcessCode><servProvCode>BPTDEV</servProvCode><applicationStatus>Closed</applicationStatus><displayInAca>Y</displayInAca><r3ActStatDes>Closed</r3ActStatDes><r3ActStatFlg>Y</r3ActStatFlg><r3ActTypeDes>Permit Status</r3ActTypeDes><recDate>2016-02-21T20:25:42-07:00</recDate><recFulNam>Accela Administrator</recFulNam><recStatus>A</recStatus><refTaskStatusI18NModels/></r3statyp><r3statyp><r3ActStatCod>SCODE5</r3ActStatCod><r3ProcessCode>EH_CTG_PMT</r3ProcessCode><servProvCode>BPTDEV</servProvCode><applicationStatus>Inactive</applicationStatus><displayInAca>Y</displayInAca><r3ActStatDes>Inactive</r3ActStatDes><r3ActStatFlg>Y</r3ActStatFlg><r3ActTypeDes>Permit Status</r3ActTypeDes><recDate>2016-02-21T20:25:42-07:00</recDate><recFulNam>Accela Administrator</recFulNam><recStatus>A</recStatus><refTaskStatusI18NModels/></r3statyp><r3statyp><r3ActStatCod>SCODE4</r3ActStatCod><r3ProcessCode>EH_CTG_PMT</r3ProcessCode><servProvCode>BPTDEV</servProvCode><applicationStatus>Revoked</applicationStatus><displayInAca>Y</displayInAca><r3ActStatDes>Revoked</r3ActStatDes><r3ActStatFlg>Y</r3ActStatFlg><r3ActTypeDes>Permit Status</r3ActTypeDes><recDate>2016-02-21T20:25:42-07:00</recDate><recFulNam>Accela Administrator</recFulNam><recStatus>A</recStatus><refTaskStatusI18NModels/></r3statyp><r3statyp><r3ActStatCod>SCODE3</r3ActStatCod><r3ProcessCode>EH_CTG_PMT</r3ProcessCode><servProvCode>BPTDEV</servProvCode><applicationStatus>Suspended</applicationStatus><displayInAca>Y</displayInAca><r3ActStatDes>Suspended</r3ActStatDes><r3ActStatFlg>U</r3ActStatFlg><r3ActTypeDes>Permit Status</r3ActTypeDes><recDate>2016-02-21T20:25:42-07:00</recDate><recFulNam>Accela Administrator</recFulNam><recStatus>A</recStatus><refTaskStatusI18NModels/></r3statyp></r3statypModels><securityFlag>EH_CTG_PMT/%</securityFlag></virProcess>
<virProcess><r1ProcessCode>EH_CTG_REG</r1ProcessCode><servProvCode>BPTDEV</servProvCode><isEmailSettringSelected>Y</isEmailSettringSelected><isSecuritySelected>Y</isSecuritySelected><processEMailSettingModels/><processModels><processModel><r1ProcessCode>EH_CTG_REG</r1ProcessCode><sdStpNum>1</sdStpNum><servProvCode>BPTDEV</servProvCode><asgnAgencyCode>ADMIN</asgnAgencyCode><asgnBureauCode>NA</asgnBureauCode><asgnDivisionCode>NA</asgnDivisionCode><asgnGroupCode>NA</asgnGroupCode><asgnOfficeCode>NA</asgnOfficeCode><asgnSectionCode>NA</asgnSectionCode><auditModel><auditDate>2016-02-17T20:04:30-07:00</auditDate><auditID>Accela Administrator</auditID><auditStatus>A</auditStatus></auditModel><sdNxtId1>000012000000000</sdNxtId1><sdProDes>Registration Intake</sdProDes><sdProId1>010000000000000</sdProId1></processModel><processModel><r1ProcessCode>EH_CTG_REG</r1ProcessCode><sdStpNum>2</sdStpNum><servProvCode>BPTDEV</servProvCode><asgnAgencyCode>ADMIN</asgnAgencyCode><asgnBureauCode>NA</asgnBureauCode><asgnDivisionCode>NA</asgnDivisionCode><asgnGroupCode>NA</asgnGroupCode><asgnOfficeCode>NA</asgnOfficeCode><asgnSectionCode>NA</asgnSectionCode><auditModel><auditDate>2016-02-17T20:04:30-07:00</auditDate><auditID>Accela Administrator</auditID><auditStatus>A</auditStatus></auditModel><sdNxtId1>000000000000000</sdNxtId1><sdProDes>Registration Issuance</sdProDes><sdProId1>012000000000000</sdProId1></processModel></processModels><processSecurityModels/><r3statypModels><r3statyp><r3ActStatCod>SCODE1</r3ActStatCod><r3ProcessCode>EH_CTG_REG</r3ProcessCode><servProvCode>BPTDEV</servProvCode><applicationStatus>Pending</applicationStatus><displayInAca>Y</displayInAca><r3ActStatDes>Accepted</r3ActStatDes><r3ActStatFlg>B</r3ActStatFlg><r3ActTypeDes>Registration Intake</r3ActTypeDes><recDate>2016-02-17T20:04:30-07:00</recDate><recFulNam>Accela Administrator</recFulNam><recStatus>A</recStatus><refTaskStatusI18NModels/></r3statyp><r3statyp><r3ActStatCod>SCODE3</r3ActStatCod><r3ProcessCode>EH_CTG_REG</r3ProcessCode><servProvCode>BPTDEV</servProvCode><applicationStatus>Pending</applicationStatus><displayInAca>Y</displayInAca><r3ActStatDes>Additional Info Needed</r3ActStatDes><r3ActStatFlg>U</r3ActStatFlg><r3ActTypeDes>Registration Intake</r3ActTypeDes><recDate>2016-02-17T20:04:30-07:00</recDate><recFulNam>Accela Administrator</recFulNam><recStatus>A</recStatus><refTaskStatusI18NModels/></r3statyp><r3statyp><r3ActStatCod>SCODE4</r3ActStatCod><r3ProcessCode>EH_CTG_REG</r3ProcessCode><servProvCode>BPTDEV</servProvCode><applicationStatus>Denied</applicationStatus><displayInAca>Y</displayInAca><r3ActStatDes>Denied</r3ActStatDes><r3ActStatFlg>Y</r3ActStatFlg><r3ActTypeDes>Registration Intake</r3ActTypeDes><recDate>2016-02-17T20:04:30-07:00</recDate><recFulNam>Accela Administrator</recFulNam><recStatus>A</recStatus><refTaskStatusI18NModels/></r3statyp><r3statyp><r3ActStatCod>SCODE2</r3ActStatCod><r3ProcessCode>EH_CTG_REG</r3ProcessCode><servProvCode>BPTDEV</servProvCode><applicationStatus>Pending</applicationStatus><displayInAca>Y</displayInAca><r3ActStatDes>Received</r3ActStatDes><r3ActStatFlg>U</r3ActStatFlg><r3ActTypeDes>Registration Intake</r3ActTypeDes><recDate>2016-02-17T20:04:30-07:00</recDate><recFulNam>Accela Administrator</recFulNam><recStatus>A</recStatus><refTaskStatusI18NModels/></r3statyp><r3statyp><r3ActStatCod>SCODE6</r3ActStatCod><r3ProcessCode>EH_CTG_REG</r3ProcessCode><servProvCode>BPTDEV</servProvCode><applicationStatus>Voided</applicationStatus><displayInAca>Y</displayInAca><r3ActStatDes>Void</r3ActStatDes><r3ActStatFlg>Y</r3ActStatFlg><r3ActTypeDes>Registration Intake</r3ActTypeDes><recDate>2016-02-17T20:04:30-07:00</recDate><recFulNam>Accela Administrator</recFulNam><recStatus>A</recStatus><refTaskStatusI18NModels/></r3statyp><r3statyp><r3ActStatCod>SCODE5</r3ActStatCod><r3ProcessCode>EH_CTG_REG</r3ProcessCode><servProvCode>BPTDEV</servProvCode><applicationStatus>Withdrawn</applicationStatus><displayInAca>Y</displayInAca><r3ActStatDes>Withdrawn</r3ActStatDes><r3ActStatFlg>Y</r3ActStatFlg><r3ActTypeDes>Registration Intake</r3ActTypeDes><recDate>2016-02-17T20:04:30-07:00</recDate><recFulNam>Accela Administrator</recFulNam><recStatus>A</recStatus><refTaskStatusI18NModels/></r3statyp><r3statyp><r3ActStatCod>SCODE7</r3ActStatCod><r3ProcessCode>EH_CTG_REG</r3ProcessCode><servProvCode>BPTDEV</servProvCode><applicationStatus>Denied</applicationStatus><displayInAca>Y</displayInAca><r3ActStatDes>Denied</r3ActStatDes><r3ActStatFlg>Y</r3ActStatFlg><r3ActTypeDes>Registration Issuance</r3ActTypeDes><recDate>2016-02-17T20:04:30-07:00</recDate><recFulNam>Accela Administrator</recFulNam><recStatus>A</recStatus><refTaskStatusI18NModels/></r3statyp><r3statyp><r3ActStatCod>SCODE8</r3ActStatCod><r3ProcessCode>EH_CTG_REG</r3ProcessCode><servProvCode>BPTDEV</servProvCode><applicationStatus>Complete</applicationStatus><displayInAca>Y</displayInAca><r3ActStatDes>Issued</r3ActStatDes><r3ActStatFlg>Y</r3ActStatFlg><r3ActTypeDes>Registration Issuance</r3ActTypeDes><recDate>2016-02-17T20:04:30-07:00</recDate><recFulNam>Accela Administrator</recFulNam><recStatus>A</recStatus><refTaskStatusI18NModels/></r3statyp></r3statypModels><securityFlag>EH_CTG_REG/%</securityFlag></virProcess>
</list>