<?xml version="1.0" encoding="UTF-8" standalone="yes"?>
<list  version="8.0.0" minorVersion="20" exportUser="ADMIN" exportDateTime="06/30/2016 10:22 AM" description="EnvHealth Record Types"><workflow><parentProcessID>0</parentProcessID><serviceProviderCode>BPTDEV</serviceProviderCode><stepNumber>0</stepNumber><workflowName>EH_GEN_APP</workflowName><isSubProcessSelected>Y</isSubProcessSelected><processCode>EH_GEN_APP</processCode><refProcessRelationI18NModels/><recDate>2016-05-23T02:00:38-06:00</recDate><recFulNam>Accela Administrator</recFulNam><recStatus>A</recStatus><relationSeqId>17711</relationSeqId><resId>526</resId><subProcessModels/><taskActivation>I</taskActivation></workflow>
<workflow><parentProcessID>0</parentProcessID><serviceProviderCode>BPTDEV</serviceProviderCode><stepNumber>0</stepNumber><workflowName>EH_GEN_PMT</workflowName><isSubProcessSelected>Y</isSubProcessSelected><processCode>EH_GEN_PMT</processCode><refProcessRelationI18NModels/><recDate>2016-05-18T03:48:32-06:00</recDate><recFulNam>Accela Administrator</recFulNam><recStatus>A</recStatus><relationSeqId>17712</relationSeqId><resId>527</resId><subProcessModels/><taskActivation>I</taskActivation></workflow>
<workflow><parentProcessID>0</parentProcessID><serviceProviderCode>BPTDEV</serviceProviderCode><stepNumber>0</stepNumber><workflowName>EH_CMP</workflowName><isSubProcessSelected>Y</isSubProcessSelected><processCode>EH_CMP</processCode><refProcessRelationI18NModels/><recDate>2016-04-24T20:54:37-06:00</recDate><recFulNam>Accela Administrator</recFulNam><recStatus>A</recStatus><relationSeqId>17713</relationSeqId><resId>492</resId><subProcessModels/><taskActivation>I</taskActivation></workflow>
<workflow><parentProcessID>0</parentProcessID><serviceProviderCode>BPTDEV</serviceProviderCode><stepNumber>0</stepNumber><workflowName>NONE</workflowName><isSubProcessSelected>Y</isSubProcessSelected><processCode>NONE</processCode><refProcessRelationI18NModels/><recDate>2011-12-12T18:33:09-07:00</recDate><recFulNam>ADMIN</recFulNam><recStatus>A</recStatus><relationSeqId>12</relationSeqId><subProcessModels/></workflow>
<workflow><parentProcessID>0</parentProcessID><serviceProviderCode>BPTDEV</serviceProviderCode><stepNumber>0</stepNumber><workflowName>EH_CTG_APP</workflowName><isSubProcessSelected>Y</isSubProcessSelected><processCode>EH_CTG_APP</processCode><refProcessRelationI18NModels/><recDate>2016-04-20T01:23:37-06:00</recDate><recFulNam>Accela Administrator</recFulNam><recStatus>A</recStatus><relationSeqId>17714</relationSeqId><resId>372</resId><subProcessModels/></workflow>
<workflow><parentProcessID>0</parentProcessID><serviceProviderCode>BPTDEV</serviceProviderCode><stepNumber>0</stepNumber><workflowName>EH_CTG_PMT</workflowName><isSubProcessSelected>Y</isSubProcessSelected><processCode>EH_CTG_PMT</processCode><refProcessRelationI18NModels/><recDate>2016-02-22T23:55:41-07:00</recDate><recFulNam>Accela Administrator</recFulNam><recStatus>A</recStatus><relationSeqId>17715</relationSeqId><resId>383</resId><subProcessModels/><taskActivation>I</taskActivation></workflow>
<workflow><parentProcessID>0</parentProcessID><serviceProviderCode>BPTDEV</serviceProviderCode><stepNumber>0</stepNumber><workflowName>EH_CTG_REG</workflowName><isSubProcessSelected>Y</isSubProcessSelected><processCode>EH_CTG_REG</processCode><refProcessRelationI18NModels/><recDate>2016-02-17T20:04:35-07:00</recDate><recFulNam>Accela Administrator</recFulNam><recStatus>A</recStatus><relationSeqId>17716</relationSeqId><resId>362</resId><subProcessModels/><taskActivation>I</taskActivation></workflow>
</list>