<?xml version="1.0" encoding="UTF-8" standalone="yes"?>
<list  version="8.0.0" minorVersion="15" exportUser="ADMIN" exportDateTime="03/30/2016 09:45 PM" description="null"><organizationagency refId="1@OrganizationAgencyModel"><serviceProviderCode>BPTDEV</serviceProviderCode><agencyCode>ADMIN</agencyCode><agencyI18NModels/><agencyName>Admin</agencyName><auditModel><auditDate>2012-02-13T11:26:03-07:00</auditDate><auditID>ADMIN</auditID><auditStatus>A</auditStatus></auditModel></organizationagency>
<organizationagency refId="1@OrganizationAgencyModel"><serviceProviderCode>BPTDEV</serviceProviderCode><agencyCode>SERVREQ</agencyCode><agencyI18NModels/><agencyName>SERVICEREQUEST</agencyName><auditModel><auditDate>2012-06-28T16:17:20-06:00</auditDate><auditID>ADMIN</auditID><auditStatus>A</auditStatus></auditModel></organizationagency>
</list>