<?xml version="1.0" encoding="UTF-8" standalone="yes"?>
<list  version="8.0.0" minorVersion="15" exportUser="ADMIN" exportDateTime="03/30/2016 09:45 PM" description="null"><puser><servProvCode>BPTDEV</servProvCode><userName>ACAREPORTS</userName><dispName>ACAREPORTS</dispName><fname>ACA Reports</fname><lname>Do Not Delete</lname><profileActive><virtualString></virtualString></profileActive><puserProfileModels><puserProfile><profileSeqNbr>1</profileSeqNbr><servProvCode>BPTDEV</servProvCode><userName>ACAREPORTS</userName><profileValue>/index.cfm?fuseaction=Menu</profileValue><recDate>2013-05-22T10:43:28-06:00</recDate><recFulNam>ADMIN</recFulNam><recStatus>A</recStatus></puserProfile><puserProfile><profileSeqNbr>2</profileSeqNbr><servProvCode>BPTDEV</servProvCode><userName>ACAREPORTS</userName><profileValue>1</profileValue><recDate>2013-05-22T10:43:28-06:00</recDate><recFulNam>ADMIN</recFulNam><recStatus>A</recStatus></puserProfile><puserProfile><profileSeqNbr>3</profileSeqNbr><servProvCode>BPTDEV</servProvCode><userName>ACAREPORTS</userName><profileValue>Enforcement</profileValue><recDate>2015-06-19T17:09:56-06:00</recDate><recFulNam>ADMIN</recFulNam><recStatus>A</recStatus></puserProfile><puserProfile><profileSeqNbr>4</profileSeqNbr><servProvCode>BPTDEV</servProvCode><userName>ACAREPORTS</userName><profileValue>STD</profileValue><recDate>2015-06-19T17:09:56-06:00</recDate><recFulNam>ADMIN</recFulNam><recStatus>A</recStatus></puserProfile><puserProfile><profileSeqNbr>5</profileSeqNbr><servProvCode>BPTDEV</servProvCode><userName>ACAREPORTS</userName><profileValue>0.0</profileValue><recDate>2015-06-19T17:09:56-06:00</recDate><recFulNam>ADMIN</recFulNam><recStatus>A</recStatus></puserProfile><puserProfile><profileSeqNbr>6</profileSeqNbr><servProvCode>BPTDEV</servProvCode><userName>ACAREPORTS</userName><recDate>2013-05-22T10:43:28-06:00</recDate><recFulNam>ADMIN</recFulNam><recStatus>A</recStatus></puserProfile><puserProfile><profileSeqNbr>7</profileSeqNbr><servProvCode>BPTDEV</servProvCode><userName>ACAREPORTS</userName><recDate>2013-05-22T10:43:28-06:00</recDate><recFulNam>ADMIN</recFulNam><recStatus>A</recStatus></puserProfile><puserProfile><profileSeqNbr>8</profileSeqNbr><servProvCode>BPTDEV</servProvCode><userName>ACAREPORTS</userName><recDate>2013-05-22T10:43:28-06:00</recDate><recFulNam>ADMIN</recFulNam><recStatus>A</recStatus></puserProfile><puserProfile><profileSeqNbr>9</profileSeqNbr><servProvCode>BPTDEV</servProvCode><userName>ACAREPORTS</userName><recDate>2013-05-22T10:43:28-06:00</recDate><recFulNam>ADMIN</recFulNam><recStatus>A</recStatus></puserProfile><puserProfile><profileSeqNbr>10</profileSeqNbr><servProvCode>BPTDEV</servProvCode><userName>ACAREPORTS</userName><recDate>2013-05-22T10:43:28-06:00</recDate><recFulNam>ADMIN</recFulNam><recStatus>A</recStatus></puserProfile><puserProfile><profileSeqNbr>11</profileSeqNbr><servProvCode>BPTDEV</servProvCode><userName>ACAREPORTS</userName><recDate>2013-05-22T10:43:28-06:00</recDate><recFulNam>ADMIN</recFulNam><recStatus>A</recStatus></puserProfile><puserProfile><profileSeqNbr>12</profileSeqNbr><servProvCode>BPTDEV</servProvCode><userName>ACAREPORTS</userName><recDate>2013-05-22T10:43:28-06:00</recDate><recFulNam>ADMIN</recFulNam><recStatus>A</recStatus></puserProfile><puserProfile><profileSeqNbr>13</profileSeqNbr><servProvCode>BPTDEV</servProvCode><userName>ACAREPORTS</userName><recDate>2013-05-22T10:43:28-06:00</recDate><recFulNam>ADMIN</recFulNam><recStatus>A</recStatus></puserProfile><puserProfile><profileSeqNbr>14</profileSeqNbr><servProvCode>BPTDEV</servProvCode><userName>ACAREPORTS</userName><recDate>2013-05-22T10:43:28-06:00</recDate><recFulNam>ADMIN</recFulNam><recStatus>A</recStatus></puserProfile><puserProfile><profileSeqNbr>15</profileSeqNbr><servProvCode>BPTDEV</servProvCode><userName>ACAREPORTS</userName><recDate>2013-05-22T10:43:28-06:00</recDate><recFulNam>ADMIN</recFulNam><recStatus>A</recStatus></puserProfile><puserProfile><profileSeqNbr>16</profileSeqNbr><servProvCode>BPTDEV</servProvCode><userName>ACAREPORTS</userName><recDate>2013-05-22T10:43:28-06:00</recDate><recFulNam>ADMIN</recFulNam><recStatus>A</recStatus></puserProfile><puserProfile><profileSeqNbr>17</profileSeqNbr><servProvCode>BPTDEV</servProvCode><userName>ACAREPORTS</userName><recDate>2013-05-22T10:43:28-06:00</recDate><recFulNam>ADMIN</recFulNam><recStatus>A</recStatus></puserProfile><puserProfile><profileSeqNbr>18</profileSeqNbr><servProvCode>BPTDEV</servProvCode><userName>ACAREPORTS</userName><recDate>2013-05-22T10:43:28-06:00</recDate><recFulNam>ADMIN</recFulNam><recStatus>A</recStatus></puserProfile><puserProfile><profileSeqNbr>19</profileSeqNbr><servProvCode>BPTDEV</servProvCode><userName>ACAREPORTS</userName><recDate>2013-05-22T10:43:28-06:00</recDate><recFulNam>ADMIN</recFulNam><recStatus>A</recStatus></puserProfile><puserProfile><profileSeqNbr>20</profileSeqNbr><servProvCode>BPTDEV</servProvCode><userName>ACAREPORTS</userName><recDate>2013-05-22T10:43:28-06:00</recDate><recFulNam>ADMIN</recFulNam><recStatus>A</recStatus></puserProfile><puserProfile><profileSeqNbr>21</profileSeqNbr><servProvCode>BPTDEV</servProvCode><userName>ACAREPORTS</userName><recDate>2013-05-22T10:43:28-06:00</recDate><recFulNam>ADMIN</recFulNam><recStatus>A</recStatus></puserProfile><puserProfile><profileSeqNbr>23</profileSeqNbr><servProvCode>BPTDEV</servProvCode><userName>ACAREPORTS</userName><profileValue>N</profileValue><recDate>2015-06-19T17:09:56-06:00</recDate><recFulNam>ADMIN</recFulNam><recStatus>A</recStatus></puserProfile><puserProfile><profileSeqNbr>24</profileSeqNbr><servProvCode>BPTDEV</servProvCode><userName>ACAREPORTS</userName><recDate>2013-05-22T10:43:28-06:00</recDate><recFulNam>ADMIN</recFulNam><recStatus>A</recStatus></puserProfile><puserProfile><profileSeqNbr>25</profileSeqNbr><servProvCode>BPTDEV</servProvCode><userName>ACAREPORTS</userName><recDate>2013-05-22T10:43:28-06:00</recDate><recFulNam>ADMIN</recFulNam><recStatus>A</recStatus></puserProfile><puserProfile><profileSeqNbr>26</profileSeqNbr><servProvCode>BPTDEV</servProvCode><userName>ACAREPORTS</userName><profileValue>N</profileValue><recDate>2013-05-22T10:43:28-06:00</recDate><recFulNam>ADMIN</recFulNam><recStatus>A</recStatus></puserProfile><puserProfile><profileSeqNbr>27</profileSeqNbr><servProvCode>BPTDEV</servProvCode><userName>ACAREPORTS</userName><profileValue>N</profileValue><recDate>2013-05-22T10:43:28-06:00</recDate><recFulNam>ADMIN</recFulNam><recStatus>A</recStatus></puserProfile></puserProfileModels><recDate>2016-03-23T18:18:24-06:00</recDate><recFulNam>ACAREPORTS</recFulNam><recStatus>A</recStatus><status>ENABLE</status><timeProfileTypeModels/></puser>
<puser><servProvCode>BPTDEV</servProvCode><userName>ADMIN</userName><dispName>ADMIN</dispName><fname>Accela</fname><lname>Administrator</lname><profileActive><virtualString></virtualString></profileActive><puserProfileModels><puserProfile><profileSeqNbr>1</profileSeqNbr><servProvCode>BPTDEV</servProvCode><userName>ADMIN</userName><profileValue>/index.cfm?fuseaction=Menu</profileValue><recDate>2013-01-15T13:13:29-07:00</recDate><recFulNam>ADMIN</recFulNam><recStatus>A</recStatus></puserProfile><puserProfile><profileSeqNbr>2</profileSeqNbr><servProvCode>BPTDEV</servProvCode><userName>ADMIN</userName><profileValue>1</profileValue><recDate>2011-06-06T11:25:37-06:00</recDate><recFulNam>ADMIN</recFulNam><recStatus>A</recStatus></puserProfile><puserProfile><profileSeqNbr>3</profileSeqNbr><servProvCode>BPTDEV</servProvCode><userName>ADMIN</userName><profileValue>Building</profileValue><recDate>2016-03-30T14:02:53-06:00</recDate><recFulNam>ADMIN</recFulNam><recStatus>A</recStatus></puserProfile><puserProfile><profileSeqNbr>4</profileSeqNbr><servProvCode>BPTDEV</servProvCode><userName>ADMIN</userName><profileValue>STD</profileValue><recDate>2016-03-16T18:13:02-06:00</recDate><recFulNam>ADMIN</recFulNam><recStatus>A</recStatus></puserProfile><puserProfile><profileSeqNbr>5</profileSeqNbr><servProvCode>BPTDEV</servProvCode><userName>ADMIN</userName><profileValue>0.0</profileValue><recDate>2016-03-16T18:13:02-06:00</recDate><recFulNam>ADMIN</recFulNam><recStatus>A</recStatus></puserProfile><puserProfile><profileSeqNbr>6</profileSeqNbr><servProvCode>BPTDEV</servProvCode><userName>ADMIN</userName><recDate>2011-06-06T11:25:37-06:00</recDate><recFulNam>ADMIN</recFulNam><recStatus>A</recStatus></puserProfile><puserProfile><profileSeqNbr>7</profileSeqNbr><servProvCode>BPTDEV</servProvCode><userName>ADMIN</userName><recDate>2011-06-06T11:25:37-06:00</recDate><recFulNam>ADMIN</recFulNam><recStatus>A</recStatus></puserProfile><puserProfile><profileSeqNbr>8</profileSeqNbr><servProvCode>BPTDEV</servProvCode><userName>ADMIN</userName><recDate>2011-06-06T11:25:37-06:00</recDate><recFulNam>ADMIN</recFulNam><recStatus>A</recStatus></puserProfile><puserProfile><profileSeqNbr>9</profileSeqNbr><servProvCode>BPTDEV</servProvCode><userName>ADMIN</userName><recDate>2011-06-06T11:25:37-06:00</recDate><recFulNam>ADMIN</recFulNam><recStatus>A</recStatus></puserProfile><puserProfile><profileSeqNbr>10</profileSeqNbr><servProvCode>BPTDEV</servProvCode><userName>ADMIN</userName><recDate>2011-06-06T11:25:37-06:00</recDate><recFulNam>ADMIN</recFulNam><recStatus>A</recStatus></puserProfile><puserProfile><profileSeqNbr>11</profileSeqNbr><servProvCode>BPTDEV</servProvCode><userName>ADMIN</userName><recDate>2011-06-06T11:25:37-06:00</recDate><recFulNam>ADMIN</recFulNam><recStatus>A</recStatus></puserProfile><puserProfile><profileSeqNbr>12</profileSeqNbr><servProvCode>BPTDEV</servProvCode><userName>ADMIN</userName><recDate>2011-06-06T11:25:37-06:00</recDate><recFulNam>ADMIN</recFulNam><recStatus>A</recStatus></puserProfile><puserProfile><profileSeqNbr>13</profileSeqNbr><servProvCode>BPTDEV</servProvCode><userName>ADMIN</userName><recDate>2011-06-06T11:25:37-06:00</recDate><recFulNam>ADMIN</recFulNam><recStatus>A</recStatus></puserProfile><puserProfile><profileSeqNbr>14</profileSeqNbr><servProvCode>BPTDEV</servProvCode><userName>ADMIN</userName><recDate>2011-06-06T11:25:37-06:00</recDate><recFulNam>ADMIN</recFulNam><recStatus>A</recStatus></puserProfile><puserProfile><profileSeqNbr>15</profileSeqNbr><servProvCode>BPTDEV</servProvCode><userName>ADMIN</userName><recDate>2011-06-06T11:25:37-06:00</recDate><recFulNam>ADMIN</recFulNam><recStatus>A</recStatus></puserProfile><puserProfile><profileSeqNbr>16</profileSeqNbr><servProvCode>BPTDEV</servProvCode><userName>ADMIN</userName><recDate>2011-06-06T11:25:37-06:00</recDate><recFulNam>ADMIN</recFulNam><recStatus>A</recStatus></puserProfile><puserProfile><profileSeqNbr>17</profileSeqNbr><servProvCode>BPTDEV</servProvCode><userName>ADMIN</userName><recDate>2011-06-06T11:25:37-06:00</recDate><recFulNam>ADMIN</recFulNam><recStatus>A</recStatus></puserProfile><puserProfile><profileSeqNbr>18</profileSeqNbr><servProvCode>BPTDEV</servProvCode><userName>ADMIN</userName><recDate>2011-06-06T11:25:37-06:00</recDate><recFulNam>ADMIN</recFulNam><recStatus>A</recStatus></puserProfile><puserProfile><profileSeqNbr>19</profileSeqNbr><servProvCode>BPTDEV</servProvCode><userName>ADMIN</userName><recDate>2011-06-06T11:25:37-06:00</recDate><recFulNam>ADMIN</recFulNam><recStatus>A</recStatus></puserProfile><puserProfile><profileSeqNbr>20</profileSeqNbr><servProvCode>BPTDEV</servProvCode><userName>ADMIN</userName><recDate>2011-06-06T11:25:37-06:00</recDate><recFulNam>ADMIN</recFulNam><recStatus>A</recStatus></puserProfile><puserProfile><profileSeqNbr>21</profileSeqNbr><servProvCode>BPTDEV</servProvCode><userName>ADMIN</userName><recDate>2011-06-06T11:25:37-06:00</recDate><recFulNam>ADMIN</recFulNam><recStatus>A</recStatus></puserProfile><puserProfile><profileSeqNbr>23</profileSeqNbr><servProvCode>BPTDEV</servProvCode><userName>ADMIN</userName><profileValue>N</profileValue><recDate>2016-03-16T18:13:02-06:00</recDate><recFulNam>ADMIN</recFulNam><recStatus>A</recStatus></puserProfile><puserProfile><profileSeqNbr>24</profileSeqNbr><servProvCode>BPTDEV</servProvCode><userName>ADMIN</userName><recDate>2011-06-06T11:25:37-06:00</recDate><recFulNam>ADMIN</recFulNam><recStatus>A</recStatus></puserProfile><puserProfile><profileSeqNbr>25</profileSeqNbr><servProvCode>BPTDEV</servProvCode><userName>ADMIN</userName><profileValue>BPTDEV.2932.CONSOLE</profileValue><recDate>2016-03-30T14:02:53-06:00</recDate><recFulNam>ADMIN</recFulNam><recStatus>A</recStatus></puserProfile><puserProfile><profileSeqNbr>26</profileSeqNbr><servProvCode>BPTDEV</servProvCode><userName>ADMIN</userName><profileValue>N</profileValue><recDate>2011-06-06T11:25:37-06:00</recDate><recFulNam>ADMIN</recFulNam><recStatus>A</recStatus></puserProfile><puserProfile><profileSeqNbr>27</profileSeqNbr><servProvCode>BPTDEV</servProvCode><userName>ADMIN</userName><profileValue>N</profileValue><recDate>2011-06-06T11:25:37-06:00</recDate><recFulNam>ADMIN</recFulNam><recStatus>A</recStatus></puserProfile><puserProfile><profileSeqNbr>28</profileSeqNbr><servProvCode>BPTDEV</servProvCode><userName>ADMIN</userName><profileValue>N</profileValue><recDate>2016-03-28T10:38:36-06:00</recDate><recFulNam>ADMIN</recFulNam><recStatus>Y</recStatus></puserProfile></puserProfileModels><recDate>2016-03-30T17:24:43-06:00</recDate><recFulNam>ADMIN</recFulNam><recStatus>A</recStatus><status>ENABLE</status><timeProfileTypeModels/></puser>
<puser><servProvCode>BPTDEV</servProvCode><userName>PUBLICUSER0</userName><dispName>PUBLICUSER0</dispName><fname>Anonymous</fname><lname>Anonymous</lname><profileActive><virtualString></virtualString></profileActive><puserProfileModels><puserProfile><profileSeqNbr>4</profileSeqNbr><servProvCode>BPTDEV</servProvCode><userName>PUBLICUSER0</userName><profileValue>STD</profileValue><recDate>2015-06-19T17:08:53-06:00</recDate><recFulNam>ADMIN</recFulNam><recStatus>A</recStatus></puserProfile><puserProfile><profileSeqNbr>5</profileSeqNbr><servProvCode>BPTDEV</servProvCode><userName>PUBLICUSER0</userName><profileValue>0.0</profileValue><recDate>2015-06-19T17:08:53-06:00</recDate><recFulNam>ADMIN</recFulNam><recStatus>A</recStatus></puserProfile><puserProfile><profileSeqNbr>23</profileSeqNbr><servProvCode>BPTDEV</servProvCode><userName>PUBLICUSER0</userName><profileValue>N</profileValue><recDate>2015-06-19T17:08:53-06:00</recDate><recFulNam>ADMIN</recFulNam><recStatus>A</recStatus></puserProfile></puserProfileModels><recDate>2015-06-19T17:08:53-06:00</recDate><recFulNam>ADMIN</recFulNam><recStatus>A</recStatus><status>ENABLE</status><timeProfileTypeModels/></puser>
<puser><servProvCode>BPTDEV</servProvCode><userName>AGENCYADMIN</userName><dispName>AGENCYADMIN</dispName><fname>Agency</fname><lname>Administrator</lname><profileActive><virtualString></virtualString></profileActive><puserProfileModels><puserProfile><profileSeqNbr>1</profileSeqNbr><servProvCode>BPTDEV</servProvCode><userName>AGENCYADMIN</userName><profileValue>/index.cfm?fuseaction=Menu</profileValue><recDate>2013-04-17T16:41:05-06:00</recDate><recFulNam>ADMIN</recFulNam><recStatus>A</recStatus></puserProfile><puserProfile><profileSeqNbr>2</profileSeqNbr><servProvCode>BPTDEV</servProvCode><userName>AGENCYADMIN</userName><profileValue>1</profileValue><recDate>2013-04-17T16:41:05-06:00</recDate><recFulNam>ADMIN</recFulNam><recStatus>A</recStatus></puserProfile><puserProfile><profileSeqNbr>3</profileSeqNbr><servProvCode>BPTDEV</servProvCode><userName>AGENCYADMIN</userName><profileValue>Permits</profileValue><recDate>2014-02-20T12:04:26-07:00</recDate><recFulNam>ADMIN</recFulNam><recStatus>A</recStatus></puserProfile><puserProfile><profileSeqNbr>4</profileSeqNbr><servProvCode>BPTDEV</servProvCode><userName>AGENCYADMIN</userName><profileValue>STD</profileValue><recDate>2014-02-20T12:04:26-07:00</recDate><recFulNam>ADMIN</recFulNam><recStatus>A</recStatus></puserProfile><puserProfile><profileSeqNbr>5</profileSeqNbr><servProvCode>BPTDEV</servProvCode><userName>AGENCYADMIN</userName><profileValue>0.0</profileValue><recDate>2014-02-20T12:04:26-07:00</recDate><recFulNam>ADMIN</recFulNam><recStatus>A</recStatus></puserProfile><puserProfile><profileSeqNbr>6</profileSeqNbr><servProvCode>BPTDEV</servProvCode><userName>AGENCYADMIN</userName><recDate>2013-04-17T16:41:05-06:00</recDate><recFulNam>ADMIN</recFulNam><recStatus>A</recStatus></puserProfile><puserProfile><profileSeqNbr>7</profileSeqNbr><servProvCode>BPTDEV</servProvCode><userName>AGENCYADMIN</userName><recDate>2013-04-17T16:41:05-06:00</recDate><recFulNam>ADMIN</recFulNam><recStatus>A</recStatus></puserProfile><puserProfile><profileSeqNbr>8</profileSeqNbr><servProvCode>BPTDEV</servProvCode><userName>AGENCYADMIN</userName><recDate>2013-04-17T16:41:05-06:00</recDate><recFulNam>ADMIN</recFulNam><recStatus>A</recStatus></puserProfile><puserProfile><profileSeqNbr>9</profileSeqNbr><servProvCode>BPTDEV</servProvCode><userName>AGENCYADMIN</userName><recDate>2013-04-17T16:41:05-06:00</recDate><recFulNam>ADMIN</recFulNam><recStatus>A</recStatus></puserProfile><puserProfile><profileSeqNbr>10</profileSeqNbr><servProvCode>BPTDEV</servProvCode><userName>AGENCYADMIN</userName><recDate>2013-04-17T16:41:05-06:00</recDate><recFulNam>ADMIN</recFulNam><recStatus>A</recStatus></puserProfile><puserProfile><profileSeqNbr>11</profileSeqNbr><servProvCode>BPTDEV</servProvCode><userName>AGENCYADMIN</userName><recDate>2013-04-17T16:41:05-06:00</recDate><recFulNam>ADMIN</recFulNam><recStatus>A</recStatus></puserProfile><puserProfile><profileSeqNbr>12</profileSeqNbr><servProvCode>BPTDEV</servProvCode><userName>AGENCYADMIN</userName><recDate>2013-04-17T16:41:05-06:00</recDate><recFulNam>ADMIN</recFulNam><recStatus>A</recStatus></puserProfile><puserProfile><profileSeqNbr>13</profileSeqNbr><servProvCode>BPTDEV</servProvCode><userName>AGENCYADMIN</userName><recDate>2013-04-17T16:41:05-06:00</recDate><recFulNam>ADMIN</recFulNam><recStatus>A</recStatus></puserProfile><puserProfile><profileSeqNbr>14</profileSeqNbr><servProvCode>BPTDEV</servProvCode><userName>AGENCYADMIN</userName><recDate>2013-04-17T16:41:05-06:00</recDate><recFulNam>ADMIN</recFulNam><recStatus>A</recStatus></puserProfile><puserProfile><profileSeqNbr>15</profileSeqNbr><servProvCode>BPTDEV</servProvCode><userName>AGENCYADMIN</userName><recDate>2013-04-17T16:41:05-06:00</recDate><recFulNam>ADMIN</recFulNam><recStatus>A</recStatus></puserProfile><puserProfile><profileSeqNbr>16</profileSeqNbr><servProvCode>BPTDEV</servProvCode><userName>AGENCYADMIN</userName><recDate>2013-04-17T16:41:05-06:00</recDate><recFulNam>ADMIN</recFulNam><recStatus>A</recStatus></puserProfile><puserProfile><profileSeqNbr>17</profileSeqNbr><servProvCode>BPTDEV</servProvCode><userName>AGENCYADMIN</userName><recDate>2013-04-17T16:41:05-06:00</recDate><recFulNam>ADMIN</recFulNam><recStatus>A</recStatus></puserProfile><puserProfile><profileSeqNbr>18</profileSeqNbr><servProvCode>BPTDEV</servProvCode><userName>AGENCYADMIN</userName><recDate>2013-04-17T16:41:05-06:00</recDate><recFulNam>ADMIN</recFulNam><recStatus>A</recStatus></puserProfile><puserProfile><profileSeqNbr>19</profileSeqNbr><servProvCode>BPTDEV</servProvCode><userName>AGENCYADMIN</userName><recDate>2013-04-17T16:41:05-06:00</recDate><recFulNam>ADMIN</recFulNam><recStatus>A</recStatus></puserProfile><puserProfile><profileSeqNbr>20</profileSeqNbr><servProvCode>BPTDEV</servProvCode><userName>AGENCYADMIN</userName><recDate>2013-04-17T16:41:05-06:00</recDate><recFulNam>ADMIN</recFulNam><recStatus>A</recStatus></puserProfile><puserProfile><profileSeqNbr>21</profileSeqNbr><servProvCode>BPTDEV</servProvCode><userName>AGENCYADMIN</userName><recDate>2013-04-17T16:41:05-06:00</recDate><recFulNam>ADMIN</recFulNam><recStatus>A</recStatus></puserProfile><puserProfile><profileSeqNbr>23</profileSeqNbr><servProvCode>BPTDEV</servProvCode><userName>AGENCYADMIN</userName><profileValue>N</profileValue><recDate>2014-02-20T12:04:26-07:00</recDate><recFulNam>ADMIN</recFulNam><recStatus>A</recStatus></puserProfile><puserProfile><profileSeqNbr>24</profileSeqNbr><servProvCode>BPTDEV</servProvCode><userName>AGENCYADMIN</userName><recDate>2013-04-17T16:41:05-06:00</recDate><recFulNam>ADMIN</recFulNam><recStatus>A</recStatus></puserProfile><puserProfile><profileSeqNbr>25</profileSeqNbr><servProvCode>BPTDEV</servProvCode><userName>AGENCYADMIN</userName><recDate>2013-04-17T16:41:05-06:00</recDate><recFulNam>ADMIN</recFulNam><recStatus>A</recStatus></puserProfile><puserProfile><profileSeqNbr>26</profileSeqNbr><servProvCode>BPTDEV</servProvCode><userName>AGENCYADMIN</userName><profileValue>N</profileValue><recDate>2013-04-17T16:41:05-06:00</recDate><recFulNam>ADMIN</recFulNam><recStatus>A</recStatus></puserProfile><puserProfile><profileSeqNbr>27</profileSeqNbr><servProvCode>BPTDEV</servProvCode><userName>AGENCYADMIN</userName><profileValue>N</profileValue><recDate>2013-04-17T16:41:05-06:00</recDate><recFulNam>ADMIN</recFulNam><recStatus>A</recStatus></puserProfile></puserProfileModels><recDate>2014-04-29T15:04:07-06:00</recDate><recFulNam>AGENCYADMIN</recFulNam><recStatus>A</recStatus><status>ENABLE</status><timeProfileTypeModels/></puser>
</list>