<?xml version="1.0" encoding="UTF-8" standalone="yes"?>
<list  version="8.0.0" minorVersion="15" exportUser="ADMIN" exportDateTime="03/30/2016 09:00 PM" description="null"><standardCommentGroup><commentType>FIRE DEPARTMENT</commentType><serviceProviderCode>BPTDEV</serviceProviderCode><standardCommentModels><standardCommentModel><serviceProviderCode>BPTDEV</serviceProviderCode><commentType>FIRE DEPARTMENT</commentType><documentId>600.10</documentId><auditModel><auditDate>2011-03-14T11:53:25-06:00</auditDate><auditID>JWATTERS</auditID><auditStatus>A</auditStatus></auditModel><commentName>Path of Exit Signage</commentName><comments>The path of exit travel to and within exits in a building shall be identified by exits signs conforming to requirements of City Code SEC.1003.2.10</comments><standardCommentI18Ns/></standardCommentModel><standardCommentModel><serviceProviderCode>BPTDEV</serviceProviderCode><commentType>FIRE DEPARTMENT</commentType><documentId>600.12</documentId><auditModel><auditDate>2011-03-14T11:54:32-06:00</auditDate><auditID>JWATTERS</auditID><auditStatus>A</auditStatus></auditModel><commentName>Means of Egress Lighting</commentName><comments>Means of egress shall be illuminated at all times the building is occupied with a minimum of 1 foot candle of illumination at floor level per City Code 1003.2.11.1</comments><standardCommentI18Ns/></standardCommentModel><standardCommentModel><serviceProviderCode>BPTDEV</serviceProviderCode><commentType>FIRE DEPARTMENT</commentType><documentId>600.20</documentId><auditModel><auditDate>2011-03-14T11:55:41-06:00</auditDate><auditID>JWATTERS</auditID><auditStatus>A</auditStatus></auditModel><commentName>Schematic Riser Diagram</commentName><comments>Provide a schematic riser diagram on the plans showing each circuit in accordance with the Fire Alarm Permit Submittal Requirement #20.</comments><standardCommentI18Ns/></standardCommentModel><standardCommentModel><serviceProviderCode>BPTDEV</serviceProviderCode><commentType>FIRE DEPARTMENT</commentType><documentId>600.30</documentId><auditModel><auditDate>2011-03-14T11:56:42-06:00</auditDate><auditID>JWATTERS</auditID><auditStatus>A</auditStatus></auditModel><commentName>Occupancy Load &gt;500</commentName><comments>Provide building occupancy load on the plans in accordance with the Fire Alarm Permit Submittal Requirement #15. If the occupant load is 500 or more or has 100 or more above or below the level of exit discharge, contractor must resubmit plans indicating notification. Future plans will be rejected without this information.</comments><standardCommentI18Ns/></standardCommentModel><standardCommentModel><serviceProviderCode>BPTDEV</serviceProviderCode><commentType>FIRE DEPARTMENT</commentType><documentId>600.32</documentId><auditModel><auditDate>2011-03-14T12:07:28-06:00</auditDate><auditID>JWATTERS</auditID><auditStatus>A</auditStatus></auditModel><commentName>KNOX Box</commentName><comments>A model 3201 KNOX box is required for each tenant space. To be installed at door height, right side of main entrance. Order form/application available from Deputy Fire Marshal. KNOX box to be inspected prior to building final and Certificate of Occupancy.</comments><standardCommentI18Ns/></standardCommentModel><standardCommentModel><serviceProviderCode>BPTDEV</serviceProviderCode><commentType>FIRE DEPARTMENT</commentType><documentId>600.33</documentId><auditModel><auditDate>2011-07-14T07:13:54-06:00</auditDate><auditID>JWATTERS</auditID><auditStatus>A</auditStatus></auditModel><commentName>Elevator Key Box</commentName><comments>In any building which contains an elevator, any building or complex which contains a fire alarm system, or when access to or within a structure or an area is unduly difficult because of secured openings, or where immediate access is necessary for life saving or firefighting purposes, a key box shall be installed. The key box shall be a type approved by the fire code official and shall contain keys to gain necessary access to any areas required by the code official. Keys to elevators, fire alarm control panels, and safety data sheets shall be included in the key box. When installed for the primary purpose of providing access to the fire alarm system serving an apartment complex, the key box shall be placed at the exterior entrance of the property manager's office and shall be suitably marked as such</comments><standardCommentI18Ns/></standardCommentModel><standardCommentModel><serviceProviderCode>BPTDEV</serviceProviderCode><commentType>FIRE DEPARTMENT</commentType><documentId>600.34</documentId><auditModel><auditDate>2011-03-14T12:14:42-06:00</auditDate><auditID>JWATTERS</auditID><auditStatus>A</auditStatus></auditModel><commentName>Cooking Hood Extinguishing System</commentName><comments>A cooking hood and duct extinguishing system is required. Submit separate plans for plan check and permit to the Deputy Fire Marshal. An inspection and test of the system required prior to building final inspection and Certificate of Occupancy.</comments><standardCommentI18Ns/></standardCommentModel><standardCommentModel><serviceProviderCode>BPTDEV</serviceProviderCode><commentType>FIRE DEPARTMENT</commentType><documentId>600.40</documentId><auditModel><auditDate>2011-03-14T11:59:00-06:00</auditDate><auditID>JWATTERS</auditID><auditStatus>A</auditStatus></auditModel><commentName>Underground Fire Line Information</commentName><comments>Underground fire line installation information shall be provided on the appropriate civil drawings. A copy of this guide shall be attached to submitted drawings. A review will not be conducted without this guide being submitted with the drawings.</comments><standardCommentI18Ns/></standardCommentModel><standardCommentModel><serviceProviderCode>BPTDEV</serviceProviderCode><commentType>FIRE DEPARTMENT</commentType><documentId>600.42</documentId><auditModel><auditDate>2011-03-14T12:02:22-06:00</auditDate><auditID>JWATTERS</auditID><auditStatus>A</auditStatus></auditModel><commentName>Secondary Access Exemption Denied</commentName><comments>Exemption Denied.  The width of the ingress/egress, width of median, size of project, distance of farthest point of project from street, are below minimum amounts.</comments><standardCommentI18Ns/></standardCommentModel><standardCommentModel><serviceProviderCode>BPTDEV</serviceProviderCode><commentType>FIRE DEPARTMENT</commentType><documentId>600.43</documentId><auditModel><auditDate>2011-07-14T07:11:39-06:00</auditDate><auditID>JWATTERS</auditID><auditStatus>A</auditStatus></auditModel><commentName>Access Roads - Multi-Family Construction</commentName><comments>Multiple-family residential developments. Multiple-family residential projects having more than one hundred (100) dwelling units shall be provided with at least two (2) separate and approved fire apparatus access roads.</comments><standardCommentI18Ns/></standardCommentModel><standardCommentModel><serviceProviderCode>BPTDEV</serviceProviderCode><commentType>FIRE DEPARTMENT</commentType><documentId>600.44</documentId><auditModel><auditDate>2011-03-14T12:06:48-06:00</auditDate><auditID>JWATTERS</auditID><auditStatus>A</auditStatus></auditModel><commentName>Fire Access Roads</commentName><comments>Fire Access roads to be a minum of 20 ft wide. Verticle clearance shall be 13.5 ft. Provide a letter of Certification from a licensed soil engineer on non-paved all weather roads that provide fire access, which shall support a 40,000 fire apparatus at a minimum.</comments><standardCommentI18Ns/></standardCommentModel><standardCommentModel><serviceProviderCode>BPTDEV</serviceProviderCode><commentType>FIRE DEPARTMENT</commentType><documentId>600.45</documentId><auditModel><auditDate>2011-07-14T07:10:19-06:00</auditDate><auditID>JWATTERS</auditID><auditStatus>A</auditStatus></auditModel><commentName>Access Roads - Building &gt; 55 Feet High</commentName><comments>Buildings more than 55 feet in height. A building which is more than fifty-five (55) feet in height shall be accessible by a dedicated street or fire apparatus access road that is not less than fifteen (15) feet nor more than twenty-five (25) feet from the inside curb to the building face along at least one-half (½) of the length of two (2) sides of the building. Such tall buildings shall also be provided with two separate and approved fire apparatus access roads.</comments><standardCommentI18Ns/></standardCommentModel><standardCommentModel><serviceProviderCode>BPTDEV</serviceProviderCode><commentType>FIRE DEPARTMENT</commentType><documentId>600.46</documentId><auditModel><auditDate>2011-03-14T12:13:53-06:00</auditDate><auditID>JWATTERS</auditID><auditStatus>A</auditStatus></auditModel><commentName>Fire Access Lane Required</commentName><comments>No fire access lane has been shown on the plans. If the turnaround on the north end of the parking lot is used as fire department access the minimum required diameter is 70 feet; plan shows 60 feet. Where there is a change in the direction of a fire lane, the minimum inside turning radius shall be at least 28 feet. The North driveway turning radius does not comply with this code if needed for part of the fire access lane. Show an approved lane on the site plan.</comments><standardCommentI18Ns/></standardCommentModel><standardCommentModel><serviceProviderCode>BPTDEV</serviceProviderCode><commentType>FIRE DEPARTMENT</commentType><documentId>600.70</documentId><auditModel><auditDate>2011-03-14T12:04:17-06:00</auditDate><auditID>JWATTERS</auditID><auditStatus>A</auditStatus></auditModel><commentName>Fire Sprinkler System Minimum GPM</commentName><comments>Install Fire Sprinkler System in conformance with NFPA with all concealed spaces sprinklered. Spec Industrial Buildings to be sprinklered no less than .18/3000 gpm.</comments><standardCommentI18Ns/></standardCommentModel><standardCommentModel><serviceProviderCode>BPTDEV</serviceProviderCode><commentType>FIRE DEPARTMENT</commentType><documentId>600.72</documentId><auditModel><auditDate>2011-03-14T12:05:01-06:00</auditDate><auditID>JWATTERS</auditID><auditStatus>A</auditStatus></auditModel><commentName>Private Fire Mains and Hydrants</commentName><comments>Installation of private fire mains and hydrants, including Fire Sprinkler underground water supply lines requires a separate plan review and permit from Fire Prevention. See the Underground Fire Main guidance document for standards and plan submittal process.</comments><standardCommentI18Ns/></standardCommentModel><standardCommentModel><serviceProviderCode>BPTDEV</serviceProviderCode><commentType>FIRE DEPARTMENT</commentType><documentId>600.74</documentId><auditModel><auditDate>2011-03-14T12:05:37-06:00</auditDate><auditID>JWATTERS</auditID><auditStatus>A</auditStatus></auditModel><commentName>Unsprinklered Existing Building</commentName><comments>Unsprinklered existing building in excess of 3,000 square feet that has an addition, including addition of an attached canopy, in excess of 1,000 square feet shall require the whole building to be provided with fire sprinklers.</comments><standardCommentI18Ns/></standardCommentModel><standardCommentModel><serviceProviderCode>BPTDEV</serviceProviderCode><commentType>FIRE DEPARTMENT</commentType><documentId>600.76</documentId><auditModel><auditDate>2011-03-14T12:06:14-06:00</auditDate><auditID>JWATTERS</auditID><auditStatus>A</auditStatus></auditModel><commentName>Fire Extinguishers Requirement</commentName><comments>Fire Extinguishers required per Uniform Fire Code. In offices install a model 2A 10BC, one per 3,000 square foot, no greater than 75 ft travel distance.</comments><standardCommentI18Ns/></standardCommentModel><standardCommentModel><serviceProviderCode>BPTDEV</serviceProviderCode><commentType>FIRE DEPARTMENT</commentType><documentId>600.78</documentId><auditModel><auditDate>2011-03-14T12:16:43-06:00</auditDate><auditID>JWATTERS</auditID><auditStatus>A</auditStatus></auditModel><commentName>Minimum Fire Hydrant Distance</commentName><comments>All portions of the exterior walls of newly constructed public buildings and places of employment and open storage of combustible materials shall be within 500-feet of at least TWO fire hydrants. Distances are measured along the path traveled by the&#xD;
fire truck as the hose lays off the truck. See City Code 34.20 for additional information.</comments><standardCommentI18Ns/></standardCommentModel><standardCommentModel><serviceProviderCode>BPTDEV</serviceProviderCode><commentType>FIRE DEPARTMENT</commentType><documentId>600.80</documentId><auditModel><auditDate>2011-03-14T12:09:20-06:00</auditDate><auditID>JWATTERS</auditID><auditStatus>A</auditStatus></auditModel><commentName>Hazardous Materials Business Plan</commentName><comments>A Hazardous Materials Business Plan is required prior to Building Permit Issuance. A hazardous materials permit is required prior to storage, use or handling of hazardous materials by an occupant.&#xD;
&#xD;
Signage on the exterior of the building using the NFPA 704 designation shall be located in a conspicuous location on the front of the building and at the entry to storage rooms or areas.</comments><standardCommentI18Ns/></standardCommentModel><standardCommentModel><serviceProviderCode>BPTDEV</serviceProviderCode><commentType>FIRE DEPARTMENT</commentType><documentId>600.82</documentId><auditModel><auditDate>2011-03-14T12:10:36-06:00</auditDate><auditID>JWATTERS</auditID><auditStatus>A</auditStatus></auditModel><commentName>H Occupancy Ventilation</commentName><comments>For H occupancies Provide ventilation per Building and Mechanical Codes. Continuous ventilation is required in H occupancies. Ventilation in H occupancies shall be continuous and shall be a minimum of not less than 1 cubic ft per minute per square foot of storage area. Building plans shall provide specifications for the ventilation system. Inspectors shall field verify fan capacity.</comments><standardCommentI18Ns/></standardCommentModel><standardCommentModel><serviceProviderCode>BPTDEV</serviceProviderCode><commentType>FIRE DEPARTMENT</commentType><documentId>600.84</documentId><auditModel><auditDate>2011-03-14T12:11:20-06:00</auditDate><auditID>JWATTERS</auditID><auditStatus>A</auditStatus></auditModel><commentName>Storage Tank Permits</commentName><comments>A separate permit is required for the installation of tanks (above and underground), vessels, process equipment, or storage facilities for hazardous materials and/or hazardous wastes. Plans, specifications and details shall be provided for plan review and approval by Chemical Control.</comments><standardCommentI18Ns/></standardCommentModel><standardCommentModel><serviceProviderCode>BPTDEV</serviceProviderCode><commentType>FIRE DEPARTMENT</commentType><documentId>600.86</documentId><auditModel><auditDate>2011-03-14T12:11:43-06:00</auditDate><auditID>JWATTERS</auditID><auditStatus>A</auditStatus></auditModel><commentName>Emergency Generators</commentName><comments>Emergency Generators require separate plan review and permit. Fuel tanks shall meet the UFC article 79 and 80 requirements.</comments><standardCommentI18Ns/></standardCommentModel><standardCommentModel><serviceProviderCode>BPTDEV</serviceProviderCode><commentType>FIRE DEPARTMENT</commentType><documentId>600.90</documentId><auditModel><auditDate>2011-03-14T12:22:25-06:00</auditDate><auditID>JWATTERS</auditID><auditStatus>A</auditStatus></auditModel><commentName>Control Panels</commentName><comments>A smoke detector is to be installed in the area and/or room where any control panel is located. This detector is to be installed in an area and manner that is in accordance with it listing. (NFPA 72:10.15) This includes any NAC panels or power supply panels.</comments><standardCommentI18Ns/></standardCommentModel><standardCommentModel><serviceProviderCode>BPTDEV</serviceProviderCode><commentType>FIRE DEPARTMENT</commentType><documentId>600.92</documentId><auditModel><auditDate>2011-03-14T12:23:23-06:00</auditDate><auditID>JWATTERS</auditID><auditStatus>A</auditStatus></auditModel><commentName>Annunciator Requirements</commentName><comments>If the main FACP is not located at the main entry, there must be a remote fire alarm annunciator panel provided at the main point of entry to the building. In shell buildings, this is typically the closest entry door to the FDC location. (NFPA 72:10.16.3)</comments><standardCommentI18Ns/></standardCommentModel><standardCommentModel><serviceProviderCode>BPTDEV</serviceProviderCode><commentType>FIRE DEPARTMENT</commentType><documentId>600.94</documentId><auditModel><auditDate>2011-03-14T12:24:45-06:00</auditDate><auditID>JWATTERS</auditID><auditStatus>A</auditStatus></auditModel><commentName>Off-site Alarm Monitoring</commentName><comments>Off-site monitoring of this fire alarm system is required and shall be provided by an approved monitoring agency. The phone number to be used to report a fire emergency is (888) 722-2352. Refer to the NFPA Standard 72, Chapter 26 for information of how this requirement may be met. Two separate phone lines may be needed to meet this requirement. NOTE - The monitoring of the fire alarm system is dependent on the proper operation of the communicator panel and notification of the building occupants of any malfunctions.</comments><standardCommentI18Ns/></standardCommentModel><standardCommentModel><serviceProviderCode>BPTDEV</serviceProviderCode><commentType>FIRE DEPARTMENT</commentType><documentId>600.96</documentId><auditModel><auditDate>2011-03-14T12:26:31-06:00</auditDate><auditID>JWATTERS</auditID><auditStatus>A</auditStatus></auditModel><commentName>Alarm Battery Calculation</commentName><comments>Battery Calculation based on the system being monitored by a Remote Station. Battery standby designed for 24 hours. The new fire panel is shown to be provided with two 12 volt /----11---- AH batteries. The plans indicate the batteries will be wired in SERIES to provide 24 volts @ ---11----- AH supplying a current draw of ----6.470----- AH.</comments><standardCommentI18Ns/></standardCommentModel></standardCommentModels></standardCommentGroup>
<standardCommentGroup><commentType>EXTINGUISHERS</commentType><serviceProviderCode>BPTDEV</serviceProviderCode><standardCommentModels><standardCommentModel><serviceProviderCode>BPTDEV</serviceProviderCode><commentType>EXTINGUISHERS</commentType><documentId>600.70.1</documentId><auditModel><auditDate>2011-03-15T11:00:07-06:00</auditDate><auditID>JWATTERS</auditID><auditStatus>A</auditStatus></auditModel><commentName>SRCF Requirements</commentName><comments>Fire extinguishers and smoke detectors in SRCF¿s. SRCF¿s shall be provided with at least one approved type ABC portable fire extinguisher with a minimum rating of 2-A:10-B:C installed in each kitchen. In addition, SRCF¿s shall provide at least one approved and properly installed battery operated smoke detector outside of each sleeping area in the vicinity of bedrooms and bedroom hallways and on each additional floor.</comments><standardCommentI18Ns/></standardCommentModel><standardCommentModel><serviceProviderCode>BPTDEV</serviceProviderCode><commentType>EXTINGUISHERS</commentType><documentId>600.70.2</documentId><auditModel><auditDate>2011-07-14T07:47:47-06:00</auditDate><auditID>JWATTERS</auditID><auditStatus>A</auditStatus></auditModel><commentName>Conspicuous Location</commentName><comments>Portable fire extinguishers shall be located in conspicuous locations where they will be readily accessible and immediately available for use. These locations shall be along normal paths of travel, unless the fire code official determines that the hazard posed indicates the need for placement away from normal paths of travel.</comments><standardCommentI18Ns/></standardCommentModel><standardCommentModel><serviceProviderCode>BPTDEV</serviceProviderCode><commentType>EXTINGUISHERS</commentType><documentId>600.70.3</documentId><auditModel><auditDate>2011-07-14T07:48:53-06:00</auditDate><auditID>JWATTERS</auditID><auditStatus>A</auditStatus></auditModel><commentName>Portable Fire Extinguishers Height Above Floor</commentName><comments>Portable fire extinguishers having a gross weight not exceeding 40 pounds (18 kg) shall be installed so that its top is not more than 5 feet (1524 mm) above the floor.  Hand-held portable fire extinguishers having a gross weight exceeding 40 pounds (18 kg) shall be installed so that its top is not more than 3.5 feet (1067 mm) above the floor.  The clearance between the floor and the bottom of installed hand-held extinguishers shall not be less than 4 inches (102 mm).</comments><standardCommentI18Ns/></standardCommentModel><standardCommentModel><serviceProviderCode>BPTDEV</serviceProviderCode><commentType>EXTINGUISHERS</commentType><documentId>600.71.1</documentId><auditModel><auditDate>2011-07-14T07:47:00-06:00</auditDate><auditID>JWATTERS</auditID><auditStatus>A</auditStatus></auditModel><commentName>Commercial Cooking Systems</commentName><comments>The automatic fire-extinguishing system for commercial cooking systems shall be of a type recognized for protection of commercial cooking equipment and exhaust systems of the type and arrangement protected. Pre-engineered automatic dry- and wet-chemical extinguishing systems shall be tested in accordance with UL 300 and listed and labeled for the intended application. Other types of automatic fire-extinguishing systems shall be listed and labeled for specific use as protection for commercial cooking operations. The system shall be installed in accordance with this code, its listing and the manufacturer's installation instructions. Automatic fire-extinguishing systems of the following types shall be installed in accordance with the referenced standard indicated, as follows: &#xD;
&#xD;
1. Carbon dioxide extinguishing systems, NFPA 12.&#xD;
2. Automatic sprinkler system, NFPA 13.&#xD;
3. Foam-water sprinkler system or foam-water spray systems, NFPA 16.&#xD;
4. Dry-chemical extinguishing systems, NFPA 17.&#xD;
5. Wet-chemical extinguishing systems, NFPA 17A.</comments><standardCommentI18Ns/></standardCommentModel><standardCommentModel><serviceProviderCode>BPTDEV</serviceProviderCode><commentType>EXTINGUISHERS</commentType><documentId>600.71.2</documentId><auditModel><auditDate>2011-07-14T07:51:51-06:00</auditDate><auditID>JWATTERS</auditID><auditStatus>A</auditStatus></auditModel><commentName>Commercial Cooking Equipment Portable Fire Extinguishers</commentName><comments>Portable fire extinguishers shall be provided within a thirty-foot (9,144 mm) travel distance of commercial-type cooking equipment. Cooking equipment involving vegetable or animal oils and fats shall be protected by a Class K rated portable extinguisher.</comments><standardCommentI18Ns/></standardCommentModel><standardCommentModel><serviceProviderCode>BPTDEV</serviceProviderCode><commentType>EXTINGUISHERS</commentType><documentId>600.72.1</documentId><auditModel><auditDate>2011-07-14T07:55:09-06:00</auditDate><auditID>JWATTERS</auditID><auditStatus>A</auditStatus></auditModel><commentName>Special Agent System</commentName><comments>A system of electrical and/or mechanical devices which are designed to extinguish a fire by discharging a chemical agent other than water. Such systems shall include but not be limited to halogenated and carbon dioxide systems. Each control panel and all components on the system side of the control panel shall be considered to be a separate system. Systems required by the Mechanical Code shall be in accordance with that code.</comments><standardCommentI18Ns/></standardCommentModel><standardCommentModel><serviceProviderCode>BPTDEV</serviceProviderCode><commentType>EXTINGUISHERS</commentType><documentId>600.72.2</documentId><auditModel><auditDate>2011-07-14T07:54:37-06:00</auditDate><auditID>JWATTERS</auditID><auditStatus>A</auditStatus></auditModel><commentName>Carbon Dioxide Systems</commentName><comments>When carbon dioxide systems are used, there shall be a nozzle at the top of the ventilating duct. Additional nozzles that are symmetrically arranged to give uniform distribution shall be installed within vertical ducts exceeding twenty (20) feet (6096 mm) and horizontal ducts exceeding fifty (50) feet (15 240 mm). Dampers shall be in-stalled at either the top or the bottom of the duct and shall be arranged to operate automatically upon activation of the fire-extinguishing system. When the damper is installed at the top of the duct, the top nozzle shall be immediately be-low the damper. Automatic carbon dioxide fire-extinguishing systems shall be sufficiently sized to protect all hazards venting through a common duct simultaneously.</comments><standardCommentI18Ns/></standardCommentModel></standardCommentModels></standardCommentGroup>
<standardCommentGroup><commentType>ALARM SYSTEMS</commentType><serviceProviderCode>BPTDEV</serviceProviderCode><standardCommentModels><standardCommentModel><serviceProviderCode>BPTDEV</serviceProviderCode><commentType>ALARM SYSTEMS</commentType><documentId>600.90.1</documentId><auditModel><auditDate>2011-03-15T11:09:48-06:00</auditDate><auditID>JWATTERS</auditID><auditStatus>A</auditStatus></auditModel><commentName>Smoke Detection Systems.</commentName><comments>Household fire alarm systems installed in accordance with NFPA 72 that include smoke alarms, or a combination of smoke detector and audible notification device installed as required by this section for smoke alarms, shall be permitted. The household fire alarm system shall provide the same level of smoke detection and alarm as required by this section for smoke alarms. Where a household fire warning system is installed using a combination of smoke detector and audible notification device(s), the system shall become a permanent fixture of the dwelling unit.</comments><standardCommentI18Ns/></standardCommentModel><standardCommentModel><serviceProviderCode>BPTDEV</serviceProviderCode><commentType>ALARM SYSTEMS</commentType><documentId>600.90.1.1</documentId><auditModel><auditDate>2011-03-15T11:11:57-06:00</auditDate><auditID>JWATTERS</auditID><auditStatus>A</auditStatus></auditModel><commentName>Alarm Installation</commentName><comments>Fire alarm systems shall be installed in such a manner that the failure of any single initiating device will not interfere with the normal operation of any other initiating device on the same circuit. Initiating Device Circuits (IDC) shall be Class "A", Style "D", Signaling Line Circuits (SLC) shall be Class "A", Style "6" and Notification Appliance Circuits (NAC) shall be Class "B", Style Y as defined in NFPA 72.</comments><standardCommentI18Ns/></standardCommentModel><standardCommentModel><serviceProviderCode>BPTDEV</serviceProviderCode><commentType>ALARM SYSTEMS</commentType><documentId>600.90.2.1</documentId><auditModel><auditDate>2011-03-15T11:10:25-06:00</auditDate><auditID>JWATTERS</auditID><auditStatus>A</auditStatus></auditModel><commentName>Smoke Alarm Interconnectivity</commentName><comments>Smoke alarms in existing areas are not required to be interconnected where alterations or repairs do not result in the removal of interior wall or ceiling finishes exposing the structure, unless there is an attic, crawl space or basement available which could provide access for interconnection without the removal of interior finishes.</comments><standardCommentI18Ns/></standardCommentModel><standardCommentModel><serviceProviderCode>BPTDEV</serviceProviderCode><commentType>ALARM SYSTEMS</commentType><documentId>600.90.2.10</documentId><auditModel><auditDate>2011-03-15T11:11:30-06:00</auditDate><auditID>JWATTERS</auditID><auditStatus>A</auditStatus></auditModel><commentName>Alarm Power Source</commentName><comments>In Group R occupancies, single-station smoke alarms shall receive their primary power from the building wiring provided that such wiring is served from a commercial source and shall be equipped with a battery backup. Smoke alarms shall emit a signal when the batteries are low. Wiring shall be permanent and without a disconnecting switch other than as required for overcurrent protection.</comments><standardCommentI18Ns/></standardCommentModel><standardCommentModel><serviceProviderCode>BPTDEV</serviceProviderCode><commentType>ALARM SYSTEMS</commentType><documentId>600.90.3.1</documentId><auditModel><auditDate>2011-03-15T11:10:57-06:00</auditDate><auditID>JWATTERS</auditID><auditStatus>A</auditStatus></auditModel><commentName>Compliance of fire alarm pull stations</commentName><comments>All pull stations are visible and accessible.</comments><standardCommentI18Ns/></standardCommentModel></standardCommentModels></standardCommentGroup>
<standardCommentGroup><commentType>SPRINKLER SYSTEMS</commentType><serviceProviderCode>BPTDEV</serviceProviderCode><standardCommentModels><standardCommentModel><serviceProviderCode>BPTDEV</serviceProviderCode><commentType>SPRINKLER SYSTEMS</commentType><documentId>600.70.1</documentId><auditModel><auditDate>2011-07-14T07:18:56-06:00</auditDate><auditID>JWATTERS</auditID><auditStatus>A</auditStatus></auditModel><commentName>Water Flow Detectors</commentName><comments>Sprinkler and standpipe system water-flow detectors shall be provided for each floor tap to the sprinkler system and shall cause an alarm upon detection of water flow for more than forty-five (45) seconds. All control valves in the sprinkler and standpipe systems shall be electrically supervised.</comments><standardCommentI18Ns/></standardCommentModel><standardCommentModel><serviceProviderCode>BPTDEV</serviceProviderCode><commentType>SPRINKLER SYSTEMS</commentType><documentId>600.70.1.2</documentId><auditModel><auditDate>2011-03-15T11:01:00-06:00</auditDate><auditID>JWATTERS</auditID><auditStatus>A</auditStatus></auditModel><commentName>NFPA 13R Sprinkler Systems</commentName><comments>Where allowed in buildings of Group R, up to and including four (4) stories in height, automatic sprinkler systems shall be installed throughout in accordance with NFPA 13R. However, when "tradeoffs" that are not authorized for NFPA 13R systems are used in the building design, the sprinkler installation shall be in accordance with NFPA 13. (See Section 903.1.2)</comments><standardCommentI18Ns/></standardCommentModel><standardCommentModel><serviceProviderCode>BPTDEV</serviceProviderCode><commentType>SPRINKLER SYSTEMS</commentType><documentId>600.70.1.2.1</documentId><auditModel><auditDate>2011-03-15T11:07:17-06:00</auditDate><auditID>JWATTERS</auditID><auditStatus>A</auditStatus></auditModel><commentName>Standpipe Installation Standards</commentName><comments>Standpipe system shall be installed in accordance with this section and NFPA 14. Manual dry standpipe systems shall be supervised with a minimum of ten (10) psig and a maximum of forty (40) psig air pressure with a high/low alarm.</comments><standardCommentI18Ns/></standardCommentModel><standardCommentModel><serviceProviderCode>BPTDEV</serviceProviderCode><commentType>SPRINKLER SYSTEMS</commentType><documentId>600.70.1.3</documentId><auditModel><auditDate>2011-03-15T11:01:36-06:00</auditDate><auditID>JWATTERS</auditID><auditStatus>A</auditStatus></auditModel><commentName>System Design PSI</commentName><comments>Every fire protection system shall be designed with a five (5) psi safety factor. Reference Fire Code Section 508.4.1 for water supply test date and information requirements.</comments><standardCommentI18Ns/></standardCommentModel><standardCommentModel><serviceProviderCode>BPTDEV</serviceProviderCode><commentType>SPRINKLER SYSTEMS</commentType><documentId>600.70.1.8</documentId><auditModel><auditDate>2011-03-15T11:01:59-06:00</auditDate><auditID>JWATTERS</auditID><auditStatus>A</auditStatus></auditModel><commentName>FDC Caps</commentName><comments>Locking fire department connection (FDC) caps. New sprinkler installations shall be equipped with locking FDC caps on fire department connections as approved by the fire code official. Existing sprinkler installations will require approved locking fire department connection caps to be installed when direct by the fire code official.</comments><standardCommentI18Ns/></standardCommentModel><standardCommentModel><serviceProviderCode>BPTDEV</serviceProviderCode><commentType>SPRINKLER SYSTEMS</commentType><documentId>600.70.1.9</documentId><auditModel><auditDate>2011-03-15T11:04:49-06:00</auditDate><auditID>JWATTERS</auditID><auditStatus>A</auditStatus></auditModel><commentName>Class I and Class III FDC Caps</commentName><comments>Locking Fire Department Connection Caps. New Class I and Class III standpipe systems shall be equipped with approved locking caps on all fire department connections. Existing Class I and Class III standpipe systems shall have approved locking fire department connections caps installed when required by the fire code official.</comments><standardCommentI18Ns/></standardCommentModel><standardCommentModel><serviceProviderCode>BPTDEV</serviceProviderCode><commentType>SPRINKLER SYSTEMS</commentType><documentId>600.70.2</documentId><auditModel><auditDate>2011-03-15T11:03:02-06:00</auditDate><auditID>JWATTERS</auditID><auditStatus>A</auditStatus></auditModel><commentName>Water Flow Alarm</commentName><comments>Approved sprinkler water-flow alarm devices shall be connected to every automatic sprinkler system. Such sprinkler water-flow alarm devices shall be activated by water flow equivalent to the flow of a single sprinkler of the smallest orifice size installed in the system. Alarm devices shall be provided on the exterior of the building in an approved location. Where a fire alarm system is installed, actuation of the automatic sprinkler system shall actuate the building fire alarm system.</comments><standardCommentI18Ns/></standardCommentModel><standardCommentModel><serviceProviderCode>BPTDEV</serviceProviderCode><commentType>SPRINKLER SYSTEMS</commentType><documentId>600.70.2.1</documentId><auditModel><auditDate>2011-03-15T11:03:41-06:00</auditDate><auditID>JWATTERS</auditID><auditStatus>A</auditStatus></auditModel><commentName>Exterior Alarm</commentName><comments>The alarm device required on the exterior of the building shall be a weatherproof horn/strobe notification appliance with a minimum 75 candela strobe rating, installed as close as practicable to the fire department connections. Adjacent to the alarm shall be a sign which states:  "WHEN ALARM SOUNDS. CALL THE FIRE DEPARTMENT, 9-1-1. {insert address}"  and which contains the address of the property as indicated on the certificate of occupancy. The sign shall consist of red letters of one-inch minimum height on a white reflective background.</comments><standardCommentI18Ns/></standardCommentModel><standardCommentModel><serviceProviderCode>BPTDEV</serviceProviderCode><commentType>SPRINKLER SYSTEMS</commentType><documentId>600.70.2.20</documentId><auditModel><auditDate>2011-03-15T11:08:47-06:00</auditDate><auditID>JWATTERS</auditID><auditStatus>A</auditStatus></auditModel><commentName>Pressure Gauges</commentName><comments>Listed pressure gauges conforming with NFPA 13.8.17.3 shall be connected as follows: (1) On the water side and air side of the dry pipe valve; (2) At the air pump supplying the air receiver where one is provided; (3) At the air receiver where one is provided; (4) In each independent pipe from air supply to dry pipe system; (5) At exhausters and accelerators</comments><standardCommentI18Ns/></standardCommentModel><standardCommentModel><serviceProviderCode>BPTDEV</serviceProviderCode><commentType>SPRINKLER SYSTEMS</commentType><documentId>600.70.3</documentId><auditModel><auditDate>2011-03-15T11:06:06-06:00</auditDate><auditID>JWATTERS</auditID><auditStatus>A</auditStatus></auditModel><commentName>Covered Mall Buildings</commentName><comments>A covered mall building shall be equipped throughout with a Class I automatic wet standpipe system where the mall exceeds ten thousand (10,000) square feet (929 m2) in area per story. Standpipes shall be provided where any portion of the building's interior area is more than 200 feet (60 960 mm) of travel, vertically and horizontally, from the nearest point of fire department vehicle access Covered mall buildings not required to be equipped with a standpipe system by this section shall be equipped with Class I hose connections connected to a system sized . . . {remainder of section unchanged}.</comments><standardCommentI18Ns/></standardCommentModel><standardCommentModel><serviceProviderCode>BPTDEV</serviceProviderCode><commentType>SPRINKLER SYSTEMS</commentType><documentId>600.70.4.1</documentId><auditModel><auditDate>2011-03-15T11:07:52-06:00</auditDate><auditID>JWATTERS</auditID><auditStatus>A</auditStatus></auditModel><commentName>Group A-2 Requirements</commentName><comments>An automatic sprinkler system shall be provided for Group A-2 occupancies where one of the following conditions exists:&#xD;
&#xD;
1. The fire area exceeds 5,000 square feet (464.5 m2);&#xD;
2. The fire area has an occupant load of 100 or more in night clubs or 300 or more in other Group A-2 occupancies; or&#xD;
3. The fire area is located on a floor other than a level of exit discharge serving such occupancies.</comments><standardCommentI18Ns/></standardCommentModel><standardCommentModel><serviceProviderCode>BPTDEV</serviceProviderCode><commentType>SPRINKLER SYSTEMS</commentType><documentId>600.70.6</documentId><auditModel><auditDate>2011-03-15T11:08:17-06:00</auditDate><auditID>JWATTERS</auditID><auditStatus>A</auditStatus></auditModel><commentName>Panic Hardware</commentName><comments>Panic hardware is required when the occupant loads exceed 50 and in specific occupancy per the Uniform Building Code</comments><standardCommentI18Ns/></standardCommentModel><standardCommentModel><serviceProviderCode>BPTDEV</serviceProviderCode><commentType>SPRINKLER SYSTEMS</commentType><documentId>600.70.7</documentId><auditModel><auditDate>2011-07-14T07:17:52-06:00</auditDate><auditID>JWATTERS</auditID><auditStatus>A</auditStatus></auditModel><commentName>Fire Protction - Inspection Testing Maintenance</commentName><comments>The building owner and/or occupant shall be responsible for assuring that all fire sprinkler systems, fire hydrant systems, standpipe systems, fire alarm systems, portable fire extinguishers, smoke and heat ventilators, smoke removal systems, and other fire protective or extinguishing systems or appliances are maintained in an operative condition at all times, and are replaced or repaired where defective. Such systems shall be extended, altered or augmented as necessary to maintain and continue protection whenever any building so equipped is altered, remodeled or added to. All additions, repairs, alterations and servicing shall be in accordance with this chapter. Non-required fire protection systems and equipment shall be inspected, tested and maintained or removed. &#xD;
&#xD;
The fire code official may require the testing of any fire protection or extinguishing system, at the owner's expense, when evidence is found to indicate possible impairment of the system. All tests and inspections required herein shall be conducted by persons approved by the fire code official</comments><standardCommentI18Ns/></standardCommentModel></standardCommentModels></standardCommentGroup>
</list>