<?xml version="1.0" encoding="UTF-8" standalone="yes"?>
<list  version="8.0.0" minorVersion="15" exportUser="ADMIN" exportDateTime="03/30/2016 09:00 PM" description="null"><refFeeSchedule refId="1@RefFeeScheduleModel"><serviceProviderCode>BPTDEV</serviceProviderCode><feeScheduleName>FIRE_GENERAL</feeScheduleName><feeScheduleVersion>V1.0</feeScheduleVersion><auditModel><auditDate>2015-05-20T09:39:53-06:00</auditDate><auditID>ADMIN</auditID><auditStatus>A</auditStatus></auditModel><effDate>2014-12-31T09:00:00-07:00</effDate><refFeeItemModels><refFeeItem refId="2@RefFeeItemModel"><serviceProviderCode>BPTDEV</serviceProviderCode><feeScheduleName>FIRE_GENERAL</feeScheduleName><feeScheduleVersion>V1.0</feeScheduleVersion><feeCod>010</feeCod><paymentPeriod>FINAL</paymentPeriod><acaRequiredFlag>N</acaRequiredFlag><auditModel><auditDate>2015-05-25T02:04:08-06:00</auditDate><auditID>ADMIN</auditID><auditStatus>A</auditStatus></auditModel><autoAssessFlag>N</autoAssessFlag><calProc>CONSTANT</calProc><crDr>D</crDr><defaultFlag>R</defaultFlag><display>10</display><displayOrder>10</displayOrder><feeAllocationType>NONE</feeAllocationType><feeDecisionModel/><feeDes>Application Fee</feeDes><refFeeItemI18NModels/><formula>1</formula><negativeFeeFlag>N</negativeFeeFlag><netFeeFlag>N</netFeeFlag><quantity>1.0</quantity><refFeeCalcModels/><refPaymentPeriodModel refId="3@RefPaymentPeriodModel"><gfFeePeriod>FINAL</gfFeePeriod><serviceProviderCode>BPTDEV</serviceProviderCode><auditModel><auditDate>2007-07-19T08:22:35-06:00</auditDate><auditID>ADMIN</auditID><auditStatus>A</auditStatus></auditModel><displayOrder>10</displayOrder><refPaymentPeriodI18NModels/><resId>136</resId></refPaymentPeriodModel><roundFeeFlag>N</roundFeeFlag><roundFeeType>UP</roundFeeType><udes>Dollar Amt</udes><unitDescModel refId="4@StandardChoiceModel"><name>UNIT DESC</name><serviceProviderCode>BPTDEV</serviceProviderCode><auditModel><auditDate>2014-09-07T22:55:09-06:00</auditDate><auditID>ADMIN</auditID><auditStatus>A</auditStatus></auditModel><description>Used for fee item units</description><standardChoiceValueModels><standardChoiceValue refId="5@StandardChoiceValueModel"><sequenceNBR>104598456</sequenceNBR><serviceProviderCode>BPTDEV</serviceProviderCode><auditModel><auditDate>2014-09-08T12:55:09-06:00</auditDate><auditID>ADMIN</auditID><auditStatus>A</auditStatus></auditModel><standardChoiceName>UNIT DESC</standardChoiceName><standardChoiceValueI18NModels/><value>Days</value></standardChoiceValue><standardChoiceValue refId="6@StandardChoiceValueModel"><sequenceNBR>104598457</sequenceNBR><serviceProviderCode>BPTDEV</serviceProviderCode><auditModel><auditDate>2014-09-08T12:55:22-06:00</auditDate><auditID>ADMIN</auditID><auditStatus>A</auditStatus></auditModel><standardChoiceName>UNIT DESC</standardChoiceName><standardChoiceValueI18NModels/><value>Dollar Amt</value></standardChoiceValue><standardChoiceValue refId="7@StandardChoiceValueModel"><sequenceNBR>104598458</sequenceNBR><serviceProviderCode>BPTDEV</serviceProviderCode><auditModel><auditDate>2014-09-08T12:55:32-06:00</auditDate><auditID>ADMIN</auditID><auditStatus>A</auditStatus></auditModel><standardChoiceName>UNIT DESC</standardChoiceName><standardChoiceValueI18NModels/><value>Each</value></standardChoiceValue><standardChoiceValue refId="8@StandardChoiceValueModel"><sequenceNBR>104598459</sequenceNBR><serviceProviderCode>BPTDEV</serviceProviderCode><auditModel><auditDate>2014-09-08T12:55:43-06:00</auditDate><auditID>ADMIN</auditID><auditStatus>A</auditStatus></auditModel><standardChoiceName>UNIT DESC</standardChoiceName><standardChoiceValueI18NModels/><value>Enter 1</value></standardChoiceValue><standardChoiceValue refId="9@StandardChoiceValueModel"><sequenceNBR>104598460</sequenceNBR><serviceProviderCode>BPTDEV</serviceProviderCode><auditModel><auditDate>2014-09-08T12:55:53-06:00</auditDate><auditID>ADMIN</auditID><auditStatus>A</auditStatus></auditModel><standardChoiceName>UNIT DESC</standardChoiceName><standardChoiceValueI18NModels/><value>Persons</value></standardChoiceValue><standardChoiceValue refId="10@StandardChoiceValueModel"><sequenceNBR>105210300</sequenceNBR><serviceProviderCode>BPTDEV</serviceProviderCode><auditModel><auditDate>2015-10-29T06:03:00-06:00</auditDate><auditID>ADMIN</auditID><auditStatus>A</auditStatus></auditModel><standardChoiceName>UNIT DESC</standardChoiceName><standardChoiceValueI18NModels/><value>AMT</value></standardChoiceValue></standardChoiceValueModels><type>SystemSwitch</type><valueSize>0</valueSize></unitDescModel></refFeeItem><refFeeItem refId="11@RefFeeItemModel"><serviceProviderCode>BPTDEV</serviceProviderCode><feeScheduleName>FIRE_GENERAL</feeScheduleName><feeScheduleVersion>V1.0</feeScheduleVersion><feeCod>020</feeCod><paymentPeriod>FINAL</paymentPeriod><acaRequiredFlag>N</acaRequiredFlag><auditModel><auditDate>2015-05-21T00:49:18-06:00</auditDate><auditID>ADMIN</auditID><auditStatus>A</auditStatus></auditModel><autoAssessFlag>N</autoAssessFlag><calProc>CONSTANT</calProc><crDr>D</crDr><defaultFlag>R</defaultFlag><display>20</display><displayOrder>20</displayOrder><feeAllocationType>NONE</feeAllocationType><feeDecisionModel/><feeDes>Plan Check Fee</feeDes><refFeeItemI18NModels/><formula>1</formula><negativeFeeFlag>N</negativeFeeFlag><netFeeFlag>N</netFeeFlag><refFeeCalcModels/><refPaymentPeriodModel refFlag="Y" refId="3@RefPaymentPeriodModel"/><roundFeeFlag>N</roundFeeFlag><roundFeeType>UP</roundFeeType><udes>Dollar Amt</udes><unitDescModel refFlag="Y" refId="4@StandardChoiceModel"/></refFeeItem><refFeeItem refId="12@RefFeeItemModel"><serviceProviderCode>BPTDEV</serviceProviderCode><feeScheduleName>FIRE_GENERAL</feeScheduleName><feeScheduleVersion>V1.0</feeScheduleVersion><feeCod>030</feeCod><paymentPeriod>FINAL</paymentPeriod><acaRequiredFlag>N</acaRequiredFlag><auditModel><auditDate>2015-05-21T00:50:36-06:00</auditDate><auditID>ADMIN</auditID><auditStatus>A</auditStatus></auditModel><autoAssessFlag>N</autoAssessFlag><calProc>CONSTANT</calProc><crDr>D</crDr><defaultFlag>R</defaultFlag><display>30</display><displayOrder>30</displayOrder><feeAllocationType>NONE</feeAllocationType><feeDecisionModel/><feeDes>Initial Inspection Fee</feeDes><refFeeItemI18NModels/><formula>1</formula><negativeFeeFlag>N</negativeFeeFlag><netFeeFlag>N</netFeeFlag><refFeeCalcModels/><refPaymentPeriodModel refFlag="Y" refId="3@RefPaymentPeriodModel"/><roundFeeFlag>N</roundFeeFlag><roundFeeType>UP</roundFeeType><udes>Dollar Amt</udes><unitDescModel refFlag="Y" refId="4@StandardChoiceModel"/></refFeeItem><refFeeItem refId="13@RefFeeItemModel"><serviceProviderCode>BPTDEV</serviceProviderCode><feeScheduleName>FIRE_GENERAL</feeScheduleName><feeScheduleVersion>V1.0</feeScheduleVersion><feeCod>040</feeCod><paymentPeriod>FINAL</paymentPeriod><acaRequiredFlag>N</acaRequiredFlag><auditModel><auditDate>2015-05-21T00:51:39-06:00</auditDate><auditID>ADMIN</auditID><auditStatus>A</auditStatus></auditModel><autoAssessFlag>N</autoAssessFlag><calProc>CONSTANT</calProc><crDr>D</crDr><defaultFlag>R</defaultFlag><display>40</display><displayOrder>40</displayOrder><feeAllocationType>NONE</feeAllocationType><feeDecisionModel/><feeDes>Additional Inspection Fee</feeDes><refFeeItemI18NModels/><formula>1</formula><negativeFeeFlag>N</negativeFeeFlag><netFeeFlag>N</netFeeFlag><refFeeCalcModels/><refPaymentPeriodModel refFlag="Y" refId="3@RefPaymentPeriodModel"/><roundFeeFlag>N</roundFeeFlag><roundFeeType>UP</roundFeeType><udes>Dollar Amt</udes><unitDescModel refFlag="Y" refId="4@StandardChoiceModel"/></refFeeItem><refFeeItem refId="14@RefFeeItemModel"><serviceProviderCode>BPTDEV</serviceProviderCode><feeScheduleName>FIRE_GENERAL</feeScheduleName><feeScheduleVersion>V1.0</feeScheduleVersion><feeCod>050</feeCod><paymentPeriod>FINAL</paymentPeriod><acaRequiredFlag>N</acaRequiredFlag><auditModel><auditDate>2015-05-21T00:52:41-06:00</auditDate><auditID>ADMIN</auditID><auditStatus>A</auditStatus></auditModel><autoAssessFlag>N</autoAssessFlag><calProc>CONSTANT</calProc><crDr>D</crDr><defaultFlag>R</defaultFlag><display>50</display><displayOrder>50</displayOrder><feeAllocationType>NONE</feeAllocationType><feeDecisionModel/><feeDes>Additional Plan Check Fee</feeDes><refFeeItemI18NModels/><formula>1</formula><negativeFeeFlag>N</negativeFeeFlag><netFeeFlag>N</netFeeFlag><refFeeCalcModels/><refPaymentPeriodModel refFlag="Y" refId="3@RefPaymentPeriodModel"/><roundFeeFlag>N</roundFeeFlag><roundFeeType>UP</roundFeeType><udes>Dollar Amt</udes><unitDescModel refFlag="Y" refId="4@StandardChoiceModel"/></refFeeItem><refFeeItem refId="15@RefFeeItemModel"><serviceProviderCode>BPTDEV</serviceProviderCode><feeScheduleName>FIRE_GENERAL</feeScheduleName><feeScheduleVersion>V1.0</feeScheduleVersion><feeCod>060</feeCod><paymentPeriod>FINAL</paymentPeriod><acaRequiredFlag>N</acaRequiredFlag><auditModel><auditDate>2015-05-25T02:03:56-06:00</auditDate><auditID>ADMIN</auditID><auditStatus>A</auditStatus></auditModel><autoAssessFlag>N</autoAssessFlag><calProc>CONSTANT</calProc><crDr>D</crDr><defaultFlag>R</defaultFlag><display>60</display><displayOrder>50</displayOrder><feeAllocationType>NONE</feeAllocationType><feeDecisionModel/><feeDes>Reinspection Fee</feeDes><refFeeItemI18NModels/><formula>1</formula><negativeFeeFlag>N</negativeFeeFlag><netFeeFlag>N</netFeeFlag><refFeeCalcModels/><refPaymentPeriodModel refFlag="Y" refId="3@RefPaymentPeriodModel"/><roundFeeFlag>N</roundFeeFlag><roundFeeType>UP</roundFeeType><udes>Dollar Amt</udes><unitDescModel refFlag="Y" refId="4@StandardChoiceModel"/></refFeeItem></refFeeItemModels><feeScheduleAlias>FIRE_GENERAL</feeScheduleAlias><refFeeScheduleI18NModels/><feeScheduleModuleModels/><refFeeItemgroups/></refFeeSchedule>
<refFeeSchedule refId="1@RefFeeScheduleModel"><serviceProviderCode>BPTDEV</serviceProviderCode><feeScheduleName>FIRE_COMPLAINT</feeScheduleName><feeScheduleVersion>V1.0</feeScheduleVersion><auditModel><auditDate>2015-05-22T06:31:28-06:00</auditDate><auditID>ADMIN</auditID><auditStatus>A</auditStatus></auditModel><effDate>2014-12-31T09:00:00-07:00</effDate><refFeeItemModels><refFeeItem refId="2@RefFeeItemModel"><serviceProviderCode>BPTDEV</serviceProviderCode><feeScheduleName>FIRE_COMPLAINT</feeScheduleName><feeScheduleVersion>V1.0</feeScheduleVersion><feeCod>010</feeCod><paymentPeriod>FINAL</paymentPeriod><acaRequiredFlag>N</acaRequiredFlag><auditModel><auditDate>2015-05-22T21:23:41-06:00</auditDate><auditID>ADMIN</auditID><auditStatus>A</auditStatus></auditModel><autoAssessFlag>N</autoAssessFlag><calProc>CONSTANT</calProc><crDr>D</crDr><defaultFlag>N</defaultFlag><display>10</display><displayOrder>10</displayOrder><feeAllocationType>NONE</feeAllocationType><feeDecisionModel/><feeDes>Initial Inspection Fee</feeDes><refFeeItemI18NModels/><formula>1</formula><negativeFeeFlag>N</negativeFeeFlag><netFeeFlag>N</netFeeFlag><refFeeCalcModels/><refPaymentPeriodModel refId="3@RefPaymentPeriodModel"><gfFeePeriod>FINAL</gfFeePeriod><serviceProviderCode>BPTDEV</serviceProviderCode><auditModel><auditDate>2007-07-19T08:22:35-06:00</auditDate><auditID>ADMIN</auditID><auditStatus>A</auditStatus></auditModel><displayOrder>10</displayOrder><refPaymentPeriodI18NModels/><resId>136</resId></refPaymentPeriodModel><roundFeeFlag>N</roundFeeFlag><roundFeeType>UP</roundFeeType><udes>Dollar Amt</udes><unitDescModel refId="4@StandardChoiceModel"><name>UNIT DESC</name><serviceProviderCode>BPTDEV</serviceProviderCode><auditModel><auditDate>2014-09-07T22:55:09-06:00</auditDate><auditID>ADMIN</auditID><auditStatus>A</auditStatus></auditModel><description>Used for fee item units</description><standardChoiceValueModels><standardChoiceValue refId="5@StandardChoiceValueModel"><sequenceNBR>104598456</sequenceNBR><serviceProviderCode>BPTDEV</serviceProviderCode><auditModel><auditDate>2014-09-08T12:55:09-06:00</auditDate><auditID>ADMIN</auditID><auditStatus>A</auditStatus></auditModel><standardChoiceName>UNIT DESC</standardChoiceName><standardChoiceValueI18NModels/><value>Days</value></standardChoiceValue><standardChoiceValue refId="6@StandardChoiceValueModel"><sequenceNBR>104598457</sequenceNBR><serviceProviderCode>BPTDEV</serviceProviderCode><auditModel><auditDate>2014-09-08T12:55:22-06:00</auditDate><auditID>ADMIN</auditID><auditStatus>A</auditStatus></auditModel><standardChoiceName>UNIT DESC</standardChoiceName><standardChoiceValueI18NModels/><value>Dollar Amt</value></standardChoiceValue><standardChoiceValue refId="7@StandardChoiceValueModel"><sequenceNBR>104598458</sequenceNBR><serviceProviderCode>BPTDEV</serviceProviderCode><auditModel><auditDate>2014-09-08T12:55:32-06:00</auditDate><auditID>ADMIN</auditID><auditStatus>A</auditStatus></auditModel><standardChoiceName>UNIT DESC</standardChoiceName><standardChoiceValueI18NModels/><value>Each</value></standardChoiceValue><standardChoiceValue refId="8@StandardChoiceValueModel"><sequenceNBR>104598459</sequenceNBR><serviceProviderCode>BPTDEV</serviceProviderCode><auditModel><auditDate>2014-09-08T12:55:43-06:00</auditDate><auditID>ADMIN</auditID><auditStatus>A</auditStatus></auditModel><standardChoiceName>UNIT DESC</standardChoiceName><standardChoiceValueI18NModels/><value>Enter 1</value></standardChoiceValue><standardChoiceValue refId="9@StandardChoiceValueModel"><sequenceNBR>104598460</sequenceNBR><serviceProviderCode>BPTDEV</serviceProviderCode><auditModel><auditDate>2014-09-08T12:55:53-06:00</auditDate><auditID>ADMIN</auditID><auditStatus>A</auditStatus></auditModel><standardChoiceName>UNIT DESC</standardChoiceName><standardChoiceValueI18NModels/><value>Persons</value></standardChoiceValue><standardChoiceValue refId="10@StandardChoiceValueModel"><sequenceNBR>105210300</sequenceNBR><serviceProviderCode>BPTDEV</serviceProviderCode><auditModel><auditDate>2015-10-29T06:03:00-06:00</auditDate><auditID>ADMIN</auditID><auditStatus>A</auditStatus></auditModel><standardChoiceName>UNIT DESC</standardChoiceName><standardChoiceValueI18NModels/><value>AMT</value></standardChoiceValue></standardChoiceValueModels><type>SystemSwitch</type><valueSize>0</valueSize></unitDescModel></refFeeItem><refFeeItem refId="11@RefFeeItemModel"><serviceProviderCode>BPTDEV</serviceProviderCode><feeScheduleName>FIRE_COMPLAINT</feeScheduleName><feeScheduleVersion>V1.0</feeScheduleVersion><feeCod>020</feeCod><paymentPeriod>FINAL</paymentPeriod><acaRequiredFlag>N</acaRequiredFlag><auditModel><auditDate>2015-05-22T21:25:45-06:00</auditDate><auditID>ADMIN</auditID><auditStatus>A</auditStatus></auditModel><autoAssessFlag>N</autoAssessFlag><calProc>CONSTANT</calProc><crDr>D</crDr><defaultFlag>N</defaultFlag><display>20</display><displayOrder>20</displayOrder><feeAllocationType>NONE</feeAllocationType><feeDecisionModel/><feeDes>Additional Inspection Fee</feeDes><refFeeItemI18NModels/><formula>1</formula><negativeFeeFlag>N</negativeFeeFlag><netFeeFlag>N</netFeeFlag><refFeeCalcModels/><refPaymentPeriodModel refFlag="Y" refId="3@RefPaymentPeriodModel"/><roundFeeFlag>N</roundFeeFlag><roundFeeType>UP</roundFeeType><udes>Dollar Amt</udes><unitDescModel refFlag="Y" refId="4@StandardChoiceModel"/></refFeeItem><refFeeItem refId="12@RefFeeItemModel"><serviceProviderCode>BPTDEV</serviceProviderCode><feeScheduleName>FIRE_COMPLAINT</feeScheduleName><feeScheduleVersion>V1.0</feeScheduleVersion><feeCod>030</feeCod><paymentPeriod>FINAL</paymentPeriod><acaRequiredFlag>N</acaRequiredFlag><auditModel><auditDate>2015-05-22T21:27:20-06:00</auditDate><auditID>ADMIN</auditID><auditStatus>A</auditStatus></auditModel><autoAssessFlag>N</autoAssessFlag><calProc>CONSTANT</calProc><crDr>D</crDr><defaultFlag>N</defaultFlag><display>30</display><displayOrder>30</displayOrder><feeAllocationType>NONE</feeAllocationType><feeDecisionModel/><feeDes>Administrative Fee</feeDes><refFeeItemI18NModels/><formula>1</formula><negativeFeeFlag>N</negativeFeeFlag><netFeeFlag>N</netFeeFlag><refFeeCalcModels/><refPaymentPeriodModel refFlag="Y" refId="3@RefPaymentPeriodModel"/><roundFeeFlag>N</roundFeeFlag><roundFeeType>UP</roundFeeType><udes>Dollar Amt</udes><unitDescModel refFlag="Y" refId="4@StandardChoiceModel"/></refFeeItem><refFeeItem refId="13@RefFeeItemModel"><serviceProviderCode>BPTDEV</serviceProviderCode><feeScheduleName>FIRE_COMPLAINT</feeScheduleName><feeScheduleVersion>V1.0</feeScheduleVersion><feeCod>040</feeCod><paymentPeriod>FINAL</paymentPeriod><acaRequiredFlag>N</acaRequiredFlag><auditModel><auditDate>2015-05-22T21:29:50-06:00</auditDate><auditID>ADMIN</auditID><auditStatus>A</auditStatus></auditModel><autoAssessFlag>N</autoAssessFlag><calProc>CONSTANT</calProc><crDr>D</crDr><defaultFlag>N</defaultFlag><display>40</display><displayOrder>40</displayOrder><feeAllocationType>NONE</feeAllocationType><feeDecisionModel/><feeDes>Citation Fine</feeDes><refFeeItemI18NModels/><formula>1</formula><negativeFeeFlag>N</negativeFeeFlag><netFeeFlag>N</netFeeFlag><refFeeCalcModels/><refPaymentPeriodModel refFlag="Y" refId="3@RefPaymentPeriodModel"/><roundFeeFlag>N</roundFeeFlag><roundFeeType>UP</roundFeeType><udes>Dollar Amt</udes><unitDescModel refFlag="Y" refId="4@StandardChoiceModel"/></refFeeItem></refFeeItemModels><refFeeScheduleI18NModels/><feeScheduleModuleModels/><refFeeItemgroups/></refFeeSchedule>
<refFeeSchedule refId="1@RefFeeScheduleModel"><serviceProviderCode>BPTDEV</serviceProviderCode><feeScheduleName>NONE</feeScheduleName><feeScheduleVersion>V1.0</feeScheduleVersion><auditModel><auditDate>2012-01-21T08:22:01-07:00</auditDate><auditID>ADMIN</auditID><auditStatus>A</auditStatus></auditModel><effDate>2011-12-30T18:00:00-07:00</effDate><refFeeItemModels/><refFeeScheduleI18NModels/><feeScheduleModuleModels/><refFeeItemgroups/></refFeeSchedule>
</list>