<?xml version="1.0" encoding="UTF-8" standalone="yes"?>
<list  version="8.0.0" minorVersion="15" exportUser="ADMIN" exportDateTime="03/30/2016 09:00 PM" description="null"><virProcess><r1ProcessCode>FIRE_WF</r1ProcessCode><servProvCode>BPTDEV</servProvCode><isEmailSettringSelected>Y</isEmailSettringSelected><isSecuritySelected>Y</isSecuritySelected><processEMailSettingModels/><processModels><processModel><r1ProcessCode>FIRE_WF</r1ProcessCode><sdStpNum>1</sdStpNum><servProvCode>BPTDEV</servProvCode><asgnAgencyCode>ADMIN</asgnAgencyCode><asgnBureauCode>NA</asgnBureauCode><asgnDivisionCode>NA</asgnDivisionCode><asgnGroupCode>NA</asgnGroupCode><asgnOfficeCode>NA</asgnOfficeCode><asgnSectionCode>NA</asgnSectionCode><auditModel><auditDate>2015-06-09T11:43:33-06:00</auditDate><auditID>Accela Administrator</auditID><auditStatus>A</auditStatus></auditModel><sdAppDes>Pending</sdAppDes><sdNxtId1>013018000000000</sdNxtId1><sdProDes>Application Submittal</sdProDes><sdProId1>010000000000000</sdProId1></processModel><processModel><r1ProcessCode>FIRE_WF</r1ProcessCode><sdStpNum>2</sdStpNum><servProvCode>BPTDEV</servProvCode><asgnAgencyCode>ADMIN</asgnAgencyCode><asgnBureauCode>NA</asgnBureauCode><asgnDivisionCode>NA</asgnDivisionCode><asgnGroupCode>NA</asgnGroupCode><asgnOfficeCode>NA</asgnOfficeCode><asgnSectionCode>NA</asgnSectionCode><auditModel><auditDate>2015-06-09T11:41:33-06:00</auditDate><auditID>Accela Administrator</auditID><auditStatus>A</auditStatus></auditModel><sdNxtId1>015000000000000</sdNxtId1><sdProDes>Plan Check</sdProDes><sdProId1>013000000000000</sdProId1></processModel><processModel><r1ProcessCode>FIRE_WF</r1ProcessCode><sdStpNum>3</sdStpNum><servProvCode>BPTDEV</servProvCode><asgnAgencyCode>ADMIN</asgnAgencyCode><asgnBureauCode>NA</asgnBureauCode><asgnDivisionCode>NA</asgnDivisionCode><asgnGroupCode>NA</asgnGroupCode><asgnOfficeCode>NA</asgnOfficeCode><asgnSectionCode>NA</asgnSectionCode><auditModel><auditDate>2015-06-07T12:28:15-06:00</auditDate><auditID>Accela Administrator</auditID><auditStatus>A</auditStatus></auditModel><sdNxtId1>017000000000000</sdNxtId1><sdProDes>Inspection Test</sdProDes><sdProId1>015000000000000</sdProId1></processModel><processModel><r1ProcessCode>FIRE_WF</r1ProcessCode><sdStpNum>4</sdStpNum><servProvCode>BPTDEV</servProvCode><asgnAgencyCode>ADMIN</asgnAgencyCode><asgnBureauCode>NA</asgnBureauCode><asgnDivisionCode>NA</asgnDivisionCode><asgnGroupCode>NA</asgnGroupCode><asgnOfficeCode>NA</asgnOfficeCode><asgnSectionCode>NA</asgnSectionCode><auditModel><auditDate>2015-06-07T12:28:15-06:00</auditDate><auditID>Accela Administrator</auditID><auditStatus>A</auditStatus></auditModel><sdNxtId1>018000000000000</sdNxtId1><sdProDes>Issue Report</sdProDes><sdProId1>017000000000000</sdProId1></processModel><processModel><r1ProcessCode>FIRE_WF</r1ProcessCode><sdStpNum>5</sdStpNum><servProvCode>BPTDEV</servProvCode><asgnAgencyCode>ADMIN</asgnAgencyCode><asgnBureauCode>NA</asgnBureauCode><asgnDivisionCode>NA</asgnDivisionCode><asgnGroupCode>NA</asgnGroupCode><asgnOfficeCode>NA</asgnOfficeCode><asgnSectionCode>NA</asgnSectionCode><auditModel><auditDate>2015-06-07T12:28:15-06:00</auditDate><auditID>Accela Administrator</auditID><auditStatus>A</auditStatus></auditModel><sdNxtId1>000000000000000</sdNxtId1><sdProDes>Close</sdProDes><sdProId1>018000000000000</sdProId1></processModel></processModels><processSecurityModels/><r3statypModels><r3statyp><r3ActStatCod>SCODE14</r3ActStatCod><r3ProcessCode>FIRE_WF</r3ProcessCode><servProvCode>BPTDEV</servProvCode><applicationStatus>Application Accepted</applicationStatus><displayInAca>Y</displayInAca><r3ActStatDes>Accepted</r3ActStatDes><r3ActStatFlg>Y</r3ActStatFlg><r3ActTypeDes>Application Submittal</r3ActTypeDes><recDate>2015-06-07T12:28:15-06:00</recDate><recFulNam>Accela Administrator</recFulNam><recStatus>A</recStatus><refTaskStatusI18NModels/></r3statyp><r3statyp><r3ActStatCod>SCODE20</r3ActStatCod><r3ProcessCode>FIRE_WF</r3ProcessCode><servProvCode>BPTDEV</servProvCode><displayInAca>Y</displayInAca><r3ActStatDes>Additional Info Required</r3ActStatDes><r3ActStatFlg>U</r3ActStatFlg><r3ActTypeDes>Application Submittal</r3ActTypeDes><recDate>2015-06-07T12:28:15-06:00</recDate><recFulNam>Accela Administrator</recFulNam><recStatus>A</recStatus><refTaskStatusI18NModels/></r3statyp><r3statyp><r3ActStatCod>FIRENC</r3ActStatCod><r3ProcessCode>FIRE_WF</r3ProcessCode><servProvCode>BPTDEV</servProvCode><displayInAca>Y</displayInAca><r3ActStatDes>FireNoChange</r3ActStatDes><r3ActStatFlg>U</r3ActStatFlg><r3ActTypeDes>Application Submittal</r3ActTypeDes><r3MouClockAction>No Action</r3MouClockAction><recDate>2015-05-20T06:27:32-06:00</recDate><recFulNam>ADMIN</recFulNam><recStatus>A</recStatus><refTaskStatusI18NModels/></r3statyp><r3statyp><r3ActStatCod>SCODE21</r3ActStatCod><r3ProcessCode>FIRE_WF</r3ProcessCode><servProvCode>BPTDEV</servProvCode><displayInAca>Y</displayInAca><r3ActStatDes>In Progress</r3ActStatDes><r3ActStatFlg>U</r3ActStatFlg><r3ActTypeDes>Application Submittal</r3ActTypeDes><recDate>2015-06-07T12:28:15-06:00</recDate><recFulNam>Accela Administrator</recFulNam><recStatus>A</recStatus><refTaskStatusI18NModels/></r3statyp><r3statyp><r3ActStatCod>SCODE2</r3ActStatCod><r3ProcessCode>FIRE_WF</r3ProcessCode><servProvCode>BPTDEV</servProvCode><displayInAca>Y</displayInAca><r3ActStatDes>Pending</r3ActStatDes><r3ActStatFlg>U</r3ActStatFlg><r3ActTypeDes>Application Submittal</r3ActTypeDes><recDate>2015-06-09T11:41:33-06:00</recDate><recFulNam>Accela Administrator</recFulNam><recStatus>A</recStatus><refTaskStatusI18NModels/></r3statyp><r3statyp><r3ActStatCod>SCODE27</r3ActStatCod><r3ProcessCode>FIRE_WF</r3ProcessCode><servProvCode>BPTDEV</servProvCode><applicationStatus>Withdrawn</applicationStatus><displayInAca>Y</displayInAca><r3ActStatDes>Void</r3ActStatDes><r3ActStatFlg>B</r3ActStatFlg><r3ActTypeDes>Application Submittal</r3ActTypeDes><recDate>2015-06-07T12:28:15-06:00</recDate><recFulNam>Accela Administrator</recFulNam><recStatus>A</recStatus><refTaskStatusI18NModels/></r3statyp><r3statyp><r3ActStatCod>SCODE26</r3ActStatCod><r3ProcessCode>FIRE_WF</r3ProcessCode><servProvCode>BPTDEV</servProvCode><applicationStatus>Void</applicationStatus><displayInAca>Y</displayInAca><r3ActStatDes>Withdrawn</r3ActStatDes><r3ActStatFlg>B</r3ActStatFlg><r3ActTypeDes>Application Submittal</r3ActTypeDes><recDate>2015-06-07T12:28:15-06:00</recDate><recFulNam>Accela Administrator</recFulNam><recStatus>A</recStatus><refTaskStatusI18NModels/></r3statyp><r3statyp><r3ActStatCod>SCODE19</r3ActStatCod><r3ProcessCode>FIRE_WF</r3ProcessCode><servProvCode>BPTDEV</servProvCode><applicationStatus>Closed</applicationStatus><displayInAca>Y</displayInAca><r3ActStatDes>Closed</r3ActStatDes><r3ActStatFlg>Y</r3ActStatFlg><r3ActTypeDes>Close</r3ActTypeDes><recDate>2015-06-07T12:28:15-06:00</recDate><recFulNam>Accela Administrator</recFulNam><recStatus>A</recStatus><refTaskStatusI18NModels/></r3statyp><r3statyp><r3ActStatCod>SCODE16</r3ActStatCod><r3ProcessCode>FIRE_WF</r3ProcessCode><servProvCode>BPTDEV</servProvCode><applicationStatus>Failed</applicationStatus><displayInAca>Y</displayInAca><r3ActStatDes>Failed</r3ActStatDes><r3ActStatFlg>Y</r3ActStatFlg><r3ActTypeDes>Inspection Test</r3ActTypeDes><recDate>2015-06-07T12:28:15-06:00</recDate><recFulNam>Accela Administrator</recFulNam><recStatus>A</recStatus><refTaskStatusI18NModels/></r3statyp><r3statyp><r3ActStatCod>SCODE24</r3ActStatCod><r3ProcessCode>FIRE_WF</r3ProcessCode><servProvCode>BPTDEV</servProvCode><displayInAca>Y</displayInAca><r3ActStatDes>In Progress</r3ActStatDes><r3ActStatFlg>U</r3ActStatFlg><r3ActTypeDes>Inspection Test</r3ActTypeDes><recDate>2015-06-07T12:28:15-06:00</recDate><recFulNam>Accela Administrator</recFulNam><recStatus>A</recStatus><refTaskStatusI18NModels/></r3statyp><r3statyp><r3ActStatCod>SCODE17</r3ActStatCod><r3ProcessCode>FIRE_WF</r3ProcessCode><servProvCode>BPTDEV</servProvCode><applicationStatus>Passed</applicationStatus><displayInAca>Y</displayInAca><r3ActStatDes>Passed</r3ActStatDes><r3ActStatFlg>Y</r3ActStatFlg><r3ActTypeDes>Inspection Test</r3ActTypeDes><recDate>2015-06-07T12:28:15-06:00</recDate><recFulNam>Accela Administrator</recFulNam><recStatus>A</recStatus><refTaskStatusI18NModels/></r3statyp><r3statyp><r3ActStatCod>SCODE25</r3ActStatCod><r3ProcessCode>FIRE_WF</r3ProcessCode><servProvCode>BPTDEV</servProvCode><displayInAca>Y</displayInAca><r3ActStatDes>In Progress</r3ActStatDes><r3ActStatFlg>U</r3ActStatFlg><r3ActTypeDes>Issue Report</r3ActTypeDes><recDate>2015-06-07T12:28:15-06:00</recDate><recFulNam>Accela Administrator</recFulNam><recStatus>A</recStatus><refTaskStatusI18NModels/></r3statyp><r3statyp><r3ActStatCod>SCODE18</r3ActStatCod><r3ProcessCode>FIRE_WF</r3ProcessCode><servProvCode>BPTDEV</servProvCode><applicationStatus>Report Issued</applicationStatus><displayInAca>Y</displayInAca><r3ActStatDes>Issued</r3ActStatDes><r3ActStatFlg>Y</r3ActStatFlg><r3ActTypeDes>Issue Report</r3ActTypeDes><recDate>2015-06-07T12:28:15-06:00</recDate><recFulNam>Accela Administrator</recFulNam><recStatus>A</recStatus><refTaskStatusI18NModels/></r3statyp><r3statyp><r3ActStatCod>SCODE15</r3ActStatCod><r3ProcessCode>FIRE_WF</r3ProcessCode><servProvCode>BPTDEV</servProvCode><applicationStatus>Plan Approved</applicationStatus><displayInAca>Y</displayInAca><r3ActStatDes>Approved</r3ActStatDes><r3ActStatFlg>Y</r3ActStatFlg><r3ActTypeDes>Plan Check</r3ActTypeDes><recDate>2015-06-07T12:28:15-06:00</recDate><recFulNam>Accela Administrator</recFulNam><recStatus>A</recStatus><refTaskStatusI18NModels/></r3statyp><r3statyp><r3ActStatCod>SCODE1</r3ActStatCod><r3ProcessCode>FIRE_WF</r3ProcessCode><servProvCode>BPTDEV</servProvCode><displayInAca>Y</displayInAca><r3ActStatDes>Approved with Condition</r3ActStatDes><r3ActStatFlg>Y</r3ActStatFlg><r3ActTypeDes>Plan Check</r3ActTypeDes><recDate>2015-06-09T11:41:33-06:00</recDate><recFulNam>Accela Administrator</recFulNam><recStatus>A</recStatus><refTaskStatusI18NModels/></r3statyp><r3statyp><r3ActStatCod>SCODE22</r3ActStatCod><r3ProcessCode>FIRE_WF</r3ProcessCode><servProvCode>BPTDEV</servProvCode><displayInAca>Y</displayInAca><r3ActStatDes>In Progress</r3ActStatDes><r3ActStatFlg>U</r3ActStatFlg><r3ActTypeDes>Plan Check</r3ActTypeDes><recDate>2015-06-07T12:28:15-06:00</recDate><recFulNam>Accela Administrator</recFulNam><recStatus>A</recStatus><refTaskStatusI18NModels/></r3statyp><r3statyp><r3ActStatCod>SCODE23</r3ActStatCod><r3ProcessCode>FIRE_WF</r3ProcessCode><servProvCode>BPTDEV</servProvCode><displayInAca>Y</displayInAca><r3ActStatDes>Revision Required</r3ActStatDes><r3ActStatFlg>U</r3ActStatFlg><r3ActTypeDes>Plan Check</r3ActTypeDes><recDate>2015-06-07T12:28:15-06:00</recDate><recFulNam>Accela Administrator</recFulNam><recStatus>A</recStatus><refTaskStatusI18NModels/></r3statyp></r3statypModels><securityFlag>FIRE_WF/%</securityFlag></virProcess>
<virProcess><r1ProcessCode>FIRE_GENERAL</r1ProcessCode><servProvCode>BPTDEV</servProvCode><isEmailSettringSelected>Y</isEmailSettringSelected><isSecuritySelected>Y</isSecuritySelected><processEMailSettingModels/><processModels><processModel><r1ProcessCode>FIRE_GENERAL</r1ProcessCode><sdStpNum>1</sdStpNum><servProvCode>BPTDEV</servProvCode><asgnAgencyCode>ADMIN</asgnAgencyCode><asgnBureauCode>NA</asgnBureauCode><asgnDivisionCode>NA</asgnDivisionCode><asgnGroupCode>NA</asgnGroupCode><asgnOfficeCode>NA</asgnOfficeCode><asgnSectionCode>NA</asgnSectionCode><auditModel><auditDate>2015-06-08T16:49:40-06:00</auditDate><auditID>Accela Administrator</auditID><auditStatus>A</auditStatus></auditModel><sdAppDes>Pending</sdAppDes><sdNxtId1>013018000000000</sdNxtId1><sdProDes>Application Submittal</sdProDes><sdProId1>010000000000000</sdProId1></processModel><processModel><r1ProcessCode>FIRE_GENERAL</r1ProcessCode><sdStpNum>2</sdStpNum><servProvCode>BPTDEV</servProvCode><asgnAgencyCode>ADMIN</asgnAgencyCode><asgnBureauCode>NA</asgnBureauCode><asgnDivisionCode>NA</asgnDivisionCode><asgnGroupCode>NA</asgnGroupCode><asgnOfficeCode>NA</asgnOfficeCode><asgnSectionCode>NA</asgnSectionCode><auditModel><auditDate>2015-06-08T15:46:16-06:00</auditDate><auditID>Accela Administrator</auditID><auditStatus>A</auditStatus></auditModel><sdNxtId1>015000000000000</sdNxtId1><sdProDes>Plan Check</sdProDes><sdProId1>013000000000000</sdProId1></processModel><processModel><r1ProcessCode>FIRE_GENERAL</r1ProcessCode><sdStpNum>3</sdStpNum><servProvCode>BPTDEV</servProvCode><asgnAgencyCode>ADMIN</asgnAgencyCode><asgnBureauCode>NA</asgnBureauCode><asgnDivisionCode>NA</asgnDivisionCode><asgnGroupCode>NA</asgnGroupCode><asgnOfficeCode>NA</asgnOfficeCode><asgnSectionCode>NA</asgnSectionCode><auditModel><auditDate>2015-06-08T15:46:16-06:00</auditDate><auditID>Accela Administrator</auditID><auditStatus>I</auditStatus></auditModel><sdNxtId1>017000000000000</sdNxtId1><sdProDes>Inspection Test</sdProDes><sdProId1>015000000000000</sdProId1></processModel><processModel><r1ProcessCode>FIRE_GENERAL</r1ProcessCode><sdStpNum>4</sdStpNum><servProvCode>BPTDEV</servProvCode><asgnAgencyCode>ADMIN</asgnAgencyCode><asgnBureauCode>NA</asgnBureauCode><asgnDivisionCode>NA</asgnDivisionCode><asgnGroupCode>NA</asgnGroupCode><asgnOfficeCode>NA</asgnOfficeCode><asgnSectionCode>NA</asgnSectionCode><auditModel><auditDate>2015-06-08T15:46:16-06:00</auditDate><auditID>Accela Administrator</auditID><auditStatus>I</auditStatus></auditModel><sdNxtId1>018000000000000</sdNxtId1><sdProDes>Issue Report</sdProDes><sdProId1>017000000000000</sdProId1></processModel><processModel><r1ProcessCode>FIRE_GENERAL</r1ProcessCode><sdStpNum>5</sdStpNum><servProvCode>BPTDEV</servProvCode><asgnAgencyCode>ADMIN</asgnAgencyCode><asgnBureauCode>NA</asgnBureauCode><asgnDivisionCode>NA</asgnDivisionCode><asgnGroupCode>NA</asgnGroupCode><asgnOfficeCode>NA</asgnOfficeCode><asgnSectionCode>NA</asgnSectionCode><auditModel><auditDate>2015-06-07T12:17:32-06:00</auditDate><auditID>Accela Administrator</auditID><auditStatus>A</auditStatus></auditModel><sdNxtId1>000000000000000</sdNxtId1><sdProDes>Close</sdProDes><sdProId1>018000000000000</sdProId1></processModel><processModel><r1ProcessCode>FIRE_GENERAL</r1ProcessCode><sdStpNum>6</sdStpNum><servProvCode>BPTDEV</servProvCode><asgnAgencyCode>ADMIN</asgnAgencyCode><asgnBureauCode>NA</asgnBureauCode><asgnDivisionCode>NA</asgnDivisionCode><asgnGroupCode>NA</asgnGroupCode><asgnOfficeCode>NA</asgnOfficeCode><asgnSectionCode>NA</asgnSectionCode><auditModel><auditDate>2015-06-08T15:46:16-06:00</auditDate><auditID>Accela Administrator</auditID><auditStatus>A</auditStatus></auditModel><sdNxtId1>017000000000000</sdNxtId1><sdProDes>Permit Issuance</sdProDes><sdProId1>015000000000000</sdProId1></processModel><processModel><r1ProcessCode>FIRE_GENERAL</r1ProcessCode><sdStpNum>7</sdStpNum><servProvCode>BPTDEV</servProvCode><asgnAgencyCode>ADMIN</asgnAgencyCode><asgnBureauCode>NA</asgnBureauCode><asgnDivisionCode>NA</asgnDivisionCode><asgnGroupCode>NA</asgnGroupCode><asgnOfficeCode>NA</asgnOfficeCode><asgnSectionCode>NA</asgnSectionCode><auditModel><auditDate>2015-06-08T15:46:16-06:00</auditDate><auditID>Accela Administrator</auditID><auditStatus>A</auditStatus></auditModel><sdNxtId1>018000000000000</sdNxtId1><sdProDes>Inspection</sdProDes><sdProId1>017000000000000</sdProId1></processModel></processModels><processSecurityModels/><r3statypModels><r3statyp><r3ActStatCod>SCODE1</r3ActStatCod><r3ProcessCode>FIRE_GENERAL</r3ProcessCode><servProvCode>BPTDEV</servProvCode><applicationStatus>Application Accepted</applicationStatus><displayInAca>Y</displayInAca><r3ActStatDes>Accepted</r3ActStatDes><r3ActStatFlg>Y</r3ActStatFlg><r3ActTypeDes>Application Submittal</r3ActTypeDes><recDate>2015-06-07T12:17:32-06:00</recDate><recFulNam>Accela Administrator</recFulNam><recStatus>A</recStatus><refTaskStatusI18NModels/></r3statyp><r3statyp><r3ActStatCod>SCODE6</r3ActStatCod><r3ProcessCode>FIRE_GENERAL</r3ProcessCode><servProvCode>BPTDEV</servProvCode><displayInAca>Y</displayInAca><r3ActStatDes>Additional Info Required</r3ActStatDes><r3ActStatFlg>U</r3ActStatFlg><r3ActTypeDes>Application Submittal</r3ActTypeDes><recDate>2015-06-07T12:17:32-06:00</recDate><recFulNam>Accela Administrator</recFulNam><recStatus>A</recStatus><refTaskStatusI18NModels/></r3statyp><r3statyp><r3ActStatCod>SCODE7</r3ActStatCod><r3ProcessCode>FIRE_GENERAL</r3ProcessCode><servProvCode>BPTDEV</servProvCode><displayInAca>Y</displayInAca><r3ActStatDes>In Progress</r3ActStatDes><r3ActStatFlg>U</r3ActStatFlg><r3ActTypeDes>Application Submittal</r3ActTypeDes><recDate>2015-06-07T12:17:32-06:00</recDate><recFulNam>Accela Administrator</recFulNam><recStatus>A</recStatus><refTaskStatusI18NModels/></r3statyp><r3statyp><r3ActStatCod>SCODE17</r3ActStatCod><r3ProcessCode>FIRE_GENERAL</r3ProcessCode><servProvCode>BPTDEV</servProvCode><displayInAca>Y</displayInAca><r3ActStatDes>Pending</r3ActStatDes><r3ActStatFlg>U</r3ActStatFlg><r3ActTypeDes>Application Submittal</r3ActTypeDes><recDate>2015-06-08T16:49:40-06:00</recDate><recFulNam>Accela Administrator</recFulNam><recStatus>A</recStatus><refTaskStatusI18NModels/></r3statyp><r3statyp><r3ActStatCod>SCODE13</r3ActStatCod><r3ProcessCode>FIRE_GENERAL</r3ProcessCode><servProvCode>BPTDEV</servProvCode><applicationStatus>Void</applicationStatus><displayInAca>Y</displayInAca><r3ActStatDes>Void</r3ActStatDes><r3ActStatFlg>B</r3ActStatFlg><r3ActTypeDes>Application Submittal</r3ActTypeDes><recDate>2015-06-07T12:17:32-06:00</recDate><recFulNam>Accela Administrator</recFulNam><recStatus>A</recStatus><refTaskStatusI18NModels/></r3statyp><r3statyp><r3ActStatCod>SCODE12</r3ActStatCod><r3ProcessCode>FIRE_GENERAL</r3ProcessCode><servProvCode>BPTDEV</servProvCode><applicationStatus>Withdrawn</applicationStatus><displayInAca>Y</displayInAca><r3ActStatDes>Withdrawn</r3ActStatDes><r3ActStatFlg>B</r3ActStatFlg><r3ActTypeDes>Application Submittal</r3ActTypeDes><recDate>2015-06-07T12:17:32-06:00</recDate><recFulNam>Accela Administrator</recFulNam><recStatus>A</recStatus><refTaskStatusI18NModels/></r3statyp><r3statyp><r3ActStatCod>SCODE5</r3ActStatCod><r3ProcessCode>FIRE_GENERAL</r3ProcessCode><servProvCode>BPTDEV</servProvCode><applicationStatus>Closed</applicationStatus><displayInAca>Y</displayInAca><r3ActStatDes>Closed</r3ActStatDes><r3ActStatFlg>Y</r3ActStatFlg><r3ActTypeDes>Close</r3ActTypeDes><recDate>2015-06-07T12:17:32-06:00</recDate><recFulNam>Accela Administrator</recFulNam><recStatus>A</recStatus><refTaskStatusI18NModels/></r3statyp><r3statyp><r3ActStatCod>SCODE16</r3ActStatCod><r3ProcessCode>FIRE_GENERAL</r3ProcessCode><servProvCode>BPTDEV</servProvCode><displayInAca>Y</displayInAca><r3ActStatDes>In Progress</r3ActStatDes><r3ActStatFlg>U</r3ActStatFlg><r3ActTypeDes>Inspection</r3ActTypeDes><recDate>2015-06-08T15:46:16-06:00</recDate><recFulNam>Accela Administrator</recFulNam><recStatus>A</recStatus><refTaskStatusI18NModels/></r3statyp><r3statyp><r3ActStatCod>SCODE15</r3ActStatCod><r3ProcessCode>FIRE_GENERAL</r3ProcessCode><servProvCode>BPTDEV</servProvCode><applicationStatus>Finaled</applicationStatus><displayInAca>Y</displayInAca><r3ActStatDes>Passed</r3ActStatDes><r3ActStatFlg>Y</r3ActStatFlg><r3ActTypeDes>Inspection</r3ActTypeDes><recDate>2015-06-08T15:46:16-06:00</recDate><recFulNam>Accela Administrator</recFulNam><recStatus>A</recStatus><refTaskStatusI18NModels/></r3statyp><r3statyp><r3ActStatCod>SCODE10</r3ActStatCod><r3ProcessCode>FIRE_GENERAL</r3ProcessCode><servProvCode>BPTDEV</servProvCode><displayInAca>Y</displayInAca><r3ActStatDes>In Progress</r3ActStatDes><r3ActStatFlg>U</r3ActStatFlg><r3ActTypeDes>Inspection Test</r3ActTypeDes><recDate>2015-06-07T12:17:32-06:00</recDate><recFulNam>Accela Administrator</recFulNam><recStatus>A</recStatus><refTaskStatusI18NModels/></r3statyp><r3statyp><r3ActStatCod>SCODE3</r3ActStatCod><r3ProcessCode>FIRE_GENERAL</r3ProcessCode><servProvCode>BPTDEV</servProvCode><applicationStatus>Issued</applicationStatus><displayInAca>Y</displayInAca><r3ActStatDes>Issued</r3ActStatDes><r3ActStatFlg>Y</r3ActStatFlg><r3ActTypeDes>Inspection Test</r3ActTypeDes><recDate>2015-06-07T12:17:32-06:00</recDate><recFulNam>Accela Administrator</recFulNam><recStatus>A</recStatus><refTaskStatusI18NModels/></r3statyp><r3statyp><r3ActStatCod>SCODE11</r3ActStatCod><r3ProcessCode>FIRE_GENERAL</r3ProcessCode><servProvCode>BPTDEV</servProvCode><displayInAca>Y</displayInAca><r3ActStatDes>In Progress</r3ActStatDes><r3ActStatFlg>U</r3ActStatFlg><r3ActTypeDes>Issue Report</r3ActTypeDes><recDate>2015-06-07T12:17:32-06:00</recDate><recFulNam>Accela Administrator</recFulNam><recStatus>A</recStatus><refTaskStatusI18NModels/></r3statyp><r3statyp><r3ActStatCod>SCODE4</r3ActStatCod><r3ProcessCode>FIRE_GENERAL</r3ProcessCode><servProvCode>BPTDEV</servProvCode><applicationStatus>Finaled</applicationStatus><displayInAca>Y</displayInAca><r3ActStatDes>Passed</r3ActStatDes><r3ActStatFlg>Y</r3ActStatFlg><r3ActTypeDes>Issue Report</r3ActTypeDes><recDate>2015-06-07T12:17:32-06:00</recDate><recFulNam>Accela Administrator</recFulNam><recStatus>A</recStatus><refTaskStatusI18NModels/></r3statyp><r3statyp><r3ActStatCod>SCODE20</r3ActStatCod><r3ProcessCode>FIRE_GENERAL</r3ProcessCode><servProvCode>BPTDEV</servProvCode><displayInAca>Y</displayInAca><r3ActStatDes>In Progress</r3ActStatDes><r3ActStatFlg>U</r3ActStatFlg><r3ActTypeDes>Permit Issuance</r3ActTypeDes><recDate>2015-06-08T15:46:16-06:00</recDate><recFulNam>Accela Administrator</recFulNam><recStatus>A</recStatus><refTaskStatusI18NModels/></r3statyp><r3statyp><r3ActStatCod>SCODE19</r3ActStatCod><r3ProcessCode>FIRE_GENERAL</r3ProcessCode><servProvCode>BPTDEV</servProvCode><applicationStatus>Issued</applicationStatus><displayInAca>Y</displayInAca><r3ActStatDes>Issued</r3ActStatDes><r3ActStatFlg>Y</r3ActStatFlg><r3ActTypeDes>Permit Issuance</r3ActTypeDes><recDate>2015-06-08T15:46:16-06:00</recDate><recFulNam>Accela Administrator</recFulNam><recStatus>A</recStatus><refTaskStatusI18NModels/></r3statyp><r3statyp><r3ActStatCod>SCODE2</r3ActStatCod><r3ProcessCode>FIRE_GENERAL</r3ProcessCode><servProvCode>BPTDEV</servProvCode><applicationStatus>Plan Approved</applicationStatus><displayInAca>Y</displayInAca><r3ActStatDes>Approved</r3ActStatDes><r3ActStatFlg>Y</r3ActStatFlg><r3ActTypeDes>Plan Check</r3ActTypeDes><recDate>2015-06-07T12:17:32-06:00</recDate><recFulNam>Accela Administrator</recFulNam><recStatus>A</recStatus><refTaskStatusI18NModels/></r3statyp><r3statyp><r3ActStatCod>SCODE14</r3ActStatCod><r3ProcessCode>FIRE_GENERAL</r3ProcessCode><servProvCode>BPTDEV</servProvCode><displayInAca>Y</displayInAca><r3ActStatDes>Approved with Condition</r3ActStatDes><r3ActStatFlg>Y</r3ActStatFlg><r3ActTypeDes>Plan Check</r3ActTypeDes><recDate>2015-06-08T15:46:16-06:00</recDate><recFulNam>Accela Administrator</recFulNam><recStatus>A</recStatus><refTaskStatusI18NModels/></r3statyp><r3statyp><r3ActStatCod>SCODE8</r3ActStatCod><r3ProcessCode>FIRE_GENERAL</r3ProcessCode><servProvCode>BPTDEV</servProvCode><displayInAca>Y</displayInAca><r3ActStatDes>In Progress</r3ActStatDes><r3ActStatFlg>U</r3ActStatFlg><r3ActTypeDes>Plan Check</r3ActTypeDes><recDate>2015-06-07T12:17:32-06:00</recDate><recFulNam>Accela Administrator</recFulNam><recStatus>A</recStatus><refTaskStatusI18NModels/></r3statyp><r3statyp><r3ActStatCod>SCODE9</r3ActStatCod><r3ProcessCode>FIRE_GENERAL</r3ProcessCode><servProvCode>BPTDEV</servProvCode><displayInAca>Y</displayInAca><r3ActStatDes>Revision Required</r3ActStatDes><r3ActStatFlg>U</r3ActStatFlg><r3ActTypeDes>Plan Check</r3ActTypeDes><recDate>2015-06-07T12:17:32-06:00</recDate><recFulNam>Accela Administrator</recFulNam><recStatus>A</recStatus><refTaskStatusI18NModels/></r3statyp></r3statypModels><securityFlag>FIRE_GENERAL/%</securityFlag></virProcess>
<virProcess><r1ProcessCode>FIRE_COMPLAINT</r1ProcessCode><servProvCode>BPTDEV</servProvCode><isEmailSettringSelected>Y</isEmailSettringSelected><isSecuritySelected>Y</isSecuritySelected><processEMailSettingModels/><processModels><processModel><r1ProcessCode>FIRE_COMPLAINT</r1ProcessCode><sdStpNum>1</sdStpNum><servProvCode>BPTDEV</servProvCode><asgnAgencyCode>ADMIN</asgnAgencyCode><asgnBureauCode>NA</asgnBureauCode><asgnDivisionCode>NA</asgnDivisionCode><asgnGroupCode>NA</asgnGroupCode><asgnOfficeCode>NA</asgnOfficeCode><asgnSectionCode>NA</asgnSectionCode><auditModel><auditDate>2015-06-08T16:56:16-06:00</auditDate><auditID>Accela Administrator</auditID><auditStatus>A</auditStatus></auditModel><sdAppDes>Pending</sdAppDes><sdNxtId1>013018000000000</sdNxtId1><sdProDes>Complaint Received</sdProDes><sdProId1>010000000000000</sdProId1></processModel><processModel><r1ProcessCode>FIRE_COMPLAINT</r1ProcessCode><sdStpNum>2</sdStpNum><servProvCode>BPTDEV</servProvCode><asgnAgencyCode>ADMIN</asgnAgencyCode><asgnBureauCode>NA</asgnBureauCode><asgnDivisionCode>NA</asgnDivisionCode><asgnGroupCode>NA</asgnGroupCode><asgnOfficeCode>NA</asgnOfficeCode><asgnSectionCode>NA</asgnSectionCode><auditModel><auditDate>2015-05-22T08:40:05-06:00</auditDate><auditID>Accela Administrator</auditID><auditStatus>A</auditStatus></auditModel><sdNxtId1>015018000000000</sdNxtId1><sdProDes>Investigation</sdProDes><sdProId1>013000000000000</sdProId1></processModel><processModel><r1ProcessCode>FIRE_COMPLAINT</r1ProcessCode><sdStpNum>3</sdStpNum><servProvCode>BPTDEV</servProvCode><asgnAgencyCode>ADMIN</asgnAgencyCode><asgnBureauCode>NA</asgnBureauCode><asgnDivisionCode>NA</asgnDivisionCode><asgnGroupCode>NA</asgnGroupCode><asgnOfficeCode>NA</asgnOfficeCode><asgnSectionCode>NA</asgnSectionCode><auditModel><auditDate>2015-05-22T08:40:05-06:00</auditDate><auditID>Accela Administrator</auditID><auditStatus>A</auditStatus></auditModel><sdNxtId1>017018000000000</sdNxtId1><sdProDes>Enforcement</sdProDes><sdProId1>015000000000000</sdProId1></processModel><processModel><r1ProcessCode>FIRE_COMPLAINT</r1ProcessCode><sdStpNum>4</sdStpNum><servProvCode>BPTDEV</servProvCode><asgnAgencyCode>ADMIN</asgnAgencyCode><asgnBureauCode>NA</asgnBureauCode><asgnDivisionCode>NA</asgnDivisionCode><asgnGroupCode>NA</asgnGroupCode><asgnOfficeCode>NA</asgnOfficeCode><asgnSectionCode>NA</asgnSectionCode><auditModel><auditDate>2015-05-22T08:40:05-06:00</auditDate><auditID>Accela Administrator</auditID><auditStatus>A</auditStatus></auditModel><sdNxtId1>018000000000000</sdNxtId1><sdProDes>Compliance</sdProDes><sdProId1>017000000000000</sdProId1></processModel><processModel><r1ProcessCode>FIRE_COMPLAINT</r1ProcessCode><sdStpNum>5</sdStpNum><servProvCode>BPTDEV</servProvCode><asgnAgencyCode>ADMIN</asgnAgencyCode><asgnBureauCode>NA</asgnBureauCode><asgnDivisionCode>NA</asgnDivisionCode><asgnGroupCode>NA</asgnGroupCode><asgnOfficeCode>NA</asgnOfficeCode><asgnSectionCode>NA</asgnSectionCode><auditModel><auditDate>2015-05-22T08:40:05-06:00</auditDate><auditID>Accela Administrator</auditID><auditStatus>A</auditStatus></auditModel><sdNxtId1>000000000000000</sdNxtId1><sdProDes>Close</sdProDes><sdProId1>018000000000000</sdProId1></processModel></processModels><processSecurityModels/><r3statypModels><r3statyp><r3ActStatCod>SCODE5</r3ActStatCod><r3ProcessCode>FIRE_COMPLAINT</r3ProcessCode><servProvCode>BPTDEV</servProvCode><applicationStatus>Closed</applicationStatus><displayInAca>Y</displayInAca><r3ActStatDes>Closed</r3ActStatDes><r3ActStatFlg>Y</r3ActStatFlg><r3ActTypeDes>Close</r3ActTypeDes><recDate>2015-05-22T08:40:05-06:00</recDate><recFulNam>Accela Administrator</recFulNam><recStatus>A</recStatus><refTaskStatusI18NModels/></r3statyp><r3statyp><r3ActStatCod>SCODE6</r3ActStatCod><r3ProcessCode>FIRE_COMPLAINT</r3ProcessCode><servProvCode>BPTDEV</servProvCode><displayInAca>Y</displayInAca><r3ActStatDes>Additional Info Required</r3ActStatDes><r3ActStatFlg>U</r3ActStatFlg><r3ActTypeDes>Complaint Received</r3ActTypeDes><recDate>2015-05-22T08:40:05-06:00</recDate><recFulNam>Accela Administrator</recFulNam><recStatus>A</recStatus><refTaskStatusI18NModels/></r3statyp><r3statyp><r3ActStatCod>SCODE7</r3ActStatCod><r3ProcessCode>FIRE_COMPLAINT</r3ProcessCode><servProvCode>BPTDEV</servProvCode><displayInAca>Y</displayInAca><r3ActStatDes>In Progress</r3ActStatDes><r3ActStatFlg>U</r3ActStatFlg><r3ActTypeDes>Complaint Received</r3ActTypeDes><recDate>2015-05-22T08:40:05-06:00</recDate><recFulNam>Accela Administrator</recFulNam><recStatus>A</recStatus><refTaskStatusI18NModels/></r3statyp><r3statyp><r3ActStatCod>SCODE18</r3ActStatCod><r3ProcessCode>FIRE_COMPLAINT</r3ProcessCode><servProvCode>BPTDEV</servProvCode><displayInAca>Y</displayInAca><r3ActStatDes>Pending</r3ActStatDes><r3ActStatFlg>U</r3ActStatFlg><r3ActTypeDes>Complaint Received</r3ActTypeDes><recDate>2015-06-08T16:56:16-06:00</recDate><recFulNam>Accela Administrator</recFulNam><recStatus>A</recStatus><refTaskStatusI18NModels/></r3statyp><r3statyp><r3ActStatCod>SCODE1</r3ActStatCod><r3ProcessCode>FIRE_COMPLAINT</r3ProcessCode><servProvCode>BPTDEV</servProvCode><applicationStatus>Complaint Received</applicationStatus><displayInAca>Y</displayInAca><r3ActStatDes>Received</r3ActStatDes><r3ActStatFlg>Y</r3ActStatFlg><r3ActTypeDes>Complaint Received</r3ActTypeDes><recDate>2015-05-22T08:40:05-06:00</recDate><recFulNam>Accela Administrator</recFulNam><recStatus>A</recStatus><refTaskStatusI18NModels/></r3statyp><r3statyp><r3ActStatCod>SCODE15</r3ActStatCod><r3ProcessCode>FIRE_COMPLAINT</r3ProcessCode><servProvCode>BPTDEV</servProvCode><applicationStatus>Withdrawn</applicationStatus><displayInAca>Y</displayInAca><r3ActStatDes>Void</r3ActStatDes><r3ActStatFlg>B</r3ActStatFlg><r3ActTypeDes>Complaint Received</r3ActTypeDes><recDate>2015-05-22T08:40:05-06:00</recDate><recFulNam>Accela Administrator</recFulNam><recStatus>A</recStatus><refTaskStatusI18NModels/></r3statyp><r3statyp><r3ActStatCod>SCODE14</r3ActStatCod><r3ProcessCode>FIRE_COMPLAINT</r3ProcessCode><servProvCode>BPTDEV</servProvCode><applicationStatus>Void</applicationStatus><displayInAca>Y</displayInAca><r3ActStatDes>Withdrawn</r3ActStatDes><r3ActStatFlg>B</r3ActStatFlg><r3ActTypeDes>Complaint Received</r3ActTypeDes><recDate>2015-05-22T08:40:05-06:00</recDate><recFulNam>Accela Administrator</recFulNam><recStatus>A</recStatus><refTaskStatusI18NModels/></r3statyp><r3statyp><r3ActStatCod>SCODE4</r3ActStatCod><r3ProcessCode>FIRE_COMPLAINT</r3ProcessCode><servProvCode>BPTDEV</servProvCode><applicationStatus>Violation Corrected</applicationStatus><displayInAca>Y</displayInAca><r3ActStatDes>Complied</r3ActStatDes><r3ActStatFlg>Y</r3ActStatFlg><r3ActTypeDes>Compliance</r3ActTypeDes><recDate>2015-05-22T08:40:05-06:00</recDate><recFulNam>Accela Administrator</recFulNam><recStatus>A</recStatus><refTaskStatusI18NModels/></r3statyp><r3statyp><r3ActStatCod>SCODE12</r3ActStatCod><r3ProcessCode>FIRE_COMPLAINT</r3ProcessCode><servProvCode>BPTDEV</servProvCode><displayInAca>Y</displayInAca><r3ActStatDes>In Progress</r3ActStatDes><r3ActStatFlg>U</r3ActStatFlg><r3ActTypeDes>Compliance</r3ActTypeDes><recDate>2015-05-22T08:40:05-06:00</recDate><recFulNam>Accela Administrator</recFulNam><recStatus>A</recStatus><refTaskStatusI18NModels/></r3statyp><r3statyp><r3ActStatCod>SCODE13</r3ActStatCod><r3ProcessCode>FIRE_COMPLAINT</r3ProcessCode><servProvCode>BPTDEV</servProvCode><displayInAca>Y</displayInAca><r3ActStatDes>Non-Compliant</r3ActStatDes><r3ActStatFlg>U</r3ActStatFlg><r3ActTypeDes>Compliance</r3ActTypeDes><recDate>2015-05-22T08:40:05-06:00</recDate><recFulNam>Accela Administrator</recFulNam><recStatus>A</recStatus><refTaskStatusI18NModels/></r3statyp><r3statyp><r3ActStatCod>SCODE3</r3ActStatCod><r3ProcessCode>FIRE_COMPLAINT</r3ProcessCode><servProvCode>BPTDEV</servProvCode><applicationStatus>Citation Issued</applicationStatus><displayInAca>Y</displayInAca><r3ActStatDes>Citation Issued</r3ActStatDes><r3ActStatFlg>Y</r3ActStatFlg><r3ActTypeDes>Enforcement</r3ActTypeDes><recDate>2015-05-22T08:40:05-06:00</recDate><recFulNam>Accela Administrator</recFulNam><recStatus>A</recStatus><refTaskStatusI18NModels/></r3statyp><r3statyp><r3ActStatCod>SCODE11</r3ActStatCod><r3ProcessCode>FIRE_COMPLAINT</r3ProcessCode><servProvCode>BPTDEV</servProvCode><displayInAca>Y</displayInAca><r3ActStatDes>Correction Notice Sent</r3ActStatDes><r3ActStatFlg>U</r3ActStatFlg><r3ActTypeDes>Enforcement</r3ActTypeDes><recDate>2015-05-22T08:40:05-06:00</recDate><recFulNam>Accela Administrator</recFulNam><recStatus>A</recStatus><refTaskStatusI18NModels/></r3statyp><r3statyp><r3ActStatCod>SCODE9</r3ActStatCod><r3ProcessCode>FIRE_COMPLAINT</r3ProcessCode><servProvCode>BPTDEV</servProvCode><displayInAca>Y</displayInAca><r3ActStatDes>Final Notice Sent</r3ActStatDes><r3ActStatFlg>U</r3ActStatFlg><r3ActTypeDes>Enforcement</r3ActTypeDes><recDate>2015-05-22T08:40:05-06:00</recDate><recFulNam>Accela Administrator</recFulNam><recStatus>A</recStatus><refTaskStatusI18NModels/></r3statyp><r3statyp><r3ActStatCod>SCODE10</r3ActStatCod><r3ProcessCode>FIRE_COMPLAINT</r3ProcessCode><servProvCode>BPTDEV</servProvCode><displayInAca>Y</displayInAca><r3ActStatDes>Notice of Intent Letter Sent</r3ActStatDes><r3ActStatFlg>U</r3ActStatFlg><r3ActTypeDes>Enforcement</r3ActTypeDes><recDate>2015-05-22T08:40:05-06:00</recDate><recFulNam>Accela Administrator</recFulNam><recStatus>A</recStatus><refTaskStatusI18NModels/></r3statyp><r3statyp><r3ActStatCod>SCODE17</r3ActStatCod><r3ProcessCode>FIRE_COMPLAINT</r3ProcessCode><servProvCode>BPTDEV</servProvCode><displayInAca>Y</displayInAca><r3ActStatDes>Violation Correction</r3ActStatDes><r3ActStatFlg>B</r3ActStatFlg><r3ActTypeDes>Enforcement</r3ActTypeDes><recDate>2015-05-22T08:40:05-06:00</recDate><recFulNam>Accela Administrator</recFulNam><recStatus>A</recStatus><refTaskStatusI18NModels/></r3statyp><r3statyp><r3ActStatCod>SCODE8</r3ActStatCod><r3ProcessCode>FIRE_COMPLAINT</r3ProcessCode><servProvCode>BPTDEV</servProvCode><displayInAca>Y</displayInAca><r3ActStatDes>In Progress</r3ActStatDes><r3ActStatFlg>U</r3ActStatFlg><r3ActTypeDes>Investigation</r3ActTypeDes><recDate>2015-05-22T08:40:05-06:00</recDate><recFulNam>Accela Administrator</recFulNam><recStatus>A</recStatus><refTaskStatusI18NModels/></r3statyp><r3statyp><r3ActStatCod>SCODE16</r3ActStatCod><r3ProcessCode>FIRE_COMPLAINT</r3ProcessCode><servProvCode>BPTDEV</servProvCode><displayInAca>Y</displayInAca><r3ActStatDes>No Violation</r3ActStatDes><r3ActStatFlg>B</r3ActStatFlg><r3ActTypeDes>Investigation</r3ActTypeDes><recDate>2015-05-22T08:40:05-06:00</recDate><recFulNam>Accela Administrator</recFulNam><recStatus>A</recStatus><refTaskStatusI18NModels/></r3statyp><r3statyp><r3ActStatCod>SCODE2</r3ActStatCod><r3ProcessCode>FIRE_COMPLAINT</r3ProcessCode><servProvCode>BPTDEV</servProvCode><displayInAca>Y</displayInAca><r3ActStatDes>Violation</r3ActStatDes><r3ActStatFlg>Y</r3ActStatFlg><r3ActTypeDes>Investigation</r3ActTypeDes><recDate>2015-05-22T08:40:05-06:00</recDate><recFulNam>Accela Administrator</recFulNam><recStatus>A</recStatus><refTaskStatusI18NModels/></r3statyp></r3statypModels><securityFlag>FIRE_COMPLAINT/%</securityFlag></virProcess>
<virProcess><r1ProcessCode>FIRE_BL</r1ProcessCode><servProvCode>BPTDEV</servProvCode><isEmailSettringSelected>Y</isEmailSettringSelected><isSecuritySelected>Y</isSecuritySelected><processEMailSettingModels/><processModels><processModel><r1ProcessCode>FIRE_BL</r1ProcessCode><sdStpNum>1</sdStpNum><servProvCode>BPTDEV</servProvCode><asgnAgencyCode>ADMIN</asgnAgencyCode><asgnBureauCode>NA</asgnBureauCode><asgnDivisionCode>NA</asgnDivisionCode><asgnGroupCode>NA</asgnGroupCode><asgnOfficeCode>NA</asgnOfficeCode><asgnSectionCode>NA</asgnSectionCode><auditModel><auditDate>2015-06-08T16:42:02-06:00</auditDate><auditID>Accela Administrator</auditID><auditStatus>A</auditStatus></auditModel><sdAppDes>Pending</sdAppDes><sdNxtId1>013018000000000</sdNxtId1><sdProDes>Application Submittal</sdProDes><sdProId1>010000000000000</sdProId1></processModel><processModel><r1ProcessCode>FIRE_BL</r1ProcessCode><sdStpNum>2</sdStpNum><servProvCode>BPTDEV</servProvCode><asgnAgencyCode>ADMIN</asgnAgencyCode><asgnBureauCode>NA</asgnBureauCode><asgnDivisionCode>NA</asgnDivisionCode><asgnGroupCode>NA</asgnGroupCode><asgnOfficeCode>NA</asgnOfficeCode><asgnSectionCode>NA</asgnSectionCode><auditModel><auditDate>2015-06-08T16:27:18-06:00</auditDate><auditID>Accela Administrator</auditID><auditStatus>A</auditStatus></auditModel><sdNxtId1>015000000000000</sdNxtId1><sdProDes>Plan Check</sdProDes><sdProId1>013000000000000</sdProId1></processModel><processModel><r1ProcessCode>FIRE_BL</r1ProcessCode><sdStpNum>3</sdStpNum><servProvCode>BPTDEV</servProvCode><asgnAgencyCode>ADMIN</asgnAgencyCode><asgnBureauCode>NA</asgnBureauCode><asgnDivisionCode>NA</asgnDivisionCode><asgnGroupCode>NA</asgnGroupCode><asgnOfficeCode>NA</asgnOfficeCode><asgnSectionCode>NA</asgnSectionCode><auditModel><auditDate>2015-05-21T06:30:32-06:00</auditDate><auditID>Accela Administrator</auditID><auditStatus>A</auditStatus></auditModel><sdNxtId1>017000000000000</sdNxtId1><sdProDes>Inspection</sdProDes><sdProId1>015000000000000</sdProId1></processModel><processModel><r1ProcessCode>FIRE_BL</r1ProcessCode><sdStpNum>4</sdStpNum><servProvCode>BPTDEV</servProvCode><asgnAgencyCode>ADMIN</asgnAgencyCode><asgnBureauCode>NA</asgnBureauCode><asgnDivisionCode>NA</asgnDivisionCode><asgnGroupCode>NA</asgnGroupCode><asgnOfficeCode>NA</asgnOfficeCode><asgnSectionCode>NA</asgnSectionCode><auditModel><auditDate>2015-05-21T06:30:32-06:00</auditDate><auditID>Accela Administrator</auditID><auditStatus>A</auditStatus></auditModel><sdNxtId1>018000000000000</sdNxtId1><sdProDes>Sign-Off</sdProDes><sdProId1>017000000000000</sdProId1></processModel><processModel><r1ProcessCode>FIRE_BL</r1ProcessCode><sdStpNum>5</sdStpNum><servProvCode>BPTDEV</servProvCode><asgnAgencyCode>ADMIN</asgnAgencyCode><asgnBureauCode>NA</asgnBureauCode><asgnDivisionCode>NA</asgnDivisionCode><asgnGroupCode>NA</asgnGroupCode><asgnOfficeCode>NA</asgnOfficeCode><asgnSectionCode>NA</asgnSectionCode><auditModel><auditDate>2015-05-21T06:30:32-06:00</auditDate><auditID>Accela Administrator</auditID><auditStatus>A</auditStatus></auditModel><sdNxtId1>000000000000000</sdNxtId1><sdProDes>Close</sdProDes><sdProId1>018000000000000</sdProId1></processModel></processModels><processSecurityModels/><r3statypModels><r3statyp><r3ActStatCod>SCODE9</r3ActStatCod><r3ProcessCode>FIRE_BL</r3ProcessCode><servProvCode>BPTDEV</servProvCode><applicationStatus>Application Accepted</applicationStatus><displayInAca>Y</displayInAca><r3ActStatDes>Accepted</r3ActStatDes><r3ActStatFlg>Y</r3ActStatFlg><r3ActTypeDes>Application Submittal</r3ActTypeDes><recDate>2015-05-21T06:30:32-06:00</recDate><recFulNam>Accela Administrator</recFulNam><recStatus>A</recStatus><refTaskStatusI18NModels/></r3statyp><r3statyp><r3ActStatCod>SCODE1</r3ActStatCod><r3ProcessCode>FIRE_BL</r3ProcessCode><servProvCode>BPTDEV</servProvCode><displayInAca>Y</displayInAca><r3ActStatDes>Additional Info Required</r3ActStatDes><r3ActStatFlg>U</r3ActStatFlg><r3ActTypeDes>Application Submittal</r3ActTypeDes><recDate>2015-05-21T06:30:32-06:00</recDate><recFulNam>Accela Administrator</recFulNam><recStatus>A</recStatus><refTaskStatusI18NModels/></r3statyp><r3statyp><r3ActStatCod>SCODE2</r3ActStatCod><r3ProcessCode>FIRE_BL</r3ProcessCode><servProvCode>BPTDEV</servProvCode><displayInAca>Y</displayInAca><r3ActStatDes>In Progress</r3ActStatDes><r3ActStatFlg>U</r3ActStatFlg><r3ActTypeDes>Application Submittal</r3ActTypeDes><recDate>2015-05-21T06:30:32-06:00</recDate><recFulNam>Accela Administrator</recFulNam><recStatus>A</recStatus><refTaskStatusI18NModels/></r3statyp><r3statyp><r3ActStatCod>SCODE16</r3ActStatCod><r3ProcessCode>FIRE_BL</r3ProcessCode><servProvCode>BPTDEV</servProvCode><displayInAca>Y</displayInAca><r3ActStatDes>Pending</r3ActStatDes><r3ActStatFlg>U</r3ActStatFlg><r3ActTypeDes>Application Submittal</r3ActTypeDes><recDate>2015-06-08T16:42:02-06:00</recDate><recFulNam>Accela Administrator</recFulNam><recStatus>A</recStatus><refTaskStatusI18NModels/></r3statyp><r3statyp><r3ActStatCod>SCODE8</r3ActStatCod><r3ProcessCode>FIRE_BL</r3ProcessCode><servProvCode>BPTDEV</servProvCode><applicationStatus>Withdrawn</applicationStatus><displayInAca>Y</displayInAca><r3ActStatDes>Void</r3ActStatDes><r3ActStatFlg>B</r3ActStatFlg><r3ActTypeDes>Application Submittal</r3ActTypeDes><recDate>2015-05-21T06:30:32-06:00</recDate><recFulNam>Accela Administrator</recFulNam><recStatus>A</recStatus><refTaskStatusI18NModels/></r3statyp><r3statyp><r3ActStatCod>SCODE7</r3ActStatCod><r3ProcessCode>FIRE_BL</r3ProcessCode><servProvCode>BPTDEV</servProvCode><applicationStatus>Void</applicationStatus><displayInAca>Y</displayInAca><r3ActStatDes>Withdrawn</r3ActStatDes><r3ActStatFlg>B</r3ActStatFlg><r3ActTypeDes>Application Submittal</r3ActTypeDes><recDate>2015-05-21T06:30:32-06:00</recDate><recFulNam>Accela Administrator</recFulNam><recStatus>A</recStatus><refTaskStatusI18NModels/></r3statyp><r3statyp><r3ActStatCod>SCODE14</r3ActStatCod><r3ProcessCode>FIRE_BL</r3ProcessCode><servProvCode>BPTDEV</servProvCode><applicationStatus>Approved</applicationStatus><displayInAca>Y</displayInAca><r3ActStatDes>Approved</r3ActStatDes><r3ActStatFlg>Y</r3ActStatFlg><r3ActTypeDes>Close</r3ActTypeDes><recDate>2015-05-21T06:30:32-06:00</recDate><recFulNam>Accela Administrator</recFulNam><recStatus>A</recStatus><refTaskStatusI18NModels/></r3statyp><r3statyp><r3ActStatCod>SCODE13</r3ActStatCod><r3ProcessCode>FIRE_BL</r3ProcessCode><servProvCode>BPTDEV</servProvCode><applicationStatus>Approved</applicationStatus><displayInAca>Y</displayInAca><r3ActStatDes>Not Approved</r3ActStatDes><r3ActStatFlg>Y</r3ActStatFlg><r3ActTypeDes>Close</r3ActTypeDes><recDate>2015-05-21T06:30:32-06:00</recDate><recFulNam>Accela Administrator</recFulNam><recStatus>A</recStatus><refTaskStatusI18NModels/></r3statyp><r3statyp><r3ActStatCod>SCODE11</r3ActStatCod><r3ProcessCode>FIRE_BL</r3ProcessCode><servProvCode>BPTDEV</servProvCode><displayInAca>Y</displayInAca><r3ActStatDes>Completed</r3ActStatDes><r3ActStatFlg>Y</r3ActStatFlg><r3ActTypeDes>Inspection</r3ActTypeDes><recDate>2015-05-21T06:30:32-06:00</recDate><recFulNam>Accela Administrator</recFulNam><recStatus>A</recStatus><refTaskStatusI18NModels/></r3statyp><r3statyp><r3ActStatCod>SCODE5</r3ActStatCod><r3ProcessCode>FIRE_BL</r3ProcessCode><servProvCode>BPTDEV</servProvCode><displayInAca>Y</displayInAca><r3ActStatDes>In Progress</r3ActStatDes><r3ActStatFlg>U</r3ActStatFlg><r3ActTypeDes>Inspection</r3ActTypeDes><recDate>2015-05-21T06:30:32-06:00</recDate><recFulNam>Accela Administrator</recFulNam><recStatus>A</recStatus><refTaskStatusI18NModels/></r3statyp><r3statyp><r3ActStatCod>SCODE10</r3ActStatCod><r3ProcessCode>FIRE_BL</r3ProcessCode><servProvCode>BPTDEV</servProvCode><applicationStatus>Plan Approved</applicationStatus><displayInAca>Y</displayInAca><r3ActStatDes>Approved</r3ActStatDes><r3ActStatFlg>Y</r3ActStatFlg><r3ActTypeDes>Plan Check</r3ActTypeDes><recDate>2015-05-21T06:30:32-06:00</recDate><recFulNam>Accela Administrator</recFulNam><recStatus>A</recStatus><refTaskStatusI18NModels/></r3statyp><r3statyp><r3ActStatCod>SCODE15</r3ActStatCod><r3ProcessCode>FIRE_BL</r3ProcessCode><servProvCode>BPTDEV</servProvCode><displayInAca>Y</displayInAca><r3ActStatDes>Approved with Condition</r3ActStatDes><r3ActStatFlg>Y</r3ActStatFlg><r3ActTypeDes>Plan Check</r3ActTypeDes><recDate>2015-06-08T16:27:18-06:00</recDate><recFulNam>Accela Administrator</recFulNam><recStatus>A</recStatus><refTaskStatusI18NModels/></r3statyp><r3statyp><r3ActStatCod>SCODE3</r3ActStatCod><r3ProcessCode>FIRE_BL</r3ProcessCode><servProvCode>BPTDEV</servProvCode><displayInAca>Y</displayInAca><r3ActStatDes>In Progress</r3ActStatDes><r3ActStatFlg>U</r3ActStatFlg><r3ActTypeDes>Plan Check</r3ActTypeDes><recDate>2015-05-21T06:30:32-06:00</recDate><recFulNam>Accela Administrator</recFulNam><recStatus>A</recStatus><refTaskStatusI18NModels/></r3statyp><r3statyp><r3ActStatCod>SCODE4</r3ActStatCod><r3ProcessCode>FIRE_BL</r3ProcessCode><servProvCode>BPTDEV</servProvCode><displayInAca>Y</displayInAca><r3ActStatDes>Revision Required</r3ActStatDes><r3ActStatFlg>U</r3ActStatFlg><r3ActTypeDes>Plan Check</r3ActTypeDes><recDate>2015-05-21T06:30:32-06:00</recDate><recFulNam>Accela Administrator</recFulNam><recStatus>A</recStatus><refTaskStatusI18NModels/></r3statyp><r3statyp><r3ActStatCod>SCODE12</r3ActStatCod><r3ProcessCode>FIRE_BL</r3ProcessCode><servProvCode>BPTDEV</servProvCode><applicationStatus>Approved</applicationStatus><displayInAca>Y</displayInAca><r3ActStatDes>Completed</r3ActStatDes><r3ActStatFlg>Y</r3ActStatFlg><r3ActTypeDes>Sign-Off</r3ActTypeDes><recDate>2015-05-21T06:30:32-06:00</recDate><recFulNam>Accela Administrator</recFulNam><recStatus>A</recStatus><refTaskStatusI18NModels/></r3statyp><r3statyp><r3ActStatCod>SCODE6</r3ActStatCod><r3ProcessCode>FIRE_BL</r3ProcessCode><servProvCode>BPTDEV</servProvCode><displayInAca>Y</displayInAca><r3ActStatDes>In Progress</r3ActStatDes><r3ActStatFlg>U</r3ActStatFlg><r3ActTypeDes>Sign-Off</r3ActTypeDes><recDate>2015-05-21T06:30:32-06:00</recDate><recFulNam>Accela Administrator</recFulNam><recStatus>A</recStatus><refTaskStatusI18NModels/></r3statyp></r3statypModels><securityFlag>FIRE_BL/%</securityFlag></virProcess>
<virProcess><r1ProcessCode>FIRE_AI</r1ProcessCode><servProvCode>BPTDEV</servProvCode><isEmailSettringSelected>Y</isEmailSettringSelected><isSecuritySelected>Y</isSecuritySelected><processEMailSettingModels/><processModels><processModel><r1ProcessCode>FIRE_AI</r1ProcessCode><sdStpNum>1</sdStpNum><servProvCode>BPTDEV</servProvCode><asgnAgencyCode>ADMIN</asgnAgencyCode><asgnBureauCode>NA</asgnBureauCode><asgnDivisionCode>NA</asgnDivisionCode><asgnGroupCode>NA</asgnGroupCode><asgnOfficeCode>NA</asgnOfficeCode><asgnSectionCode>NA</asgnSectionCode><auditModel><auditDate>2015-06-08T16:51:04-06:00</auditDate><auditID>Accela Administrator</auditID><auditStatus>A</auditStatus></auditModel><sdAppDes>Pending</sdAppDes><sdNxtId1>013014000000000</sdNxtId1><sdProDes>Administrative Review</sdProDes><sdProId1>010000000000000</sdProId1></processModel><processModel><r1ProcessCode>FIRE_AI</r1ProcessCode><sdStpNum>2</sdStpNum><servProvCode>BPTDEV</servProvCode><asgnAgencyCode>ADMIN</asgnAgencyCode><asgnBureauCode>NA</asgnBureauCode><asgnDivisionCode>NA</asgnDivisionCode><asgnGroupCode>NA</asgnGroupCode><asgnOfficeCode>NA</asgnOfficeCode><asgnSectionCode>NA</asgnSectionCode><auditModel><auditDate>2015-05-21T13:06:24-06:00</auditDate><auditID>Accela Administrator</auditID><auditStatus>A</auditStatus></auditModel><sdNxtId1>014000000000000</sdNxtId1><sdProDes>Inspection</sdProDes><sdProId1>013000000000000</sdProId1></processModel><processModel><r1ProcessCode>FIRE_AI</r1ProcessCode><sdStpNum>3</sdStpNum><servProvCode>BPTDEV</servProvCode><asgnAgencyCode>ADMIN</asgnAgencyCode><asgnBureauCode>NA</asgnBureauCode><asgnDivisionCode>NA</asgnDivisionCode><asgnGroupCode>NA</asgnGroupCode><asgnOfficeCode>NA</asgnOfficeCode><asgnSectionCode>NA</asgnSectionCode><auditModel><auditDate>2015-05-21T13:06:24-06:00</auditDate><auditID>Accela Administrator</auditID><auditStatus>A</auditStatus></auditModel><sdNxtId1>000000000000000</sdNxtId1><sdProDes>Close</sdProDes><sdProId1>014000000000000</sdProId1></processModel></processModels><processSecurityModels/><r3statypModels><r3statyp><r3ActStatCod>SCODE6</r3ActStatCod><r3ProcessCode>FIRE_AI</r3ProcessCode><servProvCode>BPTDEV</servProvCode><displayInAca>Y</displayInAca><r3ActStatDes>Additional Info Required</r3ActStatDes><r3ActStatFlg>U</r3ActStatFlg><r3ActTypeDes>Administrative Review</r3ActTypeDes><recDate>2015-05-21T13:06:24-06:00</recDate><recFulNam>Accela Administrator</recFulNam><recStatus>A</recStatus><refTaskStatusI18NModels/></r3statyp><r3statyp><r3ActStatCod>SCODE1</r3ActStatCod><r3ProcessCode>FIRE_AI</r3ProcessCode><servProvCode>BPTDEV</servProvCode><applicationStatus>Application Accepted</applicationStatus><displayInAca>Y</displayInAca><r3ActStatDes>Complete</r3ActStatDes><r3ActStatFlg>Y</r3ActStatFlg><r3ActTypeDes>Administrative Review</r3ActTypeDes><recDate>2015-05-21T13:06:24-06:00</recDate><recFulNam>Accela Administrator</recFulNam><recStatus>A</recStatus><refTaskStatusI18NModels/></r3statyp><r3statyp><r3ActStatCod>SCODE7</r3ActStatCod><r3ProcessCode>FIRE_AI</r3ProcessCode><servProvCode>BPTDEV</servProvCode><displayInAca>Y</displayInAca><r3ActStatDes>In Progress</r3ActStatDes><r3ActStatFlg>U</r3ActStatFlg><r3ActTypeDes>Administrative Review</r3ActTypeDes><recDate>2015-05-21T13:06:24-06:00</recDate><recFulNam>Accela Administrator</recFulNam><recStatus>A</recStatus><refTaskStatusI18NModels/></r3statyp><r3statyp><r3ActStatCod>SCODE5</r3ActStatCod><r3ProcessCode>FIRE_AI</r3ProcessCode><servProvCode>BPTDEV</servProvCode><applicationStatus>Inactive</applicationStatus><displayInAca>Y</displayInAca><r3ActStatDes>Inactive</r3ActStatDes><r3ActStatFlg>B</r3ActStatFlg><r3ActTypeDes>Administrative Review</r3ActTypeDes><recDate>2015-05-21T13:06:24-06:00</recDate><recFulNam>Accela Administrator</recFulNam><recStatus>A</recStatus><refTaskStatusI18NModels/></r3statyp><r3statyp><r3ActStatCod>SCODE9</r3ActStatCod><r3ProcessCode>FIRE_AI</r3ProcessCode><servProvCode>BPTDEV</servProvCode><displayInAca>Y</displayInAca><r3ActStatDes>Pending</r3ActStatDes><r3ActStatFlg>U</r3ActStatFlg><r3ActTypeDes>Administrative Review</r3ActTypeDes><recDate>2015-06-08T16:51:04-06:00</recDate><recFulNam>Accela Administrator</recFulNam><recStatus>A</recStatus><refTaskStatusI18NModels/></r3statyp><r3statyp><r3ActStatCod>SCODE3</r3ActStatCod><r3ProcessCode>FIRE_AI</r3ProcessCode><servProvCode>BPTDEV</servProvCode><applicationStatus>Closed</applicationStatus><displayInAca>Y</displayInAca><r3ActStatDes>Closed</r3ActStatDes><r3ActStatFlg>Y</r3ActStatFlg><r3ActTypeDes>Close</r3ActTypeDes><recDate>2015-05-21T13:06:24-06:00</recDate><recFulNam>Accela Administrator</recFulNam><recStatus>A</recStatus><refTaskStatusI18NModels/></r3statyp><r3statyp><r3ActStatCod>SCODE4</r3ActStatCod><r3ProcessCode>FIRE_AI</r3ProcessCode><servProvCode>BPTDEV</servProvCode><applicationStatus>Inactive</applicationStatus><displayInAca>Y</displayInAca><r3ActStatDes>Inactive</r3ActStatDes><r3ActStatFlg>Y</r3ActStatFlg><r3ActTypeDes>Close</r3ActTypeDes><recDate>2015-05-21T13:06:24-06:00</recDate><recFulNam>Accela Administrator</recFulNam><recStatus>A</recStatus><refTaskStatusI18NModels/></r3statyp><r3statyp><r3ActStatCod>SCODE8</r3ActStatCod><r3ProcessCode>FIRE_AI</r3ProcessCode><servProvCode>BPTDEV</servProvCode><displayInAca>Y</displayInAca><r3ActStatDes>In Progress</r3ActStatDes><r3ActStatFlg>U</r3ActStatFlg><r3ActTypeDes>Inspection</r3ActTypeDes><recDate>2015-05-21T13:06:24-06:00</recDate><recFulNam>Accela Administrator</recFulNam><recStatus>A</recStatus><refTaskStatusI18NModels/></r3statyp><r3statyp><r3ActStatCod>SCODE2</r3ActStatCod><r3ProcessCode>FIRE_AI</r3ProcessCode><servProvCode>BPTDEV</servProvCode><applicationStatus>Finaled</applicationStatus><displayInAca>Y</displayInAca><r3ActStatDes>Passed</r3ActStatDes><r3ActStatFlg>Y</r3ActStatFlg><r3ActTypeDes>Inspection</r3ActTypeDes><recDate>2015-05-21T13:06:24-06:00</recDate><recFulNam>Accela Administrator</recFulNam><recStatus>A</recStatus><refTaskStatusI18NModels/></r3statyp></r3statypModels><securityFlag>FIRE_AI/%</securityFlag></virProcess>
</list>