<?xml version="1.0" encoding="UTF-8" standalone="yes"?>
<list  version="8.0.0" minorVersion="21" exportUser="ADMIN" exportDateTime="07/28/2016 05:28 AM" description="null"><asiGroup><appSpecInfoGroupCode>BLD_SOLAR</appSpecInfoGroupCode><r1CheckboxGroup>APPLICATION</r1CheckboxGroup><serviceProviderCode>MUNI1</serviceProviderCode><asiModels><asiModel><r1CheckboxCode>BLD_SOLAR</r1CheckboxCode><r1CheckboxDesc>Application Expiration Date</r1CheckboxDesc><r1CheckboxGroup>APPLICATION</r1CheckboxGroup><r1CheckboxType>PERMIT DATES</r1CheckboxType><servProvCode>MUNI1</servProvCode><asiDropdownModels/><displayLength>0</displayLength><locationQueryFlag>N</locationQueryFlag><maxLength>0</maxLength><r1AttributeValueReqFlag>N</r1AttributeValueReqFlag><r1CheckboxInd>2</r1CheckboxInd><r1DisplayOrder>20</r1DisplayOrder><r1GroupDisplayOrder>20</r1GroupDisplayOrder><r1ReqFeeCalc>N</r1ReqFeeCalc><r1SearchableFlag>Y</r1SearchableFlag><r1SearchableForAca>Y</r1SearchableForAca><r1SupervisorEditOnlyFlag>N</r1SupervisorEditOnlyFlag><r1TableGroupName>BLD_SOLAR</r1TableGroupName><recDate>2016-03-25T11:32:54-07:00</recDate><recFulNam>ADMIN</recFulNam><recStatus>A</recStatus><vchDispFlag>H</vchDispFlag></asiModel><asiModel><r1CheckboxCode>BLD_SOLAR</r1CheckboxCode><r1CheckboxDesc>Permit Expiration Date</r1CheckboxDesc><r1CheckboxGroup>APPLICATION</r1CheckboxGroup><r1CheckboxType>PERMIT DATES</r1CheckboxType><servProvCode>MUNI1</servProvCode><asiDropdownModels/><displayLength>0</displayLength><locationQueryFlag>N</locationQueryFlag><maxLength>0</maxLength><r1AttributeValueReqFlag>N</r1AttributeValueReqFlag><r1CheckboxInd>2</r1CheckboxInd><r1DisplayOrder>30</r1DisplayOrder><r1GroupDisplayOrder>20</r1GroupDisplayOrder><r1ReqFeeCalc>N</r1ReqFeeCalc><r1SearchableFlag>Y</r1SearchableFlag><r1SearchableForAca>Y</r1SearchableForAca><r1SupervisorEditOnlyFlag>N</r1SupervisorEditOnlyFlag><r1TableGroupName>BLD_SOLAR</r1TableGroupName><recDate>2016-03-25T11:32:54-07:00</recDate><recFulNam>ADMIN</recFulNam><recStatus>A</recStatus><vchDispFlag>H</vchDispFlag></asiModel><asiModel><r1CheckboxCode>BLD_SOLAR</r1CheckboxCode><r1CheckboxDesc>Permit Issued Date</r1CheckboxDesc><r1CheckboxGroup>APPLICATION</r1CheckboxGroup><r1CheckboxType>PERMIT DATES</r1CheckboxType><servProvCode>MUNI1</servProvCode><asiDropdownModels/><displayLength>0</displayLength><locationQueryFlag>N</locationQueryFlag><maxLength>0</maxLength><r1AttributeValueReqFlag>N</r1AttributeValueReqFlag><r1CheckboxInd>2</r1CheckboxInd><r1DisplayOrder>25</r1DisplayOrder><r1GroupDisplayOrder>20</r1GroupDisplayOrder><r1ReqFeeCalc>N</r1ReqFeeCalc><r1SearchableFlag>Y</r1SearchableFlag><r1SearchableForAca>Y</r1SearchableForAca><r1SupervisorEditOnlyFlag>N</r1SupervisorEditOnlyFlag><r1TableGroupName>BLD_SOLAR</r1TableGroupName><recDate>2016-03-25T11:32:54-07:00</recDate><recFulNam>ADMIN</recFulNam><recStatus>A</recStatus><vchDispFlag>H</vchDispFlag></asiModel><asiModel><r1CheckboxCode>BLD_SOLAR</r1CheckboxCode><r1CheckboxDesc>Job Cost</r1CheckboxDesc><r1CheckboxGroup>APPLICATION</r1CheckboxGroup><r1CheckboxType>SOLAR SYSTEM INFORMATION</r1CheckboxType><servProvCode>MUNI1</servProvCode><asiDropdownModels/><displayLength>0</displayLength><locationQueryFlag>N</locationQueryFlag><maxLength>0</maxLength><r1AttributeValueReqFlag>Y</r1AttributeValueReqFlag><r1CheckboxInd>8</r1CheckboxInd><r1DisplayOrder>20</r1DisplayOrder><r1GroupDisplayOrder>10</r1GroupDisplayOrder><r1ReqFeeCalc>N</r1ReqFeeCalc><r1SearchableFlag>N</r1SearchableFlag><r1SearchableForAca>N</r1SearchableForAca><r1SupervisorEditOnlyFlag>N</r1SupervisorEditOnlyFlag><r1TableGroupName>BLD_SOLAR</r1TableGroupName><recDate>2016-03-25T11:32:54-07:00</recDate><recFulNam>ADMIN</recFulNam><recStatus>A</recStatus><vchDispFlag>Y</vchDispFlag></asiModel><asiModel><r1CheckboxCode>BLD_SOLAR</r1CheckboxCode><r1CheckboxDesc>Meter ID</r1CheckboxDesc><r1CheckboxGroup>APPLICATION</r1CheckboxGroup><r1CheckboxType>SOLAR SYSTEM INFORMATION</r1CheckboxType><servProvCode>MUNI1</servProvCode><asiDropdownModels/><displayLength>0</displayLength><locationQueryFlag>N</locationQueryFlag><maxLength>0</maxLength><r1AttributeValueReqFlag>N</r1AttributeValueReqFlag><r1CheckboxInd>1</r1CheckboxInd><r1DisplayOrder>10</r1DisplayOrder><r1GroupDisplayOrder>10</r1GroupDisplayOrder><r1ReqFeeCalc>N</r1ReqFeeCalc><r1SearchableFlag>N</r1SearchableFlag><r1SearchableForAca>N</r1SearchableForAca><r1SupervisorEditOnlyFlag>N</r1SupervisorEditOnlyFlag><r1TableGroupName>BLD_SOLAR</r1TableGroupName><recDate>2016-03-25T11:32:54-07:00</recDate><recFulNam>ADMIN</recFulNam><recStatus>A</recStatus><vchDispFlag>N</vchDispFlag></asiModel><asiModel><r1CheckboxCode>BLD_SOLAR</r1CheckboxCode><r1CheckboxDesc>Number of Inverters</r1CheckboxDesc><r1CheckboxGroup>APPLICATION</r1CheckboxGroup><r1CheckboxType>SOLAR SYSTEM INFORMATION</r1CheckboxType><servProvCode>MUNI1</servProvCode><asiDropdownModels/><displayLength>0</displayLength><locationQueryFlag>N</locationQueryFlag><maxLength>0</maxLength><r1AttributeValueReqFlag>Y</r1AttributeValueReqFlag><r1CheckboxDescAlt>Number of Interactive Inverters</r1CheckboxDescAlt><r1CheckboxInd>4</r1CheckboxInd><r1DisplayOrder>50</r1DisplayOrder><r1GroupDisplayOrder>10</r1GroupDisplayOrder><r1ReqFeeCalc>N</r1ReqFeeCalc><r1SearchableFlag>N</r1SearchableFlag><r1SearchableForAca>N</r1SearchableForAca><r1SupervisorEditOnlyFlag>N</r1SupervisorEditOnlyFlag><r1TableGroupName>BLD_SOLAR</r1TableGroupName><recDate>2016-03-25T11:32:54-07:00</recDate><recFulNam>ADMIN</recFulNam><recStatus>A</recStatus><vchDispFlag>Y</vchDispFlag></asiModel><asiModel><r1CheckboxCode>BLD_SOLAR</r1CheckboxCode><r1CheckboxDesc>Number of PV Modules</r1CheckboxDesc><r1CheckboxGroup>APPLICATION</r1CheckboxGroup><r1CheckboxType>SOLAR SYSTEM INFORMATION</r1CheckboxType><servProvCode>MUNI1</servProvCode><asiDropdownModels/><displayLength>0</displayLength><locationQueryFlag>N</locationQueryFlag><maxLength>0</maxLength><r1AttributeValueReqFlag>Y</r1AttributeValueReqFlag><r1CheckboxDescAlt>Number of Roof-mounted Solar PV Modules</r1CheckboxDescAlt><r1CheckboxInd>4</r1CheckboxInd><r1DisplayOrder>40</r1DisplayOrder><r1GroupDisplayOrder>10</r1GroupDisplayOrder><r1ReqFeeCalc>N</r1ReqFeeCalc><r1SearchableFlag>N</r1SearchableFlag><r1SearchableForAca>N</r1SearchableForAca><r1SupervisorEditOnlyFlag>N</r1SupervisorEditOnlyFlag><r1TableGroupName>BLD_SOLAR</r1TableGroupName><recDate>2016-03-25T11:32:54-07:00</recDate><recFulNam>ADMIN</recFulNam><recStatus>A</recStatus><vchDispFlag>Y</vchDispFlag></asiModel><asiModel><r1CheckboxCode>BLD_SOLAR</r1CheckboxCode><r1CheckboxDesc>Roof Coverage</r1CheckboxDesc><r1CheckboxGroup>APPLICATION</r1CheckboxGroup><r1CheckboxType>SOLAR SYSTEM INFORMATION</r1CheckboxType><servProvCode>MUNI1</servProvCode><asiDropdownModels/><displayLength>0</displayLength><locationQueryFlag>N</locationQueryFlag><maxLength>0</maxLength><r1AttributeValueReqFlag>Y</r1AttributeValueReqFlag><r1CheckboxDescAlt>What percentage of the roof will be covered</r1CheckboxDescAlt><r1CheckboxInd>4</r1CheckboxInd><r1DisplayOrder>70</r1DisplayOrder><r1GroupDisplayOrder>10</r1GroupDisplayOrder><r1ReqFeeCalc>N</r1ReqFeeCalc><r1SearchableFlag>N</r1SearchableFlag><r1SearchableForAca>N</r1SearchableForAca><r1SupervisorEditOnlyFlag>N</r1SupervisorEditOnlyFlag><r1TableGroupName>BLD_SOLAR</r1TableGroupName><recDate>2016-03-25T11:32:54-07:00</recDate><recFulNam>ADMIN</recFulNam><recStatus>A</recStatus><vchDispFlag>Y</vchDispFlag></asiModel><asiModel><r1CheckboxCode>BLD_SOLAR</r1CheckboxCode><r1CheckboxDesc>Roof Layers</r1CheckboxDesc><r1CheckboxGroup>APPLICATION</r1CheckboxGroup><r1CheckboxType>SOLAR SYSTEM INFORMATION</r1CheckboxType><servProvCode>MUNI1</servProvCode><asiDropdownModels/><displayLength>0</displayLength><locationQueryFlag>N</locationQueryFlag><maxLength>0</maxLength><r1AttributeValueReqFlag>N</r1AttributeValueReqFlag><r1CheckboxDescAlt>Number of existing roof layers</r1CheckboxDescAlt><r1CheckboxInd>4</r1CheckboxInd><r1DisplayOrder>100</r1DisplayOrder><r1GroupDisplayOrder>10</r1GroupDisplayOrder><r1ReqFeeCalc>N</r1ReqFeeCalc><r1SearchableFlag>N</r1SearchableFlag><r1SearchableForAca>N</r1SearchableForAca><r1SupervisorEditOnlyFlag>N</r1SupervisorEditOnlyFlag><r1TableGroupName>BLD_SOLAR</r1TableGroupName><recDate>2016-03-25T11:32:54-07:00</recDate><recFulNam>ADMIN</recFulNam><recStatus>A</recStatus><vchDispFlag>Y</vchDispFlag></asiModel><asiModel><r1CheckboxCode>BLD_SOLAR</r1CheckboxCode><r1CheckboxDesc>Roof Material</r1CheckboxDesc><r1CheckboxGroup>APPLICATION</r1CheckboxGroup><r1CheckboxType>SOLAR SYSTEM INFORMATION</r1CheckboxType><servProvCode>MUNI1</servProvCode><asiDropdownModels/><displayLength>0</displayLength><locationQueryFlag>N</locationQueryFlag><maxLength>0</maxLength><r1AttributeValueReqFlag>N</r1AttributeValueReqFlag><r1CheckboxInd>1</r1CheckboxInd><r1DisplayOrder>90</r1DisplayOrder><r1GroupDisplayOrder>10</r1GroupDisplayOrder><r1ReqFeeCalc>N</r1ReqFeeCalc><r1SearchableFlag>N</r1SearchableFlag><r1SearchableForAca>N</r1SearchableForAca><r1SupervisorEditOnlyFlag>N</r1SupervisorEditOnlyFlag><r1TableGroupName>BLD_SOLAR</r1TableGroupName><recDate>2016-03-25T11:32:54-07:00</recDate><recFulNam>ADMIN</recFulNam><recStatus>A</recStatus><vchDispFlag>Y</vchDispFlag></asiModel><asiModel><r1CheckboxCode>BLD_SOLAR</r1CheckboxCode><r1CheckboxDesc>Service ID</r1CheckboxDesc><r1CheckboxGroup>APPLICATION</r1CheckboxGroup><r1CheckboxType>SOLAR SYSTEM INFORMATION</r1CheckboxType><servProvCode>MUNI1</servProvCode><asiDropdownModels/><displayLength>0</displayLength><locationQueryFlag>N</locationQueryFlag><maxLength>0</maxLength><r1AttributeValueReqFlag>N</r1AttributeValueReqFlag><r1CheckboxInd>1</r1CheckboxInd><r1DisplayOrder>5</r1DisplayOrder><r1GroupDisplayOrder>10</r1GroupDisplayOrder><r1ReqFeeCalc>N</r1ReqFeeCalc><r1SearchableFlag>N</r1SearchableFlag><r1SearchableForAca>N</r1SearchableForAca><r1SupervisorEditOnlyFlag>N</r1SupervisorEditOnlyFlag><r1TableGroupName>BLD_SOLAR</r1TableGroupName><recDate>2016-03-25T11:32:54-07:00</recDate><recFulNam>ADMIN</recFulNam><recStatus>A</recStatus><vchDispFlag>N</vchDispFlag></asiModel><asiModel><r1CheckboxCode>BLD_SOLAR</r1CheckboxCode><r1CheckboxDesc>Total Inverter Power (KW)</r1CheckboxDesc><r1CheckboxGroup>APPLICATION</r1CheckboxGroup><r1CheckboxType>SOLAR SYSTEM INFORMATION</r1CheckboxType><servProvCode>MUNI1</servProvCode><asiDropdownModels/><displayLength>0</displayLength><locationQueryFlag>N</locationQueryFlag><maxLength>0</maxLength><r1AttributeValueReqFlag>Y</r1AttributeValueReqFlag><r1CheckboxInd>4</r1CheckboxInd><r1DisplayOrder>30</r1DisplayOrder><r1GroupDisplayOrder>10</r1GroupDisplayOrder><r1ReqFeeCalc>N</r1ReqFeeCalc><r1SearchableFlag>N</r1SearchableFlag><r1SearchableForAca>N</r1SearchableForAca><r1SupervisorEditOnlyFlag>N</r1SupervisorEditOnlyFlag><r1TableGroupName>BLD_SOLAR</r1TableGroupName><recDate>2016-03-25T11:32:54-07:00</recDate><recFulNam>ADMIN</recFulNam><recStatus>A</recStatus><vchDispFlag>Y</vchDispFlag></asiModel><asiModel><r1CheckboxCode>BLD_SOLAR</r1CheckboxCode><r1CheckboxDesc>Total Roof Area</r1CheckboxDesc><r1CheckboxGroup>APPLICATION</r1CheckboxGroup><r1CheckboxType>SOLAR SYSTEM INFORMATION</r1CheckboxType><servProvCode>MUNI1</servProvCode><asiDropdownModels/><displayLength>0</displayLength><locationQueryFlag>N</locationQueryFlag><maxLength>0</maxLength><r1AttributeValueReqFlag>Y</r1AttributeValueReqFlag><r1CheckboxDescAlt>Total Roof Area to be covered</r1CheckboxDescAlt><r1CheckboxInd>4</r1CheckboxInd><r1DisplayOrder>60</r1DisplayOrder><r1GroupDisplayOrder>10</r1GroupDisplayOrder><r1ReqFeeCalc>N</r1ReqFeeCalc><r1SearchableFlag>N</r1SearchableFlag><r1SearchableForAca>N</r1SearchableForAca><r1SupervisorEditOnlyFlag>N</r1SupervisorEditOnlyFlag><r1TableGroupName>BLD_SOLAR</r1TableGroupName><recDate>2016-03-25T11:32:54-07:00</recDate><recFulNam>ADMIN</recFulNam><recStatus>A</recStatus><vchDispFlag>Y</vchDispFlag></asiModel><asiModel><r1CheckboxCode>BLD_SOLAR</r1CheckboxCode><r1CheckboxDesc>Type of Roof</r1CheckboxDesc><r1CheckboxGroup>APPLICATION</r1CheckboxGroup><r1CheckboxType>SOLAR SYSTEM INFORMATION</r1CheckboxType><servProvCode>MUNI1</servProvCode><asiDropdownModels><asiDropdownModel><fieldName>Type of Roof</fieldName><groupCode>BLD_SOLAR</groupCode><serviceProviderCode>MUNI1</serviceProviderCode><subGroupCode>SOLAR SYSTEM INFORMATION</subGroupCode><type>APPLICATION</type><value>Flat</value><appSpecInfoFieldI18NModels/><auditModel><auditDate>2014-05-20T23:00:12-07:00</auditDate><auditID>ADMIN</auditID><auditStatus>A</auditStatus></auditModel></asiDropdownModel></asiDropdownModels><displayLength>0</displayLength><locationQueryFlag>N</locationQueryFlag><maxLength>0</maxLength><r1AttributeValueReqFlag>Y</r1AttributeValueReqFlag><r1CheckboxInd>5</r1CheckboxInd><r1DisplayOrder>80</r1DisplayOrder><r1GroupDisplayOrder>10</r1GroupDisplayOrder><r1ReqFeeCalc>N</r1ReqFeeCalc><r1SearchableFlag>N</r1SearchableFlag><r1SearchableForAca>N</r1SearchableForAca><r1SupervisorEditOnlyFlag>N</r1SupervisorEditOnlyFlag><r1TableGroupName>BLD_SOLAR</r1TableGroupName><recDate>2016-03-25T11:32:54-07:00</recDate><recFulNam>ADMIN</recFulNam><recStatus>A</recStatus><vchDispFlag>Y</vchDispFlag></asiModel><asiModel><r1CheckboxCode>BLD_SOLAR</r1CheckboxCode><r1CheckboxDesc>Type of Use</r1CheckboxDesc><r1CheckboxGroup>APPLICATION</r1CheckboxGroup><r1CheckboxType>SOLAR SYSTEM INFORMATION</r1CheckboxType><servProvCode>MUNI1</servProvCode><asiDropdownModels><asiDropdownModel><fieldName>Type of Use</fieldName><groupCode>BLD_SOLAR</groupCode><serviceProviderCode>MUNI1</serviceProviderCode><subGroupCode>SOLAR SYSTEM INFORMATION</subGroupCode><type>APPLICATION</type><value>Commercial/Industrial</value><appSpecInfoFieldI18NModels/><auditModel><auditDate>2014-05-20T22:58:09-07:00</auditDate><auditID>ADMIN</auditID><auditStatus>A</auditStatus></auditModel></asiDropdownModel></asiDropdownModels><displayLength>0</displayLength><locationQueryFlag>N</locationQueryFlag><maxLength>0</maxLength><r1AttributeValueReqFlag>Y</r1AttributeValueReqFlag><r1CheckboxInd>5</r1CheckboxInd><r1DisplayOrder>15</r1DisplayOrder><r1GroupDisplayOrder>10</r1GroupDisplayOrder><r1ReqFeeCalc>N</r1ReqFeeCalc><r1SearchableFlag>N</r1SearchableFlag><r1SearchableForAca>N</r1SearchableForAca><r1SupervisorEditOnlyFlag>N</r1SupervisorEditOnlyFlag><r1TableGroupName>BLD_SOLAR</r1TableGroupName><recDate>2016-03-25T11:32:54-07:00</recDate><recFulNam>ADMIN</recFulNam><recStatus>A</recStatus><vchDispFlag>Y</vchDispFlag></asiModel></asiModels><asiSecurityModels/><fieldVariableMapping/><isASITSelected>Y</isASITSelected><isSecuritySelected>Y</isSecuritySelected><r1CheckboxType>PERMIT DATES</r1CheckboxType><r1TableGroupName>BLD_SOLAR</r1TableGroupName><sharedDropDownModels><sharedDropDownModel refId="1@SharedDropDownModel"><sequenceNbr>175</sequenceNbr><serviceProviderCode>MUNI1</serviceProviderCode><auditModel><auditDate>2014-05-22T01:54:37-07:00</auditDate><auditID>ADMIN</auditID><auditStatus>A</auditStatus></auditModel><level1>BLD_SOLAR</level1><level2>SOLAR SYSTEM INFORMATION</level2><level3>APPLICATION</level3><level4>Type of Roof</level4><relationType>APPLICATION_SPECIFIC_INFO</relationType><standardChoiceName>BLD_SOLAR_ROOF</standardChoiceName></sharedDropDownModel><sharedDropDownModel refId="2@SharedDropDownModel"><sequenceNbr>176</sequenceNbr><serviceProviderCode>MUNI1</serviceProviderCode><auditModel><auditDate>2014-05-22T01:54:20-07:00</auditDate><auditID>ADMIN</auditID><auditStatus>A</auditStatus></auditModel><level1>BLD_SOLAR</level1><level2>SOLAR SYSTEM INFORMATION</level2><level3>APPLICATION</level3><level4>Type of Use</level4><relationType>APPLICATION_SPECIFIC_INFO</relationType><standardChoiceName>BLD_TRADE_USE</standardChoiceName></sharedDropDownModel></sharedDropDownModels><templateLayoutConfigModels><templateLayoutConfigModel><resId>275958</resId><serviceProviderCode>MUNI1</serviceProviderCode><auditModel><auditDate>2016-03-25T10:32:54-07:00</auditDate><auditID>ADMIN</auditID><auditStatus>A</auditStatus></auditModel><columnLayout xmlns:xsi="http://www.w3.org/2001/XMLSchema-instance" xsi:nil="true"/><configLevel>TEMPLATENAME</configLevel><entityType>ASI</entityType><fieldName>N/A</fieldName><templateCode>BLD_SOLAR</templateCode><templateLayoutConfigI18NModels/><templateType>SOLAR SYSTEM INFORMATION</templateType></templateLayoutConfigModel><templateLayoutConfigModel><resId>24</resId><serviceProviderCode>MUNI1</serviceProviderCode><auditModel><auditDate>2016-06-14T06:09:22.097-07:00</auditDate><auditID>ADMIN</auditID><auditStatus>A</auditStatus></auditModel><buttonAddDisplay>Y</buttonAddDisplay><buttonDeleteDisplay>Y</buttonDeleteDisplay><buttonEditDisplay>Y</buttonEditDisplay><columnLayout xmlns:xsi="http://www.w3.org/2001/XMLSchema-instance" xsi:nil="true"/><configLevel>TEMPLATENAME</configLevel><entityType>ASITABLE</entityType><fieldName>N/A</fieldName><templateCode>BLD_SOLAR</templateCode><templateLayoutConfigI18NModels/><templateType>INTERACTIVE INVERTERS</templateType></templateLayoutConfigModel><templateLayoutConfigModel><resId>23</resId><serviceProviderCode>MUNI1</serviceProviderCode><auditModel><auditDate>2016-06-14T06:16:50.433-07:00</auditDate><auditID>ADMIN</auditID><auditStatus>A</auditStatus></auditModel><buttonAddDisplay>Y</buttonAddDisplay><buttonDeleteDisplay>Y</buttonDeleteDisplay><buttonEditDisplay>Y</buttonEditDisplay><columnLayout xmlns:xsi="http://www.w3.org/2001/XMLSchema-instance" xsi:nil="true"/><configLevel>TEMPLATENAME</configLevel><entityType>ASITABLE</entityType><fieldName>N/A</fieldName><instruction>&lt;b&gt;Instructions&lt;/b&gt;&#xD;
&lt;img src="/THEME/Admin/images/empty.gif" onload="if ($('.ACA_Title_Color').text() == &amp;quot;Solar Permit&amp;quot;) {$('#ctl00_PlaceHolderMain_AppSpecTable85A9C3D4Edit_rptASITableList_ctl00_btnAdd_container').hide(); $('#ctl00_PlaceHolderMain_AppSpecTable85A9C3D4Edit_rptASITableList_ctl00_btnDelete_container').hide();}"&gt;</instruction><templateCode>BLD_SOLAR</templateCode><templateLayoutConfigI18NModels/><templateType>PV MODULES</templateType></templateLayoutConfigModel></templateLayoutConfigModels></asiGroup>
<asiGroup><appSpecInfoGroupCode>BLD_SOLAR</appSpecInfoGroupCode><r1CheckboxGroup>FEEATTACHEDTABLE</r1CheckboxGroup><serviceProviderCode>MUNI1</serviceProviderCode><asiModels><asiModel><r1CheckboxCode>BLD_SOLAR</r1CheckboxCode><r1CheckboxDesc>Comments</r1CheckboxDesc><r1CheckboxGroup>FEEATTACHEDTABLE</r1CheckboxGroup><r1CheckboxType>INTERACTIVE INVERTERS</r1CheckboxType><servProvCode>MUNI1</servProvCode><asiDropdownModels/><displayLength>0</displayLength><maxLength>240</maxLength><r1AttributeValueReqFlag>N</r1AttributeValueReqFlag><r1CheckboxInd>1</r1CheckboxInd><r1DisplayOrder>20</r1DisplayOrder><r1GroupDisplayOrder>20</r1GroupDisplayOrder><r1ReqFeeCalc>N</r1ReqFeeCalc><r1SearchableFlag>N</r1SearchableFlag><r1SupervisorEditOnlyFlag>N</r1SupervisorEditOnlyFlag><recDate>2014-06-09T14:22:14-07:00</recDate><recFulNam>ADMIN</recFulNam><recStatus>A</recStatus><vchDispFlag>Y</vchDispFlag></asiModel><asiModel><r1CheckboxCode>BLD_SOLAR</r1CheckboxCode><r1CheckboxDesc>Inverter Power Rating</r1CheckboxDesc><r1CheckboxGroup>FEEATTACHEDTABLE</r1CheckboxGroup><r1CheckboxType>INTERACTIVE INVERTERS</r1CheckboxType><servProvCode>MUNI1</servProvCode><asiDropdownModels/><displayLength>0</displayLength><maxLength>0</maxLength><r1AttributeValueReqFlag>N</r1AttributeValueReqFlag><r1CheckboxInd>4</r1CheckboxInd><r1DisplayOrder>10</r1DisplayOrder><r1GroupDisplayOrder>20</r1GroupDisplayOrder><r1ReqFeeCalc>N</r1ReqFeeCalc><r1SearchableFlag>N</r1SearchableFlag><r1SupervisorEditOnlyFlag>N</r1SupervisorEditOnlyFlag><recDate>2014-06-09T14:22:14-07:00</recDate><recFulNam>ADMIN</recFulNam><recStatus>A</recStatus><vchDispFlag>Y</vchDispFlag></asiModel><asiModel><r1CheckboxCode>BLD_SOLAR</r1CheckboxCode><r1CheckboxDesc>Comments</r1CheckboxDesc><r1CheckboxGroup>FEEATTACHEDTABLE</r1CheckboxGroup><r1CheckboxType>PV MODULES</r1CheckboxType><servProvCode>MUNI1</servProvCode><asiDropdownModels/><displayLength>0</displayLength><maxLength>240</maxLength><r1AttributeValueReqFlag>N</r1AttributeValueReqFlag><r1CheckboxInd>1</r1CheckboxInd><r1DisplayOrder>20</r1DisplayOrder><r1GroupDisplayOrder>10</r1GroupDisplayOrder><r1ReqFeeCalc>N</r1ReqFeeCalc><r1SearchableFlag>N</r1SearchableFlag><r1SupervisorEditOnlyFlag>N</r1SupervisorEditOnlyFlag><recDate>2014-06-09T14:22:14-07:00</recDate><recFulNam>ADMIN</recFulNam><recStatus>A</recStatus><vchDispFlag>Y</vchDispFlag></asiModel><asiModel><r1CheckboxCode>BLD_SOLAR</r1CheckboxCode><r1CheckboxDesc>Watts per Module</r1CheckboxDesc><r1CheckboxGroup>FEEATTACHEDTABLE</r1CheckboxGroup><r1CheckboxType>PV MODULES</r1CheckboxType><servProvCode>MUNI1</servProvCode><asiDropdownModels/><displayLength>0</displayLength><maxLength>0</maxLength><r1AttributeValueReqFlag>N</r1AttributeValueReqFlag><r1CheckboxInd>4</r1CheckboxInd><r1DisplayOrder>10</r1DisplayOrder><r1GroupDisplayOrder>10</r1GroupDisplayOrder><r1ReqFeeCalc>N</r1ReqFeeCalc><r1SearchableFlag>N</r1SearchableFlag><r1SupervisorEditOnlyFlag>N</r1SupervisorEditOnlyFlag><recDate>2014-06-09T14:22:14-07:00</recDate><recFulNam>ADMIN</recFulNam><recStatus>A</recStatus><vchDispFlag>Y</vchDispFlag></asiModel></asiModels><asiSecurityModels/><fieldVariableMapping/><isASITSelected>Y</isASITSelected><isSecuritySelected>Y</isSecuritySelected><r1CheckboxType>INTERACTIVE INVERTERS</r1CheckboxType><sharedDropDownModels/><templateLayoutConfigModels><templateLayoutConfigModel><resId>275958</resId><serviceProviderCode>MUNI1</serviceProviderCode><auditModel><auditDate>2016-03-25T10:32:54-07:00</auditDate><auditID>ADMIN</auditID><auditStatus>A</auditStatus></auditModel><columnLayout xmlns:xsi="http://www.w3.org/2001/XMLSchema-instance" xsi:nil="true"/><configLevel>TEMPLATENAME</configLevel><entityType>ASI</entityType><fieldName>N/A</fieldName><templateCode>BLD_SOLAR</templateCode><templateLayoutConfigI18NModels/><templateType>SOLAR SYSTEM INFORMATION</templateType></templateLayoutConfigModel><templateLayoutConfigModel><resId>24</resId><serviceProviderCode>MUNI1</serviceProviderCode><auditModel><auditDate>2016-06-14T06:09:22.097-07:00</auditDate><auditID>ADMIN</auditID><auditStatus>A</auditStatus></auditModel><buttonAddDisplay>Y</buttonAddDisplay><buttonDeleteDisplay>Y</buttonDeleteDisplay><buttonEditDisplay>Y</buttonEditDisplay><columnLayout xmlns:xsi="http://www.w3.org/2001/XMLSchema-instance" xsi:nil="true"/><configLevel>TEMPLATENAME</configLevel><entityType>ASITABLE</entityType><fieldName>N/A</fieldName><templateCode>BLD_SOLAR</templateCode><templateLayoutConfigI18NModels/><templateType>INTERACTIVE INVERTERS</templateType></templateLayoutConfigModel><templateLayoutConfigModel><resId>23</resId><serviceProviderCode>MUNI1</serviceProviderCode><auditModel><auditDate>2016-06-14T06:16:50.433-07:00</auditDate><auditID>ADMIN</auditID><auditStatus>A</auditStatus></auditModel><buttonAddDisplay>Y</buttonAddDisplay><buttonDeleteDisplay>Y</buttonDeleteDisplay><buttonEditDisplay>Y</buttonEditDisplay><columnLayout xmlns:xsi="http://www.w3.org/2001/XMLSchema-instance" xsi:nil="true"/><configLevel>TEMPLATENAME</configLevel><entityType>ASITABLE</entityType><fieldName>N/A</fieldName><instruction>&lt;b&gt;Instructions&lt;/b&gt;&#xD;
&lt;img src="/THEME/Admin/images/empty.gif" onload="if ($('.ACA_Title_Color').text() == &amp;quot;Solar Permit&amp;quot;) {$('#ctl00_PlaceHolderMain_AppSpecTable85A9C3D4Edit_rptASITableList_ctl00_btnAdd_container').hide(); $('#ctl00_PlaceHolderMain_AppSpecTable85A9C3D4Edit_rptASITableList_ctl00_btnDelete_container').hide();}"&gt;</instruction><templateCode>BLD_SOLAR</templateCode><templateLayoutConfigI18NModels/><templateType>PV MODULES</templateType></templateLayoutConfigModel></templateLayoutConfigModels></asiGroup>
</list>