<?xml version="1.0" encoding="UTF-8" standalone="yes"?>
<list  version="8.0.0" minorVersion="21" exportUser="ADMIN" exportDateTime="07/28/2016 05:28 AM" description="null"><inspectionGroup><inspCode>BLD_SOLAR</inspCode><servProvCode>MUNI1</servProvCode><inspGroupName>BLD Solar</inspGroupName><inspectionSec>BLD_SOLAR/%</inspectionSec><inspectionTypeModels><inspectionTypeModel><inspSeqNbr>115</inspSeqNbr><servProvCode>MUNI1</servProvCode><allowFailedGuidesheet>Y</allowFailedGuidesheet><allowMultiInspInAca>Y</allowMultiInspInAca><autoAssign>N</autoAssign><displayInAca>Y</displayInAca><flowEnabled>N</flowEnabled><inspCode>BLD_SOLAR</inspCode><inspEditable>Y</inspEditable><inspGroupName>BLD Solar</inspGroupName><inspPriority>20</inspPriority><inspRequired>N</inspRequired><inspResultGroup>BLD_STANDARD</inspResultGroup><inspType>Solar Final</inspType><inspectionTypeI18ns/><recDate>2014-05-13T13:37:07-07:00</recDate><recFulNam>ADMIN</recFulNam><recStatus>A</recStatus><totalScoreOption>SUM(list)</totalScoreOption></inspectionTypeModel><inspectionTypeModel><inspSeqNbr>116</inspSeqNbr><servProvCode>MUNI1</servProvCode><allowFailedGuidesheet>Y</allowFailedGuidesheet><allowMultiInspInAca>N</allowMultiInspInAca><autoAssign>N</autoAssign><displayInAca>Y</displayInAca><flowEnabled>N</flowEnabled><inspCode>BLD_SOLAR</inspCode><inspEditable>Y</inspEditable><inspGroupName>BLD Solar</inspGroupName><inspPriority>30</inspPriority><inspRequired>N</inspRequired><inspResultGroup>BLD_STANDARD</inspResultGroup><inspType>Progress Check</inspType><inspectionTypeI18ns/><recDate>2014-05-13T13:37:07-07:00</recDate><recFulNam>ADMIN</recFulNam><recStatus>A</recStatus><totalScoreOption>SUM(list)</totalScoreOption></inspectionTypeModel><inspectionTypeModel><inspSeqNbr>117</inspSeqNbr><servProvCode>MUNI1</servProvCode><allowFailedGuidesheet>Y</allowFailedGuidesheet><allowMultiInspInAca>N</allowMultiInspInAca><autoAssign>N</autoAssign><displayInAca>Y</displayInAca><flowEnabled>N</flowEnabled><inspCode>BLD_SOLAR</inspCode><inspEditable>Y</inspEditable><inspGroupName>BLD Solar</inspGroupName><inspPriority>10</inspPriority><inspRequired>N</inspRequired><inspResultGroup>BLD_STANDARD</inspResultGroup><inspType>Rough</inspType><inspectionTypeI18ns/><recDate>2014-05-13T13:37:07-07:00</recDate><recFulNam>ADMIN</recFulNam><recStatus>A</recStatus><totalScoreOption>SUM(list)</totalScoreOption></inspectionTypeModel></inspectionTypeModels><inspectionTypeSecurityModels/><isDepartmentSelected>Y</isDepartmentSelected><isGradeGroupSelected>Y</isGradeGroupSelected><isGuideSheetSelected>Y</isGuideSheetSelected><isRelatedInspSelected>Y</isRelatedInspSelected><isResultGroupSelected>Y</isResultGroupSelected><isSecutirySelected>Y</isSecutirySelected></inspectionGroup>
</list>