<?xml version="1.0" encoding="UTF-8" standalone="yes"?>
<list  version="8.0.0" minorVersion="21" exportUser="ADMIN" exportDateTime="07/28/2016 05:28 AM" description="null"><refInspResultGroup><inspResultGroup>BLD_STANDARD</inspResultGroup><resultCatrgory>RESULT</resultCatrgory><serviceProviderCode>MUNI1</serviceProviderCode><inspectionResultGroupModels><inspectionResultGroupModel refId="1@InspectionResultGroupModel"><serviceProviderCode>MUNI1</serviceProviderCode><inspResultGroup>BLD_STANDARD</inspResultGroup><inspResult>Cancelled</inspResult><resultCatrgory>RESULT</resultCatrgory><auditModel><auditDate>2011-11-03T15:23:35-07:00</auditDate><auditID>ADMIN</auditID><auditStatus>A</auditStatus></auditModel><inspResultDisplayOrder>4</inspResultDisplayOrder><inspResultGroupI18Ns/><inspResultType>DENIED</inspResultType></inspectionResultGroupModel><inspectionResultGroupModel refId="2@InspectionResultGroupModel"><serviceProviderCode>MUNI1</serviceProviderCode><inspResultGroup>BLD_STANDARD</inspResultGroup><inspResult>OK for Service</inspResult><resultCatrgory>RESULT</resultCatrgory><auditModel><auditDate>2011-11-03T15:23:35-07:00</auditDate><auditID>ADMIN</auditID><auditStatus>A</auditStatus></auditModel><inspResultDisplayOrder>5</inspResultDisplayOrder><inspResultGroupI18Ns/><inspResultType>APPROVED</inspResultType></inspectionResultGroupModel><inspectionResultGroupModel refId="3@InspectionResultGroupModel"><serviceProviderCode>MUNI1</serviceProviderCode><inspResultGroup>BLD_STANDARD</inspResultGroup><inspResult>Partial</inspResult><resultCatrgory>RESULT</resultCatrgory><auditModel><auditDate>2011-11-03T15:23:35-07:00</auditDate><auditID>ADMIN</auditID><auditStatus>A</auditStatus></auditModel><inspResultDisplayOrder>3</inspResultDisplayOrder><inspResultGroupI18Ns/><inspResultType>APPROVED</inspResultType></inspectionResultGroupModel><inspectionResultGroupModel refId="4@InspectionResultGroupModel"><serviceProviderCode>MUNI1</serviceProviderCode><inspResultGroup>BLD_STANDARD</inspResultGroup><inspResult>Passed</inspResult><resultCatrgory>RESULT</resultCatrgory><auditModel><auditDate>2011-11-03T15:23:35-07:00</auditDate><auditID>ADMIN</auditID><auditStatus>A</auditStatus></auditModel><inspResultDisplayOrder>1</inspResultDisplayOrder><inspResultGroupI18Ns/><inspResultType>APPROVED</inspResultType></inspectionResultGroupModel><inspectionResultGroupModel refId="5@InspectionResultGroupModel"><serviceProviderCode>MUNI1</serviceProviderCode><inspResultGroup>BLD_STANDARD</inspResultGroup><inspResult>Pending</inspResult><resultCatrgory>RESULT</resultCatrgory><auditModel><auditDate>2014-10-14T11:30:21-07:00</auditDate><auditID>ADMIN</auditID><auditStatus>A</auditStatus></auditModel><inspResultDisplayOrder>6</inspResultDisplayOrder><inspResultGroupI18Ns/><inspResultType>PENDING</inspResultType></inspectionResultGroupModel><inspectionResultGroupModel refId="6@InspectionResultGroupModel"><serviceProviderCode>MUNI1</serviceProviderCode><inspResultGroup>BLD_STANDARD</inspResultGroup><inspResult>Rejected</inspResult><resultCatrgory>RESULT</resultCatrgory><auditModel><auditDate>2011-11-03T15:23:35-07:00</auditDate><auditID>ADMIN</auditID><auditStatus>A</auditStatus></auditModel><inspResultDisplayOrder>2</inspResultDisplayOrder><inspResultGroupI18Ns/><inspResultType>DENIED</inspResultType></inspectionResultGroupModel></inspectionResultGroupModels></refInspResultGroup>
</list>