<?xml version="1.0" encoding="UTF-8" standalone="yes"?>
<list  version="8.0.0" minorVersion="21" exportUser="ADMIN" exportDateTime="07/28/2016 05:28 AM" description="null"><sharedDropDownListModel><name>BLD_SOLAR_ROOF</name><serviceProviderCode>MUNI1</serviceProviderCode><auditModel><auditDate>2014-05-21T14:34:14-07:00</auditDate><auditID>ADMIN</auditID><auditStatus>A</auditStatus></auditModel><sharedDropDownList><sharedDropDownValue><bdvSeqNbr>2639</bdvSeqNbr><servProvCode>MUNI1</servProvCode><auditModel><auditDate>2014-05-21T14:34:14-07:00</auditDate><auditID>ADMIN</auditID><auditStatus>A</auditStatus></auditModel><bizdomain>BLD_SOLAR_ROOF</bizdomain><bizdomainValue>Flat</bizdomainValue><standardChoiceValueI18NModels/></sharedDropDownValue><sharedDropDownValue><bdvSeqNbr>2640</bdvSeqNbr><servProvCode>MUNI1</servProvCode><auditModel><auditDate>2014-05-21T14:34:14-07:00</auditDate><auditID>ADMIN</auditID><auditStatus>A</auditStatus></auditModel><bizdomain>BLD_SOLAR_ROOF</bizdomain><bizdomainValue>Pitched</bizdomainValue><standardChoiceValueI18NModels/></sharedDropDownValue></sharedDropDownList><type>ShareDropDown</type><valueSize>0</valueSize></sharedDropDownListModel>
<sharedDropDownListModel><name>BLD_TRADE_USE</name><serviceProviderCode>MUNI1</serviceProviderCode><auditModel><auditDate>2013-06-18T11:07:10-07:00</auditDate><auditID>ADMIN</auditID><auditStatus>A</auditStatus></auditModel><description>Use type for electrical, mechanical and plumbing permits</description><sharedDropDownList><sharedDropDownValue><bdvSeqNbr>2590</bdvSeqNbr><servProvCode>MUNI1</servProvCode><auditModel><auditDate>2013-06-18T11:08:16-07:00</auditDate><auditID>ADMIN</auditID><auditStatus>A</auditStatus></auditModel><bizdomain>BLD_TRADE_USE</bizdomain><bizdomainValue>1 - 2 Family Dwelling</bizdomainValue><sortOrder>10</sortOrder><standardChoiceValueI18NModels/></sharedDropDownValue><sharedDropDownValue><bdvSeqNbr>2591</bdvSeqNbr><servProvCode>MUNI1</servProvCode><auditModel><auditDate>2013-06-18T11:09:10-07:00</auditDate><auditID>ADMIN</auditID><auditStatus>A</auditStatus></auditModel><bizdomain>BLD_TRADE_USE</bizdomain><bizdomainValue>Accessory Building</bizdomainValue><sortOrder>40</sortOrder><standardChoiceValueI18NModels/></sharedDropDownValue><sharedDropDownValue><bdvSeqNbr>2592</bdvSeqNbr><servProvCode>MUNI1</servProvCode><auditModel><auditDate>2013-06-18T11:08:54-07:00</auditDate><auditID>ADMIN</auditID><auditStatus>A</auditStatus></auditModel><bizdomain>BLD_TRADE_USE</bizdomain><bizdomainValue>Commercial/Industrial</bizdomainValue><sortOrder>30</sortOrder><standardChoiceValueI18NModels/></sharedDropDownValue><sharedDropDownValue><bdvSeqNbr>2593</bdvSeqNbr><servProvCode>MUNI1</servProvCode><auditModel><auditDate>2013-06-18T11:08:35-07:00</auditDate><auditID>ADMIN</auditID><auditStatus>A</auditStatus></auditModel><bizdomain>BLD_TRADE_USE</bizdomain><bizdomainValue>Multi-Family Dwelling</bizdomainValue><sortOrder>20</sortOrder><standardChoiceValueI18NModels/></sharedDropDownValue><sharedDropDownValue><bdvSeqNbr>2594</bdvSeqNbr><servProvCode>MUNI1</servProvCode><auditModel><auditDate>2013-06-18T11:09:22-07:00</auditDate><auditID>ADMIN</auditID><auditStatus>A</auditStatus></auditModel><bizdomain>BLD_TRADE_USE</bizdomain><bizdomainValue>Other</bizdomainValue><sortOrder>50</sortOrder><standardChoiceValueI18NModels/></sharedDropDownValue></sharedDropDownList><type>ShareDropDown</type></sharedDropDownListModel>
</list>