<?xml version="1.0" encoding="UTF-8" standalone="yes"?>
<list  version="8.0.0" minorVersion="21" exportUser="ADMIN" exportDateTime="07/28/2016 05:28 AM" description="null"><virProcess><r1ProcessCode>BLD_COUNTER</r1ProcessCode><servProvCode>MUNI1</servProvCode><isEmailSettringSelected>Y</isEmailSettringSelected><isSecuritySelected>Y</isSecuritySelected><processEMailSettingModels><processEMailSettingModel><noteID>44</noteID><processName>BLD_COUNTER</processName><serviceProviderCode>MUNI1</serviceProviderCode><b3contactFlag>N</b3contactFlag><contactRelation>Applicant</contactRelation><contentsCode>BLD_READY</contentsCode><distributionFlag>N</distributionFlag><docCategory>Email</docCategory><docGroup>PMT</docGroup><edmsLocation>ADS</edmsLocation><edmsObject>CAP</edmsObject><mediaFlag>0</mediaFlag><recDate>2014-05-19T13:04:14-07:00</recDate><recFulNam>ADMIN</recFulNam><recStatus>A</recStatus><sdAppDes>Accepted - Plan Review Not Req</sdAppDes><sdProDes>Application Submittal</sdProDes></processEMailSettingModel><processEMailSettingModel><noteID>45</noteID><processName>BLD_COUNTER</processName><serviceProviderCode>MUNI1</serviceProviderCode><b3contactFlag>N</b3contactFlag><contactRelation>Applicant</contactRelation><contentsCode>BLD_ACCEPTED</contentsCode><distributionFlag>N</distributionFlag><docCategory>Email</docCategory><docGroup>PMT</docGroup><edmsLocation>ADS</edmsLocation><edmsObject>CAP</edmsObject><mediaFlag>0</mediaFlag><recDate>2014-05-19T13:04:14-07:00</recDate><recFulNam>ADMIN</recFulNam><recStatus>A</recStatus><sdAppDes>Accepted - Plan Review Req</sdAppDes><sdProDes>Application Submittal</sdProDes></processEMailSettingModel><processEMailSettingModel><noteID>46</noteID><processName>BLD_COUNTER</processName><serviceProviderCode>MUNI1</serviceProviderCode><b3contactFlag>N</b3contactFlag><contactRelation>Applicant</contactRelation><contentsCode>BLD_ISSUED</contentsCode><distributionFlag>N</distributionFlag><docCategory>Email</docCategory><docGroup>PMT</docGroup><edmsLocation>ADS</edmsLocation><edmsObject>CAP</edmsObject><mediaFlag>0</mediaFlag><recDate>2014-05-19T13:04:14-07:00</recDate><recFulNam>ADMIN</recFulNam><recStatus>A</recStatus><sdAppDes>Issued</sdAppDes><sdProDes>Permit Issuance</sdProDes></processEMailSettingModel><processEMailSettingModel><noteID>47</noteID><processName>BLD_COUNTER</processName><serviceProviderCode>MUNI1</serviceProviderCode><b3contactFlag>N</b3contactFlag><contactRelation>Applicant</contactRelation><contentsCode>BLD_REVISIONS</contentsCode><distributionFlag>N</distributionFlag><docCategory>Email</docCategory><docGroup>PMT</docGroup><edmsLocation>ADS</edmsLocation><edmsObject>CAP</edmsObject><mediaFlag>0</mediaFlag><recDate>2014-05-19T13:04:14-07:00</recDate><recFulNam>ADMIN</recFulNam><recStatus>A</recStatus><sdAppDes>Revisions Required</sdAppDes><sdProDes>Plan Review</sdProDes></processEMailSettingModel><processEMailSettingModel><noteID>48</noteID><processName>BLD_COUNTER</processName><serviceProviderCode>MUNI1</serviceProviderCode><b3contactFlag>N</b3contactFlag><contactRelation>Applicant</contactRelation><contentsCode>BLD_FINALED</contentsCode><distributionFlag>N</distributionFlag><docCategory>Email</docCategory><docGroup>PMT</docGroup><edmsLocation>ADS</edmsLocation><edmsObject>CAP</edmsObject><mediaFlag>0</mediaFlag><recDate>2014-05-27T15:53:34-07:00</recDate><recFulNam>ADMIN</recFulNam><recStatus>A</recStatus><sdAppDes>Final Inspection Complete</sdAppDes><sdProDes>Inspection</sdProDes></processEMailSettingModel><processEMailSettingModel><noteID>49</noteID><processName>BLD_COUNTER</processName><serviceProviderCode>MUNI1</serviceProviderCode><b3contactFlag>N</b3contactFlag><contactRelation>Applicant</contactRelation><contentsCode>BLD_EXPIRED</contentsCode><distributionFlag>N</distributionFlag><docCategory>Email</docCategory><docGroup>PMT</docGroup><edmsLocation>ADS</edmsLocation><edmsObject>CAP</edmsObject><mediaFlag>0</mediaFlag><recDate>2014-05-27T15:57:04-07:00</recDate><recFulNam>ADMIN</recFulNam><recStatus>A</recStatus><sdAppDes>Expired</sdAppDes><sdProDes>Inspection</sdProDes></processEMailSettingModel></processEMailSettingModels><processModels><processModel><r1ProcessCode>BLD_COUNTER</r1ProcessCode><sdStpNum>1</sdStpNum><servProvCode>MUNI1</servProvCode><asgnAgencyCode>BUILDING</asgnAgencyCode><asgnBureauCode>NA</asgnBureauCode><asgnDivisionCode>NA</asgnDivisionCode><asgnGroupCode>NA</asgnGroupCode><asgnOfficeCode>NA</asgnOfficeCode><asgnSectionCode>NA</asgnSectionCode><auditModel><auditDate>2013-04-07T17:28:51-07:00</auditDate><auditID>Accela Administrator</auditID><auditStatus>A</auditStatus></auditModel><calendarId>72</calendarId><displayInAca>Y</displayInAca><hoursSpentRequired>N</hoursSpentRequired><sdChkLv5>A</sdChkLv5><sdDueDay>1</sdDueDay><sdNxtId1>013014000000000</sdNxtId1><sdProDes>Application Submittal</sdProDes><sdProId1>010000000000000</sdProId1></processModel><processModel><r1ProcessCode>BLD_COUNTER</r1ProcessCode><sdStpNum>3</sdStpNum><servProvCode>MUNI1</servProvCode><asgnAgencyCode>BUILDING</asgnAgencyCode><asgnBureauCode>NA</asgnBureauCode><asgnDivisionCode>NA</asgnDivisionCode><asgnGroupCode>NA</asgnGroupCode><asgnOfficeCode>NA</asgnOfficeCode><asgnSectionCode>NA</asgnSectionCode><auditModel><auditDate>2013-04-07T17:28:51-07:00</auditDate><auditID>Accela Administrator</auditID><auditStatus>A</auditStatus></auditModel><calendarId>72</calendarId><displayInAca>Y</displayInAca><hoursSpentRequired>N</hoursSpentRequired><sdChkLv5>A</sdChkLv5><sdDueDay>1</sdDueDay><sdNxtId1>014000000000000</sdNxtId1><sdProDes>Plan Review</sdProDes><sdProId1>013000000000000</sdProId1></processModel><processModel><r1ProcessCode>BLD_COUNTER</r1ProcessCode><sdStpNum>8</sdStpNum><servProvCode>MUNI1</servProvCode><asgnAgencyCode>BUILDING</asgnAgencyCode><asgnBureauCode>NA</asgnBureauCode><asgnDivisionCode>NA</asgnDivisionCode><asgnGroupCode>NA</asgnGroupCode><asgnOfficeCode>NA</asgnOfficeCode><asgnSectionCode>NA</asgnSectionCode><auditModel><auditDate>2013-04-07T17:28:51-07:00</auditDate><auditID>Accela Administrator</auditID><auditStatus>A</auditStatus></auditModel><calendarId>72</calendarId><displayInAca>Y</displayInAca><hoursSpentRequired>N</hoursSpentRequired><sdChkLv5>A</sdChkLv5><sdDueDay>1</sdDueDay><sdNxtId1>016000000000000</sdNxtId1><sdProDes>Permit Issuance</sdProDes><sdProId1>014000000000000</sdProId1></processModel><processModel><r1ProcessCode>BLD_COUNTER</r1ProcessCode><sdStpNum>9</sdStpNum><servProvCode>MUNI1</servProvCode><asgnAgencyCode>BUILDING</asgnAgencyCode><asgnBureauCode>NA</asgnBureauCode><asgnDivisionCode>NA</asgnDivisionCode><asgnGroupCode>NA</asgnGroupCode><asgnOfficeCode>NA</asgnOfficeCode><asgnSectionCode>NA</asgnSectionCode><auditModel><auditDate>2014-05-27T15:54:26-07:00</auditDate><auditID>Accela Administrator</auditID><auditStatus>A</auditStatus></auditModel><displayInAca>Y</displayInAca><hoursSpentRequired>N</hoursSpentRequired><sdChkLv5>A</sdChkLv5><sdDueDay>0</sdDueDay><sdNxtId1>000000000000000</sdNxtId1><sdProDes>Inspection</sdProDes><sdProId1>016000000000000</sdProId1></processModel></processModels><processSecurityModels/><r3statypModels><r3statyp><r3ActStatCod>PMTCT010</r3ActStatCod><r3ProcessCode>BLD_COUNTER</r3ProcessCode><servProvCode>MUNI1</servProvCode><applicationStatus>Ready to Issue</applicationStatus><displayInAca>Y</displayInAca><r3ActStatDes>Accepted - Plan Review Not Req</r3ActStatDes><r3ActStatFlg>B</r3ActStatFlg><r3ActTypeDes>Application Submittal</r3ActTypeDes><r3MouClockAction>No Action</r3MouClockAction><recDate>2011-12-22T14:11:05-08:00</recDate><recFulNam>ADMIN</recFulNam><recStatus>A</recStatus><refTaskStatusI18NModels/></r3statyp><r3statyp><r3ActStatCod>PMTCT020</r3ActStatCod><r3ProcessCode>BLD_COUNTER</r3ProcessCode><servProvCode>MUNI1</servProvCode><applicationStatus>Plan Review</applicationStatus><displayInAca>Y</displayInAca><r3ActStatDes>Accepted - Plan Review Req</r3ActStatDes><r3ActStatFlg>Y</r3ActStatFlg><r3ActTypeDes>Application Submittal</r3ActTypeDes><r3MouClockAction>No Action</r3MouClockAction><recDate>2011-11-01T14:58:17-07:00</recDate><recFulNam>ADMIN</recFulNam><recStatus>A</recStatus><refTaskStatusI18NModels/></r3statyp><r3statyp><r3ActStatCod>PMTCT030</r3ActStatCod><r3ProcessCode>BLD_COUNTER</r3ProcessCode><servProvCode>MUNI1</servProvCode><displayInAca>Y</displayInAca><r3ActStatDes>Note</r3ActStatDes><r3ActStatFlg>U</r3ActStatFlg><r3ActTypeDes>Application Submittal</r3ActTypeDes><r3MouClockAction>No Action</r3MouClockAction><recDate>2011-11-01T14:58:30-07:00</recDate><recFulNam>ADMIN</recFulNam><recStatus>A</recStatus><refTaskStatusI18NModels/></r3statyp><r3statyp><r3ActStatCod>PMTCT040</r3ActStatCod><r3ProcessCode>BLD_COUNTER</r3ProcessCode><servProvCode>MUNI1</servProvCode><applicationStatus>Ready to Issue</applicationStatus><displayInAca>Y</displayInAca><r3ActStatDes>Approved</r3ActStatDes><r3ActStatFlg>Y</r3ActStatFlg><r3ActTypeDes>Plan Review</r3ActTypeDes><r3MouClockAction>No Action</r3MouClockAction><recDate>2011-11-01T14:59:32-07:00</recDate><recFulNam>ADMIN</recFulNam><recStatus>A</recStatus><refTaskStatusI18NModels/></r3statyp><r3statyp><r3ActStatCod>PMTCT060</r3ActStatCod><r3ProcessCode>BLD_COUNTER</r3ProcessCode><servProvCode>MUNI1</servProvCode><applicationStatus>Ready to Issue</applicationStatus><displayInAca>Y</displayInAca><r3ActStatDes>Not Required</r3ActStatDes><r3ActStatFlg>Y</r3ActStatFlg><r3ActTypeDes>Plan Review</r3ActTypeDes><r3MouClockAction>No Action</r3MouClockAction><recDate>2011-11-01T15:00:09-07:00</recDate><recFulNam>ADMIN</recFulNam><recStatus>A</recStatus><refTaskStatusI18NModels/></r3statyp><r3statyp><r3ActStatCod>PMTCT070</r3ActStatCod><r3ProcessCode>BLD_COUNTER</r3ProcessCode><servProvCode>MUNI1</servProvCode><displayInAca>Y</displayInAca><r3ActStatDes>Note</r3ActStatDes><r3ActStatFlg>U</r3ActStatFlg><r3ActTypeDes>Plan Review</r3ActTypeDes><r3MouClockAction>No Action</r3MouClockAction><recDate>2011-11-01T15:00:17-07:00</recDate><recFulNam>ADMIN</recFulNam><recStatus>A</recStatus><refTaskStatusI18NModels/></r3statyp><r3statyp><r3ActStatCod>PMTCT080</r3ActStatCod><r3ProcessCode>BLD_COUNTER</r3ProcessCode><servProvCode>MUNI1</servProvCode><displayInAca>Y</displayInAca><r3ActStatDes>Revisions Required</r3ActStatDes><r3ActStatFlg>U</r3ActStatFlg><r3ActTypeDes>Plan Review</r3ActTypeDes><r3MouClockAction>No Action</r3MouClockAction><recDate>2011-11-01T16:45:05-07:00</recDate><recFulNam>ADMIN</recFulNam><recStatus>A</recStatus><refTaskStatusI18NModels/></r3statyp><r3statyp><r3ActStatCod>PMTCT090</r3ActStatCod><r3ProcessCode>BLD_COUNTER</r3ProcessCode><servProvCode>MUNI1</servProvCode><applicationStatus>Issued</applicationStatus><displayInAca>Y</displayInAca><r3ActStatDes>Issued</r3ActStatDes><r3ActStatFlg>Y</r3ActStatFlg><r3ActTypeDes>Permit Issuance</r3ActTypeDes><r3MouClockAction>No Action</r3MouClockAction><recDate>2012-02-09T15:37:39-08:00</recDate><recFulNam>ADMIN</recFulNam><recStatus>A</recStatus><refTaskStatusI18NModels/></r3statyp><r3statyp><r3ActStatCod>PMTCT100</r3ActStatCod><r3ProcessCode>BLD_COUNTER</r3ProcessCode><servProvCode>MUNI1</servProvCode><displayInAca>Y</displayInAca><r3ActStatDes>Note</r3ActStatDes><r3ActStatFlg>U</r3ActStatFlg><r3ActTypeDes>Permit Issuance</r3ActTypeDes><r3MouClockAction>No Action</r3MouClockAction><recDate>2011-11-01T15:01:33-07:00</recDate><recFulNam>ADMIN</recFulNam><recStatus>A</recStatus><refTaskStatusI18NModels/></r3statyp><r3statyp><r3ActStatCod>PMTCT110</r3ActStatCod><r3ProcessCode>BLD_COUNTER</r3ProcessCode><servProvCode>MUNI1</servProvCode><applicationStatus>Finaled</applicationStatus><displayInAca>Y</displayInAca><r3ActStatDes>Final Inspection Complete</r3ActStatDes><r3ActStatFlg>Y</r3ActStatFlg><r3ActTypeDes>Inspection</r3ActTypeDes><r3MouClockAction>No Action</r3MouClockAction><recDate>2011-11-01T15:02:20-07:00</recDate><recFulNam>ADMIN</recFulNam><recStatus>A</recStatus><refTaskStatusI18NModels/></r3statyp><r3statyp><r3ActStatCod>PMTCT130</r3ActStatCod><r3ProcessCode>BLD_COUNTER</r3ProcessCode><servProvCode>MUNI1</servProvCode><displayInAca>Y</displayInAca><r3ActStatDes>Note</r3ActStatDes><r3ActStatFlg>U</r3ActStatFlg><r3ActTypeDes>Inspection</r3ActTypeDes><r3MouClockAction>No Action</r3MouClockAction><recDate>2011-11-01T15:04:06-07:00</recDate><recFulNam>ADMIN</recFulNam><recStatus>A</recStatus><refTaskStatusI18NModels/></r3statyp><r3statyp><r3ActStatCod>SCODE1</r3ActStatCod><r3ProcessCode>BLD_COUNTER</r3ProcessCode><servProvCode>MUNI1</servProvCode><applicationStatus>Expired</applicationStatus><displayInAca>Y</displayInAca><r3ActStatDes>Expired</r3ActStatDes><r3ActStatFlg>U</r3ActStatFlg><r3ActTypeDes>Inspection</r3ActTypeDes><recDate>2014-05-27T15:54:26-07:00</recDate><recFulNam>Accela Administrator</recFulNam><recStatus>A</recStatus><refTaskStatusI18NModels/></r3statyp></r3statypModels><securityFlag>BLD_COUNTER/%</securityFlag></virProcess>
</list>