<?xml version="1.0" encoding="UTF-8" standalone="yes"?>
<list  version="8.0.0" minorVersion="21" exportUser="ADMIN" exportDateTime="07/28/2016 05:28 AM" description="null"><workflow><parentProcessID>0</parentProcessID><serviceProviderCode>MUNI1</serviceProviderCode><stepNumber>0</stepNumber><workflowName>BLD_OTC</workflowName><isSubProcessSelected>Y</isSubProcessSelected><processCode>BLD_COUNTER</processCode><refProcessRelationI18NModels/><recDate>2014-05-27T15:55:40-07:00</recDate><recFulNam>Accela Administrator</recFulNam><recStatus>A</recStatus><relationSeqId>50</relationSeqId><subProcessModels/></workflow>
</list>