<ACAConfiguration exportDateTime="06/07/2016 10:09 AM" exportUser="ADMIN" minorVersion="20" version="8.0.0"><customTextAndForm><applicationStatusModels/><capTypePermissionModels/><customComponentModels/><filterViewModels/><textLevelModels/></customTextAndForm><contentTemplateModels/><filterModels><filter><filterAction>Create an Application</filterAction><module>EnvHealth</module><name>Food Programs</name><serviceProviderCode>EHDEV</serviceProviderCode><auditModel><auditDate>2016-04-27T16:07:02-06:00</auditDate><auditID>ADMIN</auditID><auditStatus>A</auditStatus></auditModel><displayOrder>2</displayOrder><filterButtonModels/><filterCAPTypeModels><filterCAPType><category>Application</category><filterAction>Create an Application</filterAction><group>EnvHealth</group><module>EnvHealth</module><name>Food Programs</name><serviceProviderCode>EHDEV</serviceProviderCode><subtype>Commissary</subtype><type>Food</type><auditModel><auditDate>2016-04-27T16:07:02-06:00</auditDate><auditID>ADMIN</auditID><auditStatus>A</auditStatus></auditModel><referenceLicenseVerificationModels/></filterCAPType><filterCAPType><category>Application</category><filterAction>Create an Application</filterAction><group>EnvHealth</group><module>EnvHealth</module><name>Food Programs</name><serviceProviderCode>EHDEV</serviceProviderCode><subtype>Cottage</subtype><type>Food</type><auditModel><auditDate>2016-04-27T16:07:02-06:00</auditDate><auditID>ADMIN</auditID><auditStatus>A</auditStatus></auditModel><referenceLicenseVerificationModels/></filterCAPType><filterCAPType><category>Registration</category><filterAction>Create an Application</filterAction><group>EnvHealth</group><module>EnvHealth</module><name>Food Programs</name><serviceProviderCode>EHDEV</serviceProviderCode><subtype>Cottage</subtype><type>Food</type><auditModel><auditDate>2016-04-27T16:07:02-06:00</auditDate><auditID>ADMIN</auditID><auditStatus>A</auditStatus></auditModel><referenceLicenseVerificationModels/></filterCAPType><filterCAPType><category>Application</category><filterAction>Create an Application</filterAction><group>EnvHealth</group><module>EnvHealth</module><name>Food Programs</name><serviceProviderCode>EHDEV</serviceProviderCode><subtype>Educational</subtype><type>Food</type><auditModel><auditDate>2016-04-27T16:07:02-06:00</auditDate><auditID>ADMIN</auditID><auditStatus>A</auditStatus></auditModel><referenceLicenseVerificationModels/></filterCAPType><filterCAPType><category>Application</category><filterAction>Create an Application</filterAction><group>EnvHealth</group><module>EnvHealth</module><name>Food Programs</name><serviceProviderCode>EHDEV</serviceProviderCode><subtype>Elderly-Catered</subtype><type>Food</type><auditModel><auditDate>2016-04-27T16:07:02-06:00</auditDate><auditID>ADMIN</auditID><auditStatus>A</auditStatus></auditModel><referenceLicenseVerificationModels/></filterCAPType><filterCAPType><category>Application</category><filterAction>Create an Application</filterAction><group>EnvHealth</group><module>EnvHealth</module><name>Food Programs</name><serviceProviderCode>EHDEV</serviceProviderCode><subtype>Elderly-On-Site</subtype><type>Food</type><auditModel><auditDate>2016-04-27T16:07:02-06:00</auditDate><auditID>ADMIN</auditID><auditStatus>A</auditStatus></auditModel><referenceLicenseVerificationModels/></filterCAPType><filterCAPType><category>Application</category><filterAction>Create an Application</filterAction><group>EnvHealth</group><module>EnvHealth</module><name>Food Programs</name><serviceProviderCode>EHDEV</serviceProviderCode><subtype>Farmers-Market</subtype><type>Food</type><auditModel><auditDate>2016-04-27T16:07:02-06:00</auditDate><auditID>ADMIN</auditID><auditStatus>A</auditStatus></auditModel><referenceLicenseVerificationModels/></filterCAPType><filterCAPType><category>Application</category><filterAction>Create an Application</filterAction><group>EnvHealth</group><module>EnvHealth</module><name>Food Programs</name><serviceProviderCode>EHDEV</serviceProviderCode><subtype>Hospital</subtype><type>Food</type><auditModel><auditDate>2016-04-27T16:07:02-06:00</auditDate><auditID>ADMIN</auditID><auditStatus>A</auditStatus></auditModel><referenceLicenseVerificationModels/></filterCAPType><filterCAPType><category>Application</category><filterAction>Create an Application</filterAction><group>EnvHealth</group><module>EnvHealth</module><name>Food Programs</name><serviceProviderCode>EHDEV</serviceProviderCode><subtype>Institutional</subtype><type>Food</type><auditModel><auditDate>2016-04-27T16:07:02-06:00</auditDate><auditID>ADMIN</auditID><auditStatus>A</auditStatus></auditModel><referenceLicenseVerificationModels/></filterCAPType><filterCAPType><category>Application</category><filterAction>Create an Application</filterAction><group>EnvHealth</group><module>EnvHealth</module><name>Food Programs</name><serviceProviderCode>EHDEV</serviceProviderCode><subtype>Limited</subtype><type>Food</type><auditModel><auditDate>2016-04-27T16:07:02-06:00</auditDate><auditID>ADMIN</auditID><auditStatus>A</auditStatus></auditModel><referenceLicenseVerificationModels/></filterCAPType><filterCAPType><category>Application</category><filterAction>Create an Application</filterAction><group>EnvHealth</group><module>EnvHealth</module><name>Food Programs</name><serviceProviderCode>EHDEV</serviceProviderCode><subtype>Local-Confinement</subtype><type>Food</type><auditModel><auditDate>2016-04-27T16:07:02-06:00</auditDate><auditID>ADMIN</auditID><auditStatus>A</auditStatus></auditModel><referenceLicenseVerificationModels/></filterCAPType><filterCAPType><category>Application</category><filterAction>Create an Application</filterAction><group>EnvHealth</group><module>EnvHealth</module><name>Food Programs</name><serviceProviderCode>EHDEV</serviceProviderCode><subtype>Meat-Market</subtype><type>Food</type><auditModel><auditDate>2016-04-27T16:07:02-06:00</auditDate><auditID>ADMIN</auditID><auditStatus>A</auditStatus></auditModel><referenceLicenseVerificationModels/></filterCAPType><filterCAPType><category>Application</category><filterAction>Create an Application</filterAction><group>EnvHealth</group><module>EnvHealth</module><name>Food Programs</name><serviceProviderCode>EHDEV</serviceProviderCode><subtype>Mobile</subtype><type>Food</type><auditModel><auditDate>2016-04-27T16:07:02-06:00</auditDate><auditID>ADMIN</auditID><auditStatus>A</auditStatus></auditModel><referenceLicenseVerificationModels/></filterCAPType><filterCAPType><category>Application</category><filterAction>Create an Application</filterAction><group>EnvHealth</group><module>EnvHealth</module><name>Food Programs</name><serviceProviderCode>EHDEV</serviceProviderCode><subtype>Private-School-Lunchroom</subtype><type>Food</type><auditModel><auditDate>2016-04-27T16:07:02-06:00</auditDate><auditID>ADMIN</auditID><auditStatus>A</auditStatus></auditModel><referenceLicenseVerificationModels/></filterCAPType><filterCAPType><category>Application</category><filterAction>Create an Application</filterAction><group>EnvHealth</group><module>EnvHealth</module><name>Food Programs</name><serviceProviderCode>EHDEV</serviceProviderCode><subtype>Public-School-Lunchroom</subtype><type>Food</type><auditModel><auditDate>2016-04-27T16:07:02-06:00</auditDate><auditID>ADMIN</auditID><auditStatus>A</auditStatus></auditModel><referenceLicenseVerificationModels/></filterCAPType><filterCAPType><category>Application</category><filterAction>Create an Application</filterAction><group>EnvHealth</group><module>EnvHealth</module><name>Food Programs</name><serviceProviderCode>EHDEV</serviceProviderCode><subtype>Pushcart</subtype><type>Food</type><auditModel><auditDate>2016-04-27T16:07:02-06:00</auditDate><auditID>ADMIN</auditID><auditStatus>A</auditStatus></auditModel><referenceLicenseVerificationModels/></filterCAPType><filterCAPType><category>Application</category><filterAction>Create an Application</filterAction><group>EnvHealth</group><module>EnvHealth</module><name>Food Programs</name><serviceProviderCode>EHDEV</serviceProviderCode><subtype>Restaurant</subtype><type>Food</type><auditModel><auditDate>2016-04-27T16:07:02-06:00</auditDate><auditID>ADMIN</auditID><auditStatus>A</auditStatus></auditModel><referenceLicenseVerificationModels/></filterCAPType><filterCAPType><category>Application</category><filterAction>Create an Application</filterAction><group>EnvHealth</group><module>EnvHealth</module><name>Food Programs</name><serviceProviderCode>EHDEV</serviceProviderCode><subtype>Stand</subtype><type>Food</type><auditModel><auditDate>2016-04-27T16:07:02-06:00</auditDate><auditID>ADMIN</auditID><auditStatus>A</auditStatus></auditModel><referenceLicenseVerificationModels/></filterCAPType><filterCAPType><category>Application</category><filterAction>Create an Application</filterAction><group>EnvHealth</group><module>EnvHealth</module><name>Food Programs</name><serviceProviderCode>EHDEV</serviceProviderCode><subtype>Temporary</subtype><type>Food</type><auditModel><auditDate>2016-04-27T16:07:02-06:00</auditDate><auditID>ADMIN</auditID><auditStatus>A</auditStatus></auditModel><referenceLicenseVerificationModels/></filterCAPType></filterCAPTypeModels><filterModelI18NModels/><isCapTypeSelected>Y</isCapTypeSelected><resId>12</resId></filter><filter><filterAction>Create an Application</filterAction><module>EnvHealth</module><name>Body-Art Programs</name><serviceProviderCode>EHDEV</serviceProviderCode><auditModel><auditDate>2016-05-23T00:48:26-06:00</auditDate><auditID>ADMIN</auditID><auditStatus>A</auditStatus></auditModel><displayOrder>1</displayOrder><filterButtonModels/><filterCAPTypeModels><filterCAPType><category>Application</category><filterAction>Create an Application</filterAction><group>EnvHealth</group><module>EnvHealth</module><name>Body-Art Programs</name><serviceProviderCode>EHDEV</serviceProviderCode><subtype>Facility</subtype><type>Body-Art</type><auditModel><auditDate>2016-04-27T16:07:38-06:00</auditDate><auditID>ADMIN</auditID><auditStatus>A</auditStatus></auditModel><referenceLicenseVerificationModels/></filterCAPType><filterCAPType><category>Application</category><filterAction>Create an Application</filterAction><group>EnvHealth</group><module>EnvHealth</module><name>Body-Art Programs</name><serviceProviderCode>EHDEV</serviceProviderCode><subtype>Day-Care-Adult</subtype><type>Institutional</type><auditModel><auditDate>2016-05-23T00:48:26-06:00</auditDate><auditID>ADMIN</auditID><auditStatus>A</auditStatus></auditModel><referenceLicenseVerificationModels/></filterCAPType><filterCAPType><category>Permit</category><filterAction>Create an Application</filterAction><group>EnvHealth</group><module>EnvHealth</module><name>Body-Art Programs</name><serviceProviderCode>EHDEV</serviceProviderCode><subtype>Day-Care-Adult</subtype><type>Institutional</type><auditModel><auditDate>2016-05-23T00:48:26-06:00</auditDate><auditID>ADMIN</auditID><auditStatus>A</auditStatus></auditModel><referenceLicenseVerificationModels/></filterCAPType><filterCAPType><category>Application</category><filterAction>Create an Application</filterAction><group>EnvHealth</group><module>EnvHealth</module><name>Body-Art Programs</name><serviceProviderCode>EHDEV</serviceProviderCode><subtype>Day-Care-Child</subtype><type>Institutional</type><auditModel><auditDate>2016-05-23T00:48:26-06:00</auditDate><auditID>ADMIN</auditID><auditStatus>A</auditStatus></auditModel><referenceLicenseVerificationModels/></filterCAPType><filterCAPType><category>Permit</category><filterAction>Create an Application</filterAction><group>EnvHealth</group><module>EnvHealth</module><name>Body-Art Programs</name><serviceProviderCode>EHDEV</serviceProviderCode><subtype>Day-Care-Child</subtype><type>Institutional</type><auditModel><auditDate>2016-05-23T00:48:26-06:00</auditDate><auditID>ADMIN</auditID><auditStatus>A</auditStatus></auditModel><referenceLicenseVerificationModels/></filterCAPType><filterCAPType><category>Application</category><filterAction>Create an Application</filterAction><group>EnvHealth</group><module>EnvHealth</module><name>Body-Art Programs</name><serviceProviderCode>EHDEV</serviceProviderCode><subtype>Day-Care-Home</subtype><type>Institutional</type><auditModel><auditDate>2016-05-23T00:48:26-06:00</auditDate><auditID>ADMIN</auditID><auditStatus>A</auditStatus></auditModel><referenceLicenseVerificationModels/></filterCAPType><filterCAPType><category>Permit</category><filterAction>Create an Application</filterAction><group>EnvHealth</group><module>EnvHealth</module><name>Body-Art Programs</name><serviceProviderCode>EHDEV</serviceProviderCode><subtype>Day-Care-Home</subtype><type>Institutional</type><auditModel><auditDate>2016-05-23T00:48:26-06:00</auditDate><auditID>ADMIN</auditID><auditStatus>A</auditStatus></auditModel><referenceLicenseVerificationModels/></filterCAPType><filterCAPType><category>Application</category><filterAction>Create an Application</filterAction><group>EnvHealth</group><module>EnvHealth</module><name>Body-Art Programs</name><serviceProviderCode>EHDEV</serviceProviderCode><subtype>Nursing-Home</subtype><type>Institutional</type><auditModel><auditDate>2016-05-23T00:48:26-06:00</auditDate><auditID>ADMIN</auditID><auditStatus>A</auditStatus></auditModel><referenceLicenseVerificationModels/></filterCAPType><filterCAPType><category>Permit</category><filterAction>Create an Application</filterAction><group>EnvHealth</group><module>EnvHealth</module><name>Body-Art Programs</name><serviceProviderCode>EHDEV</serviceProviderCode><subtype>Nursing-Home</subtype><type>Institutional</type><auditModel><auditDate>2016-05-23T00:48:26-06:00</auditDate><auditID>ADMIN</auditID><auditStatus>A</auditStatus></auditModel><referenceLicenseVerificationModels/></filterCAPType><filterCAPType><category>Application</category><filterAction>Create an Application</filterAction><group>EnvHealth</group><module>EnvHealth</module><name>Body-Art Programs</name><serviceProviderCode>EHDEV</serviceProviderCode><subtype>Other</subtype><type>Institutional</type><auditModel><auditDate>2016-05-23T00:48:26-06:00</auditDate><auditID>ADMIN</auditID><auditStatus>A</auditStatus></auditModel><referenceLicenseVerificationModels/></filterCAPType><filterCAPType><category>Permit</category><filterAction>Create an Application</filterAction><group>EnvHealth</group><module>EnvHealth</module><name>Body-Art Programs</name><serviceProviderCode>EHDEV</serviceProviderCode><subtype>Other</subtype><type>Institutional</type><auditModel><auditDate>2016-05-23T00:48:26-06:00</auditDate><auditID>ADMIN</auditID><auditStatus>A</auditStatus></auditModel><referenceLicenseVerificationModels/></filterCAPType><filterCAPType><category>Application</category><filterAction>Create an Application</filterAction><group>EnvHealth</group><module>EnvHealth</module><name>Body-Art Programs</name><serviceProviderCode>EHDEV</serviceProviderCode><subtype>Residential-Care</subtype><type>Institutional</type><auditModel><auditDate>2016-05-23T00:48:26-06:00</auditDate><auditID>ADMIN</auditID><auditStatus>A</auditStatus></auditModel><referenceLicenseVerificationModels/></filterCAPType><filterCAPType><category>Permit</category><filterAction>Create an Application</filterAction><group>EnvHealth</group><module>EnvHealth</module><name>Body-Art Programs</name><serviceProviderCode>EHDEV</serviceProviderCode><subtype>Residential-Care</subtype><type>Institutional</type><auditModel><auditDate>2016-05-23T00:48:26-06:00</auditDate><auditID>ADMIN</auditID><auditStatus>A</auditStatus></auditModel><referenceLicenseVerificationModels/></filterCAPType><filterCAPType><category>Application</category><filterAction>Create an Application</filterAction><group>EnvHealth</group><module>EnvHealth</module><name>Body-Art Programs</name><serviceProviderCode>EHDEV</serviceProviderCode><subtype>School-Building</subtype><type>Institutional</type><auditModel><auditDate>2016-05-23T00:48:26-06:00</auditDate><auditID>ADMIN</auditID><auditStatus>A</auditStatus></auditModel><referenceLicenseVerificationModels/></filterCAPType><filterCAPType><category>Permit</category><filterAction>Create an Application</filterAction><group>EnvHealth</group><module>EnvHealth</module><name>Body-Art Programs</name><serviceProviderCode>EHDEV</serviceProviderCode><subtype>School-Building</subtype><type>Institutional</type><auditModel><auditDate>2016-05-23T00:48:26-06:00</auditDate><auditID>ADMIN</auditID><auditStatus>A</auditStatus></auditModel><referenceLicenseVerificationModels/></filterCAPType></filterCAPTypeModels><filterModelI18NModels/><isCapTypeSelected>Y</isCapTypeSelected><resId>13</resId></filter><filter><filterAction>Create an Application</filterAction><module>EnvHealth</module><name>Rec-Health Programs</name><serviceProviderCode>EHDEV</serviceProviderCode><auditModel><auditDate>2016-04-27T16:08:16-06:00</auditDate><auditID>ADMIN</auditID><auditStatus>A</auditStatus></auditModel><displayOrder>4</displayOrder><filterButtonModels/><filterCAPTypeModels><filterCAPType><category>Application</category><filterAction>Create an Application</filterAction><group>EnvHealth</group><module>EnvHealth</module><name>Rec-Health Programs</name><serviceProviderCode>EHDEV</serviceProviderCode><subtype>Pool</subtype><type>Rec-Health</type><auditModel><auditDate>2016-04-27T16:08:16-06:00</auditDate><auditID>ADMIN</auditID><auditStatus>A</auditStatus></auditModel><referenceLicenseVerificationModels/></filterCAPType></filterCAPTypeModels><filterModelI18NModels/><isCapTypeSelected>Y</isCapTypeSelected><resId>14</resId></filter><filter><filterAction>Create an Application</filterAction><module>EnvHealth</module><name>Land Programs</name><serviceProviderCode>EHDEV</serviceProviderCode><auditModel><auditDate>2016-04-27T16:08:56-06:00</auditDate><auditID>ADMIN</auditID><auditStatus>A</auditStatus></auditModel><displayOrder>3</displayOrder><filterButtonModels/><filterCAPTypeModels><filterCAPType><category>Application</category><filterAction>Create an Application</filterAction><group>EnvHealth</group><module>EnvHealth</module><name>Land Programs</name><serviceProviderCode>EHDEV</serviceProviderCode><subtype>OWTS</subtype><type>Land</type><auditModel><auditDate>2016-04-27T16:08:56-06:00</auditDate><auditID>ADMIN</auditID><auditStatus>A</auditStatus></auditModel><referenceLicenseVerificationModels/></filterCAPType><filterCAPType><category>Application</category><filterAction>Create an Application</filterAction><group>EnvHealth</group><module>EnvHealth</module><name>Land Programs</name><serviceProviderCode>EHDEV</serviceProviderCode><subtype>Water-Well</subtype><type>Land</type><auditModel><auditDate>2016-04-27T16:08:56-06:00</auditDate><auditID>ADMIN</auditID><auditStatus>A</auditStatus></auditModel><referenceLicenseVerificationModels/></filterCAPType></filterCAPTypeModels><filterModelI18NModels/><isCapTypeSelected>Y</isCapTypeSelected><resId>15</resId></filter><filter><filterAction>Create an Application</filterAction><module>EnvHealth</module><name>Complaints</name><serviceProviderCode>EHDEV</serviceProviderCode><auditModel><auditDate>2016-04-27T16:09:50-06:00</auditDate><auditID>ADMIN</auditID><auditStatus>A</auditStatus></auditModel><displayOrder>6</displayOrder><filterButtonModels/><filterCAPTypeModels><filterCAPType><category>NA</category><filterAction>Create an Application</filterAction><group>EnvHealth</group><module>EnvHealth</module><name>Complaints</name><serviceProviderCode>EHDEV</serviceProviderCode><subtype>NA</subtype><type>Complaint</type><auditModel><auditDate>2016-04-27T16:09:50-06:00</auditDate><auditID>ADMIN</auditID><auditStatus>A</auditStatus></auditModel><referenceLicenseVerificationModels/></filterCAPType></filterCAPTypeModels><filterModelI18NModels/><isCapTypeSelected>Y</isCapTypeSelected><resId>16</resId></filter></filterModels><filterScreens/></ACAConfiguration>