<?xml version="1.0" encoding="UTF-8" standalone="yes"?>
<list  version="8.0.0" minorVersion="15" exportUser="ADMIN" exportDateTime="03/30/2016 08:45 PM" description="null"><applicationStatusGroup><appStatusGroupCode>ENF_COMPLAINT</appStatusGroupCode><serviceProviderCode>BPTDEV</serviceProviderCode><appStatusGroupModels><appStatusGroupModel refId="1@AppStatusGroupModel"><serviceProviderCode>BPTDEV</serviceProviderCode><appStatusGroupCode>ENF_COMPLAINT</appStatusGroupCode><status>Assigned</status><appStatusGroupI18Ns/><auditModel><auditDate>2012-02-06T12:11:18-07:00</auditDate><auditID>ADMIN</auditID><auditStatus>A</auditStatus></auditModel><statusType>PENDING</statusType></appStatusGroupModel><appStatusGroupModel refId="2@AppStatusGroupModel"><serviceProviderCode>BPTDEV</serviceProviderCode><appStatusGroupCode>ENF_COMPLAINT</appStatusGroupCode><status>Closed</status><appStatusGroupI18Ns/><auditModel><auditDate>2012-02-06T12:11:58-07:00</auditDate><auditID>ADMIN</auditID><auditStatus>A</auditStatus></auditModel><statusType>CLOSED</statusType></appStatusGroupModel><appStatusGroupModel refId="3@AppStatusGroupModel"><serviceProviderCode>BPTDEV</serviceProviderCode><appStatusGroupCode>ENF_COMPLAINT</appStatusGroupCode><status>Complete-Duplicate</status><appStatusGroupI18Ns/><auditModel><auditDate>2013-04-08T18:10:57-06:00</auditDate><auditID>ADMIN</auditID><auditStatus>A</auditStatus></auditModel><statusType>COMPLETE</statusType></appStatusGroupModel><appStatusGroupModel refId="4@AppStatusGroupModel"><serviceProviderCode>BPTDEV</serviceProviderCode><appStatusGroupCode>ENF_COMPLAINT</appStatusGroupCode><status>Complete-Fixed</status><appStatusGroupI18Ns/><auditModel><auditDate>2013-04-08T18:10:50-06:00</auditDate><auditID>ADMIN</auditID><auditStatus>A</auditStatus></auditModel><statusType>COMPLETE</statusType></appStatusGroupModel><appStatusGroupModel refId="5@AppStatusGroupModel"><serviceProviderCode>BPTDEV</serviceProviderCode><appStatusGroupCode>ENF_COMPLAINT</appStatusGroupCode><status>Complete-Legal Decision</status><appStatusGroupI18Ns/><auditModel><auditDate>2013-04-08T18:12:05-06:00</auditDate><auditID>ADMIN</auditID><auditStatus>A</auditStatus></auditModel><statusType>COMPLETE</statusType></appStatusGroupModel><appStatusGroupModel refId="6@AppStatusGroupModel"><serviceProviderCode>BPTDEV</serviceProviderCode><appStatusGroupCode>ENF_COMPLAINT</appStatusGroupCode><status>Complete-No Violation</status><appStatusGroupI18Ns/><auditModel><auditDate>2013-04-08T18:11:14-06:00</auditDate><auditID>ADMIN</auditID><auditStatus>A</auditStatus></auditModel><statusType>COMPLETE</statusType></appStatusGroupModel><appStatusGroupModel refId="7@AppStatusGroupModel"><serviceProviderCode>BPTDEV</serviceProviderCode><appStatusGroupCode>ENF_COMPLAINT</appStatusGroupCode><status>Complete-Referred</status><appStatusGroupI18Ns/><auditModel><auditDate>2013-04-08T18:11:24-06:00</auditDate><auditID>ADMIN</auditID><auditStatus>A</auditStatus></auditModel><statusType>COMPLETE</statusType></appStatusGroupModel><appStatusGroupModel refId="8@AppStatusGroupModel"><serviceProviderCode>BPTDEV</serviceProviderCode><appStatusGroupCode>ENF_COMPLAINT</appStatusGroupCode><status>Duplicate</status><appStatusGroupI18Ns/><auditModel><auditDate>2012-02-06T12:11:36-07:00</auditDate><auditID>ADMIN</auditID><auditStatus>A</auditStatus></auditModel><statusType>COMPLETE</statusType></appStatusGroupModel><appStatusGroupModel refId="9@AppStatusGroupModel"><serviceProviderCode>BPTDEV</serviceProviderCode><appStatusGroupCode>ENF_COMPLAINT</appStatusGroupCode><status>Potential Duplicate</status><appStatusGroupI18Ns/><auditModel><auditDate>2013-04-05T15:49:55-06:00</auditDate><auditID>ADMIN</auditID><auditStatus>A</auditStatus></auditModel><statusType>OPEN</statusType></appStatusGroupModel><appStatusGroupModel refId="10@AppStatusGroupModel"><serviceProviderCode>BPTDEV</serviceProviderCode><appStatusGroupCode>ENF_COMPLAINT</appStatusGroupCode><status>Received</status><appStatusGroupI18Ns/><auditModel><auditDate>2012-02-06T12:11:02-07:00</auditDate><auditID>ADMIN</auditID><auditStatus>A</auditStatus></auditModel><statusType>OPEN</statusType></appStatusGroupModel><appStatusGroupModel refId="11@AppStatusGroupModel"><serviceProviderCode>BPTDEV</serviceProviderCode><appStatusGroupCode>ENF_COMPLAINT</appStatusGroupCode><status>Referred</status><appStatusGroupI18Ns/><auditModel><auditDate>2012-02-06T12:11:46-07:00</auditDate><auditID>ADMIN</auditID><auditStatus>A</auditStatus></auditModel><statusType>COMPLETE</statusType></appStatusGroupModel><appStatusGroupModel refId="12@AppStatusGroupModel"><serviceProviderCode>BPTDEV</serviceProviderCode><appStatusGroupCode>ENF_COMPLAINT</appStatusGroupCode><status>Void</status><appStatusGroupI18Ns/><auditModel><auditDate>2012-02-13T08:21:48-07:00</auditDate><auditID>ADMIN</auditID><auditStatus>A</auditStatus></auditModel><statusType>VOID</statusType></appStatusGroupModel><appStatusGroupModel refId="13@AppStatusGroupModel"><serviceProviderCode>BPTDEV</serviceProviderCode><appStatusGroupCode>ENF_COMPLAINT</appStatusGroupCode><status>Withdrawn</status><appStatusGroupI18Ns/><auditModel><auditDate>2015-08-19T14:11:44-06:00</auditDate><auditID>ADMIN</auditID><auditStatus>A</auditStatus></auditModel><statusType>CLOSED</statusType></appStatusGroupModel></appStatusGroupModels></applicationStatusGroup>
<applicationStatusGroup><appStatusGroupCode>ENF_INCIDENT</appStatusGroupCode><serviceProviderCode>BPTDEV</serviceProviderCode><appStatusGroupModels><appStatusGroupModel refId="1@AppStatusGroupModel"><serviceProviderCode>BPTDEV</serviceProviderCode><appStatusGroupCode>ENF_INCIDENT</appStatusGroupCode><status>Assigned</status><appStatusGroupI18Ns/><auditModel><auditDate>2014-04-23T13:06:05-06:00</auditDate><auditID>ADMIN</auditID><auditStatus>A</auditStatus></auditModel><statusType>OPEN</statusType></appStatusGroupModel><appStatusGroupModel refId="2@AppStatusGroupModel"><serviceProviderCode>BPTDEV</serviceProviderCode><appStatusGroupCode>ENF_INCIDENT</appStatusGroupCode><status>Citation Issued</status><appStatusGroupI18Ns/><auditModel><auditDate>2014-04-23T13:05:52-06:00</auditDate><auditID>ADMIN</auditID><auditStatus>A</auditStatus></auditModel><statusType>OPEN</statusType></appStatusGroupModel><appStatusGroupModel refId="3@AppStatusGroupModel"><serviceProviderCode>BPTDEV</serviceProviderCode><appStatusGroupCode>ENF_INCIDENT</appStatusGroupCode><status>Closed</status><appStatusGroupI18Ns/><auditModel><auditDate>2011-12-13T15:18:02-07:00</auditDate><auditID>ADMIN</auditID><auditStatus>A</auditStatus></auditModel><statusType>CLOSED</statusType></appStatusGroupModel><appStatusGroupModel refId="4@AppStatusGroupModel"><serviceProviderCode>BPTDEV</serviceProviderCode><appStatusGroupCode>ENF_INCIDENT</appStatusGroupCode><status>Duplicate</status><appStatusGroupI18Ns/><auditModel><auditDate>2011-12-13T15:19:53-07:00</auditDate><auditID>ADMIN</auditID><auditStatus>A</auditStatus></auditModel><statusType>CLOSED</statusType></appStatusGroupModel><appStatusGroupModel refId="5@AppStatusGroupModel"><serviceProviderCode>BPTDEV</serviceProviderCode><appStatusGroupCode>ENF_INCIDENT</appStatusGroupCode><status>Extension</status><appStatusGroupI18Ns/><auditModel><auditDate>2011-12-13T15:18:14-07:00</auditDate><auditID>ADMIN</auditID><auditStatus>A</auditStatus></auditModel><statusType>PENDING</statusType></appStatusGroupModel><appStatusGroupModel refId="6@AppStatusGroupModel"><serviceProviderCode>BPTDEV</serviceProviderCode><appStatusGroupCode>ENF_INCIDENT</appStatusGroupCode><status>In Violation</status><appStatusGroupI18Ns/><auditModel><auditDate>2014-04-23T12:45:12-06:00</auditDate><auditID>ADMIN</auditID><auditStatus>A</auditStatus></auditModel><statusType>OPEN</statusType></appStatusGroupModel><appStatusGroupModel refId="7@AppStatusGroupModel"><serviceProviderCode>BPTDEV</serviceProviderCode><appStatusGroupCode>ENF_INCIDENT</appStatusGroupCode><status>No Violation</status><appStatusGroupI18Ns/><auditModel><auditDate>2014-04-23T13:04:58-06:00</auditDate><auditID>ADMIN</auditID><auditStatus>A</auditStatus></auditModel><statusType>OPEN</statusType></appStatusGroupModel><appStatusGroupModel refId="8@AppStatusGroupModel"><serviceProviderCode>BPTDEV</serviceProviderCode><appStatusGroupCode>ENF_INCIDENT</appStatusGroupCode><status>Potential Duplicate</status><appStatusGroupI18Ns/><auditModel><auditDate>2013-04-07T18:41:03-06:00</auditDate><auditID>ADMIN</auditID><auditStatus>A</auditStatus></auditModel><statusType>OPEN</statusType></appStatusGroupModel><appStatusGroupModel refId="9@AppStatusGroupModel"><serviceProviderCode>BPTDEV</serviceProviderCode><appStatusGroupCode>ENF_INCIDENT</appStatusGroupCode><status>Received</status><appStatusGroupI18Ns/><auditModel><auditDate>2011-12-13T15:03:01-07:00</auditDate><auditID>ADMIN</auditID><auditStatus>A</auditStatus></auditModel><statusType>OPEN</statusType></appStatusGroupModel><appStatusGroupModel refId="10@AppStatusGroupModel"><serviceProviderCode>BPTDEV</serviceProviderCode><appStatusGroupCode>ENF_INCIDENT</appStatusGroupCode><status>Recommend Citation</status><appStatusGroupI18Ns/><auditModel><auditDate>2014-04-23T13:05:34-06:00</auditDate><auditID>ADMIN</auditID><auditStatus>A</auditStatus></auditModel><statusType>OPEN</statusType></appStatusGroupModel><appStatusGroupModel refId="11@AppStatusGroupModel"><serviceProviderCode>BPTDEV</serviceProviderCode><appStatusGroupCode>ENF_INCIDENT</appStatusGroupCode><status>Referred</status><appStatusGroupI18Ns/><auditModel><auditDate>2011-12-13T15:20:02-07:00</auditDate><auditID>ADMIN</auditID><auditStatus>A</auditStatus></auditModel><statusType>CLOSED</statusType></appStatusGroupModel><appStatusGroupModel refId="12@AppStatusGroupModel"><serviceProviderCode>BPTDEV</serviceProviderCode><appStatusGroupCode>ENF_INCIDENT</appStatusGroupCode><status>Violation Corrected</status><appStatusGroupI18Ns/><auditModel><auditDate>2014-04-23T13:05:15-06:00</auditDate><auditID>ADMIN</auditID><auditStatus>A</auditStatus></auditModel><statusType>OPEN</statusType></appStatusGroupModel><appStatusGroupModel refId="13@AppStatusGroupModel"><serviceProviderCode>BPTDEV</serviceProviderCode><appStatusGroupCode>ENF_INCIDENT</appStatusGroupCode><status>Void</status><appStatusGroupI18Ns/><auditModel><auditDate>2012-02-13T08:21:24-07:00</auditDate><auditID>ADMIN</auditID><auditStatus>A</auditStatus></auditModel><statusType>VOID</statusType></appStatusGroupModel><appStatusGroupModel refId="14@AppStatusGroupModel"><serviceProviderCode>BPTDEV</serviceProviderCode><appStatusGroupCode>ENF_INCIDENT</appStatusGroupCode><status>Withdrawn</status><appStatusGroupI18Ns/><auditModel><auditDate>2015-08-19T14:14:59-06:00</auditDate><auditID>ADMIN</auditID><auditStatus>A</auditStatus></auditModel><statusType>CLOSED</statusType></appStatusGroupModel></appStatusGroupModels></applicationStatusGroup>
</list>