<?xml version="1.0" encoding="UTF-8" standalone="yes"?>
<list  version="8.0.0" minorVersion="15" exportUser="ADMIN" exportDateTime="03/30/2016 08:45 PM" description="null"><asiGroup><appSpecInfoGroupCode>ENF_COMPLNT</appSpecInfoGroupCode><r1CheckboxGroup>WORKFLOW TASK</r1CheckboxGroup><serviceProviderCode>BPTDEV</serviceProviderCode><asiModels><asiModel><r1CheckboxCode>ENF_COMPLNT</r1CheckboxCode><r1CheckboxDesc>Priority</r1CheckboxDesc><r1CheckboxGroup>WORKFLOW TASK</r1CheckboxGroup><r1CheckboxType>ENF_INTAKE</r1CheckboxType><servProvCode>BPTDEV</servProvCode><asiDropdownModels/><r1AttributeValueReqFlag>N</r1AttributeValueReqFlag><r1CheckboxInd>5</r1CheckboxInd><r1DisplayOrder>10</r1DisplayOrder><r1GroupDisplayOrder>10</r1GroupDisplayOrder><r1ReqFeeCalc>N</r1ReqFeeCalc><r1SearchableFlag>N</r1SearchableFlag><r1SearchableForAca>N</r1SearchableForAca><r1SupervisorEditOnlyFlag>N</r1SupervisorEditOnlyFlag><recDate>2012-02-06T13:59:29-07:00</recDate><recFulNam>ADMIN</recFulNam><recStatus>A</recStatus><vchDispFlag>N</vchDispFlag></asiModel></asiModels><asiSecurityModels/><fieldVariableMapping/><isASITSelected>Y</isASITSelected><isSecuritySelected>Y</isSecuritySelected><r1CheckboxType>ENF_INTAKE</r1CheckboxType><sharedDropDownModels/><templateLayoutConfigModels><templateLayoutConfigModel><resId>28</resId><serviceProviderCode>BPTDEV</serviceProviderCode><alternativeLabel>Select the type of complaint you are entering from the list.  You will need to submit a separate complaint for each issue you want to report.  </alternativeLabel><auditModel><auditDate>2012-02-06T17:21:02-07:00</auditDate><auditID>ADMIN</auditID><auditStatus>A</auditStatus></auditModel><columnLayout xmlns:xsi="http://www.w3.org/2001/XMLSchema-instance" xsi:nil="true"/><configLevel>FIELDNAME</configLevel><entityType>ASI</entityType><fieldName>Complaint Type</fieldName><templateCode>ENF_COMPLNT</templateCode><templateLayoutConfigI18NModels/><templateType>COMPLAINT INFORMATION</templateType></templateLayoutConfigModel><templateLayoutConfigModel><resId>25</resId><serviceProviderCode>BPTDEV</serviceProviderCode><alternativeLabel>Please provide any additional location information</alternativeLabel><auditModel><auditDate>2012-02-06T12:51:16-07:00</auditDate><auditID>ADMIN</auditID><auditStatus>A</auditStatus></auditModel><columnLayout xmlns:xsi="http://www.w3.org/2001/XMLSchema-instance" xsi:nil="true"/><configLevel>FIELDNAME</configLevel><entityType>ASI</entityType><fieldName>Location</fieldName><templateCode>ENF_COMPLNT</templateCode><templateLayoutConfigI18NModels/><templateType>COMPLAINT INFORMATION</templateType></templateLayoutConfigModel><templateLayoutConfigModel><resId>816</resId><serviceProviderCode>BPTDEV</serviceProviderCode><auditModel><auditDate>2013-04-12T16:34:50-06:00</auditDate><auditID>ADMIN</auditID><auditStatus>A</auditStatus></auditModel><columnLayout xmlns:xsi="http://www.w3.org/2001/XMLSchema-instance" xsi:nil="true"/><configLevel>FIELDNAME</configLevel><entityType>ASI</entityType><fieldName>Notify Complainant</fieldName><templateCode>ENF_COMPLNT</templateCode><templateLayoutConfigI18NModels/><templateType>COMPLAINT INFORMATION</templateType></templateLayoutConfigModel><templateLayoutConfigModel><resId>807</resId><serviceProviderCode>BPTDEV</serviceProviderCode><auditModel><auditDate>2013-04-12T16:34:50-06:00</auditDate><auditID>ADMIN</auditID><auditStatus>A</auditStatus></auditModel><columnLayout xmlns:xsi="http://www.w3.org/2001/XMLSchema-instance" xsi:nil="true"/><configLevel>FIELDNAME</configLevel><entityType>ASI</entityType><fieldName>Source of Complaint</fieldName><templateCode>ENF_COMPLNT</templateCode><templateLayoutConfigI18NModels/><templateType>COMPLAINT INFORMATION</templateType></templateLayoutConfigModel><templateLayoutConfigModel><resId>812</resId><serviceProviderCode>BPTDEV</serviceProviderCode><auditModel><auditDate>2013-04-12T16:34:50-06:00</auditDate><auditID>ADMIN</auditID><auditStatus>A</auditStatus></auditModel><columnLayout xmlns:xsi="http://www.w3.org/2001/XMLSchema-instance" xsi:nil="true"/><configLevel>FIELDNAME</configLevel><entityType>ASI</entityType><fieldName>Type of Submittal</fieldName><templateCode>ENF_COMPLNT</templateCode><templateLayoutConfigI18NModels/><templateType>COMPLAINT INFORMATION</templateType></templateLayoutConfigModel><templateLayoutConfigModel><resId>26</resId><serviceProviderCode>BPTDEV</serviceProviderCode><auditModel><auditDate>2012-02-06T12:36:38-07:00</auditDate><auditID>ADMIN</auditID><auditStatus>A</auditStatus></auditModel><columnArrangement>Horizontal</columnArrangement><columnLayout>1</columnLayout><configLevel>TEMPLATENAME</configLevel><entityType>ASI</entityType><fieldName>N/A</fieldName><labelDisplay>TOP</labelDisplay><templateCode>ENF_COMPLNT</templateCode><templateLayoutConfigI18NModels/><templateType>COMPLAINT INFORMATION</templateType></templateLayoutConfigModel></templateLayoutConfigModels></asiGroup>
<asiGroup><appSpecInfoGroupCode>CITATION</appSpecInfoGroupCode><r1CheckboxGroup>WORKFLOW TASK</r1CheckboxGroup><serviceProviderCode>BPTDEV</serviceProviderCode><asiModels><asiModel><r1CheckboxCode>CITATION</r1CheckboxCode><r1CheckboxDesc>Certify Letter Nbr</r1CheckboxDesc><r1CheckboxGroup>WORKFLOW TASK</r1CheckboxGroup><r1CheckboxType>CITATION INFO</r1CheckboxType><servProvCode>BPTDEV</servProvCode><asiDropdownModels/><displayLength>40</displayLength><maxLength>40</maxLength><r1AttributeValueReqFlag>N</r1AttributeValueReqFlag><r1CheckboxInd>1</r1CheckboxInd><r1DisplayOrder>4</r1DisplayOrder><r1GroupDisplayOrder>2</r1GroupDisplayOrder><r1SearchableFlag>N</r1SearchableFlag><r1SearchableForAca>N</r1SearchableForAca><recDate>2006-10-02T08:02:18-06:00</recDate><recFulNam>DJD_ADMIN</recFulNam><recStatus>A</recStatus><resId>553</resId><vchDispFlag>N</vchDispFlag></asiModel><asiModel><r1CheckboxCode>CITATION</r1CheckboxCode><r1CheckboxDesc>Citation Letter Sent</r1CheckboxDesc><r1CheckboxGroup>WORKFLOW TASK</r1CheckboxGroup><r1CheckboxType>CITATION INFO</r1CheckboxType><servProvCode>BPTDEV</servProvCode><asiDropdownModels/><displayLength>0</displayLength><maxLength>0</maxLength><r1AttributeValueReqFlag>N</r1AttributeValueReqFlag><r1CheckboxInd>2</r1CheckboxInd><r1DisplayOrder>2</r1DisplayOrder><r1GroupDisplayOrder>2</r1GroupDisplayOrder><r1SearchableFlag>N</r1SearchableFlag><r1SearchableForAca>N</r1SearchableForAca><recDate>2006-10-02T08:02:18-06:00</recDate><recFulNam>DJD_ADMIN</recFulNam><recStatus>A</recStatus><resId>554</resId><vchDispFlag>N</vchDispFlag></asiModel><asiModel><r1CheckboxCode>CITATION</r1CheckboxCode><r1CheckboxDesc>Delivery Date</r1CheckboxDesc><r1CheckboxGroup>WORKFLOW TASK</r1CheckboxGroup><r1CheckboxType>CITATION INFO</r1CheckboxType><servProvCode>BPTDEV</servProvCode><asiDropdownModels/><displayLength>0</displayLength><maxLength>0</maxLength><r1AttributeValueReqFlag>N</r1AttributeValueReqFlag><r1CheckboxInd>2</r1CheckboxInd><r1DisplayOrder>6</r1DisplayOrder><r1GroupDisplayOrder>2</r1GroupDisplayOrder><r1SearchableFlag>N</r1SearchableFlag><r1SearchableForAca>N</r1SearchableForAca><recDate>2006-10-02T08:02:18-06:00</recDate><recFulNam>DJD_ADMIN</recFulNam><recStatus>A</recStatus><resId>555</resId><vchDispFlag>N</vchDispFlag></asiModel><asiModel><r1CheckboxCode>CITATION</r1CheckboxCode><r1CheckboxDesc>Recipient Signature?</r1CheckboxDesc><r1CheckboxGroup>WORKFLOW TASK</r1CheckboxGroup><r1CheckboxType>CITATION INFO</r1CheckboxType><servProvCode>BPTDEV</servProvCode><asiDropdownModels/><displayLength>0</displayLength><maxLength>0</maxLength><r1AttributeValueReqFlag>N</r1AttributeValueReqFlag><r1CheckboxInd>3</r1CheckboxInd><r1DisplayOrder>8</r1DisplayOrder><r1GroupDisplayOrder>2</r1GroupDisplayOrder><r1SearchableFlag>N</r1SearchableFlag><r1SearchableForAca>N</r1SearchableForAca><recDate>2006-10-02T08:02:18-06:00</recDate><recFulNam>DJD_ADMIN</recFulNam><recStatus>A</recStatus><resId>556</resId><vchDispFlag>N</vchDispFlag></asiModel></asiModels><asiSecurityModels/><fieldVariableMapping/><isASITSelected>Y</isASITSelected><isSecuritySelected>Y</isSecuritySelected><r1CheckboxType>CITATION INFO</r1CheckboxType><sharedDropDownModels/><templateLayoutConfigModels/></asiGroup>
</list>