<?xml version="1.0" encoding="UTF-8" standalone="yes"?>
<list  version="8.0.0" minorVersion="15" exportUser="ADMIN" exportDateTime="03/30/2016 08:45 PM" description="null"><guideSheet refId="1@GuideSheetModel"><serviceProviderCode>BPTDEV</serviceProviderCode><guideType>Code Enforcement</guideType><auditModel><auditDate>2013-04-04T16:16:03-06:00</auditDate><auditID>ADMIN</auditID><auditStatus>I</auditStatus></auditModel><guideSheetI18Ns/><GuideSheetItems><GuideSheetItem refId="2@GuideSheetItemModel"><serviceProviderCode>BPTDEV</serviceProviderCode><guideItemSeqNbr>5</guideItemSeqNbr><asiGroupName>CODE</asiGroupName><auditModel><auditDate>2013-04-04T16:15:58-06:00</auditDate><auditID>ADMIN</auditID><auditStatus>I</auditStatus></auditModel><guideItemDisplay_order>1</guideItemDisplay_order><guideItemScoreVisible>Y</guideItemScoreVisible><guideItemStatus>Yes</guideItemStatus><statusGroupModels><statusGroup refId="3@GuideSheetItemStatusGroupModel"><serviceProviderCode>BPTDEV</serviceProviderCode><statusGroup>DEFAULT</statusGroup><ststus>N/A</ststus><auditModel><auditDate>2013-01-16T12:59:24-07:00</auditDate><auditID>BWIENKE</auditID><auditStatus>A</auditStatus></auditModel><guideItemStatusDispOrder>3</guideItemStatusDispOrder><guideItemStatusResultType>INFORMATIONAL</guideItemStatusResultType><guideSheetItemStatusGroupI18NModels/><majorViolation>N</majorViolation><nonCriticalScore>0</nonCriticalScore></statusGroup><statusGroup refId="4@GuideSheetItemStatusGroupModel"><serviceProviderCode>BPTDEV</serviceProviderCode><statusGroup>DEFAULT</statusGroup><ststus>No</ststus><auditModel><auditDate>2013-01-16T12:59:24-07:00</auditDate><auditID>BWIENKE</auditID><auditStatus>A</auditStatus></auditModel><guideItemStatusDispOrder>2</guideItemStatusDispOrder><guideItemStatusResultType>DENIED</guideItemStatusResultType><guideSheetItemStatusGroupI18NModels/><majorViolation>N</majorViolation><nonCriticalScore>0</nonCriticalScore></statusGroup><statusGroup refId="5@GuideSheetItemStatusGroupModel"><serviceProviderCode>BPTDEV</serviceProviderCode><statusGroup>DEFAULT</statusGroup><ststus>Yes</ststus><auditModel><auditDate>2013-01-16T12:59:24-07:00</auditDate><auditID>BWIENKE</auditID><auditStatus>A</auditStatus></auditModel><guideItemStatusDispOrder>1</guideItemStatusDispOrder><guideItemStatusResultType>APPROVED</guideItemStatusResultType><guideSheetItemStatusGroupI18NModels/><majorViolation>N</majorViolation><nonCriticalScore>10</nonCriticalScore></statusGroup></statusGroupModels><guideItemStatusGroupName>DEFAULT</guideItemStatusGroupName><guideItemStatusVisible>Y</guideItemStatusVisible><guideItemText>Is the violation visible from the street?</guideItemText><guideItemTextVisible>Y</guideItemTextVisible><guideSheetItemI18N/><guideType>Code Enforcement</guideType><isCritical>N</isCritical><maxPointsVisible>Y</maxPointsVisible><xcommentGroupEntitys/></GuideSheetItem><GuideSheetItem refId="6@GuideSheetItemModel"><serviceProviderCode>BPTDEV</serviceProviderCode><guideItemSeqNbr>6</guideItemSeqNbr><asiGroupName>CODE</asiGroupName><auditModel><auditDate>2013-04-04T16:15:55-06:00</auditDate><auditID>ADMIN</auditID><auditStatus>I</auditStatus></auditModel><guideItemAsiVisible>Y</guideItemAsiVisible><guideItemDisplay_order>2</guideItemDisplay_order><guideItemScoreVisible>Y</guideItemScoreVisible><guideItemStatus>COMPLIANT</guideItemStatus><statusGroupModels><statusGroup refId="7@GuideSheetItemStatusGroupModel"><serviceProviderCode>BPTDEV</serviceProviderCode><statusGroup>COMPLIANCY</statusGroup><ststus>COMPLIANT</ststus><auditModel><auditDate>2013-04-04T16:49:29-06:00</auditDate><auditID>ADMIN</auditID><auditStatus>A</auditStatus></auditModel><criticalScore>2</criticalScore><guideItemStatusDispOrder>2</guideItemStatusDispOrder><guideItemStatusResultType>APPROVED</guideItemStatusResultType><guideSheetItemStatusGroupI18NModels/><majorViolation>Y</majorViolation><nonCriticalScore>1</nonCriticalScore></statusGroup><statusGroup refId="8@GuideSheetItemStatusGroupModel"><serviceProviderCode>BPTDEV</serviceProviderCode><statusGroup>COMPLIANCY</statusGroup><ststus>N/A</ststus><auditModel><auditDate>2013-04-04T16:49:29-06:00</auditDate><auditID>ADMIN</auditID><auditStatus>A</auditStatus></auditModel><criticalScore>0</criticalScore><guideItemStatusDispOrder>3</guideItemStatusDispOrder><guideItemStatusResultType>INFORMATIONAL</guideItemStatusResultType><guideSheetItemStatusGroupI18NModels/><majorViolation>N</majorViolation><nonCriticalScore>0</nonCriticalScore></statusGroup><statusGroup refId="9@GuideSheetItemStatusGroupModel"><serviceProviderCode>BPTDEV</serviceProviderCode><statusGroup>COMPLIANCY</statusGroup><ststus>NON-COMPLIANT</ststus><auditModel><auditDate>2013-04-04T16:49:29-06:00</auditDate><auditID>ADMIN</auditID><auditStatus>A</auditStatus></auditModel><criticalScore>0</criticalScore><guideItemStatusDispOrder>1</guideItemStatusDispOrder><guideItemStatusResultType>DENIED</guideItemStatusResultType><guideSheetItemStatusGroupI18NModels/><majorViolation>Y</majorViolation><nonCriticalScore>0</nonCriticalScore></statusGroup></statusGroupModels><guideItemStatusGroupName>COMPLIANCY</guideItemStatusGroupName><guideItemStatusVisible>Y</guideItemStatusVisible><guideItemText>152.04.C.5 - Exterior Property Areas.  Accessory structures: All accessory structures, including detached garages, sheds, fences, walls, pools and all similar structures or buildings, shall be maintained to be structurally sound and in good repair.</guideItemText><guideItemTextVisible>Y</guideItemTextVisible><guideSheetItemI18N/><guideType>Code Enforcement</guideType><isCritical>N</isCritical><xcommentGroupEntitys/></GuideSheetItem></GuideSheetItems></guideSheet>
</list>