<?xml version="1.0" encoding="UTF-8" standalone="yes"?>
<list  version="8.0.0" minorVersion="15" exportUser="ADMIN" exportDateTime="03/30/2016 08:45 PM" description="null"><inspectionGroup><inspCode>ENF_GEN</inspCode><servProvCode>BPTDEV</servProvCode><inspGroupName>Enforcement General</inspGroupName><inspectionSec>ENF_GEN/%</inspectionSec><inspectionTypeModels><inspectionTypeModel><inspSeqNbr>142</inspSeqNbr><servProvCode>BPTDEV</servProvCode><allowFailedGuidesheet>Y</allowFailedGuidesheet><allowMultiInspInAca>N</allowMultiInspInAca><autoAssign>N</autoAssign><displayInAca>Y</displayInAca><flowEnabled>N</flowEnabled><inspCode>ENF_GEN</inspCode><inspEditable>Y</inspEditable><inspGroupName>Enforcement General</inspGroupName><inspPriority>1</inspPriority><inspRequired>N</inspRequired><inspResultGroup>ENF_INITIAL</inspResultGroup><inspType>Initial Investigation</inspType><inspectionTypeI18ns/><r3AgencyCode>CODE</r3AgencyCode><r3BureauCode>NA</r3BureauCode><r3DivisionCode>NA</r3DivisionCode><r3GroupCode>NA</r3GroupCode><r3OfficeCode>NA</r3OfficeCode><r3SectionCode>NA</r3SectionCode><recDate>2014-06-02T15:21:34-06:00</recDate><recFulNam>ADMIN</recFulNam><recStatus>A</recStatus><totalScoreOption>SUM(list)</totalScoreOption></inspectionTypeModel><inspectionTypeModel><inspSeqNbr>152</inspSeqNbr><servProvCode>BPTDEV</servProvCode><allowFailedGuidesheet>Y</allowFailedGuidesheet><allowMultiInspInAca>N</allowMultiInspInAca><autoAssign>N</autoAssign><displayInAca>Y</displayInAca><flowEnabled>N</flowEnabled><inspCode>ENF_GEN</inspCode><inspEditable>Y</inspEditable><inspGroupName>Enforcement General</inspGroupName><inspPriority>2</inspPriority><inspRequired>N</inspRequired><inspResultGroup>ENF_FOLLOW-UP</inspResultGroup><inspType>Follow-Up Investigation</inspType><inspectionTypeI18ns/><r3AgencyCode>CODE</r3AgencyCode><r3BureauCode>NA</r3BureauCode><r3DivisionCode>NA</r3DivisionCode><r3GroupCode>NA</r3GroupCode><r3OfficeCode>NA</r3OfficeCode><r3SectionCode>NA</r3SectionCode><recDate>2014-06-02T15:21:34-06:00</recDate><recFulNam>ADMIN</recFulNam><recStatus>A</recStatus><totalScoreOption>SUM(list)</totalScoreOption></inspectionTypeModel><inspectionTypeModel><inspSeqNbr>153</inspSeqNbr><servProvCode>BPTDEV</servProvCode><allowFailedGuidesheet>Y</allowFailedGuidesheet><allowMultiInspInAca>N</allowMultiInspInAca><autoAssign>N</autoAssign><displayInAca>Y</displayInAca><flowEnabled>N</flowEnabled><inspCode>ENF_GEN</inspCode><inspEditable>Y</inspEditable><inspGroupName>Enforcement General</inspGroupName><inspPriority>3</inspPriority><inspRequired>N</inspRequired><inspResultGroup>ENF_FINAL</inspResultGroup><inspType>Final Investigation</inspType><inspectionTypeI18ns/><recDate>2014-06-02T15:21:08-06:00</recDate><recFulNam>ADMIN</recFulNam><recStatus>I</recStatus><totalScoreOption>SUM(list)</totalScoreOption></inspectionTypeModel></inspectionTypeModels><inspectionTypeSecurityModels/><isDepartmentSelected>Y</isDepartmentSelected><isGradeGroupSelected>Y</isGradeGroupSelected><isGuideSheetSelected>Y</isGuideSheetSelected><isRelatedInspSelected>Y</isRelatedInspSelected><isResultGroupSelected>Y</isResultGroupSelected><isSecutirySelected>Y</isSecutirySelected></inspectionGroup>
</list>