<?xml version="1.0" encoding="UTF-8" standalone="yes"?>
<list  version="8.0.0" minorVersion="15" exportUser="ADMIN" exportDateTime="03/30/2016 08:45 PM" description="null"><organizationagency refId="1@OrganizationAgencyModel"><serviceProviderCode>BPTDEV</serviceProviderCode><agencyCode>CODE</agencyCode><agencyI18NModels/><agencyName>Code</agencyName><auditModel><auditDate>2011-06-08T14:01:33-06:00</auditDate><auditID>ADMIN</auditID><auditStatus>A</auditStatus></auditModel></organizationagency>
</list>