<?xml version="1.0" encoding="UTF-8" standalone="yes"?>
<list  version="8.0.0" minorVersion="15" exportUser="ADMIN" exportDateTime="03/30/2016 08:45 PM" description="null"><refInspResultGroup><inspResultGroup>ENF_FINAL</inspResultGroup><resultCatrgory>RESULT</resultCatrgory><serviceProviderCode>BPTDEV</serviceProviderCode><inspectionResultGroupModels><inspectionResultGroupModel refId="1@InspectionResultGroupModel"><serviceProviderCode>BPTDEV</serviceProviderCode><inspResultGroup>ENF_FINAL</inspResultGroup><inspResult>Compliant</inspResult><resultCatrgory>RESULT</resultCatrgory><auditModel><auditDate>2012-02-13T14:24:12-07:00</auditDate><auditID>ADMIN</auditID><auditStatus>A</auditStatus></auditModel><inspResultDisplayOrder>2</inspResultDisplayOrder><inspResultGroupI18Ns/><inspResultType>APPROVED</inspResultType></inspectionResultGroupModel><inspectionResultGroupModel refId="2@InspectionResultGroupModel"><serviceProviderCode>BPTDEV</serviceProviderCode><inspResultGroup>ENF_FINAL</inspResultGroup><inspResult>Extension</inspResult><resultCatrgory>RESULT</resultCatrgory><auditModel><auditDate>2012-02-13T14:24:12-07:00</auditDate><auditID>ADMIN</auditID><auditStatus>A</auditStatus></auditModel><inspResultDisplayOrder>3</inspResultDisplayOrder><inspResultGroupI18Ns/><inspResultType>PENDING</inspResultType></inspectionResultGroupModel><inspectionResultGroupModel refId="3@InspectionResultGroupModel"><serviceProviderCode>BPTDEV</serviceProviderCode><inspResultGroup>ENF_FINAL</inspResultGroup><inspResult>In Violation</inspResult><resultCatrgory>RESULT</resultCatrgory><auditModel><auditDate>2012-02-13T14:24:12-07:00</auditDate><auditID>ADMIN</auditID><auditStatus>A</auditStatus></auditModel><inspResultDisplayOrder>1</inspResultDisplayOrder><inspResultGroupI18Ns/><inspResultType>DENIED</inspResultType></inspectionResultGroupModel></inspectionResultGroupModels></refInspResultGroup>
<refInspResultGroup><inspResultGroup>DEFAULT</inspResultGroup><resultCatrgory>RESULT</resultCatrgory><serviceProviderCode>BPTDEV</serviceProviderCode><inspectionResultGroupModels><inspectionResultGroupModel refId="1@InspectionResultGroupModel"><serviceProviderCode>BPTDEV</serviceProviderCode><inspResultGroup>DEFAULT</inspResultGroup><inspResult>Approved</inspResult><resultCatrgory>RESULT</resultCatrgory><auditModel><auditDate>2012-04-17T11:55:48-06:00</auditDate><auditID>ADMIN</auditID><auditStatus>A</auditStatus></auditModel><inspResultDisplayOrder>1</inspResultDisplayOrder><inspResultGroupI18Ns/><inspResultType>PENDING</inspResultType></inspectionResultGroupModel><inspectionResultGroupModel refId="2@InspectionResultGroupModel"><serviceProviderCode>BPTDEV</serviceProviderCode><inspResultGroup>DEFAULT</inspResultGroup><inspResult>Cancelled</inspResult><resultCatrgory>RESULT</resultCatrgory><auditModel><auditDate>2012-04-17T11:55:48-06:00</auditDate><auditID>ADMIN</auditID><auditStatus>A</auditStatus></auditModel><inspResultDisplayOrder>4</inspResultDisplayOrder><inspResultGroupI18Ns/><inspResultType>DENIED</inspResultType></inspectionResultGroupModel><inspectionResultGroupModel refId="3@InspectionResultGroupModel"><serviceProviderCode>BPTDEV</serviceProviderCode><inspResultGroup>DEFAULT</inspResultGroup><inspResult>Denied</inspResult><resultCatrgory>RESULT</resultCatrgory><auditModel><auditDate>2012-04-17T11:55:48-06:00</auditDate><auditID>ADMIN</auditID><auditStatus>A</auditStatus></auditModel><inspResultDisplayOrder>2</inspResultDisplayOrder><inspResultGroupI18Ns/><inspResultType>DENIED</inspResultType></inspectionResultGroupModel><inspectionResultGroupModel refId="4@InspectionResultGroupModel"><serviceProviderCode>BPTDEV</serviceProviderCode><inspResultGroup>DEFAULT</inspResultGroup><inspResult>Pending</inspResult><resultCatrgory>RESULT</resultCatrgory><auditModel><auditDate>2012-04-17T11:55:48-06:00</auditDate><auditID>ADMIN</auditID><auditStatus>A</auditStatus></auditModel><inspResultDisplayOrder>3</inspResultDisplayOrder><inspResultGroupI18Ns/><inspResultType>PENDING</inspResultType></inspectionResultGroupModel></inspectionResultGroupModels></refInspResultGroup>
<refInspResultGroup><inspResultGroup>ENF_FOLLOW-UP</inspResultGroup><resultCatrgory>RESULT</resultCatrgory><serviceProviderCode>BPTDEV</serviceProviderCode><inspectionResultGroupModels><inspectionResultGroupModel refId="1@InspectionResultGroupModel"><serviceProviderCode>BPTDEV</serviceProviderCode><inspResultGroup>ENF_FOLLOW-UP</inspResultGroup><inspResult>Abated</inspResult><resultCatrgory>RESULT</resultCatrgory><auditModel><auditDate>2014-06-02T14:07:33-06:00</auditDate><auditID>ADMIN</auditID><auditStatus>A</auditStatus></auditModel><inspResultDisplayOrder>4</inspResultDisplayOrder><inspResultGroupI18Ns/><inspResultType>APPROVED</inspResultType></inspectionResultGroupModel><inspectionResultGroupModel refId="2@InspectionResultGroupModel"><serviceProviderCode>BPTDEV</serviceProviderCode><inspResultGroup>ENF_FOLLOW-UP</inspResultGroup><inspResult>Citation</inspResult><resultCatrgory>RESULT</resultCatrgory><auditModel><auditDate>2012-02-13T14:23:23-07:00</auditDate><auditID>ADMIN</auditID><auditStatus>A</auditStatus></auditModel><inspResultDisplayOrder>3</inspResultDisplayOrder><inspResultGroupI18Ns/><inspResultType>DENIED</inspResultType></inspectionResultGroupModel><inspectionResultGroupModel refId="3@InspectionResultGroupModel"><serviceProviderCode>BPTDEV</serviceProviderCode><inspResultGroup>ENF_FOLLOW-UP</inspResultGroup><inspResult>Compliant</inspResult><resultCatrgory>RESULT</resultCatrgory><auditModel><auditDate>2012-02-13T14:23:23-07:00</auditDate><auditID>ADMIN</auditID><auditStatus>A</auditStatus></auditModel><inspResultDisplayOrder>1</inspResultDisplayOrder><inspResultGroupI18Ns/><inspResultType>APPROVED</inspResultType></inspectionResultGroupModel><inspectionResultGroupModel refId="4@InspectionResultGroupModel"><serviceProviderCode>BPTDEV</serviceProviderCode><inspResultGroup>ENF_FOLLOW-UP</inspResultGroup><inspResult>Extension</inspResult><resultCatrgory>RESULT</resultCatrgory><auditModel><auditDate>2012-02-13T14:23:23-07:00</auditDate><auditID>ADMIN</auditID><auditStatus>A</auditStatus></auditModel><inspResultDisplayOrder>2</inspResultDisplayOrder><inspResultGroupI18Ns/><inspResultType>PENDING</inspResultType></inspectionResultGroupModel></inspectionResultGroupModels></refInspResultGroup>
<refInspResultGroup><inspResultGroup>ENF_INITIAL</inspResultGroup><resultCatrgory>RESULT</resultCatrgory><serviceProviderCode>BPTDEV</serviceProviderCode><inspectionResultGroupModels><inspectionResultGroupModel refId="1@InspectionResultGroupModel"><serviceProviderCode>BPTDEV</serviceProviderCode><inspResultGroup>ENF_INITIAL</inspResultGroup><inspResult>Citation</inspResult><resultCatrgory>RESULT</resultCatrgory><auditModel><auditDate>2012-02-13T14:22:35-07:00</auditDate><auditID>ADMIN</auditID><auditStatus>A</auditStatus></auditModel><inspResultDisplayOrder>3</inspResultDisplayOrder><inspResultGroupI18Ns/><inspResultType>DENIED</inspResultType></inspectionResultGroupModel><inspectionResultGroupModel refId="2@InspectionResultGroupModel"><serviceProviderCode>BPTDEV</serviceProviderCode><inspResultGroup>ENF_INITIAL</inspResultGroup><inspResult>Compliant</inspResult><resultCatrgory>RESULT</resultCatrgory><auditModel><auditDate>2012-02-13T14:22:35-07:00</auditDate><auditID>ADMIN</auditID><auditStatus>A</auditStatus></auditModel><inspResultDisplayOrder>2</inspResultDisplayOrder><inspResultGroupI18Ns/><inspResultType>APPROVED</inspResultType></inspectionResultGroupModel><inspectionResultGroupModel refId="3@InspectionResultGroupModel"><serviceProviderCode>BPTDEV</serviceProviderCode><inspResultGroup>ENF_INITIAL</inspResultGroup><inspResult>In Violation</inspResult><resultCatrgory>RESULT</resultCatrgory><auditModel><auditDate>2012-02-13T14:22:35-07:00</auditDate><auditID>ADMIN</auditID><auditStatus>A</auditStatus></auditModel><inspResultDisplayOrder>1</inspResultDisplayOrder><inspResultGroupI18Ns/><inspResultType>DENIED</inspResultType></inspectionResultGroupModel></inspectionResultGroupModels></refInspResultGroup>
</list>