<?xml version="1.0" encoding="UTF-8" standalone="yes"?>
<list  version="8.0.0" minorVersion="15" exportUser="ADMIN" exportDateTime="03/30/2016 08:45 PM" description="null"><standardChoice refId="1@StandardChoiceModel"><name>INSPECTION_SETTING</name><serviceProviderCode>BPTDEV</serviceProviderCode><auditModel><auditDate>2009-10-20T15:51:11-06:00</auditDate><auditID>ADOTTAVIO</auditID><auditStatus>A</auditStatus></auditModel><description>Sets comment Clob field to on/off</description><standardChoiceValueModels><standardChoiceValue refId="2@StandardChoiceValueModel"><sequenceNBR>104592441</sequenceNBR><serviceProviderCode>BPTDEV</serviceProviderCode><auditModel><auditDate>2009-10-20T15:51:11-06:00</auditDate><auditID>ADOTTAVIO</auditID><auditStatus>A</auditStatus></auditModel><description>YES</description><standardChoiceName>INSPECTION_SETTING</standardChoiceName><standardChoiceValueI18NModels/><value>UNLIMITED_COMMENT_LENGTH</value></standardChoiceValue></standardChoiceValueModels><type>SystemSwitch</type><valueSize>0</valueSize></standardChoice>
<standardChoice refId="1@StandardChoiceModel"><name>INSPECTION_UNIT_NUMBER_VALUES</name><serviceProviderCode>BPTDEV</serviceProviderCode><auditModel><auditDate>2009-08-05T13:49:11-06:00</auditDate><auditID>ADOTTAVIO</auditID><auditStatus>A</auditStatus></auditModel><standardChoiceValueModels><standardChoiceValue refId="2@StandardChoiceValueModel"><sequenceNBR>104592442</sequenceNBR><serviceProviderCode>BPTDEV</serviceProviderCode><auditModel><auditDate>2009-08-05T13:52:10-06:00</auditDate><auditID>ADOTTAVIO</auditID><auditStatus>A</auditStatus></auditModel><description>101</description><standardChoiceName>INSPECTION_UNIT_NUMBER_VALUES</standardChoiceName><standardChoiceValueI18NModels/><value>101</value></standardChoiceValue><standardChoiceValue refId="3@StandardChoiceValueModel"><sequenceNBR>104592443</sequenceNBR><serviceProviderCode>BPTDEV</serviceProviderCode><auditModel><auditDate>2009-08-05T13:52:26-06:00</auditDate><auditID>ADOTTAVIO</auditID><auditStatus>A</auditStatus></auditModel><description>A</description><standardChoiceName>INSPECTION_UNIT_NUMBER_VALUES</standardChoiceName><standardChoiceValueI18NModels/><value>A</value></standardChoiceValue><standardChoiceValue refId="4@StandardChoiceValueModel"><sequenceNBR>104592444</sequenceNBR><serviceProviderCode>BPTDEV</serviceProviderCode><auditModel><auditDate>2009-08-05T15:33:41-06:00</auditDate><auditID>ADOTTAVIO</auditID><auditStatus>A</auditStatus></auditModel><description>B</description><standardChoiceName>INSPECTION_UNIT_NUMBER_VALUES</standardChoiceName><standardChoiceValueI18NModels/><value>B</value></standardChoiceValue></standardChoiceValueModels><type>ShareDropDown</type><valueSize>0</valueSize></standardChoice>
</list>