<?xml version="1.0" encoding="UTF-8" standalone="yes"?>
<list  version="8.0.0" minorVersion="15" exportUser="ADMIN" exportDateTime="03/30/2016 09:30 PM" description="null"><refFeeSchedule refId="1@RefFeeScheduleModel"><serviceProviderCode>BPTDEV</serviceProviderCode><feeScheduleName>PLN_GENERAL</feeScheduleName><feeScheduleVersion>V1.0</feeScheduleVersion><auditModel><auditDate>2012-01-22T15:16:08-07:00</auditDate><auditID>ADMIN</auditID><auditStatus>A</auditStatus></auditModel><effDate>2012-01-01T00:00:00-07:00</effDate><refFeeItemModels><refFeeItem refId="2@RefFeeItemModel"><serviceProviderCode>BPTDEV</serviceProviderCode><feeScheduleName>PLN_GENERAL</feeScheduleName><feeScheduleVersion>V1.0</feeScheduleVersion><feeCod>PLN_010</feeCod><paymentPeriod>FINAL</paymentPeriod><acaRequiredFlag>N</acaRequiredFlag><accCodeL1>Administrative Fee</accCodeL1><auditModel><auditDate>2013-03-20T17:21:07-06:00</auditDate><auditID>ADMIN</auditID><auditStatus>A</auditStatus></auditModel><autoAssessFlag>N</autoAssessFlag><autoInvoicedFlag>Y</autoInvoicedFlag><calProc>CONSTANT</calProc><crDr>D</crDr><defaultFlag>R</defaultFlag><display>10</display><displayOrder>10</displayOrder><feeDecisionModel/><feeDes>Administrative Fee</feeDes><refFeeItemI18NModels/><formula>1</formula><negativeFeeFlag>N</negativeFeeFlag><netFeeFlag>N</netFeeFlag><quantity>1.0</quantity><refFeeCalcModels/><refPaymentPeriodModel refId="3@RefPaymentPeriodModel"><gfFeePeriod>FINAL</gfFeePeriod><serviceProviderCode>BPTDEV</serviceProviderCode><auditModel><auditDate>2007-07-19T08:22:35-06:00</auditDate><auditID>ADMIN</auditID><auditStatus>A</auditStatus></auditModel><displayOrder>10</displayOrder><refPaymentPeriodI18NModels/><resId>136</resId></refPaymentPeriodModel><roundFeeFlag>N</roundFeeFlag><roundFeeType>UP</roundFeeType><udes>Dollar Amt</udes><unitDescModel refId="4@StandardChoiceModel"><name>UNIT DESC</name><serviceProviderCode>BPTDEV</serviceProviderCode><auditModel><auditDate>2014-09-07T22:55:09-06:00</auditDate><auditID>ADMIN</auditID><auditStatus>A</auditStatus></auditModel><description>Used for fee item units</description><standardChoiceValueModels><standardChoiceValue refId="5@StandardChoiceValueModel"><sequenceNBR>104598456</sequenceNBR><serviceProviderCode>BPTDEV</serviceProviderCode><auditModel><auditDate>2014-09-08T12:55:09-06:00</auditDate><auditID>ADMIN</auditID><auditStatus>A</auditStatus></auditModel><standardChoiceName>UNIT DESC</standardChoiceName><standardChoiceValueI18NModels/><value>Days</value></standardChoiceValue><standardChoiceValue refId="6@StandardChoiceValueModel"><sequenceNBR>104598457</sequenceNBR><serviceProviderCode>BPTDEV</serviceProviderCode><auditModel><auditDate>2014-09-08T12:55:22-06:00</auditDate><auditID>ADMIN</auditID><auditStatus>A</auditStatus></auditModel><standardChoiceName>UNIT DESC</standardChoiceName><standardChoiceValueI18NModels/><value>Dollar Amt</value></standardChoiceValue><standardChoiceValue refId="7@StandardChoiceValueModel"><sequenceNBR>104598458</sequenceNBR><serviceProviderCode>BPTDEV</serviceProviderCode><auditModel><auditDate>2014-09-08T12:55:32-06:00</auditDate><auditID>ADMIN</auditID><auditStatus>A</auditStatus></auditModel><standardChoiceName>UNIT DESC</standardChoiceName><standardChoiceValueI18NModels/><value>Each</value></standardChoiceValue><standardChoiceValue refId="8@StandardChoiceValueModel"><sequenceNBR>104598459</sequenceNBR><serviceProviderCode>BPTDEV</serviceProviderCode><auditModel><auditDate>2014-09-08T12:55:43-06:00</auditDate><auditID>ADMIN</auditID><auditStatus>A</auditStatus></auditModel><standardChoiceName>UNIT DESC</standardChoiceName><standardChoiceValueI18NModels/><value>Enter 1</value></standardChoiceValue><standardChoiceValue refId="9@StandardChoiceValueModel"><sequenceNBR>104598460</sequenceNBR><serviceProviderCode>BPTDEV</serviceProviderCode><auditModel><auditDate>2014-09-08T12:55:53-06:00</auditDate><auditID>ADMIN</auditID><auditStatus>A</auditStatus></auditModel><standardChoiceName>UNIT DESC</standardChoiceName><standardChoiceValueI18NModels/><value>Persons</value></standardChoiceValue><standardChoiceValue refId="10@StandardChoiceValueModel"><sequenceNBR>105210300</sequenceNBR><serviceProviderCode>BPTDEV</serviceProviderCode><auditModel><auditDate>2015-10-29T06:03:00-06:00</auditDate><auditID>ADMIN</auditID><auditStatus>A</auditStatus></auditModel><standardChoiceName>UNIT DESC</standardChoiceName><standardChoiceValueI18NModels/><value>AMT</value></standardChoiceValue></standardChoiceValueModels><type>SystemSwitch</type><valueSize>0</valueSize></unitDescModel></refFeeItem><refFeeItem refId="11@RefFeeItemModel"><serviceProviderCode>BPTDEV</serviceProviderCode><feeScheduleName>PLN_GENERAL</feeScheduleName><feeScheduleVersion>V1.0</feeScheduleVersion><feeCod>PLN_020</feeCod><paymentPeriod>FINAL</paymentPeriod><acaRequiredFlag>N</acaRequiredFlag><accCodeL1>Technology Fee</accCodeL1><auditModel><auditDate>2013-03-20T17:21:23-06:00</auditDate><auditID>ADMIN</auditID><auditStatus>A</auditStatus></auditModel><autoAssessFlag>N</autoAssessFlag><autoInvoicedFlag>Y</autoInvoicedFlag><calProc>CONSTANT</calProc><crDr>D</crDr><defaultFlag>R</defaultFlag><display>20</display><displayOrder>20</displayOrder><feeDecisionModel/><feeDes>Technology Fee</feeDes><refFeeItemI18NModels/><formula>1</formula><negativeFeeFlag>N</negativeFeeFlag><netFeeFlag>N</netFeeFlag><refFeeCalcModels/><refPaymentPeriodModel refFlag="Y" refId="3@RefPaymentPeriodModel"/><roundFeeFlag>N</roundFeeFlag><roundFeeType>UP</roundFeeType><udes>Dollar Amt</udes><unitDescModel refFlag="Y" refId="4@StandardChoiceModel"/></refFeeItem><refFeeItem refId="12@RefFeeItemModel"><serviceProviderCode>BPTDEV</serviceProviderCode><feeScheduleName>PLN_GENERAL</feeScheduleName><feeScheduleVersion>V1.0</feeScheduleVersion><feeCod>PLN_030</feeCod><paymentPeriod>FINAL</paymentPeriod><acaRequiredFlag>N</acaRequiredFlag><accCodeL1>Application Fee</accCodeL1><auditModel><auditDate>2013-03-20T17:21:37-06:00</auditDate><auditID>ADMIN</auditID><auditStatus>A</auditStatus></auditModel><autoAssessFlag>N</autoAssessFlag><autoInvoicedFlag>Y</autoInvoicedFlag><calProc>CONSTANT</calProc><crDr>D</crDr><defaultFlag>R</defaultFlag><display>30</display><displayOrder>30</displayOrder><feeDecisionModel/><feeDes>Application Fee </feeDes><refFeeItemI18NModels/><formula>1</formula><negativeFeeFlag>N</negativeFeeFlag><netFeeFlag>N</netFeeFlag><refFeeCalcModels/><refPaymentPeriodModel refFlag="Y" refId="3@RefPaymentPeriodModel"/><roundFeeFlag>N</roundFeeFlag><roundFeeType>UP</roundFeeType><udes>Dollar Amt</udes><unitDescModel refFlag="Y" refId="4@StandardChoiceModel"/></refFeeItem><refFeeItem refId="13@RefFeeItemModel"><serviceProviderCode>BPTDEV</serviceProviderCode><feeScheduleName>PLN_GENERAL</feeScheduleName><feeScheduleVersion>V1.0</feeScheduleVersion><feeCod>PLN_040</feeCod><paymentPeriod>FINAL</paymentPeriod><acaRequiredFlag>N</acaRequiredFlag><accCodeL1>Appeal Fee</accCodeL1><auditModel><auditDate>2013-03-20T17:21:49-06:00</auditDate><auditID>ADMIN</auditID><auditStatus>A</auditStatus></auditModel><autoAssessFlag>N</autoAssessFlag><autoInvoicedFlag>Y</autoInvoicedFlag><calProc>CONSTANT</calProc><crDr>D</crDr><defaultFlag>R</defaultFlag><display>40</display><displayOrder>40</displayOrder><feeDecisionModel/><feeDes>Appeal Fee</feeDes><refFeeItemI18NModels/><formula>1</formula><negativeFeeFlag>N</negativeFeeFlag><netFeeFlag>N</netFeeFlag><refFeeCalcModels/><refPaymentPeriodModel refFlag="Y" refId="3@RefPaymentPeriodModel"/><roundFeeFlag>N</roundFeeFlag><roundFeeType>UP</roundFeeType><udes>Dollar Amt</udes><unitDescModel refFlag="Y" refId="4@StandardChoiceModel"/></refFeeItem></refFeeItemModels><refFeeScheduleI18NModels/><feeScheduleModuleModels/><refFeeItemgroups/></refFeeSchedule>
<refFeeSchedule refId="1@RefFeeScheduleModel"><serviceProviderCode>BPTDEV</serviceProviderCode><feeScheduleName>NONE</feeScheduleName><feeScheduleVersion>V1.0</feeScheduleVersion><auditModel><auditDate>2012-01-21T08:22:01-07:00</auditDate><auditID>ADMIN</auditID><auditStatus>A</auditStatus></auditModel><effDate>2011-12-30T18:00:00-07:00</effDate><refFeeItemModels/><refFeeScheduleI18NModels/><feeScheduleModuleModels/><refFeeItemgroups/></refFeeSchedule>
</list>