<?xml version="1.0" encoding="UTF-8" standalone="yes"?>
<list  version="8.0.0" minorVersion="15" exportUser="ADMIN" exportDateTime="03/30/2016 09:30 PM" description="null"><virProcess><r1ProcessCode>PLN_HEARING</r1ProcessCode><servProvCode>BPTDEV</servProvCode><isEmailSettringSelected>Y</isEmailSettringSelected><isSecuritySelected>Y</isSecuritySelected><processEMailSettingModels><processEMailSettingModel><noteID>163</noteID><processName>PLN_HEARING</processName><serviceProviderCode>BPTDEV</serviceProviderCode><b3contactFlag>N</b3contactFlag><contactRelation>Applicant</contactRelation><contentsCode>PLN_ADDL_INFO_REQ</contentsCode><distributionFlag>N</distributionFlag><docCategory>Email</docCategory><docGroup>PLN</docGroup><edmsLocation>ADS</edmsLocation><edmsObject>CAP</edmsObject><mediaFlag>0</mediaFlag><recDate>2014-05-20T11:43:12-06:00</recDate><recFulNam>ADMIN</recFulNam><recStatus>A</recStatus><sdAppDes>Missing Information</sdAppDes><sdProDes>Application Acceptance</sdProDes></processEMailSettingModel><processEMailSettingModel><noteID>193</noteID><processName>PLN_HEARING</processName><serviceProviderCode>BPTDEV</serviceProviderCode><b3contactFlag>N</b3contactFlag><contactRelation>Applicant</contactRelation><contentsCode>PLN_ACCEPTED</contentsCode><distributionFlag>N</distributionFlag><docCategory>Email</docCategory><docGroup>PLN</docGroup><edmsLocation>ADS</edmsLocation><edmsObject>CAP</edmsObject><mediaFlag>0</mediaFlag><recDate>2014-05-20T11:43:12-06:00</recDate><recFulNam>ADMIN</recFulNam><recStatus>A</recStatus><sdAppDes>Accepted</sdAppDes><sdProDes>Application Acceptance</sdProDes></processEMailSettingModel><processEMailSettingModel><noteID>194</noteID><processName>PLN_HEARING</processName><serviceProviderCode>BPTDEV</serviceProviderCode><b3contactFlag>N</b3contactFlag><contactRelation>Applicant</contactRelation><contentsCode>PLN_REVISIONS</contentsCode><distributionFlag>N</distributionFlag><docCategory>Email</docCategory><docGroup>PLN</docGroup><edmsLocation>ADS</edmsLocation><edmsObject>CAP</edmsObject><mediaFlag>0</mediaFlag><recDate>2014-05-20T11:43:12-06:00</recDate><recFulNam>ADMIN</recFulNam><recStatus>A</recStatus><sdAppDes>Revisions Required</sdAppDes><sdProDes>Review Consolidation</sdProDes></processEMailSettingModel><processEMailSettingModel><noteID>195</noteID><processName>PLN_HEARING</processName><serviceProviderCode>BPTDEV</serviceProviderCode><b3contactFlag>N</b3contactFlag><contactRelation>Applicant</contactRelation><contentsCode>PLN_HEARING</contentsCode><distributionFlag>N</distributionFlag><docCategory>Email</docCategory><docGroup>PLN</docGroup><edmsLocation>ADS</edmsLocation><edmsObject>CAP</edmsObject><mediaFlag>0</mediaFlag><recDate>2014-05-20T11:43:12-06:00</recDate><recFulNam>ADMIN</recFulNam><recStatus>A</recStatus><sdAppDes>Hearing Scheduled</sdAppDes><sdProDes>Notification</sdProDes></processEMailSettingModel><processEMailSettingModel><noteID>196</noteID><processName>PLN_HEARING</processName><serviceProviderCode>BPTDEV</serviceProviderCode><b3contactFlag>N</b3contactFlag><contactRelation>Applicant</contactRelation><contentsCode>PLN_APPROVED</contentsCode><distributionFlag>N</distributionFlag><docCategory>Email</docCategory><docGroup>PLN</docGroup><edmsLocation>ADS</edmsLocation><edmsObject>CAP</edmsObject><mediaFlag>0</mediaFlag><recDate>2014-05-20T11:43:12-06:00</recDate><recFulNam>ADMIN</recFulNam><recStatus>A</recStatus><sdAppDes>Approved</sdAppDes><sdProDes>Hearing</sdProDes></processEMailSettingModel><processEMailSettingModel><noteID>197</noteID><processName>PLN_HEARING</processName><serviceProviderCode>BPTDEV</serviceProviderCode><b3contactFlag>N</b3contactFlag><contactRelation>Applicant</contactRelation><contentsCode>PLN_DENIED</contentsCode><distributionFlag>N</distributionFlag><docCategory>Email</docCategory><docGroup>PLN</docGroup><edmsLocation>ADS</edmsLocation><edmsObject>CAP</edmsObject><mediaFlag>0</mediaFlag><recDate>2014-05-20T11:43:12-06:00</recDate><recFulNam>ADMIN</recFulNam><recStatus>A</recStatus><sdAppDes>Denied</sdAppDes><sdProDes>Hearing</sdProDes></processEMailSettingModel><processEMailSettingModel><noteID>247</noteID><processName>PLN_HEARING</processName><serviceProviderCode>BPTDEV</serviceProviderCode><b3contactFlag>N</b3contactFlag><contactRelation>Applicant</contactRelation><contentsCode>PLN_APPEALED</contentsCode><distributionFlag>N</distributionFlag><docCategory>Email</docCategory><docGroup>PLN</docGroup><edmsLocation>ADS</edmsLocation><edmsObject>CAP</edmsObject><mediaFlag>0</mediaFlag><recDate>2014-05-28T14:55:30-06:00</recDate><recFulNam>ADMIN</recFulNam><recStatus>A</recStatus><sdAppDes>Appealed</sdAppDes><sdProDes>Appeal Period</sdProDes></processEMailSettingModel></processEMailSettingModels><processModels><processModel><r1ProcessCode>PLN_HEARING</r1ProcessCode><sdStpNum>1</sdStpNum><servProvCode>BPTDEV</servProvCode><asgnAgencyCode>PLANNING</asgnAgencyCode><asgnBureauCode>NA</asgnBureauCode><asgnDivisionCode>NA</asgnDivisionCode><asgnGroupCode>NA</asgnGroupCode><asgnOfficeCode>NA</asgnOfficeCode><asgnSectionCode>NA</asgnSectionCode><auditModel><auditDate>2013-04-07T18:38:41-06:00</auditDate><auditID>Accela Administrator</auditID><auditStatus>A</auditStatus></auditModel><calendarId>72</calendarId><displayInAca>Y</displayInAca><hoursSpentRequired>N</hoursSpentRequired><sdChkLv5>A</sdChkLv5><sdDueDay>5</sdDueDay><sdNxtId1>000012000000000</sdNxtId1><sdProDes>Application Acceptance</sdProDes><sdProId1>010000000000000</sdProId1></processModel><processModel><r1ProcessCode>PLN_HEARING</r1ProcessCode><sdStpNum>2</sdStpNum><servProvCode>BPTDEV</servProvCode><asgnAgencyCode>BUILDING</asgnAgencyCode><asgnBureauCode>NA</asgnBureauCode><asgnDivisionCode>NA</asgnDivisionCode><asgnGroupCode>NA</asgnGroupCode><asgnOfficeCode>NA</asgnOfficeCode><asgnSectionCode>NA</asgnSectionCode><auditModel><auditDate>2013-04-07T18:38:41-06:00</auditDate><auditID>Accela Administrator</auditID><auditStatus>A</auditStatus></auditModel><calendarId>72</calendarId><displayInAca>Y</displayInAca><hoursSpentRequired>N</hoursSpentRequired><sdChkLv5>A</sdChkLv5><sdDueDay>10</sdDueDay><sdNxtId1>026000000000000</sdNxtId1><sdProDes>Building Review</sdProDes><sdProId1>025001000000000</sdProId1></processModel><processModel><r1ProcessCode>PLN_HEARING</r1ProcessCode><sdStpNum>4</sdStpNum><servProvCode>BPTDEV</servProvCode><asgnAgencyCode>PLANNING</asgnAgencyCode><asgnBureauCode>NA</asgnBureauCode><asgnDivisionCode>NA</asgnDivisionCode><asgnGroupCode>NA</asgnGroupCode><asgnOfficeCode>NA</asgnOfficeCode><asgnSectionCode>NA</asgnSectionCode><auditModel><auditDate>2013-04-07T18:38:41-06:00</auditDate><auditID>Accela Administrator</auditID><auditStatus>A</auditStatus></auditModel><calendarId>72</calendarId><displayInAca>Y</displayInAca><hoursSpentRequired>N</hoursSpentRequired><sdChkLv5>A</sdChkLv5><sdDueDay>10</sdDueDay><sdNxtId1>026000000000000</sdNxtId1><sdProDes>Fire Review</sdProDes><sdProId1>025001000000000</sdProId1></processModel><processModel><r1ProcessCode>PLN_HEARING</r1ProcessCode><sdStpNum>5</sdStpNum><servProvCode>BPTDEV</servProvCode><asgnAgencyCode>PLANNING</asgnAgencyCode><asgnBureauCode>NA</asgnBureauCode><asgnDivisionCode>NA</asgnDivisionCode><asgnGroupCode>NA</asgnGroupCode><asgnOfficeCode>NA</asgnOfficeCode><asgnSectionCode>NA</asgnSectionCode><auditModel><auditDate>2013-04-07T18:38:41-06:00</auditDate><auditID>Accela Administrator</auditID><auditStatus>A</auditStatus></auditModel><calendarId>72</calendarId><displayInAca>Y</displayInAca><hoursSpentRequired>N</hoursSpentRequired><sdChkLv5>A</sdChkLv5><sdDueDay>10</sdDueDay><sdNxtId1>026000000000000</sdNxtId1><sdProDes>Engineering Review</sdProDes><sdProId1>025001000000000</sdProId1></processModel><processModel><r1ProcessCode>PLN_HEARING</r1ProcessCode><sdStpNum>6</sdStpNum><servProvCode>BPTDEV</servProvCode><asgnAgencyCode>PLANNING</asgnAgencyCode><asgnBureauCode>NA</asgnBureauCode><asgnDivisionCode>NA</asgnDivisionCode><asgnGroupCode>NA</asgnGroupCode><asgnOfficeCode>NA</asgnOfficeCode><asgnSectionCode>NA</asgnSectionCode><auditModel><auditDate>2013-04-07T18:38:41-06:00</auditDate><auditID>Accela Administrator</auditID><auditStatus>A</auditStatus></auditModel><calendarId>72</calendarId><displayInAca>Y</displayInAca><hoursSpentRequired>N</hoursSpentRequired><sdChkLv5>A</sdChkLv5><sdDueDay>10</sdDueDay><sdNxtId1>026000000000000</sdNxtId1><sdProDes>Environmental Review</sdProDes><sdProId1>025001000000000</sdProId1></processModel><processModel><r1ProcessCode>PLN_HEARING</r1ProcessCode><sdStpNum>12</sdStpNum><servProvCode>BPTDEV</servProvCode><asgnAgencyCode>PLANNING</asgnAgencyCode><asgnBureauCode>NA</asgnBureauCode><asgnDivisionCode>NA</asgnDivisionCode><asgnGroupCode>NA</asgnGroupCode><asgnOfficeCode>NA</asgnOfficeCode><asgnSectionCode>NA</asgnSectionCode><auditModel><auditDate>2013-04-07T18:38:41-06:00</auditDate><auditID>Accela Administrator</auditID><auditStatus>A</auditStatus></auditModel><calendarId>72</calendarId><displayInAca>Y</displayInAca><hoursSpentRequired>N</hoursSpentRequired><sdChkLv5>A</sdChkLv5><sdDueDay>5</sdDueDay><sdNxtId1>025027000000000</sdNxtId1><sdProDes>Review Distribution</sdProDes><sdProId1>012000000000000</sdProId1></processModel><processModel><r1ProcessCode>PLN_HEARING</r1ProcessCode><sdStpNum>13</sdStpNum><servProvCode>BPTDEV</servProvCode><asgnAgencyCode>PLANNING</asgnAgencyCode><asgnBureauCode>NA</asgnBureauCode><asgnDivisionCode>NA</asgnDivisionCode><asgnGroupCode>NA</asgnGroupCode><asgnOfficeCode>NA</asgnOfficeCode><asgnSectionCode>NA</asgnSectionCode><auditModel><auditDate>2013-04-07T18:38:41-06:00</auditDate><auditID>Accela Administrator</auditID><auditStatus>A</auditStatus></auditModel><calendarId>72</calendarId><displayInAca>Y</displayInAca><hoursSpentRequired>N</hoursSpentRequired><sdChkLv5>A</sdChkLv5><sdDueDay>10</sdDueDay><sdNxtId1>026000000000000</sdNxtId1><sdProDes>Air Quality Review</sdProDes><sdProId1>025001000000000</sdProId1></processModel><processModel><r1ProcessCode>PLN_HEARING</r1ProcessCode><sdStpNum>14</sdStpNum><servProvCode>BPTDEV</servProvCode><asgnAgencyCode>PLANNING</asgnAgencyCode><asgnBureauCode>NA</asgnBureauCode><asgnDivisionCode>NA</asgnDivisionCode><asgnGroupCode>NA</asgnGroupCode><asgnOfficeCode>NA</asgnOfficeCode><asgnSectionCode>NA</asgnSectionCode><auditModel><auditDate>2013-04-07T18:38:41-06:00</auditDate><auditID>Accela Administrator</auditID><auditStatus>A</auditStatus></auditModel><calendarId>72</calendarId><displayInAca>Y</displayInAca><hoursSpentRequired>N</hoursSpentRequired><sdChkLv5>A</sdChkLv5><sdDueDay>10</sdDueDay><sdNxtId1>026000000000000</sdNxtId1><sdProDes>Parks and Rec Review</sdProDes><sdProId1>025001000000000</sdProId1></processModel><processModel><r1ProcessCode>PLN_HEARING</r1ProcessCode><sdStpNum>15</sdStpNum><servProvCode>BPTDEV</servProvCode><asgnAgencyCode>PLANNING</asgnAgencyCode><asgnBureauCode>NA</asgnBureauCode><asgnDivisionCode>NA</asgnDivisionCode><asgnGroupCode>NA</asgnGroupCode><asgnOfficeCode>NA</asgnOfficeCode><asgnSectionCode>NA</asgnSectionCode><auditModel><auditDate>2013-04-07T18:38:41-06:00</auditDate><auditID>Accela Administrator</auditID><auditStatus>A</auditStatus></auditModel><calendarId>72</calendarId><displayInAca>Y</displayInAca><hoursSpentRequired>N</hoursSpentRequired><sdChkLv5>A</sdChkLv5><sdDueDay>10</sdDueDay><sdNxtId1>026000000000000</sdNxtId1><sdProDes>Traffic Review</sdProDes><sdProId1>025001000000000</sdProId1></processModel><processModel><r1ProcessCode>PLN_HEARING</r1ProcessCode><sdStpNum>16</sdStpNum><servProvCode>BPTDEV</servProvCode><asgnAgencyCode>PLANNING</asgnAgencyCode><asgnBureauCode>NA</asgnBureauCode><asgnDivisionCode>NA</asgnDivisionCode><asgnGroupCode>NA</asgnGroupCode><asgnOfficeCode>NA</asgnOfficeCode><asgnSectionCode>NA</asgnSectionCode><auditModel><auditDate>2013-04-07T18:38:41-06:00</auditDate><auditID>Accela Administrator</auditID><auditStatus>A</auditStatus></auditModel><calendarId>72</calendarId><displayInAca>Y</displayInAca><hoursSpentRequired>N</hoursSpentRequired><sdChkLv5>A</sdChkLv5><sdDueDay>10</sdDueDay><sdNxtId1>026000000000000</sdNxtId1><sdProDes>Utilities Review</sdProDes><sdProId1>025001000000000</sdProId1></processModel><processModel><r1ProcessCode>PLN_HEARING</r1ProcessCode><sdStpNum>17</sdStpNum><servProvCode>BPTDEV</servProvCode><asgnAgencyCode>PLANNING</asgnAgencyCode><asgnBureauCode>NA</asgnBureauCode><asgnDivisionCode>NA</asgnDivisionCode><asgnGroupCode>NA</asgnGroupCode><asgnOfficeCode>NA</asgnOfficeCode><asgnSectionCode>NA</asgnSectionCode><auditModel><auditDate>2013-04-07T18:38:41-06:00</auditDate><auditID>Accela Administrator</auditID><auditStatus>A</auditStatus></auditModel><calendarId>72</calendarId><displayInAca>Y</displayInAca><hoursSpentRequired>N</hoursSpentRequired><sdChkLv5>A</sdChkLv5><sdDueDay>10</sdDueDay><sdNxtId1>026000000000000</sdNxtId1><sdProDes>Arborist Review</sdProDes><sdProId1>025001000000000</sdProId1></processModel><processModel><r1ProcessCode>PLN_HEARING</r1ProcessCode><sdStpNum>18</sdStpNum><servProvCode>BPTDEV</servProvCode><asgnAgencyCode>PLANNING</asgnAgencyCode><asgnBureauCode>NA</asgnBureauCode><asgnDivisionCode>NA</asgnDivisionCode><asgnGroupCode>NA</asgnGroupCode><asgnOfficeCode>NA</asgnOfficeCode><asgnSectionCode>NA</asgnSectionCode><auditModel><auditDate>2013-04-07T18:38:41-06:00</auditDate><auditID>Accela Administrator</auditID><auditStatus>A</auditStatus></auditModel><calendarId>72</calendarId><displayInAca>Y</displayInAca><hoursSpentRequired>N</hoursSpentRequired><sdChkLv5>A</sdChkLv5><sdDueDay>5</sdDueDay><sdNxtId1>012027000000000</sdNxtId1><sdProDes>Review Consolidation</sdProDes><sdProId1>026000000000000</sdProId1></processModel><processModel><r1ProcessCode>PLN_HEARING</r1ProcessCode><sdStpNum>19</sdStpNum><servProvCode>BPTDEV</servProvCode><asgnAgencyCode>PLANNING</asgnAgencyCode><asgnBureauCode>NA</asgnBureauCode><asgnDivisionCode>NA</asgnDivisionCode><asgnGroupCode>NA</asgnGroupCode><asgnOfficeCode>NA</asgnOfficeCode><asgnSectionCode>NA</asgnSectionCode><auditModel><auditDate>2013-04-07T18:38:41-06:00</auditDate><auditID>Accela Administrator</auditID><auditStatus>A</auditStatus></auditModel><calendarId>72</calendarId><displayInAca>Y</displayInAca><hoursSpentRequired>N</hoursSpentRequired><sdChkLv5>A</sdChkLv5><sdDueDay>10</sdDueDay><sdNxtId1>029000000000000</sdNxtId1><sdProDes>Staff Report</sdProDes><sdProId1>027000000000000</sdProId1></processModel><processModel><r1ProcessCode>PLN_HEARING</r1ProcessCode><sdStpNum>20</sdStpNum><servProvCode>BPTDEV</servProvCode><asgnAgencyCode>PLANNING</asgnAgencyCode><asgnBureauCode>NA</asgnBureauCode><asgnDivisionCode>NA</asgnDivisionCode><asgnGroupCode>NA</asgnGroupCode><asgnOfficeCode>NA</asgnOfficeCode><asgnSectionCode>NA</asgnSectionCode><auditModel><auditDate>2013-04-07T18:38:41-06:00</auditDate><auditID>Accela Administrator</auditID><auditStatus>A</auditStatus></auditModel><calendarId>72</calendarId><displayInAca>Y</displayInAca><hoursSpentRequired>N</hoursSpentRequired><sdChkLv5>A</sdChkLv5><sdDueDay>30</sdDueDay><sdNxtId1>029033000000000</sdNxtId1><sdProDes>Hearing</sdProDes><sdProId1>031000000000000</sdProId1></processModel><processModel><r1ProcessCode>PLN_HEARING</r1ProcessCode><sdStpNum>21</sdStpNum><servProvCode>BPTDEV</servProvCode><asgnAgencyCode>PLANNING</asgnAgencyCode><asgnBureauCode>NA</asgnBureauCode><asgnDivisionCode>NA</asgnDivisionCode><asgnGroupCode>NA</asgnGroupCode><asgnOfficeCode>NA</asgnOfficeCode><asgnSectionCode>NA</asgnSectionCode><auditModel><auditDate>2013-04-07T18:38:41-06:00</auditDate><auditID>Accela Administrator</auditID><auditStatus>A</auditStatus></auditModel><calendarId>72</calendarId><displayInAca>Y</displayInAca><hoursSpentRequired>N</hoursSpentRequired><sdChkLv5>A</sdChkLv5><sdDueDay>1</sdDueDay><sdNxtId1>000000000000000</sdNxtId1><sdProDes>Case Complete</sdProDes><sdProId1>035000000000000</sdProId1></processModel><processModel><r1ProcessCode>PLN_HEARING</r1ProcessCode><sdStpNum>22</sdStpNum><servProvCode>BPTDEV</servProvCode><asgnAgencyCode>PLANNING</asgnAgencyCode><asgnBureauCode>NA</asgnBureauCode><asgnDivisionCode>NA</asgnDivisionCode><asgnGroupCode>NA</asgnGroupCode><asgnOfficeCode>NA</asgnOfficeCode><asgnSectionCode>NA</asgnSectionCode><auditModel><auditDate>2013-04-07T18:38:41-06:00</auditDate><auditID>Accela Administrator</auditID><auditStatus>A</auditStatus></auditModel><calendarId>72</calendarId><displayInAca>Y</displayInAca><hoursSpentRequired>N</hoursSpentRequired><sdChkLv5>A</sdChkLv5><sdDueDay>0</sdDueDay><sdNxtId1>026000000000000</sdNxtId1><sdProDes>Planning Review</sdProDes><sdProId1>025001000000000</sdProId1></processModel><processModel><r1ProcessCode>PLN_HEARING</r1ProcessCode><sdStpNum>23</sdStpNum><servProvCode>BPTDEV</servProvCode><asgnAgencyCode>PLANNING</asgnAgencyCode><asgnBureauCode>NA</asgnBureauCode><asgnDivisionCode>NA</asgnDivisionCode><asgnGroupCode>NA</asgnGroupCode><asgnOfficeCode>NA</asgnOfficeCode><asgnSectionCode>NA</asgnSectionCode><auditModel><auditDate>2013-04-07T18:38:41-06:00</auditDate><auditID>Accela Administrator</auditID><auditStatus>A</auditStatus></auditModel><calendarId>72</calendarId><displayInAca>Y</displayInAca><hoursSpentRequired>N</hoursSpentRequired><r1CheckboxCode>PLN_HEARING</r1CheckboxCode><r1CheckboxGroup>WORKFLOW TASK</r1CheckboxGroup><sdChkLv5>A</sdChkLv5><sdDueDay>5</sdDueDay><sdNxtId1>031000000000000</sdNxtId1><sdProDes>Notification</sdProDes><sdProId1>029000000000000</sdProId1></processModel><processModel><r1ProcessCode>PLN_HEARING</r1ProcessCode><sdStpNum>24</sdStpNum><servProvCode>BPTDEV</servProvCode><asgnAgencyCode>PLANNING</asgnAgencyCode><asgnBureauCode>NA</asgnBureauCode><asgnDivisionCode>NA</asgnDivisionCode><asgnGroupCode>NA</asgnGroupCode><asgnOfficeCode>NA</asgnOfficeCode><asgnSectionCode>NA</asgnSectionCode><auditModel><auditDate>2013-04-07T18:38:41-06:00</auditDate><auditID>Accela Administrator</auditID><auditStatus>A</auditStatus></auditModel><calendarId>72</calendarId><displayInAca>Y</displayInAca><hoursSpentRequired>N</hoursSpentRequired><sdChkLv5>A</sdChkLv5><sdDueDay>30</sdDueDay><sdNxtId1>035000000000000</sdNxtId1><sdProDes>Appeal Period</sdProDes><sdProId1>033000000000000</sdProId1></processModel></processModels><processSecurityModels/><r3statypModels><r3statyp><r3ActStatCod>PLN300</r3ActStatCod><r3ProcessCode>PLN_HEARING</r3ProcessCode><servProvCode>BPTDEV</servProvCode><displayInAca>Y</displayInAca><r3ActStatDes>Approved</r3ActStatDes><r3ActStatFlg>Y</r3ActStatFlg><r3ActTypeDes>Air Quality Review</r3ActTypeDes><r3MouClockAction>No Action</r3MouClockAction><recDate>2012-01-22T18:43:09-07:00</recDate><recFulNam>ADMIN</recFulNam><recStatus>A</recStatus><refTaskStatusI18NModels/></r3statyp><r3statyp><r3ActStatCod>PLN310</r3ActStatCod><r3ProcessCode>PLN_HEARING</r3ProcessCode><servProvCode>BPTDEV</servProvCode><displayInAca>Y</displayInAca><r3ActStatDes>Approved with Conditions</r3ActStatDes><r3ActStatFlg>Y</r3ActStatFlg><r3ActTypeDes>Air Quality Review</r3ActTypeDes><r3MouClockAction>No Action</r3MouClockAction><recDate>2012-01-22T18:43:34-07:00</recDate><recFulNam>ADMIN</recFulNam><recStatus>A</recStatus><refTaskStatusI18NModels/></r3statyp><r3statyp><r3ActStatCod>PLN320</r3ActStatCod><r3ProcessCode>PLN_HEARING</r3ProcessCode><servProvCode>BPTDEV</servProvCode><displayInAca>Y</displayInAca><r3ActStatDes>Note</r3ActStatDes><r3ActStatFlg>U</r3ActStatFlg><r3ActTypeDes>Air Quality Review</r3ActTypeDes><r3MouClockAction>No Action</r3MouClockAction><recDate>2012-01-22T18:43:51-07:00</recDate><recFulNam>ADMIN</recFulNam><recStatus>A</recStatus><refTaskStatusI18NModels/></r3statyp><r3statyp><r3ActStatCod>PLN330</r3ActStatCod><r3ProcessCode>PLN_HEARING</r3ProcessCode><servProvCode>BPTDEV</servProvCode><displayInAca>Y</displayInAca><r3ActStatDes>Rejected</r3ActStatDes><r3ActStatFlg>Y</r3ActStatFlg><r3ActTypeDes>Air Quality Review</r3ActTypeDes><r3MouClockAction>No Action</r3MouClockAction><recDate>2012-01-22T18:44:12-07:00</recDate><recFulNam>ADMIN</recFulNam><recStatus>A</recStatus><refTaskStatusI18NModels/></r3statyp><r3statyp><r3ActStatCod>PLN300==4</r3ActStatCod><r3ProcessCode>PLN_HEARING</r3ProcessCode><servProvCode>BPTDEV</servProvCode><displayInAca>Y</displayInAca><r3ActStatDes>Revisions Required</r3ActStatDes><r3ActStatFlg>Y</r3ActStatFlg><r3ActTypeDes>Air Quality Review</r3ActTypeDes><r3MouClockAction>No Action</r3MouClockAction><recDate>2012-01-22T18:44:34-07:00</recDate><recFulNam>ADMIN</recFulNam><recStatus>A</recStatus><refTaskStatusI18NModels/></r3statyp><r3statyp><r3ActStatCod>PLN985</r3ActStatCod><r3ProcessCode>PLN_HEARING</r3ProcessCode><servProvCode>BPTDEV</servProvCode><applicationStatus>Appealed</applicationStatus><displayInAca>Y</displayInAca><r3ActStatDes>Appealed</r3ActStatDes><r3ActStatFlg>U</r3ActStatFlg><r3ActTypeDes>Appeal Period</r3ActTypeDes><r3MouClockAction>No Action</r3MouClockAction><recDate>2012-02-09T17:42:49-07:00</recDate><recFulNam>ADMIN</recFulNam><recStatus>A</recStatus><refTaskStatusI18NModels/></r3statyp><r3statyp><r3ActStatCod>PLN990</r3ActStatCod><r3ProcessCode>PLN_HEARING</r3ProcessCode><servProvCode>BPTDEV</servProvCode><applicationStatus>Approved</applicationStatus><displayInAca>Y</displayInAca><r3ActStatDes>Approved on Appeal</r3ActStatDes><r3ActStatFlg>Y</r3ActStatFlg><r3ActTypeDes>Appeal Period</r3ActTypeDes><r3MouClockAction>No Action</r3MouClockAction><recDate>2012-02-09T17:43:12-07:00</recDate><recFulNam>ADMIN</recFulNam><recStatus>A</recStatus><refTaskStatusI18NModels/></r3statyp><r3statyp><r3ActStatCod>PLN995</r3ActStatCod><r3ProcessCode>PLN_HEARING</r3ProcessCode><servProvCode>BPTDEV</servProvCode><applicationStatus>Denied</applicationStatus><displayInAca>Y</displayInAca><r3ActStatDes>Denied on Appeal</r3ActStatDes><r3ActStatFlg>Y</r3ActStatFlg><r3ActTypeDes>Appeal Period</r3ActTypeDes><r3MouClockAction>No Action</r3MouClockAction><recDate>2012-02-09T17:43:27-07:00</recDate><recFulNam>ADMIN</recFulNam><recStatus>A</recStatus><refTaskStatusI18NModels/></r3statyp><r3statyp><r3ActStatCod>PLN999</r3ActStatCod><r3ProcessCode>PLN_HEARING</r3ProcessCode><servProvCode>BPTDEV</servProvCode><displayInAca>Y</displayInAca><r3ActStatDes>Not Appealed</r3ActStatDes><r3ActStatFlg>Y</r3ActStatFlg><r3ActTypeDes>Appeal Period</r3ActTypeDes><r3MouClockAction>No Action</r3MouClockAction><recDate>2012-02-09T17:43:49-07:00</recDate><recFulNam>ADMIN</recFulNam><recStatus>A</recStatus><refTaskStatusI18NModels/></r3statyp><r3statyp><r3ActStatCod>PLN980</r3ActStatCod><r3ProcessCode>PLN_HEARING</r3ProcessCode><servProvCode>BPTDEV</servProvCode><displayInAca>Y</displayInAca><r3ActStatDes>Note</r3ActStatDes><r3ActStatFlg>U</r3ActStatFlg><r3ActTypeDes>Appeal Period</r3ActTypeDes><r3MouClockAction>No Action</r3MouClockAction><recDate>2012-02-09T17:42:29-07:00</recDate><recFulNam>ADMIN</recFulNam><recStatus>A</recStatus><refTaskStatusI18NModels/></r3statyp><r3statyp><r3ActStatCod>PLN010</r3ActStatCod><r3ProcessCode>PLN_HEARING</r3ProcessCode><servProvCode>BPTDEV</servProvCode><applicationStatus>Accepted</applicationStatus><displayInAca>Y</displayInAca><r3ActStatDes>Accepted</r3ActStatDes><r3ActStatFlg>B</r3ActStatFlg><r3ActTypeDes>Application Acceptance</r3ActTypeDes><r3MouClockAction>No Action</r3MouClockAction><recDate>2013-03-19T16:23:32-06:00</recDate><recFulNam>Accela Administrator</recFulNam><recStatus>A</recStatus><refTaskStatusI18NModels/></r3statyp><r3statyp><r3ActStatCod>PLN030</r3ActStatCod><r3ProcessCode>PLN_HEARING</r3ProcessCode><servProvCode>BPTDEV</servProvCode><applicationStatus>Incomplete Submittal</applicationStatus><displayInAca>Y</displayInAca><r3ActStatDes>Missing Information</r3ActStatDes><r3ActStatFlg>U</r3ActStatFlg><r3ActTypeDes>Application Acceptance</r3ActTypeDes><r3MouClockAction>No Action</r3MouClockAction><recDate>2012-01-22T18:24:41-07:00</recDate><recFulNam>ADMIN</recFulNam><recStatus>A</recStatus><refTaskStatusI18NModels/></r3statyp><r3statyp><r3ActStatCod>PLN020</r3ActStatCod><r3ProcessCode>PLN_HEARING</r3ProcessCode><servProvCode>BPTDEV</servProvCode><displayInAca>Y</displayInAca><r3ActStatDes>Note</r3ActStatDes><r3ActStatFlg>U</r3ActStatFlg><r3ActTypeDes>Application Acceptance</r3ActTypeDes><r3MouClockAction>No Action</r3MouClockAction><recDate>2012-01-22T18:23:49-07:00</recDate><recFulNam>ADMIN</recFulNam><recStatus>A</recStatus><refTaskStatusI18NModels/></r3statyp><r3statyp><r3ActStatCod>PLN040</r3ActStatCod><r3ProcessCode>PLN_HEARING</r3ProcessCode><servProvCode>BPTDEV</servProvCode><applicationStatus>Withdrawn</applicationStatus><displayInAca>Y</displayInAca><r3ActStatDes>Withdrawn</r3ActStatDes><r3ActStatFlg>Y</r3ActStatFlg><r3ActTypeDes>Application Acceptance</r3ActTypeDes><r3MouClockAction>No Action</r3MouClockAction><recDate>2013-03-19T16:23:32-06:00</recDate><recFulNam>Accela Administrator</recFulNam><recStatus>A</recStatus><refTaskStatusI18NModels/></r3statyp><r3statyp><r3ActStatCod>PLN500</r3ActStatCod><r3ProcessCode>PLN_HEARING</r3ProcessCode><servProvCode>BPTDEV</servProvCode><displayInAca>Y</displayInAca><r3ActStatDes>Approved</r3ActStatDes><r3ActStatFlg>Y</r3ActStatFlg><r3ActTypeDes>Arborist Review</r3ActTypeDes><r3MouClockAction>No Action</r3MouClockAction><recDate>2012-01-22T18:52:25-07:00</recDate><recFulNam>ADMIN</recFulNam><recStatus>A</recStatus><refTaskStatusI18NModels/></r3statyp><r3statyp><r3ActStatCod>PLN510</r3ActStatCod><r3ProcessCode>PLN_HEARING</r3ProcessCode><servProvCode>BPTDEV</servProvCode><displayInAca>Y</displayInAca><r3ActStatDes>Approved with Conditions</r3ActStatDes><r3ActStatFlg>Y</r3ActStatFlg><r3ActTypeDes>Arborist Review</r3ActTypeDes><r3MouClockAction>No Action</r3MouClockAction><recDate>2012-01-22T18:52:49-07:00</recDate><recFulNam>ADMIN</recFulNam><recStatus>A</recStatus><refTaskStatusI18NModels/></r3statyp><r3statyp><r3ActStatCod>PLN520</r3ActStatCod><r3ProcessCode>PLN_HEARING</r3ProcessCode><servProvCode>BPTDEV</servProvCode><displayInAca>Y</displayInAca><r3ActStatDes>Note</r3ActStatDes><r3ActStatFlg>U</r3ActStatFlg><r3ActTypeDes>Arborist Review</r3ActTypeDes><r3MouClockAction>No Action</r3MouClockAction><recDate>2012-01-22T18:53:04-07:00</recDate><recFulNam>ADMIN</recFulNam><recStatus>A</recStatus><refTaskStatusI18NModels/></r3statyp><r3statyp><r3ActStatCod>PLN530</r3ActStatCod><r3ProcessCode>PLN_HEARING</r3ProcessCode><servProvCode>BPTDEV</servProvCode><displayInAca>Y</displayInAca><r3ActStatDes>Rejected</r3ActStatDes><r3ActStatFlg>Y</r3ActStatFlg><r3ActTypeDes>Arborist Review</r3ActTypeDes><r3MouClockAction>No Action</r3MouClockAction><recDate>2012-01-22T18:53:24-07:00</recDate><recFulNam>ADMIN</recFulNam><recStatus>A</recStatus><refTaskStatusI18NModels/></r3statyp><r3statyp><r3ActStatCod>PLN540</r3ActStatCod><r3ProcessCode>PLN_HEARING</r3ProcessCode><servProvCode>BPTDEV</servProvCode><displayInAca>Y</displayInAca><r3ActStatDes>Revisions Required</r3ActStatDes><r3ActStatFlg>Y</r3ActStatFlg><r3ActTypeDes>Arborist Review</r3ActTypeDes><r3MouClockAction>No Action</r3MouClockAction><recDate>2012-01-22T18:53:46-07:00</recDate><recFulNam>ADMIN</recFulNam><recStatus>A</recStatus><refTaskStatusI18NModels/></r3statyp><r3statyp><r3ActStatCod>SCODE4</r3ActStatCod><r3ProcessCode>PLN_HEARING</r3ProcessCode><servProvCode>BPTDEV</servProvCode><displayInAca>Y</displayInAca><r3ActStatDes>Approved</r3ActStatDes><r3ActStatFlg>Y</r3ActStatFlg><r3ActTypeDes>Building Review</r3ActTypeDes><recDate>2013-03-19T15:55:08-06:00</recDate><recFulNam>Accela Administrator</recFulNam><recStatus>A</recStatus><refTaskStatusI18NModels/></r3statyp><r3statyp><r3ActStatCod>SCODE1</r3ActStatCod><r3ProcessCode>PLN_HEARING</r3ProcessCode><servProvCode>BPTDEV</servProvCode><displayInAca>Y</displayInAca><r3ActStatDes>Approved with Conditions</r3ActStatDes><r3ActStatFlg>Y</r3ActStatFlg><r3ActTypeDes>Building Review</r3ActTypeDes><recDate>2013-03-19T15:55:08-06:00</recDate><recFulNam>Accela Administrator</recFulNam><recStatus>A</recStatus><refTaskStatusI18NModels/></r3statyp><r3statyp><r3ActStatCod>PLN120</r3ActStatCod><r3ProcessCode>PLN_HEARING</r3ProcessCode><servProvCode>BPTDEV</servProvCode><displayInAca>Y</displayInAca><r3ActStatDes>Note</r3ActStatDes><r3ActStatFlg>U</r3ActStatFlg><r3ActTypeDes>Building Review</r3ActTypeDes><r3MouClockAction>No Action</r3MouClockAction><recDate>2012-01-22T18:31:27-07:00</recDate><recFulNam>ADMIN</recFulNam><recStatus>A</recStatus><refTaskStatusI18NModels/></r3statyp><r3statyp><r3ActStatCod>SCODE2</r3ActStatCod><r3ProcessCode>PLN_HEARING</r3ProcessCode><servProvCode>BPTDEV</servProvCode><displayInAca>Y</displayInAca><r3ActStatDes>Rejected</r3ActStatDes><r3ActStatFlg>Y</r3ActStatFlg><r3ActTypeDes>Building Review</r3ActTypeDes><recDate>2013-03-19T15:55:08-06:00</recDate><recFulNam>Accela Administrator</recFulNam><recStatus>A</recStatus><refTaskStatusI18NModels/></r3statyp><r3statyp><r3ActStatCod>SCODE3</r3ActStatCod><r3ProcessCode>PLN_HEARING</r3ProcessCode><servProvCode>BPTDEV</servProvCode><displayInAca>Y</displayInAca><r3ActStatDes>Revisions Required</r3ActStatDes><r3ActStatFlg>Y</r3ActStatFlg><r3ActTypeDes>Building Review</r3ActTypeDes><recDate>2013-03-19T15:55:08-06:00</recDate><recFulNam>Accela Administrator</recFulNam><recStatus>A</recStatus><refTaskStatusI18NModels/></r3statyp><r3statyp><r3ActStatCod>PLN750</r3ActStatCod><r3ProcessCode>PLN_HEARING</r3ProcessCode><servProvCode>BPTDEV</servProvCode><displayInAca>Y</displayInAca><r3ActStatDes>Closed</r3ActStatDes><r3ActStatFlg>Y</r3ActStatFlg><r3ActTypeDes>Case Complete</r3ActTypeDes><r3MouClockAction>No Action</r3MouClockAction><recDate>2013-03-19T16:23:32-06:00</recDate><recFulNam>Accela Administrator</recFulNam><recStatus>A</recStatus><refTaskStatusI18NModels/></r3statyp><r3statyp><r3ActStatCod>PLN720</r3ActStatCod><r3ProcessCode>PLN_HEARING</r3ProcessCode><servProvCode>BPTDEV</servProvCode><displayInAca>Y</displayInAca><r3ActStatDes>Note</r3ActStatDes><r3ActStatFlg>U</r3ActStatFlg><r3ActTypeDes>Case Complete</r3ActTypeDes><r3MouClockAction>No Action</r3MouClockAction><recDate>2012-01-22T19:12:15-07:00</recDate><recFulNam>ADMIN</recFulNam><recStatus>A</recStatus><refTaskStatusI18NModels/></r3statyp><r3statyp><r3ActStatCod>PLN200</r3ActStatCod><r3ProcessCode>PLN_HEARING</r3ProcessCode><servProvCode>BPTDEV</servProvCode><displayInAca>Y</displayInAca><r3ActStatDes>Approved</r3ActStatDes><r3ActStatFlg>Y</r3ActStatFlg><r3ActTypeDes>Engineering Review</r3ActTypeDes><r3MouClockAction>No Action</r3MouClockAction><recDate>2012-01-22T18:34:31-07:00</recDate><recFulNam>ADMIN</recFulNam><recStatus>A</recStatus><refTaskStatusI18NModels/></r3statyp><r3statyp><r3ActStatCod>PLN210</r3ActStatCod><r3ProcessCode>PLN_HEARING</r3ProcessCode><servProvCode>BPTDEV</servProvCode><displayInAca>Y</displayInAca><r3ActStatDes>Approved with Conditions</r3ActStatDes><r3ActStatFlg>Y</r3ActStatFlg><r3ActTypeDes>Engineering Review</r3ActTypeDes><r3MouClockAction>No Action</r3MouClockAction><recDate>2012-01-22T18:35:36-07:00</recDate><recFulNam>ADMIN</recFulNam><recStatus>A</recStatus><refTaskStatusI18NModels/></r3statyp><r3statyp><r3ActStatCod>PLN220</r3ActStatCod><r3ProcessCode>PLN_HEARING</r3ProcessCode><servProvCode>BPTDEV</servProvCode><displayInAca>Y</displayInAca><r3ActStatDes>Note</r3ActStatDes><r3ActStatFlg>U</r3ActStatFlg><r3ActTypeDes>Engineering Review</r3ActTypeDes><r3MouClockAction>No Action</r3MouClockAction><recDate>2012-01-22T18:35:51-07:00</recDate><recFulNam>ADMIN</recFulNam><recStatus>A</recStatus><refTaskStatusI18NModels/></r3statyp><r3statyp><r3ActStatCod>PLN240</r3ActStatCod><r3ProcessCode>PLN_HEARING</r3ProcessCode><servProvCode>BPTDEV</servProvCode><displayInAca>Y</displayInAca><r3ActStatDes>Rejected</r3ActStatDes><r3ActStatFlg>Y</r3ActStatFlg><r3ActTypeDes>Engineering Review</r3ActTypeDes><r3MouClockAction>No Action</r3MouClockAction><recDate>2012-01-22T18:36:39-07:00</recDate><recFulNam>ADMIN</recFulNam><recStatus>A</recStatus><refTaskStatusI18NModels/></r3statyp><r3statyp><r3ActStatCod>PLN230</r3ActStatCod><r3ProcessCode>PLN_HEARING</r3ProcessCode><servProvCode>BPTDEV</servProvCode><displayInAca>Y</displayInAca><r3ActStatDes>Revisions Required</r3ActStatDes><r3ActStatFlg>Y</r3ActStatFlg><r3ActTypeDes>Engineering Review</r3ActTypeDes><r3MouClockAction>No Action</r3MouClockAction><recDate>2012-01-22T18:38:10-07:00</recDate><recFulNam>ADMIN</recFulNam><recStatus>A</recStatus><refTaskStatusI18NModels/></r3statyp><r3statyp><r3ActStatCod>PLN250</r3ActStatCod><r3ProcessCode>PLN_HEARING</r3ProcessCode><servProvCode>BPTDEV</servProvCode><displayInAca>Y</displayInAca><r3ActStatDes>Approved</r3ActStatDes><r3ActStatFlg>Y</r3ActStatFlg><r3ActTypeDes>Environmental Review</r3ActTypeDes><r3MouClockAction>No Action</r3MouClockAction><recDate>2012-01-22T18:38:35-07:00</recDate><recFulNam>ADMIN</recFulNam><recStatus>A</recStatus><refTaskStatusI18NModels/></r3statyp><r3statyp><r3ActStatCod>PLN260</r3ActStatCod><r3ProcessCode>PLN_HEARING</r3ProcessCode><servProvCode>BPTDEV</servProvCode><displayInAca>Y</displayInAca><r3ActStatDes>Approved with Conditions</r3ActStatDes><r3ActStatFlg>Y</r3ActStatFlg><r3ActTypeDes>Environmental Review</r3ActTypeDes><r3MouClockAction>No Action</r3MouClockAction><recDate>2012-01-22T18:39:01-07:00</recDate><recFulNam>ADMIN</recFulNam><recStatus>A</recStatus><refTaskStatusI18NModels/></r3statyp><r3statyp><r3ActStatCod>PLN270</r3ActStatCod><r3ProcessCode>PLN_HEARING</r3ProcessCode><servProvCode>BPTDEV</servProvCode><displayInAca>Y</displayInAca><r3ActStatDes>Note</r3ActStatDes><r3ActStatFlg>U</r3ActStatFlg><r3ActTypeDes>Environmental Review</r3ActTypeDes><r3MouClockAction>No Action</r3MouClockAction><recDate>2012-01-22T18:39:16-07:00</recDate><recFulNam>ADMIN</recFulNam><recStatus>A</recStatus><refTaskStatusI18NModels/></r3statyp><r3statyp><r3ActStatCod>PLN280</r3ActStatCod><r3ProcessCode>PLN_HEARING</r3ProcessCode><servProvCode>BPTDEV</servProvCode><displayInAca>Y</displayInAca><r3ActStatDes>Rejected</r3ActStatDes><r3ActStatFlg>Y</r3ActStatFlg><r3ActTypeDes>Environmental Review</r3ActTypeDes><r3MouClockAction>No Action</r3MouClockAction><recDate>2012-01-22T18:39:35-07:00</recDate><recFulNam>ADMIN</recFulNam><recStatus>A</recStatus><refTaskStatusI18NModels/></r3statyp><r3statyp><r3ActStatCod>PLN290</r3ActStatCod><r3ProcessCode>PLN_HEARING</r3ProcessCode><servProvCode>BPTDEV</servProvCode><displayInAca>Y</displayInAca><r3ActStatDes>Revisions Required</r3ActStatDes><r3ActStatFlg>Y</r3ActStatFlg><r3ActTypeDes>Environmental Review</r3ActTypeDes><r3MouClockAction>No Action</r3MouClockAction><recDate>2012-01-22T18:39:54-07:00</recDate><recFulNam>ADMIN</recFulNam><recStatus>A</recStatus><refTaskStatusI18NModels/></r3statyp><r3statyp><r3ActStatCod>PLN150</r3ActStatCod><r3ProcessCode>PLN_HEARING</r3ProcessCode><servProvCode>BPTDEV</servProvCode><displayInAca>Y</displayInAca><r3ActStatDes>Approved</r3ActStatDes><r3ActStatFlg>Y</r3ActStatFlg><r3ActTypeDes>Fire Review</r3ActTypeDes><r3MouClockAction>No Action</r3MouClockAction><recDate>2012-01-22T18:32:44-07:00</recDate><recFulNam>ADMIN</recFulNam><recStatus>A</recStatus><refTaskStatusI18NModels/></r3statyp><r3statyp><r3ActStatCod>PLN160</r3ActStatCod><r3ProcessCode>PLN_HEARING</r3ProcessCode><servProvCode>BPTDEV</servProvCode><displayInAca>Y</displayInAca><r3ActStatDes>Approved with Conditions</r3ActStatDes><r3ActStatFlg>Y</r3ActStatFlg><r3ActTypeDes>Fire Review</r3ActTypeDes><r3MouClockAction>No Action</r3MouClockAction><recDate>2012-01-22T18:33:09-07:00</recDate><recFulNam>ADMIN</recFulNam><recStatus>A</recStatus><refTaskStatusI18NModels/></r3statyp><r3statyp><r3ActStatCod>PLN170</r3ActStatCod><r3ProcessCode>PLN_HEARING</r3ProcessCode><servProvCode>BPTDEV</servProvCode><displayInAca>Y</displayInAca><r3ActStatDes>Note</r3ActStatDes><r3ActStatFlg>U</r3ActStatFlg><r3ActTypeDes>Fire Review</r3ActTypeDes><r3MouClockAction>No Action</r3MouClockAction><recDate>2012-01-22T18:33:26-07:00</recDate><recFulNam>ADMIN</recFulNam><recStatus>A</recStatus><refTaskStatusI18NModels/></r3statyp><r3statyp><r3ActStatCod>PLN180</r3ActStatCod><r3ProcessCode>PLN_HEARING</r3ProcessCode><servProvCode>BPTDEV</servProvCode><displayInAca>Y</displayInAca><r3ActStatDes>Rejected</r3ActStatDes><r3ActStatFlg>Y</r3ActStatFlg><r3ActTypeDes>Fire Review</r3ActTypeDes><r3MouClockAction>No Action</r3MouClockAction><recDate>2012-01-22T18:33:46-07:00</recDate><recFulNam>ADMIN</recFulNam><recStatus>A</recStatus><refTaskStatusI18NModels/></r3statyp><r3statyp><r3ActStatCod>PLN190</r3ActStatCod><r3ProcessCode>PLN_HEARING</r3ProcessCode><servProvCode>BPTDEV</servProvCode><displayInAca>Y</displayInAca><r3ActStatDes>Revisions Required</r3ActStatDes><r3ActStatFlg>Y</r3ActStatFlg><r3ActTypeDes>Fire Review</r3ActTypeDes><r3MouClockAction>No Action</r3MouClockAction><recDate>2012-01-22T18:34:03-07:00</recDate><recFulNam>ADMIN</recFulNam><recStatus>A</recStatus><refTaskStatusI18NModels/></r3statyp><r3statyp><r3ActStatCod>PLN960</r3ActStatCod><r3ProcessCode>PLN_HEARING</r3ProcessCode><servProvCode>BPTDEV</servProvCode><applicationStatus>Approved</applicationStatus><displayInAca>Y</displayInAca><r3ActStatDes>Approved</r3ActStatDes><r3ActStatFlg>B</r3ActStatFlg><r3ActTypeDes>Hearing</r3ActTypeDes><r3MouClockAction>No Action</r3MouClockAction><recDate>2013-03-19T14:41:43-06:00</recDate><recFulNam>Accela Administrator</recFulNam><recStatus>A</recStatus><refTaskStatusI18NModels/></r3statyp><r3statyp><r3ActStatCod>PLN950</r3ActStatCod><r3ProcessCode>PLN_HEARING</r3ProcessCode><servProvCode>BPTDEV</servProvCode><displayInAca>Y</displayInAca><r3ActStatDes>Continued</r3ActStatDes><r3ActStatFlg>Y</r3ActStatFlg><r3ActTypeDes>Hearing</r3ActTypeDes><r3MouClockAction>No Action</r3MouClockAction><recDate>2013-03-19T14:41:43-06:00</recDate><recFulNam>Accela Administrator</recFulNam><recStatus>A</recStatus><refTaskStatusI18NModels/></r3statyp><r3statyp><r3ActStatCod>PLN970</r3ActStatCod><r3ProcessCode>PLN_HEARING</r3ProcessCode><servProvCode>BPTDEV</servProvCode><applicationStatus>Denied</applicationStatus><displayInAca>Y</displayInAca><r3ActStatDes>Denied</r3ActStatDes><r3ActStatFlg>B</r3ActStatFlg><r3ActTypeDes>Hearing</r3ActTypeDes><r3MouClockAction>No Action</r3MouClockAction><recDate>2013-03-19T14:41:43-06:00</recDate><recFulNam>Accela Administrator</recFulNam><recStatus>A</recStatus><refTaskStatusI18NModels/></r3statyp><r3statyp><r3ActStatCod>PLN940</r3ActStatCod><r3ProcessCode>PLN_HEARING</r3ProcessCode><servProvCode>BPTDEV</servProvCode><displayInAca>Y</displayInAca><r3ActStatDes>Note</r3ActStatDes><r3ActStatFlg>U</r3ActStatFlg><r3ActTypeDes>Hearing</r3ActTypeDes><r3MouClockAction>No Action</r3MouClockAction><recDate>2012-02-09T17:39:07-07:00</recDate><recFulNam>ADMIN</recFulNam><recStatus>A</recStatus><refTaskStatusI18NModels/></r3statyp><r3statyp><r3ActStatCod>PLN600</r3ActStatCod><r3ProcessCode>PLN_HEARING</r3ProcessCode><servProvCode>BPTDEV</servProvCode><applicationStatus>Appealed</applicationStatus><displayInAca>Y</displayInAca><r3ActStatDes>Appealed</r3ActStatDes><r3ActStatFlg>U</r3ActStatFlg><r3ActTypeDes>Hearings</r3ActTypeDes><r3MouClockAction>No Action</r3MouClockAction><recDate>2012-01-22T19:03:33-07:00</recDate><recFulNam>ADMIN</recFulNam><recStatus>A</recStatus><refTaskStatusI18NModels/></r3statyp><r3statyp><r3ActStatCod>PLN610</r3ActStatCod><r3ProcessCode>PLN_HEARING</r3ProcessCode><servProvCode>BPTDEV</servProvCode><applicationStatus>Hearings Complete</applicationStatus><displayInAca>Y</displayInAca><r3ActStatDes>Complete</r3ActStatDes><r3ActStatFlg>Y</r3ActStatFlg><r3ActTypeDes>Hearings</r3ActTypeDes><r3MouClockAction>No Action</r3MouClockAction><recDate>2012-01-22T19:03:05-07:00</recDate><recFulNam>ADMIN</recFulNam><recStatus>A</recStatus><refTaskStatusI18NModels/></r3statyp><r3statyp><r3ActStatCod>PLN620</r3ActStatCod><r3ProcessCode>PLN_HEARING</r3ProcessCode><servProvCode>BPTDEV</servProvCode><displayInAca>Y</displayInAca><r3ActStatDes>Continued</r3ActStatDes><r3ActStatFlg>U</r3ActStatFlg><r3ActTypeDes>Hearings</r3ActTypeDes><r3MouClockAction>No Action</r3MouClockAction><recDate>2012-01-22T19:04:39-07:00</recDate><recFulNam>ADMIN</recFulNam><recStatus>A</recStatus><refTaskStatusI18NModels/></r3statyp><r3statyp><r3ActStatCod>PLN630</r3ActStatCod><r3ProcessCode>PLN_HEARING</r3ProcessCode><servProvCode>BPTDEV</servProvCode><displayInAca>Y</displayInAca><r3ActStatDes>Note</r3ActStatDes><r3ActStatFlg>U</r3ActStatFlg><r3ActTypeDes>Hearings</r3ActTypeDes><r3MouClockAction>No Action</r3MouClockAction><recDate>2012-01-22T19:05:09-07:00</recDate><recFulNam>ADMIN</recFulNam><recStatus>A</recStatus><refTaskStatusI18NModels/></r3statyp><r3statyp><r3ActStatCod>PLN640</r3ActStatCod><r3ProcessCode>PLN_HEARING</r3ProcessCode><servProvCode>BPTDEV</servProvCode><applicationStatus>Hearing Notices Sent</applicationStatus><displayInAca>Y</displayInAca><r3ActStatDes>Notices Sent</r3ActStatDes><r3ActStatFlg>U</r3ActStatFlg><r3ActTypeDes>Hearings</r3ActTypeDes><r3MouClockAction>No Action</r3MouClockAction><recDate>2012-01-22T19:05:34-07:00</recDate><recFulNam>ADMIN</recFulNam><recStatus>A</recStatus><refTaskStatusI18NModels/></r3statyp><r3statyp><r3ActStatCod>PLN650</r3ActStatCod><r3ProcessCode>PLN_HEARING</r3ProcessCode><servProvCode>BPTDEV</servProvCode><applicationStatus>Hearing Scheduled</applicationStatus><displayInAca>Y</displayInAca><r3ActStatDes>Scheduled-City Council</r3ActStatDes><r3ActStatFlg>U</r3ActStatFlg><r3ActTypeDes>Hearings</r3ActTypeDes><r3MouClockAction>No Action</r3MouClockAction><recDate>2012-01-22T19:09:51-07:00</recDate><recFulNam>ADMIN</recFulNam><recStatus>A</recStatus><refTaskStatusI18NModels/></r3statyp><r3statyp><r3ActStatCod>PLN670</r3ActStatCod><r3ProcessCode>PLN_HEARING</r3ProcessCode><servProvCode>BPTDEV</servProvCode><applicationStatus>Hearing Scheduled</applicationStatus><displayInAca>Y</displayInAca><r3ActStatDes>Scheduled-Planning Commission</r3ActStatDes><r3ActStatFlg>U</r3ActStatFlg><r3ActTypeDes>Hearings</r3ActTypeDes><r3MouClockAction>No Action</r3MouClockAction><recDate>2012-01-22T19:08:33-07:00</recDate><recFulNam>ADMIN</recFulNam><recStatus>A</recStatus><refTaskStatusI18NModels/></r3statyp><r3statyp><r3ActStatCod>PLN900</r3ActStatCod><r3ProcessCode>PLN_HEARING</r3ProcessCode><servProvCode>BPTDEV</servProvCode><applicationStatus>Hearing Scheduled</applicationStatus><displayInAca>Y</displayInAca><r3ActStatDes>Hearing Scheduled</r3ActStatDes><r3ActStatFlg>U</r3ActStatFlg><r3ActTypeDes>Notification</r3ActTypeDes><r3MouClockAction>No Action</r3MouClockAction><recDate>2012-02-09T17:40:18-07:00</recDate><recFulNam>ADMIN</recFulNam><recStatus>A</recStatus><refTaskStatusI18NModels/></r3statyp><r3statyp><r3ActStatCod>PLN910</r3ActStatCod><r3ProcessCode>PLN_HEARING</r3ProcessCode><servProvCode>BPTDEV</servProvCode><displayInAca>Y</displayInAca><r3ActStatDes>Note</r3ActStatDes><r3ActStatFlg>U</r3ActStatFlg><r3ActTypeDes>Notification</r3ActTypeDes><r3MouClockAction>No Action</r3MouClockAction><recDate>2012-02-09T17:35:54-07:00</recDate><recFulNam>ADMIN</recFulNam><recStatus>A</recStatus><refTaskStatusI18NModels/></r3statyp><r3statyp><r3ActStatCod>PLN930</r3ActStatCod><r3ProcessCode>PLN_HEARING</r3ProcessCode><servProvCode>BPTDEV</servProvCode><displayInAca>Y</displayInAca><r3ActStatDes>Notification Not Required</r3ActStatDes><r3ActStatFlg>Y</r3ActStatFlg><r3ActTypeDes>Notification</r3ActTypeDes><r3MouClockAction>No Action</r3MouClockAction><recDate>2012-02-09T18:07:53-07:00</recDate><recFulNam>ADMIN</recFulNam><recStatus>A</recStatus><refTaskStatusI18NModels/></r3statyp><r3statyp><r3ActStatCod>PLN920</r3ActStatCod><r3ProcessCode>PLN_HEARING</r3ProcessCode><servProvCode>BPTDEV</servProvCode><displayInAca>Y</displayInAca><r3ActStatDes>Notifications Sent</r3ActStatDes><r3ActStatFlg>Y</r3ActStatFlg><r3ActTypeDes>Notification</r3ActTypeDes><r3MouClockAction>No Action</r3MouClockAction><recDate>2012-02-09T17:37:38-07:00</recDate><recFulNam>ADMIN</recFulNam><recStatus>A</recStatus><refTaskStatusI18NModels/></r3statyp><r3statyp><r3ActStatCod>PLN350</r3ActStatCod><r3ProcessCode>PLN_HEARING</r3ProcessCode><servProvCode>BPTDEV</servProvCode><displayInAca>Y</displayInAca><r3ActStatDes>Approved</r3ActStatDes><r3ActStatFlg>Y</r3ActStatFlg><r3ActTypeDes>Parks and Rec Review</r3ActTypeDes><r3MouClockAction>No Action</r3MouClockAction><recDate>2012-01-22T18:44:59-07:00</recDate><recFulNam>ADMIN</recFulNam><recStatus>A</recStatus><refTaskStatusI18NModels/></r3statyp><r3statyp><r3ActStatCod>PLN360</r3ActStatCod><r3ProcessCode>PLN_HEARING</r3ProcessCode><servProvCode>BPTDEV</servProvCode><displayInAca>Y</displayInAca><r3ActStatDes>Approved with Conditions</r3ActStatDes><r3ActStatFlg>Y</r3ActStatFlg><r3ActTypeDes>Parks and Rec Review</r3ActTypeDes><r3MouClockAction>No Action</r3MouClockAction><recDate>2012-01-22T18:45:20-07:00</recDate><recFulNam>ADMIN</recFulNam><recStatus>A</recStatus><refTaskStatusI18NModels/></r3statyp><r3statyp><r3ActStatCod>PLN370</r3ActStatCod><r3ProcessCode>PLN_HEARING</r3ProcessCode><servProvCode>BPTDEV</servProvCode><displayInAca>Y</displayInAca><r3ActStatDes>Note</r3ActStatDes><r3ActStatFlg>U</r3ActStatFlg><r3ActTypeDes>Parks and Rec Review</r3ActTypeDes><r3MouClockAction>No Action</r3MouClockAction><recDate>2012-01-22T18:45:42-07:00</recDate><recFulNam>ADMIN</recFulNam><recStatus>A</recStatus><refTaskStatusI18NModels/></r3statyp><r3statyp><r3ActStatCod>PLN380</r3ActStatCod><r3ProcessCode>PLN_HEARING</r3ProcessCode><servProvCode>BPTDEV</servProvCode><displayInAca>Y</displayInAca><r3ActStatDes>Rejected</r3ActStatDes><r3ActStatFlg>Y</r3ActStatFlg><r3ActTypeDes>Parks and Rec Review</r3ActTypeDes><r3MouClockAction>No Action</r3MouClockAction><recDate>2012-01-22T18:46:04-07:00</recDate><recFulNam>ADMIN</recFulNam><recStatus>A</recStatus><refTaskStatusI18NModels/></r3statyp><r3statyp><r3ActStatCod>PLN390</r3ActStatCod><r3ProcessCode>PLN_HEARING</r3ProcessCode><servProvCode>BPTDEV</servProvCode><displayInAca>Y</displayInAca><r3ActStatDes>Revisions Required</r3ActStatDes><r3ActStatFlg>Y</r3ActStatFlg><r3ActTypeDes>Parks and Rec Review</r3ActTypeDes><r3MouClockAction>No Action</r3MouClockAction><recDate>2012-01-22T18:46:32-07:00</recDate><recFulNam>ADMIN</recFulNam><recStatus>A</recStatus><refTaskStatusI18NModels/></r3statyp><r3statyp><r3ActStatCod>PLN800</r3ActStatCod><r3ProcessCode>PLN_HEARING</r3ProcessCode><servProvCode>BPTDEV</servProvCode><displayInAca>Y</displayInAca><r3ActStatDes>Approved</r3ActStatDes><r3ActStatFlg>Y</r3ActStatFlg><r3ActTypeDes>Planning Review</r3ActTypeDes><r3MouClockAction>No Action</r3MouClockAction><recDate>2012-02-06T11:38:35-07:00</recDate><recFulNam>ADMIN</recFulNam><recStatus>A</recStatus><refTaskStatusI18NModels/></r3statyp><r3statyp><r3ActStatCod>PLN810</r3ActStatCod><r3ProcessCode>PLN_HEARING</r3ProcessCode><servProvCode>BPTDEV</servProvCode><displayInAca>Y</displayInAca><r3ActStatDes>Approved with Conditions</r3ActStatDes><r3ActStatFlg>Y</r3ActStatFlg><r3ActTypeDes>Planning Review</r3ActTypeDes><r3MouClockAction>No Action</r3MouClockAction><recDate>2012-02-06T11:38:58-07:00</recDate><recFulNam>ADMIN</recFulNam><recStatus>A</recStatus><refTaskStatusI18NModels/></r3statyp><r3statyp><r3ActStatCod>PLN820</r3ActStatCod><r3ProcessCode>PLN_HEARING</r3ProcessCode><servProvCode>BPTDEV</servProvCode><displayInAca>Y</displayInAca><r3ActStatDes>Note</r3ActStatDes><r3ActStatFlg>U</r3ActStatFlg><r3ActTypeDes>Planning Review</r3ActTypeDes><r3MouClockAction>No Action</r3MouClockAction><recDate>2012-02-06T11:39:08-07:00</recDate><recFulNam>ADMIN</recFulNam><recStatus>A</recStatus><refTaskStatusI18NModels/></r3statyp><r3statyp><r3ActStatCod>PLN830</r3ActStatCod><r3ProcessCode>PLN_HEARING</r3ProcessCode><servProvCode>BPTDEV</servProvCode><displayInAca>Y</displayInAca><r3ActStatDes>Rejected</r3ActStatDes><r3ActStatFlg>Y</r3ActStatFlg><r3ActTypeDes>Planning Review</r3ActTypeDes><r3MouClockAction>No Action</r3MouClockAction><recDate>2012-02-06T11:39:23-07:00</recDate><recFulNam>ADMIN</recFulNam><recStatus>A</recStatus><refTaskStatusI18NModels/></r3statyp><r3statyp><r3ActStatCod>PLN840</r3ActStatCod><r3ProcessCode>PLN_HEARING</r3ProcessCode><servProvCode>BPTDEV</servProvCode><displayInAca>Y</displayInAca><r3ActStatDes>Revisions Required</r3ActStatDes><r3ActStatFlg>Y</r3ActStatFlg><r3ActTypeDes>Planning Review</r3ActTypeDes><r3MouClockAction>No Action</r3MouClockAction><recDate>2012-02-06T11:39:35-07:00</recDate><recFulNam>ADMIN</recFulNam><recStatus>A</recStatus><refTaskStatusI18NModels/></r3statyp><r3statyp><r3ActStatCod>SCODE6</r3ActStatCod><r3ProcessCode>PLN_HEARING</r3ProcessCode><servProvCode>BPTDEV</servProvCode><displayInAca>Y</displayInAca><r3ActStatDes>Note</r3ActStatDes><r3ActStatFlg>U</r3ActStatFlg><r3ActTypeDes>Review Consolidation</r3ActTypeDes><recDate>2013-03-19T16:30:52-06:00</recDate><recFulNam>Accela Administrator</recFulNam><recStatus>A</recStatus><refTaskStatusI18NModels/></r3statyp><r3statyp><r3ActStatCod>SCODE5</r3ActStatCod><r3ProcessCode>PLN_HEARING</r3ProcessCode><servProvCode>BPTDEV</servProvCode><displayInAca>Y</displayInAca><r3ActStatDes>Review Complete</r3ActStatDes><r3ActStatFlg>B</r3ActStatFlg><r3ActTypeDes>Review Consolidation</r3ActTypeDes><recDate>2013-03-19T15:55:08-06:00</recDate><recFulNam>Accela Administrator</recFulNam><recStatus>A</recStatus><refTaskStatusI18NModels/></r3statyp><r3statyp><r3ActStatCod>PLN560</r3ActStatCod><r3ProcessCode>PLN_HEARING</r3ProcessCode><servProvCode>BPTDEV</servProvCode><applicationStatus>Revisions Required</applicationStatus><displayInAca>Y</displayInAca><r3ActStatDes>Revisions Required</r3ActStatDes><r3ActStatFlg>Y</r3ActStatFlg><r3ActTypeDes>Review Consolidation</r3ActTypeDes><r3MouClockAction>No Action</r3MouClockAction><recDate>2013-03-19T15:55:08-06:00</recDate><recFulNam>Accela Administrator</recFulNam><recStatus>A</recStatus><refTaskStatusI18NModels/></r3statyp><r3statyp><r3ActStatCod>PLN050</r3ActStatCod><r3ProcessCode>PLN_HEARING</r3ProcessCode><servProvCode>BPTDEV</servProvCode><applicationStatus>In Review</applicationStatus><displayInAca>Y</displayInAca><r3ActStatDes>In Review</r3ActStatDes><r3ActStatFlg>Y</r3ActStatFlg><r3ActTypeDes>Review Distribution</r3ActTypeDes><r3MouClockAction>No Action</r3MouClockAction><recDate>2012-01-22T18:26:07-07:00</recDate><recFulNam>ADMIN</recFulNam><recStatus>A</recStatus><refTaskStatusI18NModels/></r3statyp><r3statyp><r3ActStatCod>PLN060</r3ActStatCod><r3ProcessCode>PLN_HEARING</r3ProcessCode><servProvCode>BPTDEV</servProvCode><displayInAca>Y</displayInAca><r3ActStatDes>Note</r3ActStatDes><r3ActStatFlg>U</r3ActStatFlg><r3ActTypeDes>Review Distribution</r3ActTypeDes><r3MouClockAction>No Action</r3MouClockAction><recDate>2012-01-22T18:26:29-07:00</recDate><recFulNam>ADMIN</recFulNam><recStatus>A</recStatus><refTaskStatusI18NModels/></r3statyp><r3statyp><r3ActStatCod>PLN080</r3ActStatCod><r3ProcessCode>PLN_HEARING</r3ProcessCode><servProvCode>BPTDEV</servProvCode><displayInAca>Y</displayInAca><r3ActStatDes>Returned to Applicant</r3ActStatDes><r3ActStatFlg>U</r3ActStatFlg><r3ActTypeDes>Review Distribution</r3ActTypeDes><r3MouClockAction>No Action</r3MouClockAction><recDate>2012-01-22T18:56:54-07:00</recDate><recFulNam>ADMIN</recFulNam><recStatus>A</recStatus><refTaskStatusI18NModels/></r3statyp><r3statyp><r3ActStatCod>PLN070</r3ActStatCod><r3ProcessCode>PLN_HEARING</r3ProcessCode><servProvCode>BPTDEV</servProvCode><applicationStatus>Review Not Required</applicationStatus><displayInAca>Y</displayInAca><r3ActStatDes>Review Not Required</r3ActStatDes><r3ActStatFlg>B</r3ActStatFlg><r3ActTypeDes>Review Distribution</r3ActTypeDes><r3MouClockAction>No Action</r3MouClockAction><recDate>2012-01-22T18:27:13-07:00</recDate><recFulNam>ADMIN</recFulNam><recStatus>A</recStatus><refTaskStatusI18NModels/></r3statyp><r3statyp><r3ActStatCod>PLN090</r3ActStatCod><r3ProcessCode>PLN_HEARING</r3ProcessCode><servProvCode>BPTDEV</servProvCode><displayInAca>Y</displayInAca><r3ActStatDes>Revisions Submitted</r3ActStatDes><r3ActStatFlg>U</r3ActStatFlg><r3ActTypeDes>Review Distribution</r3ActTypeDes><r3MouClockAction>No Action</r3MouClockAction><recDate>2012-01-22T18:57:17-07:00</recDate><recFulNam>ADMIN</recFulNam><recStatus>A</recStatus><refTaskStatusI18NModels/></r3statyp><r3statyp><r3ActStatCod>PLN570</r3ActStatCod><r3ProcessCode>PLN_HEARING</r3ProcessCode><servProvCode>BPTDEV</servProvCode><applicationStatus>Staff Report Complete</applicationStatus><displayInAca>Y</displayInAca><r3ActStatDes>Complete</r3ActStatDes><r3ActStatFlg>Y</r3ActStatFlg><r3ActTypeDes>Staff Report</r3ActTypeDes><r3MouClockAction>No Action</r3MouClockAction><recDate>2012-01-22T19:00:51-07:00</recDate><recFulNam>ADMIN</recFulNam><recStatus>A</recStatus><refTaskStatusI18NModels/></r3statyp><r3statyp><r3ActStatCod>PLN580</r3ActStatCod><r3ProcessCode>PLN_HEARING</r3ProcessCode><servProvCode>BPTDEV</servProvCode><displayInAca>Y</displayInAca><r3ActStatDes>In Progress</r3ActStatDes><r3ActStatFlg>U</r3ActStatFlg><r3ActTypeDes>Staff Report</r3ActTypeDes><r3MouClockAction>No Action</r3MouClockAction><recDate>2012-01-22T19:01:16-07:00</recDate><recFulNam>ADMIN</recFulNam><recStatus>A</recStatus><refTaskStatusI18NModels/></r3statyp><r3statyp><r3ActStatCod>PLN590</r3ActStatCod><r3ProcessCode>PLN_HEARING</r3ProcessCode><servProvCode>BPTDEV</servProvCode><displayInAca>Y</displayInAca><r3ActStatDes>Note</r3ActStatDes><r3ActStatFlg>U</r3ActStatFlg><r3ActTypeDes>Staff Report</r3ActTypeDes><r3MouClockAction>No Action</r3MouClockAction><recDate>2012-01-22T19:01:35-07:00</recDate><recFulNam>ADMIN</recFulNam><recStatus>A</recStatus><refTaskStatusI18NModels/></r3statyp><r3statyp><r3ActStatCod>PLN400</r3ActStatCod><r3ProcessCode>PLN_HEARING</r3ProcessCode><servProvCode>BPTDEV</servProvCode><displayInAca>Y</displayInAca><r3ActStatDes>Approved</r3ActStatDes><r3ActStatFlg>Y</r3ActStatFlg><r3ActTypeDes>Traffic Review</r3ActTypeDes><r3MouClockAction>No Action</r3MouClockAction><recDate>2012-01-22T18:47:00-07:00</recDate><recFulNam>ADMIN</recFulNam><recStatus>A</recStatus><refTaskStatusI18NModels/></r3statyp><r3statyp><r3ActStatCod>PLN410</r3ActStatCod><r3ProcessCode>PLN_HEARING</r3ProcessCode><servProvCode>BPTDEV</servProvCode><displayInAca>Y</displayInAca><r3ActStatDes>Approved with Conditions</r3ActStatDes><r3ActStatFlg>Y</r3ActStatFlg><r3ActTypeDes>Traffic Review</r3ActTypeDes><r3MouClockAction>No Action</r3MouClockAction><recDate>2012-01-22T18:47:22-07:00</recDate><recFulNam>ADMIN</recFulNam><recStatus>A</recStatus><refTaskStatusI18NModels/></r3statyp><r3statyp><r3ActStatCod>PLN420</r3ActStatCod><r3ProcessCode>PLN_HEARING</r3ProcessCode><servProvCode>BPTDEV</servProvCode><displayInAca>Y</displayInAca><r3ActStatDes>Note</r3ActStatDes><r3ActStatFlg>U</r3ActStatFlg><r3ActTypeDes>Traffic Review</r3ActTypeDes><r3MouClockAction>No Action</r3MouClockAction><recDate>2012-01-22T18:48:22-07:00</recDate><recFulNam>ADMIN</recFulNam><recStatus>A</recStatus><refTaskStatusI18NModels/></r3statyp><r3statyp><r3ActStatCod>PLN430</r3ActStatCod><r3ProcessCode>PLN_HEARING</r3ProcessCode><servProvCode>BPTDEV</servProvCode><displayInAca>Y</displayInAca><r3ActStatDes>Rejected</r3ActStatDes><r3ActStatFlg>Y</r3ActStatFlg><r3ActTypeDes>Traffic Review</r3ActTypeDes><r3MouClockAction>No Action</r3MouClockAction><recDate>2012-01-22T18:48:38-07:00</recDate><recFulNam>ADMIN</recFulNam><recStatus>A</recStatus><refTaskStatusI18NModels/></r3statyp><r3statyp><r3ActStatCod>PLN440</r3ActStatCod><r3ProcessCode>PLN_HEARING</r3ProcessCode><servProvCode>BPTDEV</servProvCode><displayInAca>Y</displayInAca><r3ActStatDes>Revisions Required</r3ActStatDes><r3ActStatFlg>Y</r3ActStatFlg><r3ActTypeDes>Traffic Review</r3ActTypeDes><r3MouClockAction>No Action</r3MouClockAction><recDate>2012-01-22T18:48:55-07:00</recDate><recFulNam>ADMIN</recFulNam><recStatus>A</recStatus><refTaskStatusI18NModels/></r3statyp><r3statyp><r3ActStatCod>PLN450</r3ActStatCod><r3ProcessCode>PLN_HEARING</r3ProcessCode><servProvCode>BPTDEV</servProvCode><displayInAca>Y</displayInAca><r3ActStatDes>Approved</r3ActStatDes><r3ActStatFlg>Y</r3ActStatFlg><r3ActTypeDes>Utilities Review</r3ActTypeDes><r3MouClockAction>No Action</r3MouClockAction><recDate>2012-01-22T18:49:21-07:00</recDate><recFulNam>ADMIN</recFulNam><recStatus>A</recStatus><refTaskStatusI18NModels/></r3statyp><r3statyp><r3ActStatCod>PLN460</r3ActStatCod><r3ProcessCode>PLN_HEARING</r3ProcessCode><servProvCode>BPTDEV</servProvCode><displayInAca>Y</displayInAca><r3ActStatDes>Approved with Conditions</r3ActStatDes><r3ActStatFlg>Y</r3ActStatFlg><r3ActTypeDes>Utilities Review</r3ActTypeDes><r3MouClockAction>No Action</r3MouClockAction><recDate>2012-01-22T18:49:46-07:00</recDate><recFulNam>ADMIN</recFulNam><recStatus>A</recStatus><refTaskStatusI18NModels/></r3statyp><r3statyp><r3ActStatCod>PLN470</r3ActStatCod><r3ProcessCode>PLN_HEARING</r3ProcessCode><servProvCode>BPTDEV</servProvCode><displayInAca>Y</displayInAca><r3ActStatDes>Note</r3ActStatDes><r3ActStatFlg>U</r3ActStatFlg><r3ActTypeDes>Utilities Review</r3ActTypeDes><r3MouClockAction>No Action</r3MouClockAction><recDate>2012-01-22T18:50:15-07:00</recDate><recFulNam>ADMIN</recFulNam><recStatus>A</recStatus><refTaskStatusI18NModels/></r3statyp><r3statyp><r3ActStatCod>PLN480</r3ActStatCod><r3ProcessCode>PLN_HEARING</r3ProcessCode><servProvCode>BPTDEV</servProvCode><displayInAca>Y</displayInAca><r3ActStatDes>Rejected</r3ActStatDes><r3ActStatFlg>Y</r3ActStatFlg><r3ActTypeDes>Utilities Review</r3ActTypeDes><r3MouClockAction>No Action</r3MouClockAction><recDate>2012-01-22T18:50:40-07:00</recDate><recFulNam>ADMIN</recFulNam><recStatus>A</recStatus><refTaskStatusI18NModels/></r3statyp><r3statyp><r3ActStatCod>PLN490</r3ActStatCod><r3ProcessCode>PLN_HEARING</r3ProcessCode><servProvCode>BPTDEV</servProvCode><displayInAca>Y</displayInAca><r3ActStatDes>Revisions Required</r3ActStatDes><r3ActStatFlg>Y</r3ActStatFlg><r3ActTypeDes>Utilities Review</r3ActTypeDes><r3MouClockAction>No Action</r3MouClockAction><recDate>2012-01-22T18:51:14-07:00</recDate><recFulNam>ADMIN</recFulNam><recStatus>A</recStatus><refTaskStatusI18NModels/></r3statyp></r3statypModels><securityFlag>PLN_HEARING/%</securityFlag></virProcess>
<virProcess><r1ProcessCode>PLN_ADMINISTRATIVE</r1ProcessCode><servProvCode>BPTDEV</servProvCode><isEmailSettringSelected>Y</isEmailSettringSelected><isSecuritySelected>Y</isSecuritySelected><processEMailSettingModels><processEMailSettingModel><noteID>162</noteID><processName>PLN_ADMINISTRATIVE</processName><serviceProviderCode>BPTDEV</serviceProviderCode><b3contactFlag>N</b3contactFlag><contactRelation>Applicant</contactRelation><contentsCode>PLN_ADDL_INFO_REQ</contentsCode><distributionFlag>N</distributionFlag><docCategory>Email</docCategory><docGroup>PLN</docGroup><edmsLocation>ADS</edmsLocation><edmsObject>CAP</edmsObject><mediaFlag>0</mediaFlag><recDate>2014-05-20T11:38:37-06:00</recDate><recFulNam>ADMIN</recFulNam><recStatus>A</recStatus><sdAppDes>Missing Information</sdAppDes><sdProDes>Application Acceptance</sdProDes></processEMailSettingModel><processEMailSettingModel><noteID>190</noteID><processName>PLN_ADMINISTRATIVE</processName><serviceProviderCode>BPTDEV</serviceProviderCode><b3contactFlag>N</b3contactFlag><contactRelation>Applicant</contactRelation><contentsCode>PLN_ACCEPTED</contentsCode><distributionFlag>N</distributionFlag><docCategory>Email</docCategory><docGroup>PLN</docGroup><edmsLocation>ADS</edmsLocation><edmsObject>CAP</edmsObject><mediaFlag>0</mediaFlag><recDate>2014-05-20T11:38:37-06:00</recDate><recFulNam>ADMIN</recFulNam><recStatus>A</recStatus><sdAppDes>Accepted</sdAppDes><sdProDes>Application Acceptance</sdProDes></processEMailSettingModel><processEMailSettingModel><noteID>191</noteID><processName>PLN_ADMINISTRATIVE</processName><serviceProviderCode>BPTDEV</serviceProviderCode><b3contactFlag>N</b3contactFlag><contactRelation>Applicant</contactRelation><contentsCode>PLN_APPROVED</contentsCode><distributionFlag>N</distributionFlag><docCategory>Email</docCategory><docGroup>PLN</docGroup><edmsLocation>ADS</edmsLocation><edmsObject>CAP</edmsObject><mediaFlag>0</mediaFlag><recDate>2014-05-20T11:38:37-06:00</recDate><recFulNam>ADMIN</recFulNam><recStatus>A</recStatus><sdAppDes>Approved</sdAppDes><sdProDes>Administrative Review</sdProDes></processEMailSettingModel><processEMailSettingModel><noteID>192</noteID><processName>PLN_ADMINISTRATIVE</processName><serviceProviderCode>BPTDEV</serviceProviderCode><b3contactFlag>N</b3contactFlag><contactRelation>Applicant</contactRelation><contentsCode>PLN_DENIED</contentsCode><distributionFlag>N</distributionFlag><docCategory>Email</docCategory><docGroup>PLN</docGroup><edmsLocation>ADS</edmsLocation><edmsObject>CAP</edmsObject><mediaFlag>0</mediaFlag><recDate>2014-05-20T11:38:37-06:00</recDate><recFulNam>ADMIN</recFulNam><recStatus>A</recStatus><sdAppDes>Denied</sdAppDes><sdProDes>Administrative Review</sdProDes></processEMailSettingModel></processEMailSettingModels><processModels><processModel><r1ProcessCode>PLN_ADMINISTRATIVE</r1ProcessCode><sdStpNum>1</sdStpNum><servProvCode>BPTDEV</servProvCode><asgnAgencyCode>PLANNING</asgnAgencyCode><asgnBureauCode>NA</asgnBureauCode><asgnDivisionCode>NA</asgnDivisionCode><asgnGroupCode>NA</asgnGroupCode><asgnOfficeCode>NA</asgnOfficeCode><asgnSectionCode>NA</asgnSectionCode><auditModel><auditDate>2014-05-20T10:22:29-06:00</auditDate><auditID>Accela Administrator</auditID><auditStatus>A</auditStatus></auditModel><calendarId>72</calendarId><displayInAca>Y</displayInAca><hoursSpentRequired>N</hoursSpentRequired><sdChkLv5>A</sdChkLv5><sdDueDay>3</sdDueDay><sdNxtId1>000012000000000</sdNxtId1><sdProDes>Application Acceptance</sdProDes><sdProId1>010000000000000</sdProId1></processModel><processModel><r1ProcessCode>PLN_ADMINISTRATIVE</r1ProcessCode><sdStpNum>2</sdStpNum><servProvCode>BPTDEV</servProvCode><asgnAgencyCode>PLANNING</asgnAgencyCode><asgnBureauCode>NA</asgnBureauCode><asgnDivisionCode>NA</asgnDivisionCode><asgnGroupCode>NA</asgnGroupCode><asgnOfficeCode>NA</asgnOfficeCode><asgnSectionCode>NA</asgnSectionCode><auditModel><auditDate>2013-04-07T18:34:21-06:00</auditDate><auditID>Accela Administrator</auditID><auditStatus>A</auditStatus></auditModel><calendarId>72</calendarId><displayInAca>Y</displayInAca><hoursSpentRequired>N</hoursSpentRequired><sdChkLv5>A</sdChkLv5><sdDueDay>0</sdDueDay><sdNxtId1>014000000000000</sdNxtId1><sdProDes>Planning Review</sdProDes><sdProId1>012000000000000</sdProId1></processModel><processModel><r1ProcessCode>PLN_ADMINISTRATIVE</r1ProcessCode><sdStpNum>9</sdStpNum><servProvCode>BPTDEV</servProvCode><asgnAgencyCode>PLANNING</asgnAgencyCode><asgnBureauCode>NA</asgnBureauCode><asgnDivisionCode>NA</asgnDivisionCode><asgnGroupCode>NA</asgnGroupCode><asgnOfficeCode>NA</asgnOfficeCode><asgnSectionCode>NA</asgnSectionCode><auditModel><auditDate>2013-04-07T18:34:51-06:00</auditDate><auditID>Accela Administrator</auditID><auditStatus>A</auditStatus></auditModel><calendarId>72</calendarId><displayInAca>Y</displayInAca><hoursSpentRequired>N</hoursSpentRequired><sdChkLv5>A</sdChkLv5><sdDueDay>5</sdDueDay><sdNxtId1>016000000000000</sdNxtId1><sdProDes>Administrative Review</sdProDes><sdProId1>014000000000000</sdProId1></processModel><processModel><r1ProcessCode>PLN_ADMINISTRATIVE</r1ProcessCode><sdStpNum>11</sdStpNum><servProvCode>BPTDEV</servProvCode><asgnAgencyCode>PLANNING</asgnAgencyCode><asgnBureauCode>NA</asgnBureauCode><asgnDivisionCode>NA</asgnDivisionCode><asgnGroupCode>NA</asgnGroupCode><asgnOfficeCode>NA</asgnOfficeCode><asgnSectionCode>NA</asgnSectionCode><auditModel><auditDate>2013-03-08T17:33:45-07:00</auditDate><auditID>Accela Administrator</auditID><auditStatus>A</auditStatus></auditModel><displayInAca>Y</displayInAca><hoursSpentRequired>N</hoursSpentRequired><sdChkLv5>A</sdChkLv5><sdDueDay>0</sdDueDay><sdNxtId1>000000000000000</sdNxtId1><sdProDes>Case Complete</sdProDes><sdProId1>016000000000000</sdProId1></processModel></processModels><processSecurityModels/><r3statypModels><r3statyp><r3ActStatCod>PLN090</r3ActStatCod><r3ProcessCode>PLN_ADMINISTRATIVE</r3ProcessCode><servProvCode>BPTDEV</servProvCode><applicationStatus>Approved</applicationStatus><displayInAca>Y</displayInAca><r3ActStatDes>Approved</r3ActStatDes><r3ActStatFlg>Y</r3ActStatFlg><r3ActTypeDes>Administrative Review</r3ActTypeDes><r3MouClockAction>No Action</r3MouClockAction><recDate>2012-02-07T10:04:47-07:00</recDate><recFulNam>ADMIN</recFulNam><recStatus>A</recStatus><refTaskStatusI18NModels/></r3statyp><r3statyp><r3ActStatCod>PLN100</r3ActStatCod><r3ProcessCode>PLN_ADMINISTRATIVE</r3ProcessCode><servProvCode>BPTDEV</servProvCode><applicationStatus>Denied</applicationStatus><displayInAca>Y</displayInAca><r3ActStatDes>Denied</r3ActStatDes><r3ActStatFlg>Y</r3ActStatFlg><r3ActTypeDes>Administrative Review</r3ActTypeDes><r3MouClockAction>No Action</r3MouClockAction><recDate>2012-02-07T10:05:06-07:00</recDate><recFulNam>ADMIN</recFulNam><recStatus>A</recStatus><refTaskStatusI18NModels/></r3statyp><r3statyp><r3ActStatCod>PLN110</r3ActStatCod><r3ProcessCode>PLN_ADMINISTRATIVE</r3ProcessCode><servProvCode>BPTDEV</servProvCode><displayInAca>Y</displayInAca><r3ActStatDes>Note</r3ActStatDes><r3ActStatFlg>U</r3ActStatFlg><r3ActTypeDes>Administrative Review</r3ActTypeDes><r3MouClockAction>No Action</r3MouClockAction><recDate>2012-02-07T10:05:22-07:00</recDate><recFulNam>ADMIN</recFulNam><recStatus>A</recStatus><refTaskStatusI18NModels/></r3statyp><r3statyp><r3ActStatCod>SCODE4</r3ActStatCod><r3ProcessCode>PLN_ADMINISTRATIVE</r3ProcessCode><servProvCode>BPTDEV</servProvCode><applicationStatus>Accepted</applicationStatus><displayInAca>Y</displayInAca><r3ActStatDes>Accepted</r3ActStatDes><r3ActStatFlg>B</r3ActStatFlg><r3ActTypeDes>Application Acceptance</r3ActTypeDes><recDate>2014-05-20T10:22:29-06:00</recDate><recFulNam>Accela Administrator</recFulNam><recStatus>A</recStatus><refTaskStatusI18NModels/></r3statyp><r3statyp><r3ActStatCod>PLN020</r3ActStatCod><r3ProcessCode>PLN_ADMINISTRATIVE</r3ProcessCode><servProvCode>BPTDEV</servProvCode><applicationStatus>Incomplete Submittal</applicationStatus><displayInAca>Y</displayInAca><r3ActStatDes>Missing Information</r3ActStatDes><r3ActStatFlg>U</r3ActStatFlg><r3ActTypeDes>Application Acceptance</r3ActTypeDes><r3MouClockAction>No Action</r3MouClockAction><recDate>2012-02-07T10:02:18-07:00</recDate><recFulNam>ADMIN</recFulNam><recStatus>A</recStatus><refTaskStatusI18NModels/></r3statyp><r3statyp><r3ActStatCod>PLN030</r3ActStatCod><r3ProcessCode>PLN_ADMINISTRATIVE</r3ProcessCode><servProvCode>BPTDEV</servProvCode><displayInAca>Y</displayInAca><r3ActStatDes>Note</r3ActStatDes><r3ActStatFlg>U</r3ActStatFlg><r3ActTypeDes>Application Acceptance</r3ActTypeDes><r3MouClockAction>No Action</r3MouClockAction><recDate>2012-02-07T10:01:34-07:00</recDate><recFulNam>ADMIN</recFulNam><recStatus>A</recStatus><refTaskStatusI18NModels/></r3statyp><r3statyp><r3ActStatCod>SCODE3</r3ActStatCod><r3ProcessCode>PLN_ADMINISTRATIVE</r3ProcessCode><servProvCode>BPTDEV</servProvCode><applicationStatus>Withdrawn</applicationStatus><displayInAca>Y</displayInAca><r3ActStatDes>Withdrawn</r3ActStatDes><r3ActStatFlg>Y</r3ActStatFlg><r3ActTypeDes>Application Acceptance</r3ActTypeDes><recDate>2013-03-08T17:33:45-07:00</recDate><recFulNam>Accela Administrator</recFulNam><recStatus>A</recStatus><refTaskStatusI18NModels/></r3statyp><r3statyp><r3ActStatCod>PLN130</r3ActStatCod><r3ProcessCode>PLN_ADMINISTRATIVE</r3ProcessCode><servProvCode>BPTDEV</servProvCode><displayInAca>Y</displayInAca><r3ActStatDes>Complete</r3ActStatDes><r3ActStatFlg>Y</r3ActStatFlg><r3ActTypeDes>Case Complete</r3ActTypeDes><r3MouClockAction>No Action</r3MouClockAction><recDate>2012-02-07T10:06:24-07:00</recDate><recFulNam>ADMIN</recFulNam><recStatus>A</recStatus><refTaskStatusI18NModels/></r3statyp><r3statyp><r3ActStatCod>PLN120</r3ActStatCod><r3ProcessCode>PLN_ADMINISTRATIVE</r3ProcessCode><servProvCode>BPTDEV</servProvCode><displayInAca>Y</displayInAca><r3ActStatDes>Note</r3ActStatDes><r3ActStatFlg>U</r3ActStatFlg><r3ActTypeDes>Case Complete</r3ActTypeDes><r3MouClockAction>No Action</r3MouClockAction><recDate>2012-02-07T10:06:03-07:00</recDate><recFulNam>ADMIN</recFulNam><recStatus>A</recStatus><refTaskStatusI18NModels/></r3statyp><r3statyp><r3ActStatCod>PLN070</r3ActStatCod><r3ProcessCode>PLN_ADMINISTRATIVE</r3ProcessCode><servProvCode>BPTDEV</servProvCode><displayInAca>Y</displayInAca><r3ActStatDes>Note</r3ActStatDes><r3ActStatFlg>U</r3ActStatFlg><r3ActTypeDes>Planning Review</r3ActTypeDes><r3MouClockAction>No Action</r3MouClockAction><recDate>2012-02-07T10:04:04-07:00</recDate><recFulNam>ADMIN</recFulNam><recStatus>A</recStatus><refTaskStatusI18NModels/></r3statyp><r3statyp><r3ActStatCod>SCODE2</r3ActStatCod><r3ProcessCode>PLN_ADMINISTRATIVE</r3ProcessCode><servProvCode>BPTDEV</servProvCode><displayInAca>Y</displayInAca><r3ActStatDes>Recommend Approval</r3ActStatDes><r3ActStatFlg>Y</r3ActStatFlg><r3ActTypeDes>Planning Review</r3ActTypeDes><recDate>2013-03-08T17:33:45-07:00</recDate><recFulNam>Accela Administrator</recFulNam><recStatus>A</recStatus><refTaskStatusI18NModels/></r3statyp><r3statyp><r3ActStatCod>SCODE1</r3ActStatCod><r3ProcessCode>PLN_ADMINISTRATIVE</r3ProcessCode><servProvCode>BPTDEV</servProvCode><displayInAca>Y</displayInAca><r3ActStatDes>Recommend Denial</r3ActStatDes><r3ActStatFlg>Y</r3ActStatFlg><r3ActTypeDes>Planning Review</r3ActTypeDes><recDate>2013-03-08T17:33:45-07:00</recDate><recFulNam>Accela Administrator</recFulNam><recStatus>A</recStatus><refTaskStatusI18NModels/></r3statyp></r3statypModels><securityFlag>PLN_ADMINISTRATIVE/%</securityFlag></virProcess>
<virProcess><r1ProcessCode>NONE</r1ProcessCode><servProvCode>BPTDEV</servProvCode><isEmailSettringSelected>Y</isEmailSettringSelected><isSecuritySelected>Y</isSecuritySelected><processEMailSettingModels/><processModels><processModel><r1ProcessCode>NONE</r1ProcessCode><sdStpNum>1</sdStpNum><servProvCode>BPTDEV</servProvCode><asgnAgencyCode>BUILDING</asgnAgencyCode><asgnBureauCode>NA</asgnBureauCode><asgnDivisionCode>NA</asgnDivisionCode><asgnGroupCode>NA</asgnGroupCode><asgnOfficeCode>NA</asgnOfficeCode><asgnSectionCode>NA</asgnSectionCode><auditModel><auditDate>2012-02-29T10:35:34-07:00</auditDate><auditID>ADMIN</auditID><auditStatus>A</auditStatus></auditModel><displayInAca>N</displayInAca><hoursSpentRequired>N</hoursSpentRequired><sdChkLv5>A</sdChkLv5><sdDueDay>0</sdDueDay><sdNxtId1>000000000000000</sdNxtId1><sdProDes>No Workflow Required</sdProDes><sdProId1>010000000000000</sdProId1></processModel></processModels><processSecurityModels/><r3statypModels/><securityFlag>NONE/%</securityFlag></virProcess>
<virProcess><r1ProcessCode>PLN_APPEAL</r1ProcessCode><servProvCode>BPTDEV</servProvCode><isEmailSettringSelected>Y</isEmailSettringSelected><isSecuritySelected>Y</isSecuritySelected><processEMailSettingModels><processEMailSettingModel><noteID>198</noteID><processName>PLN_APPEAL</processName><serviceProviderCode>BPTDEV</serviceProviderCode><b3contactFlag>N</b3contactFlag><contactRelation>Applicant</contactRelation><contentsCode>PLN_ACCEPTED</contentsCode><distributionFlag>N</distributionFlag><docCategory>Email</docCategory><docGroup>PLN</docGroup><edmsLocation>ADS</edmsLocation><edmsObject>CAP</edmsObject><mediaFlag>0</mediaFlag><recDate>2014-05-20T11:44:55-06:00</recDate><recFulNam>ADMIN</recFulNam><recStatus>A</recStatus><sdAppDes>Accepted</sdAppDes><sdProDes>Appeal Filed</sdProDes></processEMailSettingModel><processEMailSettingModel><noteID>199</noteID><processName>PLN_APPEAL</processName><serviceProviderCode>BPTDEV</serviceProviderCode><b3contactFlag>N</b3contactFlag><contactRelation>Applicant</contactRelation><contentsCode>PLN_HEARING</contentsCode><distributionFlag>N</distributionFlag><docCategory>Email</docCategory><docGroup>PLN</docGroup><edmsLocation>ADS</edmsLocation><edmsObject>CAP</edmsObject><mediaFlag>0</mediaFlag><recDate>2014-05-20T11:45:27-06:00</recDate><recFulNam>ADMIN</recFulNam><recStatus>A</recStatus><sdAppDes>Hearing Scheduled</sdAppDes><sdProDes>Notification</sdProDes></processEMailSettingModel></processEMailSettingModels><processModels><processModel><r1ProcessCode>PLN_APPEAL</r1ProcessCode><sdStpNum>1</sdStpNum><servProvCode>BPTDEV</servProvCode><asgnAgencyCode>PLANNING</asgnAgencyCode><asgnBureauCode>NA</asgnBureauCode><asgnDivisionCode>NA</asgnDivisionCode><asgnGroupCode>NA</asgnGroupCode><asgnOfficeCode>NA</asgnOfficeCode><asgnSectionCode>NA</asgnSectionCode><auditModel><auditDate>2013-04-07T18:35:55-06:00</auditDate><auditID>Accela Administrator</auditID><auditStatus>A</auditStatus></auditModel><calendarId>72</calendarId><displayInAca>Y</displayInAca><hoursSpentRequired>N</hoursSpentRequired><sdChkLv5>A</sdChkLv5><sdDueDay>1</sdDueDay><sdNxtId1>000012000000000</sdNxtId1><sdProDes>Appeal Filed</sdProDes><sdProId1>010000000000000</sdProId1></processModel><processModel><r1ProcessCode>PLN_APPEAL</r1ProcessCode><sdStpNum>2</sdStpNum><servProvCode>BPTDEV</servProvCode><asgnAgencyCode>PLANNING</asgnAgencyCode><asgnBureauCode>NA</asgnBureauCode><asgnDivisionCode>NA</asgnDivisionCode><asgnGroupCode>NA</asgnGroupCode><asgnOfficeCode>NA</asgnOfficeCode><asgnSectionCode>NA</asgnSectionCode><auditModel><auditDate>2013-04-07T18:35:55-06:00</auditDate><auditID>Accela Administrator</auditID><auditStatus>A</auditStatus></auditModel><calendarId>72</calendarId><displayInAca>Y</displayInAca><hoursSpentRequired>N</hoursSpentRequired><sdChkLv5>A</sdChkLv5><sdDueDay>5</sdDueDay><sdNxtId1>014000000000000</sdNxtId1><sdProDes>Staff Review</sdProDes><sdProId1>012000000000000</sdProId1></processModel><processModel><r1ProcessCode>PLN_APPEAL</r1ProcessCode><sdStpNum>3</sdStpNum><servProvCode>BPTDEV</servProvCode><asgnAgencyCode>PLANNING</asgnAgencyCode><asgnBureauCode>NA</asgnBureauCode><asgnDivisionCode>NA</asgnDivisionCode><asgnGroupCode>NA</asgnGroupCode><asgnOfficeCode>NA</asgnOfficeCode><asgnSectionCode>NA</asgnSectionCode><auditModel><auditDate>2013-04-07T18:35:55-06:00</auditDate><auditID>Accela Administrator</auditID><auditStatus>A</auditStatus></auditModel><calendarId>72</calendarId><displayInAca>Y</displayInAca><hoursSpentRequired>N</hoursSpentRequired><r1CheckboxCode>PLN_HEARING</r1CheckboxCode><r1CheckboxGroup>WORKFLOW TASK</r1CheckboxGroup><sdChkLv5>A</sdChkLv5><sdDueDay>5</sdDueDay><sdNxtId1>016000000000000</sdNxtId1><sdProDes>Notification</sdProDes><sdProId1>014000000000000</sdProId1></processModel><processModel><r1ProcessCode>PLN_APPEAL</r1ProcessCode><sdStpNum>4</sdStpNum><servProvCode>BPTDEV</servProvCode><asgnAgencyCode>PLANNING</asgnAgencyCode><asgnBureauCode>NA</asgnBureauCode><asgnDivisionCode>NA</asgnDivisionCode><asgnGroupCode>NA</asgnGroupCode><asgnOfficeCode>NA</asgnOfficeCode><asgnSectionCode>NA</asgnSectionCode><auditModel><auditDate>2013-06-12T17:11:28-06:00</auditDate><auditID>Accela Administrator</auditID><auditStatus>A</auditStatus></auditModel><calendarId>72</calendarId><displayInAca>Y</displayInAca><hoursSpentRequired>N</hoursSpentRequired><sdChkLv5>A</sdChkLv5><sdNxtId1>014018000000000</sdNxtId1><sdProDes>Appeal Hearing</sdProDes><sdProId1>016000000000000</sdProId1></processModel><processModel><r1ProcessCode>PLN_APPEAL</r1ProcessCode><sdStpNum>11</sdStpNum><servProvCode>BPTDEV</servProvCode><asgnAgencyCode>PLANNING</asgnAgencyCode><asgnBureauCode>NA</asgnBureauCode><asgnDivisionCode>NA</asgnDivisionCode><asgnGroupCode>NA</asgnGroupCode><asgnOfficeCode>NA</asgnOfficeCode><asgnSectionCode>NA</asgnSectionCode><auditModel><auditDate>2013-04-07T18:35:55-06:00</auditDate><auditID>Accela Administrator</auditID><auditStatus>A</auditStatus></auditModel><calendarId>72</calendarId><displayInAca>Y</displayInAca><hoursSpentRequired>N</hoursSpentRequired><sdChkLv5>A</sdChkLv5><sdDueDay>5</sdDueDay><sdNxtId1>000000000000000</sdNxtId1><sdProDes>Case Complete</sdProDes><sdProId1>018000000000000</sdProId1></processModel></processModels><processSecurityModels/><r3statypModels><r3statyp><r3ActStatCod>APP020</r3ActStatCod><r3ProcessCode>PLN_APPEAL</r3ProcessCode><servProvCode>BPTDEV</servProvCode><applicationStatus>Accepted</applicationStatus><displayInAca>Y</displayInAca><r3ActStatDes>Accepted</r3ActStatDes><r3ActStatFlg>B</r3ActStatFlg><r3ActTypeDes>Appeal Filed</r3ActTypeDes><r3MouClockAction>No Action</r3MouClockAction><recDate>2013-03-08T17:47:34-07:00</recDate><recFulNam>Accela Administrator</recFulNam><recStatus>A</recStatus><refTaskStatusI18NModels/></r3statyp><r3statyp><r3ActStatCod>APP010</r3ActStatCod><r3ProcessCode>PLN_APPEAL</r3ProcessCode><servProvCode>BPTDEV</servProvCode><displayInAca>Y</displayInAca><r3ActStatDes>Note</r3ActStatDes><r3ActStatFlg>U</r3ActStatFlg><r3ActTypeDes>Appeal Filed</r3ActTypeDes><r3MouClockAction>No Action</r3MouClockAction><recDate>2012-02-12T20:57:46-07:00</recDate><recFulNam>ADMIN</recFulNam><recStatus>A</recStatus><refTaskStatusI18NModels/></r3statyp><r3statyp><r3ActStatCod>SCODE1</r3ActStatCod><r3ProcessCode>PLN_APPEAL</r3ProcessCode><servProvCode>BPTDEV</servProvCode><applicationStatus>Withdrawn</applicationStatus><displayInAca>Y</displayInAca><r3ActStatDes>Withdrawn</r3ActStatDes><r3ActStatFlg>Y</r3ActStatFlg><r3ActTypeDes>Appeal Filed</r3ActTypeDes><recDate>2013-03-08T17:47:34-07:00</recDate><recFulNam>Accela Administrator</recFulNam><recStatus>A</recStatus><refTaskStatusI18NModels/></r3statyp><r3statyp><r3ActStatCod>APP140</r3ActStatCod><r3ProcessCode>PLN_APPEAL</r3ProcessCode><servProvCode>BPTDEV</servProvCode><applicationStatus>Approval Upheld</applicationStatus><displayInAca>Y</displayInAca><r3ActStatDes>Approval Upheld</r3ActStatDes><r3ActStatFlg>B</r3ActStatFlg><r3ActTypeDes>Appeal Hearing</r3ActTypeDes><r3MouClockAction>No Action</r3MouClockAction><recDate>2013-03-08T17:47:34-07:00</recDate><recFulNam>Accela Administrator</recFulNam><recStatus>A</recStatus><refTaskStatusI18NModels/></r3statyp><r3statyp><r3ActStatCod>APP120</r3ActStatCod><r3ProcessCode>PLN_APPEAL</r3ProcessCode><servProvCode>BPTDEV</servProvCode><applicationStatus>Approved on Appeal</applicationStatus><displayInAca>Y</displayInAca><r3ActStatDes>Approved on Appeal</r3ActStatDes><r3ActStatFlg>B</r3ActStatFlg><r3ActTypeDes>Appeal Hearing</r3ActTypeDes><r3MouClockAction>No Action</r3MouClockAction><recDate>2013-03-08T17:47:34-07:00</recDate><recFulNam>Accela Administrator</recFulNam><recStatus>A</recStatus><refTaskStatusI18NModels/></r3statyp><r3statyp><r3ActStatCod>APP110</r3ActStatCod><r3ProcessCode>PLN_APPEAL</r3ProcessCode><servProvCode>BPTDEV</servProvCode><applicationStatus>Continued</applicationStatus><displayInAca>Y</displayInAca><r3ActStatDes>Continued</r3ActStatDes><r3ActStatFlg>Y</r3ActStatFlg><r3ActTypeDes>Appeal Hearing</r3ActTypeDes><r3MouClockAction>No Action</r3MouClockAction><recDate>2013-06-12T17:11:28-06:00</recDate><recFulNam>Accela Administrator</recFulNam><recStatus>A</recStatus><refTaskStatusI18NModels/></r3statyp><r3statyp><r3ActStatCod>APP150</r3ActStatCod><r3ProcessCode>PLN_APPEAL</r3ProcessCode><servProvCode>BPTDEV</servProvCode><applicationStatus>Denial Upheld</applicationStatus><displayInAca>Y</displayInAca><r3ActStatDes>Denial Upheld</r3ActStatDes><r3ActStatFlg>B</r3ActStatFlg><r3ActTypeDes>Appeal Hearing</r3ActTypeDes><r3MouClockAction>No Action</r3MouClockAction><recDate>2013-03-08T17:47:34-07:00</recDate><recFulNam>Accela Administrator</recFulNam><recStatus>A</recStatus><refTaskStatusI18NModels/></r3statyp><r3statyp><r3ActStatCod>APP130</r3ActStatCod><r3ProcessCode>PLN_APPEAL</r3ProcessCode><servProvCode>BPTDEV</servProvCode><applicationStatus>Denied on Appeal</applicationStatus><displayInAca>Y</displayInAca><r3ActStatDes>Denied on Appeal</r3ActStatDes><r3ActStatFlg>B</r3ActStatFlg><r3ActTypeDes>Appeal Hearing</r3ActTypeDes><r3MouClockAction>No Action</r3MouClockAction><recDate>2013-03-08T17:47:34-07:00</recDate><recFulNam>Accela Administrator</recFulNam><recStatus>A</recStatus><refTaskStatusI18NModels/></r3statyp><r3statyp><r3ActStatCod>APP100</r3ActStatCod><r3ProcessCode>PLN_APPEAL</r3ProcessCode><servProvCode>BPTDEV</servProvCode><displayInAca>Y</displayInAca><r3ActStatDes>Note</r3ActStatDes><r3ActStatFlg>U</r3ActStatFlg><r3ActTypeDes>Appeal Hearing</r3ActTypeDes><r3MouClockAction>No Action</r3MouClockAction><recDate>2012-02-12T21:03:37-07:00</recDate><recFulNam>ADMIN</recFulNam><recStatus>A</recStatus><refTaskStatusI18NModels/></r3statyp><r3statyp><r3ActStatCod>APP180</r3ActStatCod><r3ProcessCode>PLN_APPEAL</r3ProcessCode><servProvCode>BPTDEV</servProvCode><displayInAca>Y</displayInAca><r3ActStatDes>Complete</r3ActStatDes><r3ActStatFlg>Y</r3ActStatFlg><r3ActTypeDes>Case Complete</r3ActTypeDes><r3MouClockAction>No Action</r3MouClockAction><recDate>2012-02-12T21:06:47-07:00</recDate><recFulNam>ADMIN</recFulNam><recStatus>A</recStatus><refTaskStatusI18NModels/></r3statyp><r3statyp><r3ActStatCod>APP170</r3ActStatCod><r3ProcessCode>PLN_APPEAL</r3ProcessCode><servProvCode>BPTDEV</servProvCode><displayInAca>Y</displayInAca><r3ActStatDes>Note</r3ActStatDes><r3ActStatFlg>U</r3ActStatFlg><r3ActTypeDes>Case Complete</r3ActTypeDes><r3MouClockAction>No Action</r3MouClockAction><recDate>2012-02-12T21:06:31-07:00</recDate><recFulNam>ADMIN</recFulNam><recStatus>A</recStatus><refTaskStatusI18NModels/></r3statyp><r3statyp><r3ActStatCod>APP060</r3ActStatCod><r3ProcessCode>PLN_APPEAL</r3ProcessCode><servProvCode>BPTDEV</servProvCode><applicationStatus>Hearing Scheduled</applicationStatus><displayInAca>Y</displayInAca><r3ActStatDes>Hearing Scheduled</r3ActStatDes><r3ActStatFlg>U</r3ActStatFlg><r3ActTypeDes>Notification</r3ActTypeDes><r3MouClockAction>No Action</r3MouClockAction><recDate>2012-02-12T21:02:13-07:00</recDate><recFulNam>ADMIN</recFulNam><recStatus>A</recStatus><refTaskStatusI18NModels/></r3statyp><r3statyp><r3ActStatCod>APP070</r3ActStatCod><r3ProcessCode>PLN_APPEAL</r3ProcessCode><servProvCode>BPTDEV</servProvCode><displayInAca>Y</displayInAca><r3ActStatDes>Note</r3ActStatDes><r3ActStatFlg>U</r3ActStatFlg><r3ActTypeDes>Notification</r3ActTypeDes><r3MouClockAction>No Action</r3MouClockAction><recDate>2012-02-12T21:02:30-07:00</recDate><recFulNam>ADMIN</recFulNam><recStatus>A</recStatus><refTaskStatusI18NModels/></r3statyp><r3statyp><r3ActStatCod>APP080</r3ActStatCod><r3ProcessCode>PLN_APPEAL</r3ProcessCode><servProvCode>BPTDEV</servProvCode><displayInAca>Y</displayInAca><r3ActStatDes>Notification Not Required</r3ActStatDes><r3ActStatFlg>Y</r3ActStatFlg><r3ActTypeDes>Notification</r3ActTypeDes><r3MouClockAction>No Action</r3MouClockAction><recDate>2012-02-12T21:02:51-07:00</recDate><recFulNam>ADMIN</recFulNam><recStatus>A</recStatus><refTaskStatusI18NModels/></r3statyp><r3statyp><r3ActStatCod>APP090</r3ActStatCod><r3ProcessCode>PLN_APPEAL</r3ProcessCode><servProvCode>BPTDEV</servProvCode><displayInAca>Y</displayInAca><r3ActStatDes>Notifications Sent</r3ActStatDes><r3ActStatFlg>Y</r3ActStatFlg><r3ActTypeDes>Notification</r3ActTypeDes><r3MouClockAction>No Action</r3MouClockAction><recDate>2012-02-12T21:03:10-07:00</recDate><recFulNam>ADMIN</recFulNam><recStatus>A</recStatus><refTaskStatusI18NModels/></r3statyp><r3statyp><r3ActStatCod>APP050</r3ActStatCod><r3ProcessCode>PLN_APPEAL</r3ProcessCode><servProvCode>BPTDEV</servProvCode><displayInAca>Y</displayInAca><r3ActStatDes>Complete</r3ActStatDes><r3ActStatFlg>Y</r3ActStatFlg><r3ActTypeDes>Staff Review</r3ActTypeDes><r3MouClockAction>No Action</r3MouClockAction><recDate>2012-02-12T21:01:34-07:00</recDate><recFulNam>ADMIN</recFulNam><recStatus>A</recStatus><refTaskStatusI18NModels/></r3statyp><r3statyp><r3ActStatCod>APP040</r3ActStatCod><r3ProcessCode>PLN_APPEAL</r3ProcessCode><servProvCode>BPTDEV</servProvCode><displayInAca>Y</displayInAca><r3ActStatDes>Note</r3ActStatDes><r3ActStatFlg>U</r3ActStatFlg><r3ActTypeDes>Staff Review</r3ActTypeDes><r3MouClockAction>No Action</r3MouClockAction><recDate>2012-02-12T21:01:14-07:00</recDate><recFulNam>ADMIN</recFulNam><recStatus>A</recStatus><refTaskStatusI18NModels/></r3statyp></r3statypModels><securityFlag>PLN_APPEAL/%</securityFlag></virProcess>
</list>