<?xml version="1.0" encoding="UTF-8" standalone="yes"?>
<list  version="8.0.0" minorVersion="15" exportUser="ADMIN" exportDateTime="03/30/2016 09:30 PM" description="null"><workflow><parentProcessID>0</parentProcessID><serviceProviderCode>BPTDEV</serviceProviderCode><stepNumber>0</stepNumber><workflowName>PLN_HEARING</workflowName><isSubProcessSelected>Y</isSubProcessSelected><processCode>PLN_HEARING</processCode><refProcessRelationI18NModels/><recDate>2013-04-07T18:38:41-06:00</recDate><recFulNam>Accela Administrator</recFulNam><recStatus>A</recStatus><relationSeqId>22</relationSeqId><subProcessModels/><taskActivation>A</taskActivation></workflow>
<workflow><parentProcessID>0</parentProcessID><serviceProviderCode>BPTDEV</serviceProviderCode><stepNumber>0</stepNumber><workflowName>PLN_ADMINISTRATIVE</workflowName><isSubProcessSelected>Y</isSubProcessSelected><processCode>PLN_ADMINISTRATIVE</processCode><refProcessRelationI18NModels/><recDate>2014-05-20T10:22:29-06:00</recDate><recFulNam>Accela Administrator</recFulNam><recStatus>A</recStatus><relationSeqId>25</relationSeqId><subProcessModels/></workflow>
<workflow><parentProcessID>0</parentProcessID><serviceProviderCode>BPTDEV</serviceProviderCode><stepNumber>0</stepNumber><workflowName>NONE</workflowName><isSubProcessSelected>Y</isSubProcessSelected><processCode>NONE</processCode><refProcessRelationI18NModels/><recDate>2011-12-12T18:33:09-07:00</recDate><recFulNam>ADMIN</recFulNam><recStatus>A</recStatus><relationSeqId>12</relationSeqId><subProcessModels/></workflow>
<workflow><parentProcessID>0</parentProcessID><serviceProviderCode>BPTDEV</serviceProviderCode><stepNumber>0</stepNumber><workflowName>PLN_APPEAL</workflowName><isSubProcessSelected>Y</isSubProcessSelected><processCode>PLN_APPEAL</processCode><refProcessRelationI18NModels/><recDate>2013-06-12T17:11:28-06:00</recDate><recFulNam>Accela Administrator</recFulNam><recStatus>A</recStatus><relationSeqId>32</relationSeqId><subProcessModels/></workflow>
</list>