<?xml version="1.0" encoding="UTF-8" standalone="yes"?>
<list  version="8.0.0" minorVersion="15" exportUser="ADMIN" exportDateTime="03/31/2016 12:14 PM" description="null"><inspectionGroup><inspCode>LIC_BUSINESS</inspCode><servProvCode>BPTDEV</servProvCode><inspGroupName>Business License Inspection</inspGroupName><inspectionSec>LIC_BUSINESS/%</inspectionSec><inspectionTypeModels><inspectionTypeModel><inspSeqNbr>332</inspSeqNbr><servProvCode>BPTDEV</servProvCode><allowFailedGuidesheet>Y</allowFailedGuidesheet><allowMultiInspInAca>N</allowMultiInspInAca><autoAssign>N</autoAssign><displayInAca>Y</displayInAca><flowEnabled>N</flowEnabled><inspCode>LIC_BUSINESS</inspCode><inspEditable>Y</inspEditable><inspGroupName>Business License Inspection</inspGroupName><inspRequired>N</inspRequired><inspResultGroup>LIC_STANDARD</inspResultGroup><inspType>Business License Inspection</inspType><inspectionTypeI18ns/><recDate>2013-11-21T17:31:48-07:00</recDate><recFulNam>ADMIN</recFulNam><recStatus>A</recStatus><totalScoreOption>SUM(list)</totalScoreOption></inspectionTypeModel></inspectionTypeModels><inspectionTypeSecurityModels/><isDepartmentSelected>Y</isDepartmentSelected><isGradeGroupSelected>Y</isGradeGroupSelected><isGuideSheetSelected>Y</isGuideSheetSelected><isRelatedInspSelected>Y</isRelatedInspSelected><isResultGroupSelected>Y</isResultGroupSelected><isSecutirySelected>Y</isSecutirySelected></inspectionGroup>
</list>