<?xml version="1.0" encoding="UTF-8" standalone="yes"?>
<list  version="8.0.0" minorVersion="15" exportUser="ADMIN" exportDateTime="03/31/2016 12:14 PM" description="null"><refDocument refId="1@RefDocumentModel"><docCode>LIC ACA</docCode><docSeqNumber>4909</docSeqNumber><serviceProviderCode>BPTDEV</serviceProviderCode><auditModel><auditDate>2012-02-28T14:45:34-07:00</auditDate><auditID>ADMIN</auditID><auditStatus>A</auditStatus></auditModel><autoDownload>N</autoDownload><deleteRole>0111000000</deleteRole><XDocEntityTypes/><documentComment> </documentComment><refDocumentI18NModels/><documentType>Transcript</documentType><documentsecurityModels/><restrictDocTypeForACA>Y</restrictDocTypeForACA><reviewStatusGroup>FILE_REVIEW_STATUS</reviewStatusGroup><titleRestrictRole>0111000000</titleRestrictRole><uploadRole>0111000000</uploadRole><viewRole>0111000000</viewRole></refDocument>
<refDocument refId="1@RefDocumentModel"><docCode>LIC ACA</docCode><docSeqNumber>4910</docSeqNumber><serviceProviderCode>BPTDEV</serviceProviderCode><auditModel><auditDate>2012-02-28T14:50:35-07:00</auditDate><auditID>ADMIN</auditID><auditStatus>A</auditStatus></auditModel><autoDownload>N</autoDownload><deleteRole>0111000000</deleteRole><XDocEntityTypes/><documentComment> </documentComment><refDocumentI18NModels/><documentType>Photo</documentType><documentsecurityModels/><restrictDocTypeForACA>Y</restrictDocTypeForACA><reviewStatusGroup>FILE_REVIEW_STATUS</reviewStatusGroup><titleRestrictRole>0111000000</titleRestrictRole><uploadRole>0111000000</uploadRole><viewRole>0111000000</viewRole></refDocument>
<refDocument refId="1@RefDocumentModel"><docCode>LIC ACA</docCode><docSeqNumber>4911</docSeqNumber><serviceProviderCode>BPTDEV</serviceProviderCode><auditModel><auditDate>2012-02-28T14:51:34-07:00</auditDate><auditID>ADMIN</auditID><auditStatus>A</auditStatus></auditModel><autoDownload>N</autoDownload><deleteRole>0111000000</deleteRole><XDocEntityTypes/><documentComment> </documentComment><refDocumentI18NModels/><documentType>Exam Result</documentType><documentsecurityModels/><restrictDocTypeForACA>Y</restrictDocTypeForACA><reviewStatusGroup>FILE_REVIEW_STATUS</reviewStatusGroup><titleRestrictRole>0111000000</titleRestrictRole><uploadRole>0111000000</uploadRole><viewRole>0111000000</viewRole></refDocument>
<refDocument refId="1@RefDocumentModel"><docCode>LIC ACA</docCode><docSeqNumber>4912</docSeqNumber><serviceProviderCode>BPTDEV</serviceProviderCode><auditModel><auditDate>2012-02-28T14:52:05-07:00</auditDate><auditID>ADMIN</auditID><auditStatus>A</auditStatus></auditModel><autoDownload>N</autoDownload><deleteRole>0111000000</deleteRole><XDocEntityTypes/><documentComment> </documentComment><refDocumentI18NModels/><documentType>Letter of Recommendation</documentType><documentsecurityModels/><restrictDocTypeForACA>Y</restrictDocTypeForACA><reviewStatusGroup>FILE_REVIEW_STATUS</reviewStatusGroup><titleRestrictRole>0111000000</titleRestrictRole><uploadRole>0111000000</uploadRole><viewRole>0111000000</viewRole></refDocument>
<refDocument refId="1@RefDocumentModel"><docCode>LIC ACA</docCode><docSeqNumber>5008</docSeqNumber><serviceProviderCode>BPTDEV</serviceProviderCode><auditModel><auditDate>2014-07-01T10:45:43-06:00</auditDate><auditID>ADMIN</auditID><auditStatus>A</auditStatus></auditModel><autoDownload>N</autoDownload><deleteRole>0111000000</deleteRole><XDocEntityTypes/><documentComment> </documentComment><refDocumentI18NModels/><documentType>Permit</documentType><documentsecurityModels/><restrictDocTypeForACA>Y</restrictDocTypeForACA><titleRestrictRole>0111000000</titleRestrictRole><uploadRole>0111000000</uploadRole><viewRole>0111000000</viewRole></refDocument>
<refDocument refId="1@RefDocumentModel"><docCode>LIC ACA</docCode><docSeqNumber>5009</docSeqNumber><serviceProviderCode>BPTDEV</serviceProviderCode><auditModel><auditDate>2014-07-01T10:46:07-06:00</auditDate><auditID>ADMIN</auditID><auditStatus>A</auditStatus></auditModel><autoDownload>N</autoDownload><deleteRole>0111000000</deleteRole><XDocEntityTypes/><documentComment> </documentComment><refDocumentI18NModels/><documentType>License</documentType><documentsecurityModels/><restrictDocTypeForACA>Y</restrictDocTypeForACA><titleRestrictRole>0111000000</titleRestrictRole><uploadRole>0111000000</uploadRole><viewRole>0111000000</viewRole></refDocument>
<refDocument refId="1@RefDocumentModel"><docCode>AAM</docCode><docSeqNumber>4977</docSeqNumber><serviceProviderCode>BPTDEV</serviceProviderCode><auditModel><auditDate>2013-02-12T15:34:16-07:00</auditDate><auditID>ADMIN</auditID><auditStatus>A</auditStatus></auditModel><autoDownload>N</autoDownload><deleteRole>0110000000</deleteRole><XDocEntityTypes/><documentComment> </documentComment><refDocumentI18NModels/><documentType>Correspondence</documentType><documentsecurityModels/><restrictDocTypeForACA>N</restrictDocTypeForACA><titleRestrictRole>0110000000</titleRestrictRole><uploadRole>0110000000</uploadRole><viewRole>0110000000</viewRole></refDocument>
<refDocument refId="1@RefDocumentModel"><docCode>AAM</docCode><docSeqNumber>4978</docSeqNumber><serviceProviderCode>BPTDEV</serviceProviderCode><auditModel><auditDate>2013-02-12T15:34:45-07:00</auditDate><auditID>ADMIN</auditID><auditStatus>A</auditStatus></auditModel><autoDownload>N</autoDownload><deleteRole>0110000000</deleteRole><XDocEntityTypes/><documentComment> </documentComment><refDocumentI18NModels/><documentType>Document</documentType><documentsecurityModels/><restrictDocTypeForACA>N</restrictDocTypeForACA><titleRestrictRole>0110000000</titleRestrictRole><uploadRole>0110000000</uploadRole><viewRole>0110000000</viewRole></refDocument>
<refDocument refId="1@RefDocumentModel"><docCode>AAM</docCode><docSeqNumber>4979</docSeqNumber><serviceProviderCode>BPTDEV</serviceProviderCode><auditModel><auditDate>2013-02-12T15:34:58-07:00</auditDate><auditID>ADMIN</auditID><auditStatus>A</auditStatus></auditModel><autoDownload>N</autoDownload><deleteRole>0110000000</deleteRole><XDocEntityTypes/><documentComment> </documentComment><refDocumentI18NModels/><documentType>Map</documentType><documentsecurityModels/><restrictDocTypeForACA>N</restrictDocTypeForACA><titleRestrictRole>0110000000</titleRestrictRole><uploadRole>0110000000</uploadRole><viewRole>0110000000</viewRole></refDocument>
<refDocument refId="1@RefDocumentModel"><docCode>AAM</docCode><docSeqNumber>4980</docSeqNumber><serviceProviderCode>BPTDEV</serviceProviderCode><auditModel><auditDate>2013-02-12T15:35:08-07:00</auditDate><auditID>ADMIN</auditID><auditStatus>A</auditStatus></auditModel><autoDownload>N</autoDownload><deleteRole>0110000000</deleteRole><XDocEntityTypes/><documentComment> </documentComment><refDocumentI18NModels/><documentType>Photo</documentType><documentsecurityModels/><restrictDocTypeForACA>N</restrictDocTypeForACA><titleRestrictRole>0110000000</titleRestrictRole><uploadRole>0110000000</uploadRole><viewRole>0110000000</viewRole></refDocument>
</list>