<?xml version="1.0" encoding="UTF-8" standalone="yes"?>
<list  version="8.0.0" minorVersion="15" exportUser="ADMIN" exportDateTime="03/31/2016 12:14 PM" description="null"><mask><name>Default</name><serviceProviderCode>BPTDEV</serviceProviderCode><type>Cap Key</type><auditModel><auditDate>2014-03-20T13:46:14-06:00</auditDate><auditID>SYSTEM</auditID><auditStatus>A</auditStatus></auditModel><description>Default Cap Key Mask</description><maxLength>17</maxLength><minLength>17</minLength><pattern>REC$$yy$$-00000-$$SEQ05$$</pattern><radixValue>36</radixValue><seqName>Default</seqName></mask>
<mask><name>Default</name><serviceProviderCode>BPTDEV</serviceProviderCode><type>Cap ID</type><auditModel><auditDate>2011-06-06T11:25:34-06:00</auditDate><auditID>SYSTEM</auditID><auditStatus>A</auditStatus></auditModel><description>Default Cap ID Mask</description><maxLength>30</maxLength><minLength>1</minLength><pattern>$$yy$$CAP-$$SEQ08$$</pattern><radixValue>10</radixValue><seqName>Default</seqName></mask>
<mask><name>Default</name><serviceProviderCode>BPTDEV</serviceProviderCode><type>Partial CAP ID</type><auditModel><auditDate>2008-03-11T07:29:47-06:00</auditDate><auditID>ADMIN</auditID><auditStatus>A</auditStatus></auditModel><description>Mask Definition for Partial CAP ID</description><maxLength>30</maxLength><minLength>1</minLength><pattern>$$yy$$EST-$$SEQ06$$</pattern><radixValue>10</radixValue><seqName>Default</seqName></mask>
<mask><name>Default</name><serviceProviderCode>BPTDEV</serviceProviderCode><type>Temporary CAP ID</type><auditModel><auditDate>2008-03-11T07:29:47-06:00</auditDate><auditID>ADMIN</auditID><auditStatus>A</auditStatus></auditModel><description>Mask Definition for Temporary CAP ID</description><maxLength>30</maxLength><minLength>1</minLength><pattern>$$yy$$TMP-$$SEQ06$$</pattern><radixValue>10</radixValue><seqName>Default</seqName></mask>
<mask><name>Licenses/Event/Special Event/Application</name><serviceProviderCode>BPTDEV</serviceProviderCode><type>Cap ID</type><auditModel><auditDate>2013-11-20T16:35:30-07:00</auditDate><auditID>SYSTEM</auditID><auditStatus>A</auditStatus></auditModel><description> </description><maxLength>30</maxLength><minLength>1</minLength><pattern>EVENTA$$yy$$-$$SEQ05$$</pattern><radixValue>10</radixValue><seqName>Licenses/Event/Special Event/Application</seqName></mask>
<mask><name>Licenses/Event/Special Event/License</name><serviceProviderCode>BPTDEV</serviceProviderCode><type>Cap ID</type><auditModel><auditDate>2013-11-20T16:36:14-07:00</auditDate><auditID>SYSTEM</auditID><auditStatus>A</auditStatus></auditModel><description> </description><maxLength>30</maxLength><minLength>1</minLength><pattern>EVENT-$$SEQ06$$</pattern><radixValue>10</radixValue><seqName>Licenses/Event/Special Event/License</seqName></mask>
<mask><name>Licenses/Garage-Yard Sale//</name><serviceProviderCode>BPTDEV</serviceProviderCode><type>Cap ID</type><auditModel><auditDate>2013-11-20T17:01:41-07:00</auditDate><auditID>SYSTEM</auditID><auditStatus>A</auditStatus></auditModel><description> </description><maxLength>30</maxLength><minLength>1</minLength><pattern>SALE$$yy$$-$$SEQ05$$</pattern><radixValue>10</radixValue><seqName>Licenses/Garage-Yard Sale//</seqName></mask>
<mask><name>AMS/Electric//</name><serviceProviderCode>BPTDEV</serviceProviderCode><type>Cap ID</type><auditModel><auditDate>2014-03-11T17:10:13-06:00</auditDate><auditID>SYSTEM</auditID><auditStatus>A</auditStatus></auditModel><description>Electric Dept Work Orders</description><maxLength>30</maxLength><minLength>1</minLength><pattern>$$yy$$ELE-$$SEQ05$$</pattern><radixValue>10</radixValue><seqName>AMS/Electric//</seqName></mask>
</list>