<?xml version="1.0" encoding="UTF-8" standalone="yes"?>
<list  version="8.0.0" minorVersion="15" exportUser="ADMIN" exportDateTime="03/31/2016 12:14 PM" description="null"><sharedDropDownListModel><name>LIC_DURATION_OF_SALE</name><serviceProviderCode>BPTDEV</serviceProviderCode><auditModel><auditDate>2013-11-20T15:51:44-07:00</auditDate><auditID>ADMIN</auditID><auditStatus>A</auditStatus></auditModel><description>Duration of garage/yard sale in days</description><sharedDropDownList><sharedDropDownValue><bdvSeqNbr>104593112</bdvSeqNbr><servProvCode>BPTDEV</servProvCode><auditModel><auditDate>2013-11-20T15:52:17-07:00</auditDate><auditID>ADMIN</auditID><auditStatus>A</auditStatus></auditModel><bizdomain>LIC_DURATION_OF_SALE</bizdomain><bizdomainValue>1</bizdomainValue><sortOrder>10</sortOrder><standardChoiceValueI18NModels/></sharedDropDownValue><sharedDropDownValue><bdvSeqNbr>104593113</bdvSeqNbr><servProvCode>BPTDEV</servProvCode><auditModel><auditDate>2013-11-20T15:52:17-07:00</auditDate><auditID>ADMIN</auditID><auditStatus>A</auditStatus></auditModel><bizdomain>LIC_DURATION_OF_SALE</bizdomain><bizdomainValue>2</bizdomainValue><sortOrder>20</sortOrder><standardChoiceValueI18NModels/></sharedDropDownValue><sharedDropDownValue><bdvSeqNbr>104593114</bdvSeqNbr><servProvCode>BPTDEV</servProvCode><auditModel><auditDate>2013-11-20T15:52:17-07:00</auditDate><auditID>ADMIN</auditID><auditStatus>A</auditStatus></auditModel><bizdomain>LIC_DURATION_OF_SALE</bizdomain><bizdomainValue>3</bizdomainValue><sortOrder>30</sortOrder><standardChoiceValueI18NModels/></sharedDropDownValue></sharedDropDownList><type>ShareDropDown</type></sharedDropDownListModel>
<sharedDropDownListModel><name>LIC_EVENT_VENDOR</name><serviceProviderCode>BPTDEV</serviceProviderCode><auditModel><auditDate>2013-12-12T12:05:05-07:00</auditDate><auditID>ADMIN</auditID><auditStatus>A</auditStatus></auditModel><description>Special Event Vendor Types</description><sharedDropDownList><sharedDropDownValue><bdvSeqNbr>104594262</bdvSeqNbr><servProvCode>BPTDEV</servProvCode><auditModel><auditDate>2013-12-04T13:39:35-07:00</auditDate><auditID>ADMIN</auditID><auditStatus>A</auditStatus></auditModel><bizdomain>LIC_EVENT_VENDOR</bizdomain><bizdomainValue>Alcohol</bizdomainValue><sortOrder>0</sortOrder><standardChoiceValueI18NModels/></sharedDropDownValue><sharedDropDownValue><bdvSeqNbr>104594249</bdvSeqNbr><servProvCode>BPTDEV</servProvCode><auditModel><auditDate>2013-12-04T13:36:12-07:00</auditDate><auditID>ADMIN</auditID><auditStatus>A</auditStatus></auditModel><bizdomain>LIC_EVENT_VENDOR</bizdomain><bizdomainValue>Bleachers</bizdomainValue><sortOrder>0</sortOrder><standardChoiceValueI18NModels/></sharedDropDownValue><sharedDropDownValue><bdvSeqNbr>104594250</bdvSeqNbr><servProvCode>BPTDEV</servProvCode><auditModel><auditDate>2013-12-04T13:36:21-07:00</auditDate><auditID>ADMIN</auditID><auditStatus>A</auditStatus></auditModel><bizdomain>LIC_EVENT_VENDOR</bizdomain><bizdomainValue>Bounce House</bizdomainValue><sortOrder>0</sortOrder><standardChoiceValueI18NModels/></sharedDropDownValue><sharedDropDownValue><bdvSeqNbr>104594251</bdvSeqNbr><servProvCode>BPTDEV</servProvCode><auditModel><auditDate>2013-12-04T13:36:29-07:00</auditDate><auditID>ADMIN</auditID><auditStatus>A</auditStatus></auditModel><bizdomain>LIC_EVENT_VENDOR</bizdomain><bizdomainValue>Caterers</bizdomainValue><sortOrder>0</sortOrder><standardChoiceValueI18NModels/></sharedDropDownValue><sharedDropDownValue><bdvSeqNbr>104594248</bdvSeqNbr><servProvCode>BPTDEV</servProvCode><auditModel><auditDate>2013-12-04T13:40:51-07:00</auditDate><auditID>ADMIN</auditID><auditStatus>A</auditStatus></auditModel><bizdomain>LIC_EVENT_VENDOR</bizdomain><bizdomainValue>Electrical/Generator</bizdomainValue><sortOrder>0</sortOrder><standardChoiceValueI18NModels/></sharedDropDownValue><sharedDropDownValue><bdvSeqNbr>104594246</bdvSeqNbr><servProvCode>BPTDEV</servProvCode><auditModel><auditDate>2013-12-04T13:35:26-07:00</auditDate><auditID>ADMIN</auditID><auditStatus>A</auditStatus></auditModel><bizdomain>LIC_EVENT_VENDOR</bizdomain><bizdomainValue>Entertainment</bizdomainValue><sortOrder>0</sortOrder><standardChoiceValueI18NModels/></sharedDropDownValue><sharedDropDownValue><bdvSeqNbr>104594247</bdvSeqNbr><servProvCode>BPTDEV</servProvCode><auditModel><auditDate>2013-12-04T13:39:51-07:00</auditDate><auditID>ADMIN</auditID><auditStatus>A</auditStatus></auditModel><bizdomain>LIC_EVENT_VENDOR</bizdomain><bizdomainValue>Equipment Rentals</bizdomainValue><sortOrder>0</sortOrder><standardChoiceValueI18NModels/></sharedDropDownValue><sharedDropDownValue><bdvSeqNbr>104594259</bdvSeqNbr><servProvCode>BPTDEV</servProvCode><auditModel><auditDate>2013-12-04T13:38:10-07:00</auditDate><auditID>ADMIN</auditID><auditStatus>A</auditStatus></auditModel><bizdomain>LIC_EVENT_VENDOR</bizdomain><bizdomainValue>Food</bizdomainValue><sortOrder>0</sortOrder><standardChoiceValueI18NModels/></sharedDropDownValue><sharedDropDownValue><bdvSeqNbr>104594252</bdvSeqNbr><servProvCode>BPTDEV</servProvCode><auditModel><auditDate>2013-12-04T13:36:41-07:00</auditDate><auditID>ADMIN</auditID><auditStatus>A</auditStatus></auditModel><bizdomain>LIC_EVENT_VENDOR</bizdomain><bizdomainValue>Janitorial</bizdomainValue><sortOrder>0</sortOrder><standardChoiceValueI18NModels/></sharedDropDownValue><sharedDropDownValue><bdvSeqNbr>104594263</bdvSeqNbr><servProvCode>BPTDEV</servProvCode><auditModel><auditDate>2013-12-04T13:43:29-07:00</auditDate><auditID>ADMIN</auditID><auditStatus>A</auditStatus></auditModel><bizdomain>LIC_EVENT_VENDOR</bizdomain><bizdomainValue>Merchandise</bizdomainValue><sortOrder>0</sortOrder><standardChoiceValueI18NModels/></sharedDropDownValue><sharedDropDownValue><bdvSeqNbr>104594261</bdvSeqNbr><servProvCode>BPTDEV</servProvCode><auditModel><auditDate>2013-12-04T13:39:18-07:00</auditDate><auditID>ADMIN</auditID><auditStatus>A</auditStatus></auditModel><bizdomain>LIC_EVENT_VENDOR</bizdomain><bizdomainValue>Mobile Ice Services</bizdomainValue><sortOrder>0</sortOrder><standardChoiceValueI18NModels/></sharedDropDownValue><sharedDropDownValue><bdvSeqNbr>104594253</bdvSeqNbr><servProvCode>BPTDEV</servProvCode><auditModel><auditDate>2013-12-04T13:37:05-07:00</auditDate><auditID>ADMIN</auditID><auditStatus>A</auditStatus></auditModel><bizdomain>LIC_EVENT_VENDOR</bizdomain><bizdomainValue>Photographers</bizdomainValue><sortOrder>0</sortOrder><standardChoiceValueI18NModels/></sharedDropDownValue><sharedDropDownValue><bdvSeqNbr>104594254</bdvSeqNbr><servProvCode>BPTDEV</servProvCode><auditModel><auditDate>2013-12-04T13:37:30-07:00</auditDate><auditID>ADMIN</auditID><auditStatus>A</auditStatus></auditModel><bizdomain>LIC_EVENT_VENDOR</bizdomain><bizdomainValue>Portable Restroom Facilities</bizdomainValue><sortOrder>0</sortOrder><standardChoiceValueI18NModels/></sharedDropDownValue><sharedDropDownValue><bdvSeqNbr>104594255</bdvSeqNbr><servProvCode>BPTDEV</servProvCode><auditModel><auditDate>2013-12-04T13:37:39-07:00</auditDate><auditID>ADMIN</auditID><auditStatus>A</auditStatus></auditModel><bizdomain>LIC_EVENT_VENDOR</bizdomain><bizdomainValue>Security</bizdomainValue><sortOrder>0</sortOrder><standardChoiceValueI18NModels/></sharedDropDownValue><sharedDropDownValue><bdvSeqNbr>104594256</bdvSeqNbr><servProvCode>BPTDEV</servProvCode><auditModel><auditDate>2013-12-04T13:37:47-07:00</auditDate><auditID>ADMIN</auditID><auditStatus>A</auditStatus></auditModel><bizdomain>LIC_EVENT_VENDOR</bizdomain><bizdomainValue>Stages</bizdomainValue><sortOrder>0</sortOrder><standardChoiceValueI18NModels/></sharedDropDownValue><sharedDropDownValue><bdvSeqNbr>104594257</bdvSeqNbr><servProvCode>BPTDEV</servProvCode><auditModel><auditDate>2013-12-04T13:40:24-07:00</auditDate><auditID>ADMIN</auditID><auditStatus>A</auditStatus></auditModel><bizdomain>LIC_EVENT_VENDOR</bizdomain><bizdomainValue>Tents/Canopies</bizdomainValue><sortOrder>0</sortOrder><standardChoiceValueI18NModels/></sharedDropDownValue><sharedDropDownValue><bdvSeqNbr>104594258</bdvSeqNbr><servProvCode>BPTDEV</servProvCode><auditModel><auditDate>2013-12-04T13:38:03-07:00</auditDate><auditID>ADMIN</auditID><auditStatus>A</auditStatus></auditModel><bizdomain>LIC_EVENT_VENDOR</bizdomain><bizdomainValue>Traffic Control</bizdomainValue><sortOrder>0</sortOrder><standardChoiceValueI18NModels/></sharedDropDownValue><sharedDropDownValue><bdvSeqNbr>104594260</bdvSeqNbr><servProvCode>BPTDEV</servProvCode><auditModel><auditDate>2013-12-04T13:38:42-07:00</auditDate><auditID>ADMIN</auditID><auditStatus>A</auditStatus></auditModel><bizdomain>LIC_EVENT_VENDOR</bizdomain><bizdomainValue>Valet Parking</bizdomainValue><sortOrder>0</sortOrder><standardChoiceValueI18NModels/></sharedDropDownValue></sharedDropDownList><type>ShareDropDown</type></sharedDropDownListModel>
</list>