<?xml version="1.0" encoding="UTF-8" standalone="yes"?>
<list  version="8.0.0" minorVersion="15" exportUser="ADMIN" exportDateTime="03/31/2016 12:14 PM" description="null"><virProcess><r1ProcessCode>NONE</r1ProcessCode><servProvCode>BPTDEV</servProvCode><isEmailSettringSelected>Y</isEmailSettringSelected><isSecuritySelected>Y</isSecuritySelected><processEMailSettingModels/><processModels><processModel><r1ProcessCode>NONE</r1ProcessCode><sdStpNum>1</sdStpNum><servProvCode>BPTDEV</servProvCode><asgnAgencyCode>BUILDING</asgnAgencyCode><asgnBureauCode>NA</asgnBureauCode><asgnDivisionCode>NA</asgnDivisionCode><asgnGroupCode>NA</asgnGroupCode><asgnOfficeCode>NA</asgnOfficeCode><asgnSectionCode>NA</asgnSectionCode><auditModel><auditDate>2012-02-29T10:35:34-07:00</auditDate><auditID>ADMIN</auditID><auditStatus>A</auditStatus></auditModel><displayInAca>N</displayInAca><hoursSpentRequired>N</hoursSpentRequired><sdChkLv5>A</sdChkLv5><sdDueDay>0</sdDueDay><sdNxtId1>000000000000000</sdNxtId1><sdProDes>No Workflow Required</sdProDes><sdProId1>010000000000000</sdProId1></processModel></processModels><processSecurityModels/><r3statypModels/><securityFlag>NONE/%</securityFlag></virProcess>
<virProcess><r1ProcessCode>LIC_EVENT_APP</r1ProcessCode><servProvCode>BPTDEV</servProvCode><isEmailSettringSelected>Y</isEmailSettringSelected><isSecuritySelected>Y</isSecuritySelected><processEMailSettingModels><processEMailSettingModel><noteID>134</noteID><processName>LIC_EVENT_APP</processName><serviceProviderCode>BPTDEV</serviceProviderCode><b3contactFlag>N</b3contactFlag><contactRelation>Applicant</contactRelation><contentsCode>LIC_ISSUED</contentsCode><distributionFlag>N</distributionFlag><docCategory>Outgoing Email</docCategory><docGroup>LIC</docGroup><edmsLocation>ADS</edmsLocation><edmsObject>CAP</edmsObject><mediaFlag>0</mediaFlag><recDate>2014-06-16T15:59:44-06:00</recDate><recFulNam>ADMIN</recFulNam><recStatus>A</recStatus><sdAppDes>Issued</sdAppDes><sdProDes>License Issuance</sdProDes></processEMailSettingModel><processEMailSettingModel><noteID>140</noteID><processName>LIC_EVENT_APP</processName><serviceProviderCode>BPTDEV</serviceProviderCode><b3contactFlag>N</b3contactFlag><contactRelation>Applicant</contactRelation><contentsCode>LIC_ACCEPTED</contentsCode><distributionFlag>N</distributionFlag><docCategory>Outgoing Email</docCategory><docGroup>LIC</docGroup><edmsLocation>ADS</edmsLocation><edmsObject>CAP</edmsObject><mediaFlag>0</mediaFlag><recDate>2014-06-16T15:59:44-06:00</recDate><recFulNam>ADMIN</recFulNam><recStatus>A</recStatus><sdAppDes>Accepted</sdAppDes><sdProDes>Application Intake</sdProDes></processEMailSettingModel><processEMailSettingModel><noteID>154</noteID><processName>LIC_EVENT_APP</processName><serviceProviderCode>BPTDEV</serviceProviderCode><b3contactFlag>N</b3contactFlag><contactRelation>Applicant</contactRelation><contentsCode>LIC_DENIED</contentsCode><distributionFlag>N</distributionFlag><docCategory>Outgoing Email</docCategory><docGroup>LIC</docGroup><edmsLocation>ADS</edmsLocation><edmsObject>CAP</edmsObject><mediaFlag>0</mediaFlag><recDate>2014-06-16T15:59:44-06:00</recDate><recFulNam>ADMIN</recFulNam><recStatus>A</recStatus><sdAppDes>Denied</sdAppDes><sdProDes>License Issuance</sdProDes></processEMailSettingModel><processEMailSettingModel><noteID>159</noteID><processName>LIC_EVENT_APP</processName><serviceProviderCode>BPTDEV</serviceProviderCode><b3contactFlag>N</b3contactFlag><contactRelation>Applicant</contactRelation><contentsCode>LIC_ADDL_INFO_REQ</contentsCode><distributionFlag>N</distributionFlag><docCategory>Outgoing Email</docCategory><docGroup>LIC</docGroup><edmsLocation>ADS</edmsLocation><edmsObject>CAP</edmsObject><mediaFlag>0</mediaFlag><recDate>2014-06-16T15:59:44-06:00</recDate><recFulNam>ADMIN</recFulNam><recStatus>A</recStatus><sdAppDes>Additional Info Needed</sdAppDes><sdProDes>Application Intake</sdProDes></processEMailSettingModel></processEMailSettingModels><processModels><processModel><r1ProcessCode>LIC_EVENT_APP</r1ProcessCode><sdStpNum>1</sdStpNum><servProvCode>BPTDEV</servProvCode><asgnAgencyCode>ADMIN</asgnAgencyCode><asgnBureauCode>NA</asgnBureauCode><asgnDivisionCode>NA</asgnDivisionCode><asgnGroupCode>NA</asgnGroupCode><asgnOfficeCode>NA</asgnOfficeCode><asgnSectionCode>NA</asgnSectionCode><auditModel><auditDate>2014-01-29T09:22:39-07:00</auditDate><auditID>Accela Administrator</auditID><auditStatus>A</auditStatus></auditModel><sdNxtId1>018000000000000</sdNxtId1><sdProDes>Application Intake</sdProDes><sdProId1>010000000000000</sdProId1></processModel><processModel><r1ProcessCode>LIC_EVENT_APP</r1ProcessCode><sdStpNum>2</sdStpNum><servProvCode>BPTDEV</servProvCode><asgnAgencyCode>ADMIN</asgnAgencyCode><asgnBureauCode>NA</asgnBureauCode><asgnDivisionCode>NA</asgnDivisionCode><asgnGroupCode>NA</asgnGroupCode><asgnOfficeCode>NA</asgnOfficeCode><asgnSectionCode>NA</asgnSectionCode><auditModel><auditDate>2014-01-29T09:22:39-07:00</auditDate><auditID>Accela Administrator</auditID><auditStatus>A</auditStatus></auditModel><sdNxtId1>019000000000000</sdNxtId1><sdProDes>Zoning Review</sdProDes><sdProId1>018001000000000</sdProId1></processModel><processModel><r1ProcessCode>LIC_EVENT_APP</r1ProcessCode><sdStpNum>3</sdStpNum><servProvCode>BPTDEV</servProvCode><asgnAgencyCode>ADMIN</asgnAgencyCode><asgnBureauCode>NA</asgnBureauCode><asgnDivisionCode>NA</asgnDivisionCode><asgnGroupCode>NA</asgnGroupCode><asgnOfficeCode>NA</asgnOfficeCode><asgnSectionCode>NA</asgnSectionCode><auditModel><auditDate>2014-01-29T09:22:39-07:00</auditDate><auditID>Accela Administrator</auditID><auditStatus>A</auditStatus></auditModel><sdNxtId1>019000000000000</sdNxtId1><sdProDes>Building Review</sdProDes><sdProId1>018001000000000</sdProId1></processModel><processModel><r1ProcessCode>LIC_EVENT_APP</r1ProcessCode><sdStpNum>4</sdStpNum><servProvCode>BPTDEV</servProvCode><asgnAgencyCode>ADMIN</asgnAgencyCode><asgnBureauCode>NA</asgnBureauCode><asgnDivisionCode>NA</asgnDivisionCode><asgnGroupCode>NA</asgnGroupCode><asgnOfficeCode>NA</asgnOfficeCode><asgnSectionCode>NA</asgnSectionCode><auditModel><auditDate>2014-01-29T09:22:39-07:00</auditDate><auditID>Accela Administrator</auditID><auditStatus>A</auditStatus></auditModel><sdNxtId1>019000000000000</sdNxtId1><sdProDes>Fire Review</sdProDes><sdProId1>018001000000000</sdProId1></processModel><processModel><r1ProcessCode>LIC_EVENT_APP</r1ProcessCode><sdStpNum>5</sdStpNum><servProvCode>BPTDEV</servProvCode><asgnAgencyCode>ADMIN</asgnAgencyCode><asgnBureauCode>NA</asgnBureauCode><asgnDivisionCode>NA</asgnDivisionCode><asgnGroupCode>NA</asgnGroupCode><asgnOfficeCode>NA</asgnOfficeCode><asgnSectionCode>NA</asgnSectionCode><auditModel><auditDate>2014-01-29T09:22:39-07:00</auditDate><auditID>Accela Administrator</auditID><auditStatus>A</auditStatus></auditModel><sdNxtId1>019000000000000</sdNxtId1><sdProDes>Licensing Review</sdProDes><sdProId1>018001000000000</sdProId1></processModel><processModel><r1ProcessCode>LIC_EVENT_APP</r1ProcessCode><sdStpNum>6</sdStpNum><servProvCode>BPTDEV</servProvCode><asgnAgencyCode>ADMIN</asgnAgencyCode><asgnBureauCode>NA</asgnBureauCode><asgnDivisionCode>NA</asgnDivisionCode><asgnGroupCode>NA</asgnGroupCode><asgnOfficeCode>NA</asgnOfficeCode><asgnSectionCode>NA</asgnSectionCode><auditModel><auditDate>2014-01-29T09:22:39-07:00</auditDate><auditID>Accela Administrator</auditID><auditStatus>A</auditStatus></auditModel><sdNxtId1>000000000000000</sdNxtId1><sdProDes>License Issuance</sdProDes><sdProId1>019000000000000</sdProId1></processModel><processModel><r1ProcessCode>LIC_EVENT_APP</r1ProcessCode><sdStpNum>7</sdStpNum><servProvCode>BPTDEV</servProvCode><asgnAgencyCode>ADMIN</asgnAgencyCode><asgnBureauCode>NA</asgnBureauCode><asgnDivisionCode>NA</asgnDivisionCode><asgnGroupCode>NA</asgnGroupCode><asgnOfficeCode>NA</asgnOfficeCode><asgnSectionCode>NA</asgnSectionCode><auditModel><auditDate>2014-01-29T09:22:39-07:00</auditDate><auditID>Accela Administrator</auditID><auditStatus>A</auditStatus></auditModel><sdNxtId1>019000000000000</sdNxtId1><sdProDes>Police Review</sdProDes><sdProId1>018001000000000</sdProId1></processModel><processModel><r1ProcessCode>LIC_EVENT_APP</r1ProcessCode><sdStpNum>8</sdStpNum><servProvCode>BPTDEV</servProvCode><asgnAgencyCode>ADMIN</asgnAgencyCode><asgnBureauCode>NA</asgnBureauCode><asgnDivisionCode>NA</asgnDivisionCode><asgnGroupCode>NA</asgnGroupCode><asgnOfficeCode>NA</asgnOfficeCode><asgnSectionCode>NA</asgnSectionCode><auditModel><auditDate>2014-01-29T09:22:39-07:00</auditDate><auditID>Accela Administrator</auditID><auditStatus>A</auditStatus></auditModel><sdNxtId1>019000000000000</sdNxtId1><sdProDes>Traffic Review</sdProDes><sdProId1>018001000000000</sdProId1></processModel></processModels><processSecurityModels/><r3statypModels><r3statyp><r3ActStatCod>SCODE2</r3ActStatCod><r3ProcessCode>LIC_EVENT_APP</r3ProcessCode><servProvCode>BPTDEV</servProvCode><applicationStatus>In Review</applicationStatus><displayInAca>Y</displayInAca><r3ActStatDes>Accepted</r3ActStatDes><r3ActStatFlg>Y</r3ActStatFlg><r3ActTypeDes>Application Intake</r3ActTypeDes><recDate>2014-01-29T09:16:26-07:00</recDate><recFulNam>Accela Administrator</recFulNam><recStatus>A</recStatus><refTaskStatusI18NModels/></r3statyp><r3statyp><r3ActStatCod>SCODE1</r3ActStatCod><r3ProcessCode>LIC_EVENT_APP</r3ProcessCode><servProvCode>BPTDEV</servProvCode><displayInAca>Y</displayInAca><r3ActStatDes>Additional Info Needed</r3ActStatDes><r3ActStatFlg>U</r3ActStatFlg><r3ActTypeDes>Application Intake</r3ActTypeDes><recDate>2014-01-29T09:16:26-07:00</recDate><recFulNam>Accela Administrator</recFulNam><recStatus>A</recStatus><refTaskStatusI18NModels/></r3statyp><r3statyp><r3ActStatCod>SCODE13</r3ActStatCod><r3ProcessCode>LIC_EVENT_APP</r3ProcessCode><servProvCode>BPTDEV</servProvCode><displayInAca>Y</displayInAca><r3ActStatDes>Additional Info Needed</r3ActStatDes><r3ActStatFlg>U</r3ActStatFlg><r3ActTypeDes>Building Review</r3ActTypeDes><recDate>2014-01-29T09:16:26-07:00</recDate><recFulNam>Accela Administrator</recFulNam><recStatus>A</recStatus><refTaskStatusI18NModels/></r3statyp><r3statyp><r3ActStatCod>SCODE81</r3ActStatCod><r3ProcessCode>LIC_EVENT_APP</r3ProcessCode><servProvCode>BPTDEV</servProvCode><displayInAca>Y</displayInAca><r3ActStatDes>Approved for Issuance</r3ActStatDes><r3ActStatFlg>Y</r3ActStatFlg><r3ActTypeDes>Building Review</r3ActTypeDes><recDate>2014-01-29T09:16:26-07:00</recDate><recFulNam>Accela Administrator</recFulNam><recStatus>A</recStatus><refTaskStatusI18NModels/></r3statyp><r3statyp><r3ActStatCod>SCODE71</r3ActStatCod><r3ProcessCode>LIC_EVENT_APP</r3ProcessCode><servProvCode>BPTDEV</servProvCode><displayInAca>Y</displayInAca><r3ActStatDes>Recommend Denial</r3ActStatDes><r3ActStatFlg>Y</r3ActStatFlg><r3ActTypeDes>Building Review</r3ActTypeDes><recDate>2014-01-29T09:16:26-07:00</recDate><recFulNam>Accela Administrator</recFulNam><recStatus>A</recStatus><refTaskStatusI18NModels/></r3statyp><r3statyp><r3ActStatCod>SCODE15</r3ActStatCod><r3ProcessCode>LIC_EVENT_APP</r3ProcessCode><servProvCode>BPTDEV</servProvCode><displayInAca>Y</displayInAca><r3ActStatDes>Additional Info Needed</r3ActStatDes><r3ActStatFlg>U</r3ActStatFlg><r3ActTypeDes>Fire Review</r3ActTypeDes><recDate>2014-01-29T09:16:26-07:00</recDate><recFulNam>Accela Administrator</recFulNam><recStatus>A</recStatus><refTaskStatusI18NModels/></r3statyp><r3statyp><r3ActStatCod>SCODE20</r3ActStatCod><r3ProcessCode>LIC_EVENT_APP</r3ProcessCode><servProvCode>BPTDEV</servProvCode><displayInAca>Y</displayInAca><r3ActStatDes>Approved for Issuance</r3ActStatDes><r3ActStatFlg>Y</r3ActStatFlg><r3ActTypeDes>Fire Review</r3ActTypeDes><recDate>2014-01-29T09:16:26-07:00</recDate><recFulNam>Accela Administrator</recFulNam><recStatus>A</recStatus><refTaskStatusI18NModels/></r3statyp><r3statyp><r3ActStatCod>SCODE9</r3ActStatCod><r3ProcessCode>LIC_EVENT_APP</r3ProcessCode><servProvCode>BPTDEV</servProvCode><displayInAca>Y</displayInAca><r3ActStatDes>Recommend Denial</r3ActStatDes><r3ActStatFlg>Y</r3ActStatFlg><r3ActTypeDes>Fire Review</r3ActTypeDes><recDate>2014-01-29T09:16:26-07:00</recDate><recFulNam>Accela Administrator</recFulNam><recStatus>A</recStatus><refTaskStatusI18NModels/></r3statyp><r3statyp><r3ActStatCod>SCODE18</r3ActStatCod><r3ProcessCode>LIC_EVENT_APP</r3ProcessCode><servProvCode>BPTDEV</servProvCode><displayInAca>Y</displayInAca><r3ActStatDes>Additional Info Needed</r3ActStatDes><r3ActStatFlg>U</r3ActStatFlg><r3ActTypeDes>License Issuance</r3ActTypeDes><recDate>2014-01-29T09:16:26-07:00</recDate><recFulNam>Accela Administrator</recFulNam><recStatus>A</recStatus><refTaskStatusI18NModels/></r3statyp><r3statyp><r3ActStatCod>SCODE11</r3ActStatCod><r3ProcessCode>LIC_EVENT_APP</r3ProcessCode><servProvCode>BPTDEV</servProvCode><applicationStatus>Denied</applicationStatus><displayInAca>Y</displayInAca><r3ActStatDes>Denied</r3ActStatDes><r3ActStatFlg>Y</r3ActStatFlg><r3ActTypeDes>License Issuance</r3ActTypeDes><recDate>2014-01-29T09:16:26-07:00</recDate><recFulNam>Accela Administrator</recFulNam><recStatus>A</recStatus><refTaskStatusI18NModels/></r3statyp><r3statyp><r3ActStatCod>SCODE19</r3ActStatCod><r3ProcessCode>LIC_EVENT_APP</r3ProcessCode><servProvCode>BPTDEV</servProvCode><displayInAca>Y</displayInAca><r3ActStatDes>In Progress</r3ActStatDes><r3ActStatFlg>U</r3ActStatFlg><r3ActTypeDes>License Issuance</r3ActTypeDes><recDate>2014-01-29T09:16:26-07:00</recDate><recFulNam>Accela Administrator</recFulNam><recStatus>A</recStatus><refTaskStatusI18NModels/></r3statyp><r3statyp><r3ActStatCod>SCODE12</r3ActStatCod><r3ProcessCode>LIC_EVENT_APP</r3ProcessCode><servProvCode>BPTDEV</servProvCode><applicationStatus>Issued</applicationStatus><displayInAca>Y</displayInAca><r3ActStatDes>Issued</r3ActStatDes><r3ActStatFlg>Y</r3ActStatFlg><r3ActTypeDes>License Issuance</r3ActTypeDes><recDate>2014-01-29T09:16:26-07:00</recDate><recFulNam>Accela Administrator</recFulNam><recStatus>A</recStatus><refTaskStatusI18NModels/></r3statyp><r3statyp><r3ActStatCod>SCODE17</r3ActStatCod><r3ProcessCode>LIC_EVENT_APP</r3ProcessCode><servProvCode>BPTDEV</servProvCode><displayInAca>Y</displayInAca><r3ActStatDes>Additional Info Needed</r3ActStatDes><r3ActStatFlg>U</r3ActStatFlg><r3ActTypeDes>Licensing Review</r3ActTypeDes><recDate>2014-01-29T09:16:26-07:00</recDate><recFulNam>Accela Administrator</recFulNam><recStatus>A</recStatus><refTaskStatusI18NModels/></r3statyp><r3statyp><r3ActStatCod>SCODE4</r3ActStatCod><r3ProcessCode>LIC_EVENT_APP</r3ProcessCode><servProvCode>BPTDEV</servProvCode><displayInAca>Y</displayInAca><r3ActStatDes>Approved for Issuance</r3ActStatDes><r3ActStatFlg>Y</r3ActStatFlg><r3ActTypeDes>Licensing Review</r3ActTypeDes><recDate>2014-01-29T09:16:26-07:00</recDate><recFulNam>Accela Administrator</recFulNam><recStatus>A</recStatus><refTaskStatusI18NModels/></r3statyp><r3statyp><r3ActStatCod>SCODE26</r3ActStatCod><r3ProcessCode>LIC_EVENT_APP</r3ProcessCode><servProvCode>BPTDEV</servProvCode><displayInAca>Y</displayInAca><r3ActStatDes>Recommend Denial</r3ActStatDes><r3ActStatFlg>Y</r3ActStatFlg><r3ActTypeDes>Licensing Review</r3ActTypeDes><recDate>2014-01-29T09:16:26-07:00</recDate><recFulNam>Accela Administrator</recFulNam><recStatus>A</recStatus><refTaskStatusI18NModels/></r3statyp><r3statyp><r3ActStatCod>SCODE24</r3ActStatCod><r3ProcessCode>LIC_EVENT_APP</r3ProcessCode><servProvCode>BPTDEV</servProvCode><displayInAca>Y</displayInAca><r3ActStatDes>Additional Info Needed</r3ActStatDes><r3ActStatFlg>U</r3ActStatFlg><r3ActTypeDes>Police Review</r3ActTypeDes><recDate>2014-01-29T09:16:26-07:00</recDate><recFulNam>Accela Administrator</recFulNam><recStatus>A</recStatus><refTaskStatusI18NModels/></r3statyp><r3statyp><r3ActStatCod>SCODE23</r3ActStatCod><r3ProcessCode>LIC_EVENT_APP</r3ProcessCode><servProvCode>BPTDEV</servProvCode><displayInAca>Y</displayInAca><r3ActStatDes>Approved for Issuance</r3ActStatDes><r3ActStatFlg>Y</r3ActStatFlg><r3ActTypeDes>Police Review</r3ActTypeDes><recDate>2014-01-29T09:16:26-07:00</recDate><recFulNam>Accela Administrator</recFulNam><recStatus>A</recStatus><refTaskStatusI18NModels/></r3statyp><r3statyp><r3ActStatCod>SCODE22</r3ActStatCod><r3ProcessCode>LIC_EVENT_APP</r3ProcessCode><servProvCode>BPTDEV</servProvCode><displayInAca>Y</displayInAca><r3ActStatDes>Recommend Denial</r3ActStatDes><r3ActStatFlg>Y</r3ActStatFlg><r3ActTypeDes>Police Review</r3ActTypeDes><recDate>2014-01-29T09:16:26-07:00</recDate><recFulNam>Accela Administrator</recFulNam><recStatus>A</recStatus><refTaskStatusI18NModels/></r3statyp><r3statyp><r3ActStatCod>SCODE27</r3ActStatCod><r3ProcessCode>LIC_EVENT_APP</r3ProcessCode><servProvCode>BPTDEV</servProvCode><displayInAca>Y</displayInAca><r3ActStatDes>Approved for Issuance</r3ActStatDes><r3ActStatFlg>Y</r3ActStatFlg><r3ActTypeDes>Traffic Review</r3ActTypeDes><recDate>2014-01-29T09:22:39-07:00</recDate><recFulNam>Accela Administrator</recFulNam><recStatus>A</recStatus><refTaskStatusI18NModels/></r3statyp><r3statyp><r3ActStatCod>SCODE21</r3ActStatCod><r3ProcessCode>LIC_EVENT_APP</r3ProcessCode><servProvCode>BPTDEV</servProvCode><displayInAca>Y</displayInAca><r3ActStatDes>Recommend Denial</r3ActStatDes><r3ActStatFlg>Y</r3ActStatFlg><r3ActTypeDes>Traffic Review</r3ActTypeDes><recDate>2014-01-29T09:22:39-07:00</recDate><recFulNam>Accela Administrator</recFulNam><recStatus>A</recStatus><refTaskStatusI18NModels/></r3statyp><r3statyp><r3ActStatCod>SCODE14</r3ActStatCod><r3ProcessCode>LIC_EVENT_APP</r3ProcessCode><servProvCode>BPTDEV</servProvCode><displayInAca>Y</displayInAca><r3ActStatDes>Additional Info Needed</r3ActStatDes><r3ActStatFlg>U</r3ActStatFlg><r3ActTypeDes>Zoning Review</r3ActTypeDes><recDate>2014-01-29T09:16:26-07:00</recDate><recFulNam>Accela Administrator</recFulNam><recStatus>A</recStatus><refTaskStatusI18NModels/></r3statyp><r3statyp><r3ActStatCod>SCODE25</r3ActStatCod><r3ProcessCode>LIC_EVENT_APP</r3ProcessCode><servProvCode>BPTDEV</servProvCode><displayInAca>Y</displayInAca><r3ActStatDes>Approved for Issuance</r3ActStatDes><r3ActStatFlg>Y</r3ActStatFlg><r3ActTypeDes>Zoning Review</r3ActTypeDes><recDate>2014-01-29T09:16:26-07:00</recDate><recFulNam>Accela Administrator</recFulNam><recStatus>A</recStatus><refTaskStatusI18NModels/></r3statyp><r3statyp><r3ActStatCod>SCODE3</r3ActStatCod><r3ProcessCode>LIC_EVENT_APP</r3ProcessCode><servProvCode>BPTDEV</servProvCode><displayInAca>Y</displayInAca><r3ActStatDes>Recommend Denial</r3ActStatDes><r3ActStatFlg>Y</r3ActStatFlg><r3ActTypeDes>Zoning Review</r3ActTypeDes><recDate>2014-01-29T09:16:26-07:00</recDate><recFulNam>Accela Administrator</recFulNam><recStatus>A</recStatus><refTaskStatusI18NModels/></r3statyp></r3statypModels><securityFlag>LIC_EVENT_APP/%</securityFlag></virProcess>
<virProcess><r1ProcessCode>LIC_EVENT_LICENSE</r1ProcessCode><servProvCode>BPTDEV</servProvCode><isEmailSettringSelected>Y</isEmailSettringSelected><isSecuritySelected>Y</isSecuritySelected><processEMailSettingModels/><processModels><processModel><r1ProcessCode>LIC_EVENT_LICENSE</r1ProcessCode><sdStpNum>1</sdStpNum><servProvCode>BPTDEV</servProvCode><asgnAgencyCode>ADMIN</asgnAgencyCode><asgnBureauCode>NA</asgnBureauCode><asgnDivisionCode>NA</asgnDivisionCode><asgnGroupCode>NA</asgnGroupCode><asgnOfficeCode>NA</asgnOfficeCode><asgnSectionCode>NA</asgnSectionCode><auditModel><auditDate>2013-11-21T12:15:05-07:00</auditDate><auditID>Accela Administrator</auditID><auditStatus>A</auditStatus></auditModel><sdAppDes>Active</sdAppDes><sdNxtId1>000000000000000</sdNxtId1><sdProDes>License Status</sdProDes><sdProId1>010000000000000</sdProId1></processModel></processModels><processSecurityModels/><r3statypModels><r3statyp><r3ActStatCod>SCODE3</r3ActStatCod><r3ProcessCode>LIC_EVENT_LICENSE</r3ProcessCode><servProvCode>BPTDEV</servProvCode><displayInAca>Y</displayInAca><r3ActStatDes>Active</r3ActStatDes><r3ActStatFlg>U</r3ActStatFlg><r3ActTypeDes>License Status</r3ActTypeDes><recDate>2013-11-21T12:13:15-07:00</recDate><recFulNam>Accela Administrator</recFulNam><recStatus>A</recStatus><refTaskStatusI18NModels/></r3statyp><r3statyp><r3ActStatCod>SCODE4</r3ActStatCod><r3ProcessCode>LIC_EVENT_LICENSE</r3ProcessCode><servProvCode>BPTDEV</servProvCode><displayInAca>Y</displayInAca><r3ActStatDes>Closed</r3ActStatDes><r3ActStatFlg>Y</r3ActStatFlg><r3ActTypeDes>License Status</r3ActTypeDes><recDate>2013-11-21T12:13:15-07:00</recDate><recFulNam>Accela Administrator</recFulNam><recStatus>A</recStatus><refTaskStatusI18NModels/></r3statyp></r3statypModels><securityFlag>LIC_EVENT_LICENSE/%</securityFlag></virProcess>
<virProcess><r1ProcessCode>LIC_SALE_LICENSE</r1ProcessCode><servProvCode>BPTDEV</servProvCode><isEmailSettringSelected>Y</isEmailSettringSelected><isSecuritySelected>Y</isSecuritySelected><processEMailSettingModels><processEMailSettingModel><noteID>147</noteID><processName>LIC_SALE_LICENSE</processName><serviceProviderCode>BPTDEV</serviceProviderCode><b3contactFlag>N</b3contactFlag><contactRelation>Applicant</contactRelation><contentsCode>LIC_ISSUED</contentsCode><distributionFlag>N</distributionFlag><docCategory>Outgoing Email</docCategory><docGroup>LIC</docGroup><edmsLocation>ADS</edmsLocation><edmsObject>CAP</edmsObject><mediaFlag>0</mediaFlag><recDate>2014-06-16T16:01:00-06:00</recDate><recFulNam>ADMIN</recFulNam><recStatus>A</recStatus><sdAppDes>Issued</sdAppDes><sdProDes>License Issuance</sdProDes></processEMailSettingModel><processEMailSettingModel><noteID>156</noteID><processName>LIC_SALE_LICENSE</processName><serviceProviderCode>BPTDEV</serviceProviderCode><b3contactFlag>N</b3contactFlag><contactRelation>Applicant</contactRelation><contentsCode>LIC_DENIED</contentsCode><distributionFlag>N</distributionFlag><docCategory>Outgoing Email</docCategory><docGroup>LIC</docGroup><edmsLocation>ADS</edmsLocation><edmsObject>CAP</edmsObject><mediaFlag>0</mediaFlag><recDate>2014-06-16T16:01:00-06:00</recDate><recFulNam>ADMIN</recFulNam><recStatus>A</recStatus><sdAppDes>Denied</sdAppDes><sdProDes>Application Intake</sdProDes></processEMailSettingModel><processEMailSettingModel><noteID>161</noteID><processName>LIC_SALE_LICENSE</processName><serviceProviderCode>BPTDEV</serviceProviderCode><b3contactFlag>N</b3contactFlag><contactRelation>Applicant</contactRelation><contentsCode>LIC_ADDL_INFO_REQ</contentsCode><distributionFlag>N</distributionFlag><docCategory>Outgoing Email</docCategory><docGroup>LIC</docGroup><edmsLocation>ADS</edmsLocation><edmsObject>CAP</edmsObject><mediaFlag>0</mediaFlag><recDate>2014-06-16T16:01:00-06:00</recDate><recFulNam>ADMIN</recFulNam><recStatus>A</recStatus><sdAppDes>Additonal Info Needed</sdAppDes><sdProDes>Application Intake</sdProDes></processEMailSettingModel></processEMailSettingModels><processModels><processModel><r1ProcessCode>LIC_SALE_LICENSE</r1ProcessCode><sdStpNum>1</sdStpNum><servProvCode>BPTDEV</servProvCode><asgnAgencyCode>ADMIN</asgnAgencyCode><asgnBureauCode>NA</asgnBureauCode><asgnDivisionCode>NA</asgnDivisionCode><asgnGroupCode>NA</asgnGroupCode><asgnOfficeCode>NA</asgnOfficeCode><asgnSectionCode>NA</asgnSectionCode><auditModel><auditDate>2014-01-28T15:39:45-07:00</auditDate><auditID>Accela Administrator</auditID><auditStatus>A</auditStatus></auditModel><sdNxtId1>000012000000000</sdNxtId1><sdProDes>Application Intake</sdProDes><sdProId1>010000000000000</sdProId1></processModel><processModel><r1ProcessCode>LIC_SALE_LICENSE</r1ProcessCode><sdStpNum>6</sdStpNum><servProvCode>BPTDEV</servProvCode><asgnAgencyCode>ADMIN</asgnAgencyCode><asgnBureauCode>NA</asgnBureauCode><asgnDivisionCode>NA</asgnDivisionCode><asgnGroupCode>NA</asgnGroupCode><asgnOfficeCode>NA</asgnOfficeCode><asgnSectionCode>NA</asgnSectionCode><auditModel><auditDate>2014-01-28T15:40:09-07:00</auditDate><auditID>Accela Administrator</auditID><auditStatus>A</auditStatus></auditModel><sdNxtId1>000000000000000</sdNxtId1><sdProDes>License Issuance</sdProDes><sdProId1>012000000000000</sdProId1></processModel></processModels><processSecurityModels/><r3statypModels><r3statyp><r3ActStatCod>SCODE13</r3ActStatCod><r3ProcessCode>LIC_SALE_LICENSE</r3ProcessCode><servProvCode>BPTDEV</servProvCode><displayInAca>Y</displayInAca><r3ActStatDes>Additonal Info Needed</r3ActStatDes><r3ActStatFlg>U</r3ActStatFlg><r3ActTypeDes>Application Intake</r3ActTypeDes><recDate>2013-11-20T15:42:48-07:00</recDate><recFulNam>Accela Administrator</recFulNam><recStatus>A</recStatus><refTaskStatusI18NModels/></r3statyp><r3statyp><r3ActStatCod>SCODE3</r3ActStatCod><r3ProcessCode>LIC_SALE_LICENSE</r3ProcessCode><servProvCode>BPTDEV</servProvCode><displayInAca>Y</displayInAca><r3ActStatDes>Approved to Issue</r3ActStatDes><r3ActStatFlg>B</r3ActStatFlg><r3ActTypeDes>Application Intake</r3ActTypeDes><r3MouClockAction>No Action</r3MouClockAction><recDate>2015-04-13T15:55:02-06:00</recDate><recFulNam>ADMIN</recFulNam><recStatus>A</recStatus><refTaskStatusI18NModels/></r3statyp><r3statyp><r3ActStatCod>SCODE6</r3ActStatCod><r3ProcessCode>LIC_SALE_LICENSE</r3ProcessCode><servProvCode>BPTDEV</servProvCode><applicationStatus>Denied</applicationStatus><displayInAca>Y</displayInAca><r3ActStatDes>Denied</r3ActStatDes><r3ActStatFlg>B</r3ActStatFlg><r3ActTypeDes>Application Intake</r3ActTypeDes><r3MouClockAction>No Action</r3MouClockAction><recDate>2015-04-13T15:53:40-06:00</recDate><recFulNam>ADMIN</recFulNam><recStatus>A</recStatus><refTaskStatusI18NModels/></r3statyp><r3statyp><r3ActStatCod>SCODE7</r3ActStatCod><r3ProcessCode>LIC_SALE_LICENSE</r3ProcessCode><servProvCode>BPTDEV</servProvCode><displayInAca>Y</displayInAca><r3ActStatDes>Withdrawn</r3ActStatDes><r3ActStatFlg>B</r3ActStatFlg><r3ActTypeDes>Application Intake</r3ActTypeDes><r3MouClockAction>No Action</r3MouClockAction><recDate>2015-04-13T15:53:33-06:00</recDate><recFulNam>ADMIN</recFulNam><recStatus>A</recStatus><refTaskStatusI18NModels/></r3statyp><r3statyp><r3ActStatCod>SCODE8</r3ActStatCod><r3ProcessCode>LIC_SALE_LICENSE</r3ProcessCode><servProvCode>BPTDEV</servProvCode><displayInAca>Y</displayInAca><r3ActStatDes>Denied</r3ActStatDes><r3ActStatFlg>Y</r3ActStatFlg><r3ActTypeDes>License Issuance</r3ActTypeDes><r3MouClockAction>No Action</r3MouClockAction><recDate>2015-04-13T15:55:46-06:00</recDate><recFulNam>ADMIN</recFulNam><recStatus>A</recStatus><refTaskStatusI18NModels/></r3statyp><r3statyp><r3ActStatCod>SCODE12</r3ActStatCod><r3ProcessCode>LIC_SALE_LICENSE</r3ProcessCode><servProvCode>BPTDEV</servProvCode><applicationStatus>Issued</applicationStatus><displayInAca>Y</displayInAca><r3ActStatDes>Issued</r3ActStatDes><r3ActStatFlg>Y</r3ActStatFlg><r3ActTypeDes>License Issuance</r3ActTypeDes><recDate>2014-01-28T15:40:09-07:00</recDate><recFulNam>Accela Administrator</recFulNam><recStatus>A</recStatus><refTaskStatusI18NModels/></r3statyp><r3statyp><r3ActStatCod>SCODE9</r3ActStatCod><r3ProcessCode>LIC_SALE_LICENSE</r3ProcessCode><servProvCode>BPTDEV</servProvCode><displayInAca>Y</displayInAca><r3ActStatDes>Withdrawn</r3ActStatDes><r3ActStatFlg>Y</r3ActStatFlg><r3ActTypeDes>License Issuance</r3ActTypeDes><r3MouClockAction>No Action</r3MouClockAction><recDate>2015-04-13T15:56:07-06:00</recDate><recFulNam>ADMIN</recFulNam><recStatus>A</recStatus><refTaskStatusI18NModels/></r3statyp></r3statypModels><securityFlag>LIC_SALE_LICENSE/%</securityFlag></virProcess>
</list>