<?xml version="1.0" encoding="UTF-8" standalone="yes"?>
<list  version="8.0.0" minorVersion="15" exportUser="ADMIN" exportDateTime="03/31/2016 12:14 PM" description="null"><workflow><parentProcessID>0</parentProcessID><serviceProviderCode>BPTDEV</serviceProviderCode><stepNumber>0</stepNumber><workflowName>NONE</workflowName><isSubProcessSelected>Y</isSubProcessSelected><processCode>NONE</processCode><refProcessRelationI18NModels/><recDate>2011-12-12T18:33:09-07:00</recDate><recFulNam>ADMIN</recFulNam><recStatus>A</recStatus><relationSeqId>12</relationSeqId><subProcessModels/></workflow>
<workflow><parentProcessID>0</parentProcessID><serviceProviderCode>BPTDEV</serviceProviderCode><stepNumber>0</stepNumber><workflowName>LIC_EVENT_APP</workflowName><isSubProcessSelected>Y</isSubProcessSelected><processCode>LIC_EVENT_APP</processCode><refProcessRelationI18NModels/><recDate>2014-01-29T09:22:39-07:00</recDate><recFulNam>Accela Administrator</recFulNam><recStatus>A</recStatus><relationSeqId>12723</relationSeqId><resId>223</resId><subProcessModels/><taskActivation>A</taskActivation></workflow>
<workflow><parentProcessID>0</parentProcessID><serviceProviderCode>BPTDEV</serviceProviderCode><stepNumber>0</stepNumber><workflowName>LIC_EVENT_LICENSE</workflowName><isSubProcessSelected>Y</isSubProcessSelected><processCode>LIC_EVENT_LICENSE</processCode><refProcessRelationI18NModels/><recDate>2013-11-21T12:15:11-07:00</recDate><recFulNam>Accela Administrator</recFulNam><recStatus>A</recStatus><relationSeqId>12713</relationSeqId><resId>213</resId><subProcessModels/><taskActivation>I</taskActivation></workflow>
<workflow><parentProcessID>0</parentProcessID><serviceProviderCode>BPTDEV</serviceProviderCode><stepNumber>0</stepNumber><workflowName>LIC_SALE_LICENSE</workflowName><isSubProcessSelected>Y</isSubProcessSelected><processCode>LIC_SALE_LICENSE</processCode><refProcessRelationI18NModels/><recDate>2014-01-28T15:40:09-07:00</recDate><recFulNam>Accela Administrator</recFulNam><recStatus>A</recStatus><relationSeqId>12711</relationSeqId><resId>211</resId><subProcessModels/><taskActivation>I</taskActivation></workflow>
</list>