<?xml version="1.0" encoding="UTF-8" standalone="yes"?>
<list  version="8.0.0" minorVersion="21" exportUser="ADMIN" exportDateTime="07/28/2016 05:28 AM" description="null"><inspectionGroup><inspCode>BLD_COMM</inspCode><servProvCode>MUNI1</servProvCode><inspGroupName>BLD Commercial</inspGroupName><inspectionSec>BLD_COMM/%</inspectionSec><inspectionTypeModels><inspectionTypeModel><inspSeqNbr>6</inspSeqNbr><servProvCode>MUNI1</servProvCode><allowFailedGuidesheet>Y</allowFailedGuidesheet><allowMultiInspInAca>Y</allowMultiInspInAca><autoAssign>N</autoAssign><displayInAca>Y</displayInAca><flowEnabled>N</flowEnabled><inspCode>BLD_COMM</inspCode><inspEditable>Y</inspEditable><inspGroupName>BLD Commercial</inspGroupName><inspPriority>14</inspPriority><inspRequired>N</inspRequired><inspResultGroup>BLD_STANDARD</inspResultGroup><inspType>Storm Sewer Final</inspType><inspectionTypeI18ns/><recDate>2013-07-09T14:01:13-07:00</recDate><recFulNam>ADMIN</recFulNam><recStatus>A</recStatus><totalScoreOption>SUM(list)</totalScoreOption></inspectionTypeModel><inspectionTypeModel><inspSeqNbr>7</inspSeqNbr><servProvCode>MUNI1</servProvCode><allowFailedGuidesheet>Y</allowFailedGuidesheet><allowMultiInspInAca>Y</allowMultiInspInAca><autoAssign>N</autoAssign><displayInAca>Y</displayInAca><flowEnabled>N</flowEnabled><inspCode>BLD_COMM</inspCode><inspEditable>Y</inspEditable><inspGroupName>BLD Commercial</inspGroupName><inspPriority>13</inspPriority><inspRequired>N</inspRequired><inspResultGroup>BLD_STANDARD</inspResultGroup><inspType>Sanitary Sewer Final</inspType><inspectionTypeI18ns/><recDate>2013-07-09T14:01:13-07:00</recDate><recFulNam>ADMIN</recFulNam><recStatus>A</recStatus><totalScoreOption>SUM(list)</totalScoreOption></inspectionTypeModel><inspectionTypeModel><inspSeqNbr>8</inspSeqNbr><servProvCode>MUNI1</servProvCode><allowFailedGuidesheet>Y</allowFailedGuidesheet><allowMultiInspInAca>Y</allowMultiInspInAca><autoAssign>N</autoAssign><displayInAca>Y</displayInAca><flowEnabled>N</flowEnabled><inspCode>BLD_COMM</inspCode><inspEditable>Y</inspEditable><inspGroupName>BLD Commercial</inspGroupName><inspPriority>1</inspPriority><inspRequired>N</inspRequired><inspResultGroup>BLD_STANDARD</inspResultGroup><inspType>Set Backs</inspType><inspectionTypeI18ns/><recDate>2013-07-09T14:01:13-07:00</recDate><recFulNam>ADMIN</recFulNam><recStatus>A</recStatus><totalScoreOption>SUM(list)</totalScoreOption></inspectionTypeModel><inspectionTypeModel><inspSeqNbr>9</inspSeqNbr><servProvCode>MUNI1</servProvCode><allowFailedGuidesheet>Y</allowFailedGuidesheet><allowMultiInspInAca>Y</allowMultiInspInAca><autoAssign>N</autoAssign><displayInAca>Y</displayInAca><flowEnabled>N</flowEnabled><inspCode>BLD_COMM</inspCode><inspEditable>Y</inspEditable><inspGroupName>BLD Commercial</inspGroupName><inspPriority>2</inspPriority><inspRequired>N</inspRequired><inspResultGroup>BLD_STANDARD</inspResultGroup><inspType>Temp Power</inspType><inspectionTypeI18ns/><recDate>2013-07-09T14:01:13-07:00</recDate><recFulNam>ADMIN</recFulNam><recStatus>A</recStatus><totalScoreOption>SUM(list)</totalScoreOption></inspectionTypeModel><inspectionTypeModel><inspSeqNbr>10</inspSeqNbr><servProvCode>MUNI1</servProvCode><allowFailedGuidesheet>Y</allowFailedGuidesheet><allowMultiInspInAca>Y</allowMultiInspInAca><autoAssign>N</autoAssign><displayInAca>Y</displayInAca><flowEnabled>N</flowEnabled><inspCode>BLD_COMM</inspCode><inspEditable>Y</inspEditable><inspGroupName>BLD Commercial</inspGroupName><inspPriority>3</inspPriority><inspRequired>N</inspRequired><inspResultGroup>BLD_STANDARD</inspResultGroup><inspType>Footings &amp; Forms</inspType><inspectionTypeI18ns/><recDate>2013-07-09T14:01:13-07:00</recDate><recFulNam>ADMIN</recFulNam><recStatus>A</recStatus><totalScoreOption>SUM(list)</totalScoreOption></inspectionTypeModel><inspectionTypeModel><inspSeqNbr>11</inspSeqNbr><servProvCode>MUNI1</servProvCode><allowFailedGuidesheet>Y</allowFailedGuidesheet><allowMultiInspInAca>Y</allowMultiInspInAca><autoAssign>N</autoAssign><displayInAca>Y</displayInAca><flowEnabled>N</flowEnabled><inspCode>BLD_COMM</inspCode><inspEditable>Y</inspEditable><inspGroupName>BLD Commercial</inspGroupName><inspPriority>4</inspPriority><inspRequired>N</inspRequired><inspResultGroup>BLD_STANDARD</inspResultGroup><inspType>Foundation</inspType><inspectionTypeI18ns/><recDate>2013-07-09T14:01:13-07:00</recDate><recFulNam>ADMIN</recFulNam><recStatus>A</recStatus><totalScoreOption>SUM(list)</totalScoreOption></inspectionTypeModel><inspectionTypeModel><inspSeqNbr>12</inspSeqNbr><servProvCode>MUNI1</servProvCode><allowFailedGuidesheet>Y</allowFailedGuidesheet><allowMultiInspInAca>Y</allowMultiInspInAca><autoAssign>N</autoAssign><displayInAca>Y</displayInAca><flowEnabled>N</flowEnabled><inspCode>BLD_COMM</inspCode><inspEditable>Y</inspEditable><inspGroupName>BLD Commercial</inspGroupName><inspPriority>5</inspPriority><inspRequired>N</inspRequired><inspResultGroup>BLD_STANDARD</inspResultGroup><inspType>Rough Frame</inspType><inspectionTypeI18ns/><recDate>2013-07-09T14:01:13-07:00</recDate><recFulNam>ADMIN</recFulNam><recStatus>A</recStatus><totalScoreOption>SUM(list)</totalScoreOption></inspectionTypeModel><inspectionTypeModel><inspSeqNbr>13</inspSeqNbr><servProvCode>MUNI1</servProvCode><allowFailedGuidesheet>Y</allowFailedGuidesheet><allowMultiInspInAca>Y</allowMultiInspInAca><autoAssign>N</autoAssign><displayInAca>Y</displayInAca><flowEnabled>N</flowEnabled><inspCode>BLD_COMM</inspCode><inspEditable>Y</inspEditable><inspGroupName>BLD Commercial</inspGroupName><inspPriority>6</inspPriority><inspRequired>N</inspRequired><inspResultGroup>BLD_STANDARD</inspResultGroup><inspType>Frame</inspType><inspectionTypeI18ns/><recDate>2013-07-09T14:01:13-07:00</recDate><recFulNam>ADMIN</recFulNam><recStatus>A</recStatus><totalScoreOption>SUM(list)</totalScoreOption></inspectionTypeModel><inspectionTypeModel><inspSeqNbr>14</inspSeqNbr><servProvCode>MUNI1</servProvCode><allowFailedGuidesheet>Y</allowFailedGuidesheet><allowMultiInspInAca>Y</allowMultiInspInAca><autoAssign>N</autoAssign><displayInAca>Y</displayInAca><flowEnabled>N</flowEnabled><inspCode>BLD_COMM</inspCode><inspEditable>Y</inspEditable><inspGroupName>BLD Commercial</inspGroupName><inspPriority>7</inspPriority><inspRequired>N</inspRequired><inspResultGroup>BLD_STANDARD</inspResultGroup><inspType>Floor Deck</inspType><inspectionTypeI18ns/><recDate>2013-07-09T14:01:13-07:00</recDate><recFulNam>ADMIN</recFulNam><recStatus>A</recStatus><totalScoreOption>SUM(list)</totalScoreOption></inspectionTypeModel><inspectionTypeModel><inspSeqNbr>15</inspSeqNbr><servProvCode>MUNI1</servProvCode><allowFailedGuidesheet>Y</allowFailedGuidesheet><allowMultiInspInAca>Y</allowMultiInspInAca><autoAssign>N</autoAssign><displayInAca>Y</displayInAca><flowEnabled>N</flowEnabled><inspCode>BLD_COMM</inspCode><inspEditable>Y</inspEditable><inspGroupName>BLD Commercial</inspGroupName><inspPriority>8</inspPriority><inspRequired>N</inspRequired><inspResultGroup>BLD_STANDARD</inspResultGroup><inspType>Roof Deck</inspType><inspectionTypeI18ns/><recDate>2013-07-09T14:01:13-07:00</recDate><recFulNam>ADMIN</recFulNam><recStatus>A</recStatus><totalScoreOption>SUM(list)</totalScoreOption></inspectionTypeModel><inspectionTypeModel><inspSeqNbr>16</inspSeqNbr><servProvCode>MUNI1</servProvCode><allowFailedGuidesheet>Y</allowFailedGuidesheet><allowMultiInspInAca>Y</allowMultiInspInAca><autoAssign>N</autoAssign><displayInAca>Y</displayInAca><flowEnabled>N</flowEnabled><inspCode>BLD_COMM</inspCode><inspEditable>Y</inspEditable><inspGroupName>BLD Commercial</inspGroupName><inspPriority>9</inspPriority><inspRequired>N</inspRequired><inspResultGroup>BLD_STANDARD</inspResultGroup><inspType>Partial/Temp Building Final</inspType><inspectionTypeI18ns/><recDate>2013-07-09T14:01:13-07:00</recDate><recFulNam>ADMIN</recFulNam><recStatus>A</recStatus><totalScoreOption>SUM(list)</totalScoreOption></inspectionTypeModel><inspectionTypeModel><inspSeqNbr>17</inspSeqNbr><servProvCode>MUNI1</servProvCode><allowFailedGuidesheet>Y</allowFailedGuidesheet><allowMultiInspInAca>Y</allowMultiInspInAca><autoAssign>N</autoAssign><displayInAca>Y</displayInAca><flowEnabled>N</flowEnabled><inspCode>BLD_COMM</inspCode><inspEditable>Y</inspEditable><inspGroupName>BLD Commercial</inspGroupName><inspPriority>10</inspPriority><inspRequired>N</inspRequired><inspResultGroup>BLD_STANDARD</inspResultGroup><inspType>Building Final</inspType><inspectionTypeI18ns/><recDate>2013-07-09T14:01:13-07:00</recDate><recFulNam>ADMIN</recFulNam><recStatus>A</recStatus><totalScoreOption>SUM(list)</totalScoreOption></inspectionTypeModel><inspectionTypeModel><inspSeqNbr>18</inspSeqNbr><servProvCode>MUNI1</servProvCode><allowFailedGuidesheet>Y</allowFailedGuidesheet><allowMultiInspInAca>Y</allowMultiInspInAca><autoAssign>N</autoAssign><displayInAca>Y</displayInAca><flowEnabled>N</flowEnabled><inspCode>BLD_COMM</inspCode><inspEditable>Y</inspEditable><inspGroupName>BLD Commercial</inspGroupName><inspPriority>16</inspPriority><inspRequired>N</inspRequired><inspResultGroup>BLD_STANDARD</inspResultGroup><inspType>Zoning Final</inspType><inspectionTypeI18ns/><recDate>2013-07-09T14:01:13-07:00</recDate><recFulNam>ADMIN</recFulNam><recStatus>A</recStatus><totalScoreOption>SUM(list)</totalScoreOption></inspectionTypeModel><inspectionTypeModel><inspSeqNbr>19</inspSeqNbr><servProvCode>MUNI1</servProvCode><allowFailedGuidesheet>Y</allowFailedGuidesheet><allowMultiInspInAca>Y</allowMultiInspInAca><autoAssign>N</autoAssign><displayInAca>Y</displayInAca><flowEnabled>N</flowEnabled><inspCode>BLD_COMM</inspCode><inspEditable>Y</inspEditable><inspGroupName>BLD Commercial</inspGroupName><inspPriority>11</inspPriority><inspRequired>N</inspRequired><inspResultGroup>BLD_STANDARD</inspResultGroup><inspType>Fire Final</inspType><inspectionTypeI18ns/><recDate>2013-07-09T14:01:13-07:00</recDate><recFulNam>ADMIN</recFulNam><recStatus>A</recStatus><totalScoreOption>SUM(list)</totalScoreOption></inspectionTypeModel><inspectionTypeModel><inspSeqNbr>20</inspSeqNbr><servProvCode>MUNI1</servProvCode><allowFailedGuidesheet>Y</allowFailedGuidesheet><allowMultiInspInAca>Y</allowMultiInspInAca><autoAssign>N</autoAssign><displayInAca>Y</displayInAca><flowEnabled>N</flowEnabled><inspCode>BLD_COMM</inspCode><inspEditable>Y</inspEditable><inspGroupName>BLD Commercial</inspGroupName><inspPriority>12</inspPriority><inspRequired>N</inspRequired><inspResultGroup>BLD_STANDARD</inspResultGroup><inspType>Health Final</inspType><inspectionTypeI18ns/><recDate>2013-07-09T14:01:13-07:00</recDate><recFulNam>ADMIN</recFulNam><recStatus>A</recStatus><totalScoreOption>SUM(list)</totalScoreOption></inspectionTypeModel><inspectionTypeModel><inspSeqNbr>21</inspSeqNbr><servProvCode>MUNI1</servProvCode><allowFailedGuidesheet>Y</allowFailedGuidesheet><allowMultiInspInAca>Y</allowMultiInspInAca><autoAssign>N</autoAssign><displayInAca>Y</displayInAca><flowEnabled>N</flowEnabled><inspCode>BLD_COMM</inspCode><inspEditable>Y</inspEditable><inspGroupName>BLD Commercial</inspGroupName><inspPriority>15</inspPriority><inspRequired>N</inspRequired><inspResultGroup>BLD_STANDARD</inspResultGroup><inspType>Storm Water Quality Final</inspType><inspectionTypeI18ns/><recDate>2013-07-09T14:01:13-07:00</recDate><recFulNam>ADMIN</recFulNam><recStatus>A</recStatus><totalScoreOption>SUM(list)</totalScoreOption></inspectionTypeModel><inspectionTypeModel><inspSeqNbr>22</inspSeqNbr><servProvCode>MUNI1</servProvCode><allowFailedGuidesheet>Y</allowFailedGuidesheet><allowMultiInspInAca>Y</allowMultiInspInAca><autoAssign>N</autoAssign><displayInAca>Y</displayInAca><flowEnabled>N</flowEnabled><inspCode>BLD_COMM</inspCode><inspEditable>Y</inspEditable><inspGroupName>BLD Commercial</inspGroupName><inspPriority>17</inspPriority><inspRequired>N</inspRequired><inspResultGroup>BLD_STANDARD</inspResultGroup><inspType>Progress Check</inspType><inspectionTypeI18ns/><recDate>2013-07-09T14:01:13-07:00</recDate><recFulNam>ADMIN</recFulNam><recStatus>A</recStatus><totalScoreOption>SUM(list)</totalScoreOption></inspectionTypeModel></inspectionTypeModels><inspectionTypeSecurityModels/><isDepartmentSelected>Y</isDepartmentSelected><isGradeGroupSelected>Y</isGradeGroupSelected><isGuideSheetSelected>Y</isGuideSheetSelected><isRelatedInspSelected>Y</isRelatedInspSelected><isResultGroupSelected>Y</isResultGroupSelected><isSecutirySelected>Y</isSecutirySelected></inspectionGroup>
</list>