<?xml version="1.0" encoding="UTF-8" standalone="yes"?>
<list  version="8.0.0" minorVersion="21" exportUser="ADMIN" exportDateTime="07/28/2016 05:28 AM" description="null"><sharedDropDownListModel><name>BLD_BACKFLOW</name><serviceProviderCode>MUNI1</serviceProviderCode><auditModel><auditDate>2009-07-24T08:12:01-07:00</auditDate><auditID>ADMIN</auditID><auditStatus>A</auditStatus></auditModel><sharedDropDownList><sharedDropDownValue><bdvSeqNbr>2445</bdvSeqNbr><servProvCode>MUNI1</servProvCode><auditModel><auditDate>2009-07-24T08:12:19-07:00</auditDate><auditID>ADMIN</auditID><auditStatus>A</auditStatus></auditModel><bizdomain>BLD_BACKFLOW</bizdomain><bizdomainValue>Double Check Valve</bizdomainValue><resId>14531</resId><sortOrder>0</sortOrder><standardChoiceValueI18NModels/></sharedDropDownValue><sharedDropDownValue><bdvSeqNbr>2446</bdvSeqNbr><servProvCode>MUNI1</servProvCode><auditModel><auditDate>2009-07-24T08:12:32-07:00</auditDate><auditID>ADMIN</auditID><auditStatus>A</auditStatus></auditModel><bizdomain>BLD_BACKFLOW</bizdomain><bizdomainValue>Double Detector Check</bizdomainValue><resId>14532</resId><sortOrder>0</sortOrder><standardChoiceValueI18NModels/></sharedDropDownValue><sharedDropDownValue><bdvSeqNbr>2447</bdvSeqNbr><servProvCode>MUNI1</servProvCode><auditModel><auditDate>2009-07-24T08:12:39-07:00</auditDate><auditID>ADMIN</auditID><auditStatus>A</auditStatus></auditModel><bizdomain>BLD_BACKFLOW</bizdomain><bizdomainValue>Existing</bizdomainValue><resId>14533</resId><sortOrder>0</sortOrder><standardChoiceValueI18NModels/></sharedDropDownValue><sharedDropDownValue><bdvSeqNbr>2448</bdvSeqNbr><servProvCode>MUNI1</servProvCode><auditModel><auditDate>2009-07-24T08:12:50-07:00</auditDate><auditID>ADMIN</auditID><auditStatus>A</auditStatus></auditModel><bizdomain>BLD_BACKFLOW</bizdomain><bizdomainValue>Not Applicable</bizdomainValue><resId>14534</resId><sortOrder>0</sortOrder><standardChoiceValueI18NModels/></sharedDropDownValue><sharedDropDownValue><bdvSeqNbr>2449</bdvSeqNbr><servProvCode>MUNI1</servProvCode><auditModel><auditDate>2009-07-24T08:13:01-07:00</auditDate><auditID>ADMIN</auditID><auditStatus>A</auditStatus></auditModel><bizdomain>BLD_BACKFLOW</bizdomain><bizdomainValue>Reduced Pressure</bizdomainValue><resId>14535</resId><sortOrder>0</sortOrder><standardChoiceValueI18NModels/></sharedDropDownValue><sharedDropDownValue><bdvSeqNbr>2450</bdvSeqNbr><servProvCode>MUNI1</servProvCode><auditModel><auditDate>2009-07-24T08:13:09-07:00</auditDate><auditID>ADMIN</auditID><auditStatus>A</auditStatus></auditModel><bizdomain>BLD_BACKFLOW</bizdomain><bizdomainValue>Unknown</bizdomainValue><resId>14536</resId><sortOrder>0</sortOrder><standardChoiceValueI18NModels/></sharedDropDownValue></sharedDropDownList><type>ShareDropDown</type></sharedDropDownListModel>
<sharedDropDownListModel><name>BLD_USE</name><serviceProviderCode>MUNI1</serviceProviderCode><auditModel><auditDate>2009-10-20T09:25:55-07:00</auditDate><auditID>ADMIN</auditID><auditStatus>A</auditStatus></auditModel><description>Exisiting and Proposed for Building</description><sharedDropDownList><sharedDropDownValue><bdvSeqNbr>2451</bdvSeqNbr><servProvCode>MUNI1</servProvCode><auditModel><auditDate>2009-10-20T09:27:14-07:00</auditDate><auditID>ADMIN</auditID><auditStatus>A</auditStatus></auditModel><bizdomain>BLD_USE</bizdomain><bizdomainValue>1 &amp; 2 Family Residence</bizdomainValue><resId>14619</resId><sortOrder>0</sortOrder><standardChoiceValueI18NModels/></sharedDropDownValue><sharedDropDownValue><bdvSeqNbr>2452</bdvSeqNbr><servProvCode>MUNI1</servProvCode><auditModel><auditDate>2009-10-20T10:39:02-07:00</auditDate><auditID>ADMIN</auditID><auditStatus>A</auditStatus></auditModel><bizdomain>BLD_USE</bizdomain><bizdomainValue>Adult Living Facility</bizdomainValue><resId>14620</resId><sortOrder>0</sortOrder><standardChoiceValueI18NModels/></sharedDropDownValue><sharedDropDownValue><bdvSeqNbr>2453</bdvSeqNbr><servProvCode>MUNI1</servProvCode><auditModel><auditDate>2012-07-01T18:00:46-07:00</auditDate><auditID>ADMIN</auditID><auditStatus>A</auditStatus></auditModel><bizdomain>BLD_USE</bizdomain><bizdomainValue>Apartment</bizdomainValue><resId>14621</resId><sortOrder>0</sortOrder><standardChoiceValueI18NModels/></sharedDropDownValue><sharedDropDownValue><bdvSeqNbr>2454</bdvSeqNbr><servProvCode>MUNI1</servProvCode><auditModel><auditDate>2009-10-20T09:27:52-07:00</auditDate><auditID>ADMIN</auditID><auditStatus>A</auditStatus></auditModel><bizdomain>BLD_USE</bizdomain><bizdomainValue>Auto Parking Structure/Lot</bizdomainValue><resId>14622</resId><sortOrder>0</sortOrder><standardChoiceValueI18NModels/></sharedDropDownValue><sharedDropDownValue><bdvSeqNbr>2455</bdvSeqNbr><servProvCode>MUNI1</servProvCode><auditModel><auditDate>2009-10-20T10:39:08-07:00</auditDate><auditID>ADMIN</auditID><auditStatus>A</auditStatus></auditModel><bizdomain>BLD_USE</bizdomain><bizdomainValue>Church</bizdomainValue><resId>14623</resId><sortOrder>0</sortOrder><standardChoiceValueI18NModels/></sharedDropDownValue><sharedDropDownValue><bdvSeqNbr>2456</bdvSeqNbr><servProvCode>MUNI1</servProvCode><auditModel><auditDate>2012-07-01T18:01:12-07:00</auditDate><auditID>ADMIN</auditID><auditStatus>A</auditStatus></auditModel><bizdomain>BLD_USE</bizdomain><bizdomainValue>Condominium</bizdomainValue><sortOrder>0</sortOrder><standardChoiceValueI18NModels/></sharedDropDownValue><sharedDropDownValue><bdvSeqNbr>2457</bdvSeqNbr><servProvCode>MUNI1</servProvCode><auditModel><auditDate>2009-10-20T10:40:07-07:00</auditDate><auditID>ADMIN</auditID><auditStatus>A</auditStatus></auditModel><bizdomain>BLD_USE</bizdomain><bizdomainValue>Construction Trailer</bizdomainValue><resId>14624</resId><sortOrder>0</sortOrder><standardChoiceValueI18NModels/></sharedDropDownValue><sharedDropDownValue><bdvSeqNbr>2458</bdvSeqNbr><servProvCode>MUNI1</servProvCode><auditModel><auditDate>2009-10-20T10:38:49-07:00</auditDate><auditID>ADMIN</auditID><auditStatus>A</auditStatus></auditModel><bizdomain>BLD_USE</bizdomain><bizdomainValue>Convalescent Hospital</bizdomainValue><resId>14625</resId><sortOrder>0</sortOrder><standardChoiceValueI18NModels/></sharedDropDownValue><sharedDropDownValue><bdvSeqNbr>2459</bdvSeqNbr><servProvCode>MUNI1</servProvCode><auditModel><auditDate>2009-10-20T10:38:38-07:00</auditDate><auditID>ADMIN</auditID><auditStatus>A</auditStatus></auditModel><bizdomain>BLD_USE</bizdomain><bizdomainValue>Educational</bizdomainValue><resId>14626</resId><sortOrder>0</sortOrder><standardChoiceValueI18NModels/></sharedDropDownValue><sharedDropDownValue><bdvSeqNbr>2460</bdvSeqNbr><servProvCode>MUNI1</servProvCode><auditModel><auditDate>2009-10-20T09:28:30-07:00</auditDate><auditID>ADMIN</auditID><auditStatus>A</auditStatus></auditModel><bizdomain>BLD_USE</bizdomain><bizdomainValue>Factory-Industrial</bizdomainValue><resId>14627</resId><sortOrder>0</sortOrder><standardChoiceValueI18NModels/></sharedDropDownValue><sharedDropDownValue><bdvSeqNbr>2461</bdvSeqNbr><servProvCode>MUNI1</servProvCode><auditModel><auditDate>2009-10-20T10:38:17-07:00</auditDate><auditID>ADMIN</auditID><auditStatus>A</auditStatus></auditModel><bizdomain>BLD_USE</bizdomain><bizdomainValue>Hazardous</bizdomainValue><resId>14628</resId><sortOrder>0</sortOrder><standardChoiceValueI18NModels/></sharedDropDownValue><sharedDropDownValue><bdvSeqNbr>2462</bdvSeqNbr><servProvCode>MUNI1</servProvCode><auditModel><auditDate>2009-10-20T10:37:17-07:00</auditDate><auditID>ADMIN</auditID><auditStatus>A</auditStatus></auditModel><bizdomain>BLD_USE</bizdomain><bizdomainValue>Hospital</bizdomainValue><resId>14629</resId><sortOrder>0</sortOrder><standardChoiceValueI18NModels/></sharedDropDownValue><sharedDropDownValue><bdvSeqNbr>2463</bdvSeqNbr><servProvCode>MUNI1</servProvCode><auditModel><auditDate>2009-10-20T09:29:36-07:00</auditDate><auditID>ADMIN</auditID><auditStatus>A</auditStatus></auditModel><bizdomain>BLD_USE</bizdomain><bizdomainValue>Hotel</bizdomainValue><resId>14630</resId><sortOrder>0</sortOrder><standardChoiceValueI18NModels/></sharedDropDownValue><sharedDropDownValue><bdvSeqNbr>2464</bdvSeqNbr><servProvCode>MUNI1</servProvCode><auditModel><auditDate>2009-10-20T09:27:26-07:00</auditDate><auditID>ADMIN</auditID><auditStatus>A</auditStatus></auditModel><bizdomain>BLD_USE</bizdomain><bizdomainValue>Mobile Home</bizdomainValue><resId>14631</resId><sortOrder>0</sortOrder><standardChoiceValueI18NModels/></sharedDropDownValue><sharedDropDownValue><bdvSeqNbr>2465</bdvSeqNbr><servProvCode>MUNI1</servProvCode><auditModel><auditDate>2009-10-20T09:28:37-07:00</auditDate><auditID>ADMIN</auditID><auditStatus>A</auditStatus></auditModel><bizdomain>BLD_USE</bizdomain><bizdomainValue>Office</bizdomainValue><resId>14632</resId><sortOrder>0</sortOrder><standardChoiceValueI18NModels/></sharedDropDownValue><sharedDropDownValue><bdvSeqNbr>2466</bdvSeqNbr><servProvCode>MUNI1</servProvCode><auditModel><auditDate>2009-10-20T09:29:48-07:00</auditDate><auditID>ADMIN</auditID><auditStatus>A</auditStatus></auditModel><bizdomain>BLD_USE</bizdomain><bizdomainValue>Private Garage</bizdomainValue><resId>14633</resId><sortOrder>0</sortOrder><standardChoiceValueI18NModels/></sharedDropDownValue><sharedDropDownValue><bdvSeqNbr>2467</bdvSeqNbr><servProvCode>MUNI1</servProvCode><auditModel><auditDate>2009-10-20T09:28:47-07:00</auditDate><auditID>ADMIN</auditID><auditStatus>A</auditStatus></auditModel><bizdomain>BLD_USE</bizdomain><bizdomainValue>Repair Garage</bizdomainValue><resId>14634</resId><sortOrder>0</sortOrder><standardChoiceValueI18NModels/></sharedDropDownValue><sharedDropDownValue><bdvSeqNbr>2468</bdvSeqNbr><servProvCode>MUNI1</servProvCode><auditModel><auditDate>2009-10-20T09:28:54-07:00</auditDate><auditID>ADMIN</auditID><auditStatus>A</auditStatus></auditModel><bizdomain>BLD_USE</bizdomain><bizdomainValue>Restaurant</bizdomainValue><resId>14635</resId><sortOrder>0</sortOrder><standardChoiceValueI18NModels/></sharedDropDownValue><sharedDropDownValue><bdvSeqNbr>2469</bdvSeqNbr><servProvCode>MUNI1</servProvCode><auditModel><auditDate>2009-10-20T10:37:00-07:00</auditDate><auditID>ADMIN</auditID><auditStatus>A</auditStatus></auditModel><bizdomain>BLD_USE</bizdomain><bizdomainValue>Retail</bizdomainValue><resId>14636</resId><sortOrder>0</sortOrder><standardChoiceValueI18NModels/></sharedDropDownValue><sharedDropDownValue><bdvSeqNbr>2470</bdvSeqNbr><servProvCode>MUNI1</servProvCode><auditModel><auditDate>2009-10-19T20:00:00-07:00</auditDate><auditID>ADMIN</auditID><auditStatus>A</auditStatus></auditModel><bizdomain>BLD_USE</bizdomain><bizdomainValue>Service Station</bizdomainValue><resId>14637</resId><sortOrder>0</sortOrder><standardChoiceValueI18NModels/></sharedDropDownValue><sharedDropDownValue><bdvSeqNbr>2471</bdvSeqNbr><servProvCode>MUNI1</servProvCode><auditModel><auditDate>2009-10-20T10:37:55-07:00</auditDate><auditID>ADMIN</auditID><auditStatus>A</auditStatus></auditModel><bizdomain>BLD_USE</bizdomain><bizdomainValue>Shell Industrial</bizdomainValue><resId>14638</resId><sortOrder>0</sortOrder><standardChoiceValueI18NModels/></sharedDropDownValue><sharedDropDownValue><bdvSeqNbr>2472</bdvSeqNbr><servProvCode>MUNI1</servProvCode><auditModel><auditDate>2009-10-20T10:38:09-07:00</auditDate><auditID>ADMIN</auditID><auditStatus>A</auditStatus></auditModel><bizdomain>BLD_USE</bizdomain><bizdomainValue>Shell Office</bizdomainValue><resId>14639</resId><sortOrder>0</sortOrder><standardChoiceValueI18NModels/></sharedDropDownValue><sharedDropDownValue><bdvSeqNbr>2473</bdvSeqNbr><servProvCode>MUNI1</servProvCode><auditModel><auditDate>2009-10-20T10:37:46-07:00</auditDate><auditID>ADMIN</auditID><auditStatus>A</auditStatus></auditModel><bizdomain>BLD_USE</bizdomain><bizdomainValue>Shell Retail</bizdomainValue><resId>14640</resId><sortOrder>0</sortOrder><standardChoiceValueI18NModels/></sharedDropDownValue><sharedDropDownValue><bdvSeqNbr>2474</bdvSeqNbr><servProvCode>MUNI1</servProvCode><auditModel><auditDate>2009-10-20T10:38:30-07:00</auditDate><auditID>ADMIN</auditID><auditStatus>A</auditStatus></auditModel><bizdomain>BLD_USE</bizdomain><bizdomainValue>Shell Warehouse</bizdomainValue><resId>14641</resId><sortOrder>0</sortOrder><standardChoiceValueI18NModels/></sharedDropDownValue><sharedDropDownValue><bdvSeqNbr>2475</bdvSeqNbr><servProvCode>MUNI1</servProvCode><auditModel><auditDate>2009-10-20T10:37:26-07:00</auditDate><auditID>ADMIN</auditID><auditStatus>A</auditStatus></auditModel><bizdomain>BLD_USE</bizdomain><bizdomainValue>Theater</bizdomainValue><resId>14642</resId><sortOrder>0</sortOrder><standardChoiceValueI18NModels/></sharedDropDownValue><sharedDropDownValue><bdvSeqNbr>2476</bdvSeqNbr><servProvCode>MUNI1</servProvCode><auditModel><auditDate>2009-10-20T09:26:40-07:00</auditDate><auditID>ADMIN</auditID><auditStatus>A</auditStatus></auditModel><bizdomain>BLD_USE</bizdomain><bizdomainValue>Transit/Bus Shelter</bizdomainValue><resId>14643</resId><sortOrder>0</sortOrder><standardChoiceValueI18NModels/></sharedDropDownValue><sharedDropDownValue><bdvSeqNbr>2477</bdvSeqNbr><servProvCode>MUNI1</servProvCode><auditModel><auditDate>2009-10-20T09:26:18-07:00</auditDate><auditID>ADMIN</auditID><auditStatus>A</auditStatus></auditModel><bizdomain>BLD_USE</bizdomain><bizdomainValue>Vacant Property</bizdomainValue><resId>14644</resId><sortOrder>0</sortOrder><standardChoiceValueI18NModels/></sharedDropDownValue><sharedDropDownValue><bdvSeqNbr>2478</bdvSeqNbr><servProvCode>MUNI1</servProvCode><auditModel><auditDate>2009-10-20T10:39:28-07:00</auditDate><auditID>ADMIN</auditID><auditStatus>A</auditStatus></auditModel><bizdomain>BLD_USE</bizdomain><bizdomainValue>Vehicle Sales &amp; Display</bizdomainValue><resId>14645</resId><sortOrder>0</sortOrder><standardChoiceValueI18NModels/></sharedDropDownValue><sharedDropDownValue><bdvSeqNbr>2479</bdvSeqNbr><servProvCode>MUNI1</servProvCode><auditModel><auditDate>2009-10-20T10:37:10-07:00</auditDate><auditID>ADMIN</auditID><auditStatus>A</auditStatus></auditModel><bizdomain>BLD_USE</bizdomain><bizdomainValue>Vehicle Service</bizdomainValue><resId>14648</resId><sortOrder>0</sortOrder><standardChoiceValueI18NModels/></sharedDropDownValue><sharedDropDownValue><bdvSeqNbr>2480</bdvSeqNbr><servProvCode>MUNI1</servProvCode><auditModel><auditDate>2009-10-20T10:37:33-07:00</auditDate><auditID>ADMIN</auditID><auditStatus>A</auditStatus></auditModel><bizdomain>BLD_USE</bizdomain><bizdomainValue>Warehouse</bizdomainValue><resId>14650</resId><sortOrder>0</sortOrder><standardChoiceValueI18NModels/></sharedDropDownValue></sharedDropDownList><type>ShareDropDown</type></sharedDropDownListModel>
<sharedDropDownListModel><name>BLD_FIRE_SPRINKLER</name><serviceProviderCode>MUNI1</serviceProviderCode><auditModel><auditDate>2011-12-06T17:13:13-08:00</auditDate><auditID>ADMIN</auditID><auditStatus>A</auditStatus></auditModel><sharedDropDownList><sharedDropDownValue><bdvSeqNbr>2481</bdvSeqNbr><servProvCode>MUNI1</servProvCode><auditModel><auditDate>2011-12-06T17:13:29-08:00</auditDate><auditID>ADMIN</auditID><auditStatus>A</auditStatus></auditModel><bizdomain>BLD_FIRE_SPRINKLER</bizdomain><bizdomainValue>FM200</bizdomainValue><sortOrder>10</sortOrder><standardChoiceValueI18NModels/></sharedDropDownValue><sharedDropDownValue><bdvSeqNbr>2482</bdvSeqNbr><servProvCode>MUNI1</servProvCode><auditModel><auditDate>2011-12-06T17:13:49-08:00</auditDate><auditID>ADMIN</auditID><auditStatus>A</auditStatus></auditModel><bizdomain>BLD_FIRE_SPRINKLER</bizdomain><bizdomainValue>NFPA13</bizdomainValue><sortOrder>20</sortOrder><standardChoiceValueI18NModels/></sharedDropDownValue><sharedDropDownValue><bdvSeqNbr>2483</bdvSeqNbr><servProvCode>MUNI1</servProvCode><auditModel><auditDate>2011-12-06T17:14:00-08:00</auditDate><auditID>ADMIN</auditID><auditStatus>A</auditStatus></auditModel><bizdomain>BLD_FIRE_SPRINKLER</bizdomain><bizdomainValue>NFPA13D</bizdomainValue><sortOrder>30</sortOrder><standardChoiceValueI18NModels/></sharedDropDownValue><sharedDropDownValue><bdvSeqNbr>2484</bdvSeqNbr><servProvCode>MUNI1</servProvCode><auditModel><auditDate>2011-12-06T17:14:17-08:00</auditDate><auditID>ADMIN</auditID><auditStatus>A</auditStatus></auditModel><bizdomain>BLD_FIRE_SPRINKLER</bizdomain><bizdomainValue>NFPA13R</bizdomainValue><sortOrder>40</sortOrder><standardChoiceValueI18NModels/></sharedDropDownValue></sharedDropDownList><type>ShareDropDown</type></sharedDropDownListModel>
<sharedDropDownListModel><name>BLD_IRR_METER</name><serviceProviderCode>MUNI1</serviceProviderCode><auditModel><auditDate>2009-07-24T08:01:25-07:00</auditDate><auditID>ADMIN</auditID><auditStatus>A</auditStatus></auditModel><sharedDropDownList><sharedDropDownValue><bdvSeqNbr>2485</bdvSeqNbr><servProvCode>MUNI1</servProvCode><auditModel><auditDate>2009-07-23T20:00:00-07:00</auditDate><auditID>ADMIN</auditID><auditStatus>A</auditStatus></auditModel><bizdomain>BLD_IRR_METER</bizdomain><bizdomainValue>2 - 1 in Mani</bizdomainValue><resId>14582</resId><sortOrder>50</sortOrder><standardChoiceValueI18NModels/></sharedDropDownValue><sharedDropDownValue><bdvSeqNbr>2486</bdvSeqNbr><servProvCode>MUNI1</servProvCode><auditModel><auditDate>2009-07-23T20:00:00-07:00</auditDate><auditID>ADMIN</auditID><auditStatus>A</auditStatus></auditModel><bizdomain>BLD_IRR_METER</bizdomain><bizdomainValue>2 - 2 in Mani</bizdomainValue><resId>14583</resId><sortOrder>60</sortOrder><standardChoiceValueI18NModels/></sharedDropDownValue><sharedDropDownValue><bdvSeqNbr>2487</bdvSeqNbr><servProvCode>MUNI1</servProvCode><auditModel><auditDate>2009-07-23T20:00:00-07:00</auditDate><auditID>ADMIN</auditID><auditStatus>A</auditStatus></auditModel><bizdomain>BLD_IRR_METER</bizdomain><bizdomainValue>3 in Compound</bizdomainValue><resId>14584</resId><sortOrder>70</sortOrder><standardChoiceValueI18NModels/></sharedDropDownValue><sharedDropDownValue><bdvSeqNbr>2488</bdvSeqNbr><servProvCode>MUNI1</servProvCode><auditModel><auditDate>2009-07-24T08:04:55-07:00</auditDate><auditID>ADMIN</auditID><auditStatus>A</auditStatus></auditModel><bizdomain>BLD_IRR_METER</bizdomain><bizdomainValue>3 in Turbo</bizdomainValue><resId>14585</resId><sortOrder>100</sortOrder><standardChoiceValueI18NModels/></sharedDropDownValue><sharedDropDownValue><bdvSeqNbr>2489</bdvSeqNbr><servProvCode>MUNI1</servProvCode><auditModel><auditDate>2009-07-24T08:04:21-07:00</auditDate><auditID>ADMIN</auditID><auditStatus>A</auditStatus></auditModel><bizdomain>BLD_IRR_METER</bizdomain><bizdomainValue>4 in Compound</bizdomainValue><resId>14586</resId><sortOrder>80</sortOrder><standardChoiceValueI18NModels/></sharedDropDownValue><sharedDropDownValue><bdvSeqNbr>2490</bdvSeqNbr><servProvCode>MUNI1</servProvCode><auditModel><auditDate>2009-07-24T08:04:39-07:00</auditDate><auditID>ADMIN</auditID><auditStatus>A</auditStatus></auditModel><bizdomain>BLD_IRR_METER</bizdomain><bizdomainValue>6 in Compound</bizdomainValue><resId>14587</resId><sortOrder>90</sortOrder><standardChoiceValueI18NModels/></sharedDropDownValue><sharedDropDownValue><bdvSeqNbr>2491</bdvSeqNbr><servProvCode>MUNI1</servProvCode><auditModel><auditDate>2009-07-23T20:00:00-07:00</auditDate><auditID>ADMIN</auditID><auditStatus>A</auditStatus></auditModel><bizdomain>BLD_IRR_METER</bizdomain><bizdomainValue>Existing</bizdomainValue><resId>14588</resId><sortOrder>110</sortOrder><standardChoiceValueI18NModels/></sharedDropDownValue><sharedDropDownValue><bdvSeqNbr>2492</bdvSeqNbr><servProvCode>MUNI1</servProvCode><auditModel><auditDate>2009-07-23T20:00:00-07:00</auditDate><auditID>ADMIN</auditID><auditStatus>A</auditStatus></auditModel><bizdomain>BLD_IRR_METER</bizdomain><bizdomainValue>Irrigation - 1 in</bizdomainValue><resId>14589</resId><sortOrder>20</sortOrder><standardChoiceValueI18NModels/></sharedDropDownValue><sharedDropDownValue><bdvSeqNbr>2493</bdvSeqNbr><servProvCode>MUNI1</servProvCode><auditModel><auditDate>2009-07-23T20:00:00-07:00</auditDate><auditID>ADMIN</auditID><auditStatus>A</auditStatus></auditModel><bizdomain>BLD_IRR_METER</bizdomain><bizdomainValue>Irrigation - 1-1/2 in</bizdomainValue><resId>14590</resId><sortOrder>30</sortOrder><standardChoiceValueI18NModels/></sharedDropDownValue><sharedDropDownValue><bdvSeqNbr>2494</bdvSeqNbr><servProvCode>MUNI1</servProvCode><auditModel><auditDate>2009-07-23T20:00:00-07:00</auditDate><auditID>ADMIN</auditID><auditStatus>A</auditStatus></auditModel><bizdomain>BLD_IRR_METER</bizdomain><bizdomainValue>Irrigation - 2 in</bizdomainValue><resId>14591</resId><sortOrder>40</sortOrder><standardChoiceValueI18NModels/></sharedDropDownValue><sharedDropDownValue><bdvSeqNbr>2495</bdvSeqNbr><servProvCode>MUNI1</servProvCode><auditModel><auditDate>2009-07-23T20:00:00-07:00</auditDate><auditID>ADMIN</auditID><auditStatus>A</auditStatus></auditModel><bizdomain>BLD_IRR_METER</bizdomain><bizdomainValue>Irrigation - 5/8 in</bizdomainValue><resId>14592</resId><sortOrder>10</sortOrder><standardChoiceValueI18NModels/></sharedDropDownValue><sharedDropDownValue><bdvSeqNbr>2496</bdvSeqNbr><servProvCode>MUNI1</servProvCode><auditModel><auditDate>2009-07-24T08:11:47-07:00</auditDate><auditID>ADMIN</auditID><auditStatus>A</auditStatus></auditModel><bizdomain>BLD_IRR_METER</bizdomain><bizdomainValue>Not Applicable</bizdomainValue><resId>14593</resId><sortOrder>120</sortOrder><standardChoiceValueI18NModels/></sharedDropDownValue></sharedDropDownList><type>ShareDropDown</type></sharedDropDownListModel>
<sharedDropDownListModel><name>BLD_OCC_CLASS</name><serviceProviderCode>MUNI1</serviceProviderCode><auditModel><auditDate>2009-07-24T07:51:13-07:00</auditDate><auditID>ADMIN</auditID><auditStatus>A</auditStatus></auditModel><sharedDropDownList><sharedDropDownValue><bdvSeqNbr>2497</bdvSeqNbr><servProvCode>MUNI1</servProvCode><auditModel><auditDate>2011-12-06T16:09:09-08:00</auditDate><auditID>ADMIN</auditID><auditStatus>A</auditStatus></auditModel><bizdomain>BLD_OCC_CLASS</bizdomain><bizdomainValue>A-1 Theaters/Concert Halls</bizdomainValue><sortOrder>50</sortOrder><standardChoiceValueI18NModels/></sharedDropDownValue><sharedDropDownValue><bdvSeqNbr>2498</bdvSeqNbr><servProvCode>MUNI1</servProvCode><auditModel><auditDate>2011-12-06T16:09:45-08:00</auditDate><auditID>ADMIN</auditID><auditStatus>A</auditStatus></auditModel><bizdomain>BLD_OCC_CLASS</bizdomain><bizdomainValue>A-2 Nightclub/Restaurant/Bar/Banquet Hall</bizdomainValue><sortOrder>60</sortOrder><standardChoiceValueI18NModels/></sharedDropDownValue><sharedDropDownValue><bdvSeqNbr>2499</bdvSeqNbr><servProvCode>MUNI1</servProvCode><auditModel><auditDate>2011-12-06T16:10:22-08:00</auditDate><auditID>ADMIN</auditID><auditStatus>A</auditStatus></auditModel><bizdomain>BLD_OCC_CLASS</bizdomain><bizdomainValue>A-3 Amusement/Church/Gym/Library/Museum</bizdomainValue><sortOrder>70</sortOrder><standardChoiceValueI18NModels/></sharedDropDownValue><sharedDropDownValue><bdvSeqNbr>2500</bdvSeqNbr><servProvCode>MUNI1</servProvCode><auditModel><auditDate>2011-12-06T16:11:08-08:00</auditDate><auditID>ADMIN</auditID><auditStatus>A</auditStatus></auditModel><bizdomain>BLD_OCC_CLASS</bizdomain><bizdomainValue>A-4 Arena/Spectator Seating</bizdomainValue><sortOrder>80</sortOrder><standardChoiceValueI18NModels/></sharedDropDownValue><sharedDropDownValue><bdvSeqNbr>2501</bdvSeqNbr><servProvCode>MUNI1</servProvCode><auditModel><auditDate>2011-12-06T16:11:50-08:00</auditDate><auditID>ADMIN</auditID><auditStatus>A</auditStatus></auditModel><bizdomain>BLD_OCC_CLASS</bizdomain><bizdomainValue>A-5 Amusement Park/Bleachers/Stadium/Grandstand</bizdomainValue><sortOrder>90</sortOrder><standardChoiceValueI18NModels/></sharedDropDownValue><sharedDropDownValue><bdvSeqNbr>2502</bdvSeqNbr><servProvCode>MUNI1</servProvCode><auditModel><auditDate>2011-12-06T16:12:05-08:00</auditDate><auditID>ADMIN</auditID><auditStatus>A</auditStatus></auditModel><bizdomain>BLD_OCC_CLASS</bizdomain><bizdomainValue>B Business</bizdomainValue><sortOrder>100</sortOrder><standardChoiceValueI18NModels/></sharedDropDownValue><sharedDropDownValue><bdvSeqNbr>2503</bdvSeqNbr><servProvCode>MUNI1</servProvCode><auditModel><auditDate>2011-12-05T23:00:00-08:00</auditDate><auditID>ADMIN</auditID><auditStatus>A</auditStatus></auditModel><bizdomain>BLD_OCC_CLASS</bizdomain><bizdomainValue>E Educational School to 12th Grade/ Child Care (More than 5)</bizdomainValue><sortOrder>110</sortOrder><standardChoiceValueI18NModels/></sharedDropDownValue><sharedDropDownValue><bdvSeqNbr>2504</bdvSeqNbr><servProvCode>MUNI1</servProvCode><auditModel><auditDate>2011-12-05T23:00:00-08:00</auditDate><auditID>ADMIN</auditID><auditStatus>A</auditStatus></auditModel><bizdomain>BLD_OCC_CLASS</bizdomain><bizdomainValue>F-1 Factory Moderate Hazard</bizdomainValue><sortOrder>120</sortOrder><standardChoiceValueI18NModels/></sharedDropDownValue><sharedDropDownValue><bdvSeqNbr>2505</bdvSeqNbr><servProvCode>MUNI1</servProvCode><auditModel><auditDate>2011-12-05T23:00:00-08:00</auditDate><auditID>ADMIN</auditID><auditStatus>A</auditStatus></auditModel><bizdomain>BLD_OCC_CLASS</bizdomain><bizdomainValue>F-2 Factory Low Hazard</bizdomainValue><sortOrder>130</sortOrder><standardChoiceValueI18NModels/></sharedDropDownValue><sharedDropDownValue><bdvSeqNbr>2506</bdvSeqNbr><servProvCode>MUNI1</servProvCode><auditModel><auditDate>2011-12-05T23:00:00-08:00</auditDate><auditID>ADMIN</auditID><auditStatus>A</auditStatus></auditModel><bizdomain>BLD_OCC_CLASS</bizdomain><bizdomainValue>H-1 Hazard Detonation</bizdomainValue><sortOrder>140</sortOrder><standardChoiceValueI18NModels/></sharedDropDownValue><sharedDropDownValue><bdvSeqNbr>2507</bdvSeqNbr><servProvCode>MUNI1</servProvCode><auditModel><auditDate>2011-12-06T16:15:18-08:00</auditDate><auditID>ADMIN</auditID><auditStatus>A</auditStatus></auditModel><bizdomain>BLD_OCC_CLASS</bizdomain><bizdomainValue>H-2 Hazard Air-Born Deflagration</bizdomainValue><sortOrder>150</sortOrder><standardChoiceValueI18NModels/></sharedDropDownValue><sharedDropDownValue><bdvSeqNbr>2508</bdvSeqNbr><servProvCode>MUNI1</servProvCode><auditModel><auditDate>2011-12-06T16:15:49-08:00</auditDate><auditID>ADMIN</auditID><auditStatus>A</auditStatus></auditModel><bizdomain>BLD_OCC_CLASS</bizdomain><bizdomainValue>H-3 Hazard Flamable/Combustible</bizdomainValue><sortOrder>160</sortOrder><standardChoiceValueI18NModels/></sharedDropDownValue><sharedDropDownValue><bdvSeqNbr>2509</bdvSeqNbr><servProvCode>MUNI1</servProvCode><auditModel><auditDate>2011-12-06T16:16:07-08:00</auditDate><auditID>ADMIN</auditID><auditStatus>A</auditStatus></auditModel><bizdomain>BLD_OCC_CLASS</bizdomain><bizdomainValue>H-4 Hazard Health</bizdomainValue><sortOrder>170</sortOrder><standardChoiceValueI18NModels/></sharedDropDownValue><sharedDropDownValue><bdvSeqNbr>2510</bdvSeqNbr><servProvCode>MUNI1</servProvCode><auditModel><auditDate>2011-12-05T23:00:00-08:00</auditDate><auditID>ADMIN</auditID><auditStatus>A</auditStatus></auditModel><bizdomain>BLD_OCC_CLASS</bizdomain><bizdomainValue>H-5 Hazard Semi-Conductors</bizdomainValue><sortOrder>180</sortOrder><standardChoiceValueI18NModels/></sharedDropDownValue><sharedDropDownValue><bdvSeqNbr>2511</bdvSeqNbr><servProvCode>MUNI1</servProvCode><auditModel><auditDate>2011-12-06T16:17:20-08:00</auditDate><auditID>ADMIN</auditID><auditStatus>A</auditStatus></auditModel><bizdomain>BLD_OCC_CLASS</bizdomain><bizdomainValue>I-1 Institutional Rehab/Assisted Living/Group Home</bizdomainValue><sortOrder>190</sortOrder><standardChoiceValueI18NModels/></sharedDropDownValue><sharedDropDownValue><bdvSeqNbr>2512</bdvSeqNbr><servProvCode>MUNI1</servProvCode><auditModel><auditDate>2011-12-06T16:17:47-08:00</auditDate><auditID>ADMIN</auditID><auditStatus>A</auditStatus></auditModel><bizdomain>BLD_OCC_CLASS</bizdomain><bizdomainValue>I-2  Institutional Hospital/Nursing Home</bizdomainValue><sortOrder>200</sortOrder><standardChoiceValueI18NModels/></sharedDropDownValue><sharedDropDownValue><bdvSeqNbr>2513</bdvSeqNbr><servProvCode>MUNI1</servProvCode><auditModel><auditDate>2011-12-05T23:00:00-08:00</auditDate><auditID>ADMIN</auditID><auditStatus>A</auditStatus></auditModel><bizdomain>BLD_OCC_CLASS</bizdomain><bizdomainValue>I-3 Institutional Prisons/Dentention</bizdomainValue><sortOrder>210</sortOrder><standardChoiceValueI18NModels/></sharedDropDownValue><sharedDropDownValue><bdvSeqNbr>2514</bdvSeqNbr><servProvCode>MUNI1</servProvCode><auditModel><auditDate>2011-12-06T16:31:34-08:00</auditDate><auditID>ADMIN</auditID><auditStatus>A</auditStatus></auditModel><bizdomain>BLD_OCC_CLASS</bizdomain><bizdomainValue>I-4 Institutional Day Care (More than 5)</bizdomainValue><sortOrder>220</sortOrder><standardChoiceValueI18NModels/></sharedDropDownValue><sharedDropDownValue><bdvSeqNbr>2515</bdvSeqNbr><servProvCode>MUNI1</servProvCode><auditModel><auditDate>2011-12-05T23:00:00-08:00</auditDate><auditID>ADMIN</auditID><auditStatus>A</auditStatus></auditModel><bizdomain>BLD_OCC_CLASS</bizdomain><bizdomainValue>M Mercantile</bizdomainValue><sortOrder>230</sortOrder><standardChoiceValueI18NModels/></sharedDropDownValue><sharedDropDownValue><bdvSeqNbr>2516</bdvSeqNbr><servProvCode>MUNI1</servProvCode><auditModel><auditDate>2011-12-06T16:33:53-08:00</auditDate><auditID>ADMIN</auditID><auditStatus>A</auditStatus></auditModel><bizdomain>BLD_OCC_CLASS</bizdomain><bizdomainValue>Mixed Occupancy</bizdomainValue><sortOrder>270</sortOrder><standardChoiceValueI18NModels/></sharedDropDownValue><sharedDropDownValue><bdvSeqNbr>2517</bdvSeqNbr><servProvCode>MUNI1</servProvCode><auditModel><auditDate>2011-12-06T16:05:09-08:00</auditDate><auditID>ADMIN</auditID><auditStatus>A</auditStatus></auditModel><bizdomain>BLD_OCC_CLASS</bizdomain><bizdomainValue>R-1 Hotel/Motel/Boarding House/Transient</bizdomainValue><sortOrder>10</sortOrder><standardChoiceValueI18NModels/></sharedDropDownValue><sharedDropDownValue><bdvSeqNbr>2518</bdvSeqNbr><servProvCode>MUNI1</servProvCode><auditModel><auditDate>2011-12-06T16:05:47-08:00</auditDate><auditID>ADMIN</auditID><auditStatus>A</auditStatus></auditModel><bizdomain>BLD_OCC_CLASS</bizdomain><bizdomainValue>R-2 Apartment/Non-Transient Hotel/Convent/Fraternity</bizdomainValue><sortOrder>20</sortOrder><standardChoiceValueI18NModels/></sharedDropDownValue><sharedDropDownValue><bdvSeqNbr>2519</bdvSeqNbr><servProvCode>MUNI1</servProvCode><auditModel><auditDate>2011-12-06T16:07:01-08:00</auditDate><auditID>ADMIN</auditID><auditStatus>A</auditStatus></auditModel><bizdomain>BLD_OCC_CLASS</bizdomain><bizdomainValue>R-3 Single Family/Duplex Residence/Child Care 5 or Less/Congregate Living 15 or Less</bizdomainValue><sortOrder>30</sortOrder><standardChoiceValueI18NModels/></sharedDropDownValue><sharedDropDownValue><bdvSeqNbr>2520</bdvSeqNbr><servProvCode>MUNI1</servProvCode><auditModel><auditDate>2011-12-06T16:08:44-08:00</auditDate><auditID>ADMIN</auditID><auditStatus>A</auditStatus></auditModel><bizdomain>BLD_OCC_CLASS</bizdomain><bizdomainValue>R-4 Residential Assisted Living (5-15)</bizdomainValue><sortOrder>40</sortOrder><standardChoiceValueI18NModels/></sharedDropDownValue><sharedDropDownValue><bdvSeqNbr>2521</bdvSeqNbr><servProvCode>MUNI1</servProvCode><auditModel><auditDate>2011-12-06T16:32:21-08:00</auditDate><auditID>ADMIN</auditID><auditStatus>A</auditStatus></auditModel><bizdomain>BLD_OCC_CLASS</bizdomain><bizdomainValue>S-1 Moderate Hazard Storage</bizdomainValue><sortOrder>250</sortOrder><standardChoiceValueI18NModels/></sharedDropDownValue><sharedDropDownValue><bdvSeqNbr>2522</bdvSeqNbr><servProvCode>MUNI1</servProvCode><auditModel><auditDate>2011-12-06T16:31:56-08:00</auditDate><auditID>ADMIN</auditID><auditStatus>A</auditStatus></auditModel><bizdomain>BLD_OCC_CLASS</bizdomain><bizdomainValue>S-2 Light Hazard Storage</bizdomainValue><sortOrder>240</sortOrder><standardChoiceValueI18NModels/></sharedDropDownValue><sharedDropDownValue><bdvSeqNbr>2523</bdvSeqNbr><servProvCode>MUNI1</servProvCode><auditModel><auditDate>2011-12-06T16:33:31-08:00</auditDate><auditID>ADMIN</auditID><auditStatus>A</auditStatus></auditModel><bizdomain>BLD_OCC_CLASS</bizdomain><bizdomainValue>U Utility Agriculture/Accessory/Fence/Tower</bizdomainValue><sortOrder>260</sortOrder><standardChoiceValueI18NModels/></sharedDropDownValue></sharedDropDownList><type>ShareDropDown</type></sharedDropDownListModel>
<sharedDropDownListModel><name>BLD_CONST_TYPE</name><serviceProviderCode>MUNI1</serviceProviderCode><auditModel><auditDate>2009-07-24T07:38:27-07:00</auditDate><auditID>ADMIN</auditID><auditStatus>A</auditStatus></auditModel><sharedDropDownList><sharedDropDownValue><bdvSeqNbr>2524</bdvSeqNbr><servProvCode>MUNI1</servProvCode><auditModel><auditDate>2011-12-05T23:00:00-08:00</auditDate><auditID>ADMIN</auditID><auditStatus>A</auditStatus></auditModel><bizdomain>BLD_CONST_TYPE</bizdomain><bizdomainValue>I Non-Combustible</bizdomainValue><resId>14537</resId><sortOrder>1</sortOrder><standardChoiceValueI18NModels/></sharedDropDownValue><sharedDropDownValue><bdvSeqNbr>2525</bdvSeqNbr><servProvCode>MUNI1</servProvCode><auditModel><auditDate>2011-12-05T23:00:00-08:00</auditDate><auditID>ADMIN</auditID><auditStatus>A</auditStatus></auditModel><bizdomain>BLD_CONST_TYPE</bizdomain><bizdomainValue>IA Non-Combustible (3 HR)</bizdomainValue><resId>14538</resId><sortOrder>2</sortOrder><standardChoiceValueI18NModels/></sharedDropDownValue><sharedDropDownValue><bdvSeqNbr>2526</bdvSeqNbr><servProvCode>MUNI1</servProvCode><auditModel><auditDate>2011-12-05T23:00:00-08:00</auditDate><auditID>ADMIN</auditID><auditStatus>A</auditStatus></auditModel><bizdomain>BLD_CONST_TYPE</bizdomain><bizdomainValue>IB Non-Combustible (2 HR)</bizdomainValue><resId>14539</resId><sortOrder>3</sortOrder><standardChoiceValueI18NModels/></sharedDropDownValue><sharedDropDownValue><bdvSeqNbr>2527</bdvSeqNbr><servProvCode>MUNI1</servProvCode><auditModel><auditDate>2011-12-05T23:00:00-08:00</auditDate><auditID>ADMIN</auditID><auditStatus>A</auditStatus></auditModel><bizdomain>BLD_CONST_TYPE</bizdomain><bizdomainValue>II Non-Combustible</bizdomainValue><resId>14540</resId><sortOrder>4</sortOrder><standardChoiceValueI18NModels/></sharedDropDownValue><sharedDropDownValue><bdvSeqNbr>2528</bdvSeqNbr><servProvCode>MUNI1</servProvCode><auditModel><auditDate>2011-12-05T23:00:00-08:00</auditDate><auditID>ADMIN</auditID><auditStatus>A</auditStatus></auditModel><bizdomain>BLD_CONST_TYPE</bizdomain><bizdomainValue>IIA Non-Combustible (1 HR)</bizdomainValue><resId>14541</resId><sortOrder>5</sortOrder><standardChoiceValueI18NModels/></sharedDropDownValue><sharedDropDownValue><bdvSeqNbr>2529</bdvSeqNbr><servProvCode>MUNI1</servProvCode><auditModel><auditDate>2011-12-05T23:00:00-08:00</auditDate><auditID>ADMIN</auditID><auditStatus>A</auditStatus></auditModel><bizdomain>BLD_CONST_TYPE</bizdomain><bizdomainValue>IIB Non-Combustible (0 HR)</bizdomainValue><resId>14542</resId><sortOrder>6</sortOrder><standardChoiceValueI18NModels/></sharedDropDownValue><sharedDropDownValue><bdvSeqNbr>2530</bdvSeqNbr><servProvCode>MUNI1</servProvCode><auditModel><auditDate>2011-12-05T23:00:00-08:00</auditDate><auditID>ADMIN</auditID><auditStatus>A</auditStatus></auditModel><bizdomain>BLD_CONST_TYPE</bizdomain><bizdomainValue>III Heavy Timber</bizdomainValue><resId>14543</resId><sortOrder>7</sortOrder><standardChoiceValueI18NModels/></sharedDropDownValue><sharedDropDownValue><bdvSeqNbr>2531</bdvSeqNbr><servProvCode>MUNI1</servProvCode><auditModel><auditDate>2011-12-05T23:00:00-08:00</auditDate><auditID>ADMIN</auditID><auditStatus>A</auditStatus></auditModel><bizdomain>BLD_CONST_TYPE</bizdomain><bizdomainValue>IIIA Mixed (1 HR)</bizdomainValue><resId>14544</resId><sortOrder>8</sortOrder><standardChoiceValueI18NModels/></sharedDropDownValue><sharedDropDownValue><bdvSeqNbr>2532</bdvSeqNbr><servProvCode>MUNI1</servProvCode><auditModel><auditDate>2011-12-05T23:00:00-08:00</auditDate><auditID>ADMIN</auditID><auditStatus>A</auditStatus></auditModel><bizdomain>BLD_CONST_TYPE</bizdomain><bizdomainValue>IIIB Mixed (0 HR)</bizdomainValue><resId>14545</resId><sortOrder>9</sortOrder><standardChoiceValueI18NModels/></sharedDropDownValue><sharedDropDownValue><bdvSeqNbr>2533</bdvSeqNbr><servProvCode>MUNI1</servProvCode><auditModel><auditDate>2011-12-05T23:00:00-08:00</auditDate><auditID>ADMIN</auditID><auditStatus>A</auditStatus></auditModel><bizdomain>BLD_CONST_TYPE</bizdomain><bizdomainValue>IV Heavy Timber</bizdomainValue><resId>14546</resId><sortOrder>10</sortOrder><standardChoiceValueI18NModels/></sharedDropDownValue><sharedDropDownValue><bdvSeqNbr>2534</bdvSeqNbr><servProvCode>MUNI1</servProvCode><auditModel><auditDate>2011-12-05T23:00:00-08:00</auditDate><auditID>ADMIN</auditID><auditStatus>A</auditStatus></auditModel><bizdomain>BLD_CONST_TYPE</bizdomain><bizdomainValue>IV-P Non-Combustible (1 HR)</bizdomainValue><resId>14547</resId><sortOrder>11</sortOrder><standardChoiceValueI18NModels/></sharedDropDownValue><sharedDropDownValue><bdvSeqNbr>2535</bdvSeqNbr><servProvCode>MUNI1</servProvCode><auditModel><auditDate>2011-12-05T23:00:00-08:00</auditDate><auditID>ADMIN</auditID><auditStatus>A</auditStatus></auditModel><bizdomain>BLD_CONST_TYPE</bizdomain><bizdomainValue>IV-U Non-Combustible</bizdomainValue><resId>14548</resId><sortOrder>12</sortOrder><standardChoiceValueI18NModels/></sharedDropDownValue><sharedDropDownValue><bdvSeqNbr>2536</bdvSeqNbr><servProvCode>MUNI1</servProvCode><auditModel><auditDate>2011-12-05T23:00:00-08:00</auditDate><auditID>ADMIN</auditID><auditStatus>A</auditStatus></auditModel><bizdomain>BLD_CONST_TYPE</bizdomain><bizdomainValue>Not Applicable</bizdomainValue><resId>14549</resId><sortOrder>20</sortOrder><standardChoiceValueI18NModels/></sharedDropDownValue><sharedDropDownValue><bdvSeqNbr>2537</bdvSeqNbr><servProvCode>MUNI1</servProvCode><auditModel><auditDate>2011-12-05T23:00:00-08:00</auditDate><auditID>ADMIN</auditID><auditStatus>A</auditStatus></auditModel><bizdomain>BLD_CONST_TYPE</bizdomain><bizdomainValue>Unknown</bizdomainValue><resId>14550</resId><sortOrder>19</sortOrder><standardChoiceValueI18NModels/></sharedDropDownValue><sharedDropDownValue><bdvSeqNbr>2538</bdvSeqNbr><servProvCode>MUNI1</servProvCode><auditModel><auditDate>2011-12-05T23:00:00-08:00</auditDate><auditID>ADMIN</auditID><auditStatus>A</auditStatus></auditModel><bizdomain>BLD_CONST_TYPE</bizdomain><bizdomainValue>V-P Combust &amp; Wood (1 HR)</bizdomainValue><resId>14551</resId><sortOrder>13</sortOrder><standardChoiceValueI18NModels/></sharedDropDownValue><sharedDropDownValue><bdvSeqNbr>2539</bdvSeqNbr><servProvCode>MUNI1</servProvCode><auditModel><auditDate>2011-12-05T23:00:00-08:00</auditDate><auditID>ADMIN</auditID><auditStatus>A</auditStatus></auditModel><bizdomain>BLD_CONST_TYPE</bizdomain><bizdomainValue>V-U Combust &amp; Wood</bizdomainValue><resId>14552</resId><sortOrder>14</sortOrder><standardChoiceValueI18NModels/></sharedDropDownValue><sharedDropDownValue><bdvSeqNbr>2540</bdvSeqNbr><servProvCode>MUNI1</servProvCode><auditModel><auditDate>2011-12-05T23:00:00-08:00</auditDate><auditID>ADMIN</auditID><auditStatus>A</auditStatus></auditModel><bizdomain>BLD_CONST_TYPE</bizdomain><bizdomainValue>VA Any Material (1 HR)</bizdomainValue><resId>14553</resId><sortOrder>17</sortOrder><standardChoiceValueI18NModels/></sharedDropDownValue><sharedDropDownValue><bdvSeqNbr>2541</bdvSeqNbr><servProvCode>MUNI1</servProvCode><auditModel><auditDate>2011-12-05T23:00:00-08:00</auditDate><auditID>ADMIN</auditID><auditStatus>A</auditStatus></auditModel><bizdomain>BLD_CONST_TYPE</bizdomain><bizdomainValue>VB Any Material (0 HR)</bizdomainValue><resId>14554</resId><sortOrder>18</sortOrder><standardChoiceValueI18NModels/></sharedDropDownValue><sharedDropDownValue><bdvSeqNbr>2542</bdvSeqNbr><servProvCode>MUNI1</servProvCode><auditModel><auditDate>2011-12-05T23:00:00-08:00</auditDate><auditID>ADMIN</auditID><auditStatus>A</auditStatus></auditModel><bizdomain>BLD_CONST_TYPE</bizdomain><bizdomainValue>VI-P Wood (1 HR)</bizdomainValue><resId>14555</resId><sortOrder>15</sortOrder><standardChoiceValueI18NModels/></sharedDropDownValue><sharedDropDownValue><bdvSeqNbr>2543</bdvSeqNbr><servProvCode>MUNI1</servProvCode><auditModel><auditDate>2011-12-05T23:00:00-08:00</auditDate><auditID>ADMIN</auditID><auditStatus>A</auditStatus></auditModel><bizdomain>BLD_CONST_TYPE</bizdomain><bizdomainValue>VI-U Wood</bizdomainValue><resId>14556</resId><sortOrder>16</sortOrder><standardChoiceValueI18NModels/></sharedDropDownValue></sharedDropDownList><type>ShareDropDown</type></sharedDropDownListModel>
<sharedDropDownListModel><name>BLD_WATER_METER</name><serviceProviderCode>MUNI1</serviceProviderCode><auditModel><auditDate>2009-07-24T07:41:45-07:00</auditDate><auditID>ADMIN</auditID><auditStatus>A</auditStatus></auditModel><sharedDropDownList><sharedDropDownValue><bdvSeqNbr>2544</bdvSeqNbr><servProvCode>MUNI1</servProvCode><auditModel><auditDate>2009-07-24T07:42:32-07:00</auditDate><auditID>ADMIN</auditID><auditStatus>A</auditStatus></auditModel><bizdomain>BLD_WATER_METER</bizdomain><bizdomainValue>1 1/2 in</bizdomainValue><resId>14651</resId><sortOrder>30</sortOrder><standardChoiceValueI18NModels/></sharedDropDownValue><sharedDropDownValue><bdvSeqNbr>2545</bdvSeqNbr><servProvCode>MUNI1</servProvCode><auditModel><auditDate>2009-07-24T07:42:21-07:00</auditDate><auditID>ADMIN</auditID><auditStatus>A</auditStatus></auditModel><bizdomain>BLD_WATER_METER</bizdomain><bizdomainValue>1 in</bizdomainValue><resId>14652</resId><sortOrder>20</sortOrder><standardChoiceValueI18NModels/></sharedDropDownValue><sharedDropDownValue><bdvSeqNbr>2546</bdvSeqNbr><servProvCode>MUNI1</servProvCode><auditModel><auditDate>2009-07-24T07:42:43-07:00</auditDate><auditID>ADMIN</auditID><auditStatus>A</auditStatus></auditModel><bizdomain>BLD_WATER_METER</bizdomain><bizdomainValue>2 in</bizdomainValue><resId>14653</resId><sortOrder>40</sortOrder><standardChoiceValueI18NModels/></sharedDropDownValue><sharedDropDownValue><bdvSeqNbr>2547</bdvSeqNbr><servProvCode>MUNI1</servProvCode><auditModel><auditDate>2009-07-24T07:42:57-07:00</auditDate><auditID>ADMIN</auditID><auditStatus>A</auditStatus></auditModel><bizdomain>BLD_WATER_METER</bizdomain><bizdomainValue>3 in Compound</bizdomainValue><resId>14654</resId><sortOrder>50</sortOrder><standardChoiceValueI18NModels/></sharedDropDownValue><sharedDropDownValue><bdvSeqNbr>2548</bdvSeqNbr><servProvCode>MUNI1</servProvCode><auditModel><auditDate>2009-07-24T07:45:16-07:00</auditDate><auditID>ADMIN</auditID><auditStatus>A</auditStatus></auditModel><bizdomain>BLD_WATER_METER</bizdomain><bizdomainValue>3 in Turbo</bizdomainValue><resId>14655</resId><sortOrder>80</sortOrder><standardChoiceValueI18NModels/></sharedDropDownValue><sharedDropDownValue><bdvSeqNbr>2549</bdvSeqNbr><servProvCode>MUNI1</servProvCode><auditModel><auditDate>2009-07-24T07:43:56-07:00</auditDate><auditID>ADMIN</auditID><auditStatus>A</auditStatus></auditModel><bizdomain>BLD_WATER_METER</bizdomain><bizdomainValue>4 in Compound</bizdomainValue><resId>14656</resId><sortOrder>60</sortOrder><standardChoiceValueI18NModels/></sharedDropDownValue><sharedDropDownValue><bdvSeqNbr>2550</bdvSeqNbr><servProvCode>MUNI1</servProvCode><auditModel><auditDate>2009-07-24T07:46:13-07:00</auditDate><auditID>ADMIN</auditID><auditStatus>A</auditStatus></auditModel><bizdomain>BLD_WATER_METER</bizdomain><bizdomainValue>4 in Turbo</bizdomainValue><resId>14657</resId><sortOrder>90</sortOrder><standardChoiceValueI18NModels/></sharedDropDownValue><sharedDropDownValue><bdvSeqNbr>2551</bdvSeqNbr><servProvCode>MUNI1</servProvCode><auditModel><auditDate>2009-07-24T07:42:11-07:00</auditDate><auditID>ADMIN</auditID><auditStatus>A</auditStatus></auditModel><bizdomain>BLD_WATER_METER</bizdomain><bizdomainValue>5/8 in</bizdomainValue><resId>14658</resId><sortOrder>10</sortOrder><standardChoiceValueI18NModels/></sharedDropDownValue><sharedDropDownValue><bdvSeqNbr>2552</bdvSeqNbr><servProvCode>MUNI1</servProvCode><auditModel><auditDate>2009-07-24T07:44:35-07:00</auditDate><auditID>ADMIN</auditID><auditStatus>A</auditStatus></auditModel><bizdomain>BLD_WATER_METER</bizdomain><bizdomainValue>6 in Compound</bizdomainValue><resId>14659</resId><sortOrder>70</sortOrder><standardChoiceValueI18NModels/></sharedDropDownValue><sharedDropDownValue><bdvSeqNbr>2553</bdvSeqNbr><servProvCode>MUNI1</servProvCode><auditModel><auditDate>2009-07-24T07:46:30-07:00</auditDate><auditID>ADMIN</auditID><auditStatus>A</auditStatus></auditModel><bizdomain>BLD_WATER_METER</bizdomain><bizdomainValue>6 in Turbo</bizdomainValue><resId>14660</resId><sortOrder>100</sortOrder><standardChoiceValueI18NModels/></sharedDropDownValue><sharedDropDownValue><bdvSeqNbr>2554</bdvSeqNbr><servProvCode>MUNI1</servProvCode><auditModel><auditDate>2009-07-24T07:46:56-07:00</auditDate><auditID>ADMIN</auditID><auditStatus>A</auditStatus></auditModel><bizdomain>BLD_WATER_METER</bizdomain><bizdomainValue>Not Applicable</bizdomainValue><resId>14661</resId><sortOrder>110</sortOrder><standardChoiceValueI18NModels/></sharedDropDownValue></sharedDropDownList><type>ShareDropDown</type></sharedDropDownListModel>
<sharedDropDownListModel><name>BLD_FLOOD_ZONE</name><serviceProviderCode>MUNI1</serviceProviderCode><auditModel><auditDate>2009-10-20T10:21:29-07:00</auditDate><auditID>ADMIN</auditID><auditStatus>A</auditStatus></auditModel><sharedDropDownList><sharedDropDownValue><bdvSeqNbr>2555</bdvSeqNbr><servProvCode>MUNI1</servProvCode><auditModel><auditDate>2009-10-20T10:21:29-07:00</auditDate><auditID>ADMIN</auditID><auditStatus>A</auditStatus></auditModel><bizdomain>BLD_FLOOD_ZONE</bizdomain><bizdomainValue>NAVD A - No Base Flood Elev. Determined</bizdomainValue><resId>14568</resId><sortOrder>0</sortOrder><standardChoiceValueI18NModels/></sharedDropDownValue><sharedDropDownValue><bdvSeqNbr>2556</bdvSeqNbr><servProvCode>MUNI1</servProvCode><auditModel><auditDate>2009-10-20T10:21:29-07:00</auditDate><auditID>ADMIN</auditID><auditStatus>A</auditStatus></auditModel><bizdomain>BLD_FLOOD_ZONE</bizdomain><bizdomainValue>NAVD A99</bizdomainValue><resId>14569</resId><sortOrder>0</sortOrder><standardChoiceValueI18NModels/></sharedDropDownValue><sharedDropDownValue><bdvSeqNbr>2557</bdvSeqNbr><servProvCode>MUNI1</servProvCode><auditModel><auditDate>2009-10-20T10:21:29-07:00</auditDate><auditID>ADMIN</auditID><auditStatus>A</auditStatus></auditModel><bizdomain>BLD_FLOOD_ZONE</bizdomain><bizdomainValue>NAVD AE - Base Flood Elev. Determined</bizdomainValue><resId>14570</resId><sortOrder>0</sortOrder><standardChoiceValueI18NModels/></sharedDropDownValue><sharedDropDownValue><bdvSeqNbr>2558</bdvSeqNbr><servProvCode>MUNI1</servProvCode><auditModel><auditDate>2009-10-20T10:21:29-07:00</auditDate><auditID>ADMIN</auditID><auditStatus>A</auditStatus></auditModel><bizdomain>BLD_FLOOD_ZONE</bizdomain><bizdomainValue>NAVD AH</bizdomainValue><resId>14571</resId><sortOrder>0</sortOrder><standardChoiceValueI18NModels/></sharedDropDownValue><sharedDropDownValue><bdvSeqNbr>2559</bdvSeqNbr><servProvCode>MUNI1</servProvCode><auditModel><auditDate>2009-10-20T10:21:29-07:00</auditDate><auditID>ADMIN</auditID><auditStatus>A</auditStatus></auditModel><bizdomain>BLD_FLOOD_ZONE</bizdomain><bizdomainValue>NAVD AO</bizdomainValue><resId>14572</resId><sortOrder>0</sortOrder><standardChoiceValueI18NModels/></sharedDropDownValue><sharedDropDownValue><bdvSeqNbr>2560</bdvSeqNbr><servProvCode>MUNI1</servProvCode><auditModel><auditDate>2009-10-20T10:21:29-07:00</auditDate><auditID>ADMIN</auditID><auditStatus>A</auditStatus></auditModel><bizdomain>BLD_FLOOD_ZONE</bizdomain><bizdomainValue>NAVD D</bizdomainValue><resId>14573</resId><sortOrder>0</sortOrder><standardChoiceValueI18NModels/></sharedDropDownValue><sharedDropDownValue><bdvSeqNbr>2561</bdvSeqNbr><servProvCode>MUNI1</servProvCode><auditModel><auditDate>2009-10-20T10:21:29-07:00</auditDate><auditID>ADMIN</auditID><auditStatus>A</auditStatus></auditModel><bizdomain>BLD_FLOOD_ZONE</bizdomain><bizdomainValue>NAVD VE Coastal Flooding, Velocity Wave; Elevation</bizdomainValue><resId>14574</resId><sortOrder>0</sortOrder><standardChoiceValueI18NModels/></sharedDropDownValue><sharedDropDownValue><bdvSeqNbr>2562</bdvSeqNbr><servProvCode>MUNI1</servProvCode><auditModel><auditDate>2009-10-20T10:21:29-07:00</auditDate><auditID>ADMIN</auditID><auditStatus>A</auditStatus></auditModel><bizdomain>BLD_FLOOD_ZONE</bizdomain><bizdomainValue>NAVD X - Shaded - Outside 100 Yr Flood</bizdomainValue><resId>14575</resId><sortOrder>0</sortOrder><standardChoiceValueI18NModels/></sharedDropDownValue><sharedDropDownValue><bdvSeqNbr>2563</bdvSeqNbr><servProvCode>MUNI1</servProvCode><auditModel><auditDate>2009-10-20T10:21:29-07:00</auditDate><auditID>ADMIN</auditID><auditStatus>A</auditStatus></auditModel><bizdomain>BLD_FLOOD_ZONE</bizdomain><bizdomainValue>NAVD X Unshaded - Outside 500 Yr Flood</bizdomainValue><resId>14576</resId><sortOrder>0</sortOrder><standardChoiceValueI18NModels/></sharedDropDownValue></sharedDropDownList><type>ShareDropDown</type></sharedDropDownListModel>
<sharedDropDownListModel><name>BLD_DEMO_POWER</name><serviceProviderCode>MUNI1</serviceProviderCode><auditModel><auditDate>2013-03-31T16:59:24-07:00</auditDate><auditID>ADMIN</auditID><auditStatus>A</auditStatus></auditModel><description>Power connection type</description><sharedDropDownList><sharedDropDownValue><bdvSeqNbr>2564</bdvSeqNbr><servProvCode>MUNI1</servProvCode><auditModel><auditDate>2013-03-31T17:00:05-07:00</auditDate><auditID>ADMIN</auditID><auditStatus>A</auditStatus></auditModel><bizdomain>BLD_DEMO_POWER</bizdomain><bizdomainValue>Electricity</bizdomainValue><sortOrder>1</sortOrder><standardChoiceValueI18NModels/></sharedDropDownValue><sharedDropDownValue><bdvSeqNbr>2565</bdvSeqNbr><servProvCode>MUNI1</servProvCode><auditModel><auditDate>2013-03-31T17:00:05-07:00</auditDate><auditID>ADMIN</auditID><auditStatus>A</auditStatus></auditModel><bizdomain>BLD_DEMO_POWER</bizdomain><bizdomainValue>Electricity/Home Heating Oil</bizdomainValue><sortOrder>2</sortOrder><standardChoiceValueI18NModels/></sharedDropDownValue><sharedDropDownValue><bdvSeqNbr>2566</bdvSeqNbr><servProvCode>MUNI1</servProvCode><auditModel><auditDate>2013-03-31T17:00:23-07:00</auditDate><auditID>ADMIN</auditID><auditStatus>A</auditStatus></auditModel><bizdomain>BLD_DEMO_POWER</bizdomain><bizdomainValue>Electricity/Natural Gas</bizdomainValue><sortOrder>3</sortOrder><standardChoiceValueI18NModels/></sharedDropDownValue><sharedDropDownValue><bdvSeqNbr>2567</bdvSeqNbr><servProvCode>MUNI1</servProvCode><auditModel><auditDate>2013-03-31T17:00:39-07:00</auditDate><auditID>ADMIN</auditID><auditStatus>A</auditStatus></auditModel><bizdomain>BLD_DEMO_POWER</bizdomain><bizdomainValue>Electricity/Propane</bizdomainValue><sortOrder>4</sortOrder><standardChoiceValueI18NModels/></sharedDropDownValue><sharedDropDownValue><bdvSeqNbr>2568</bdvSeqNbr><servProvCode>MUNI1</servProvCode><auditModel><auditDate>2013-03-31T17:00:52-07:00</auditDate><auditID>ADMIN</auditID><auditStatus>A</auditStatus></auditModel><bizdomain>BLD_DEMO_POWER</bizdomain><bizdomainValue>Home Heating Oil</bizdomainValue><sortOrder>5</sortOrder><standardChoiceValueI18NModels/></sharedDropDownValue><sharedDropDownValue><bdvSeqNbr>2569</bdvSeqNbr><servProvCode>MUNI1</servProvCode><auditModel><auditDate>2013-03-31T17:01:05-07:00</auditDate><auditID>ADMIN</auditID><auditStatus>A</auditStatus></auditModel><bizdomain>BLD_DEMO_POWER</bizdomain><bizdomainValue>Natural Gas</bizdomainValue><sortOrder>6</sortOrder><standardChoiceValueI18NModels/></sharedDropDownValue><sharedDropDownValue><bdvSeqNbr>2570</bdvSeqNbr><servProvCode>MUNI1</servProvCode><auditModel><auditDate>2013-03-31T17:01:26-07:00</auditDate><auditID>ADMIN</auditID><auditStatus>A</auditStatus></auditModel><bizdomain>BLD_DEMO_POWER</bizdomain><bizdomainValue>No Connection</bizdomainValue><sortOrder>8</sortOrder><standardChoiceValueI18NModels/></sharedDropDownValue><sharedDropDownValue><bdvSeqNbr>2571</bdvSeqNbr><servProvCode>MUNI1</servProvCode><auditModel><auditDate>2013-03-31T17:01:15-07:00</auditDate><auditID>ADMIN</auditID><auditStatus>A</auditStatus></auditModel><bizdomain>BLD_DEMO_POWER</bizdomain><bizdomainValue>Propane</bizdomainValue><sortOrder>7</sortOrder><standardChoiceValueI18NModels/></sharedDropDownValue></sharedDropDownList><type>ShareDropDown</type></sharedDropDownListModel>
<sharedDropDownListModel><name>BLD_DEMO_REASON</name><serviceProviderCode>MUNI1</serviceProviderCode><auditModel><auditDate>2013-03-31T16:52:09-07:00</auditDate><auditID>ADMIN</auditID><auditStatus>A</auditStatus></auditModel><description>Reason for demolition</description><sharedDropDownList><sharedDropDownValue><bdvSeqNbr>2572</bdvSeqNbr><servProvCode>MUNI1</servProvCode><auditModel><auditDate>2013-03-31T16:52:34-07:00</auditDate><auditID>ADMIN</auditID><auditStatus>A</auditStatus></auditModel><bizdomain>BLD_DEMO_REASON</bizdomain><bizdomainValue>Abandoned or Eliminated</bizdomainValue><sortOrder>0</sortOrder><standardChoiceValueI18NModels/></sharedDropDownValue><sharedDropDownValue><bdvSeqNbr>2573</bdvSeqNbr><servProvCode>MUNI1</servProvCode><auditModel><auditDate>2013-03-31T16:52:48-07:00</auditDate><auditID>ADMIN</auditID><auditStatus>A</auditStatus></auditModel><bizdomain>BLD_DEMO_REASON</bizdomain><bizdomainValue>Building New Replacement Structure</bizdomainValue><sortOrder>0</sortOrder><standardChoiceValueI18NModels/></sharedDropDownValue><sharedDropDownValue><bdvSeqNbr>2574</bdvSeqNbr><servProvCode>MUNI1</servProvCode><auditModel><auditDate>2013-03-31T16:52:59-07:00</auditDate><auditID>ADMIN</auditID><auditStatus>A</auditStatus></auditModel><bizdomain>BLD_DEMO_REASON</bizdomain><bizdomainValue>Dangerous Building</bizdomainValue><sortOrder>0</sortOrder><standardChoiceValueI18NModels/></sharedDropDownValue><sharedDropDownValue><bdvSeqNbr>2575</bdvSeqNbr><servProvCode>MUNI1</servProvCode><auditModel><auditDate>2013-03-31T16:53:06-07:00</auditDate><auditID>ADMIN</auditID><auditStatus>A</auditStatus></auditModel><bizdomain>BLD_DEMO_REASON</bizdomain><bizdomainValue>Dry Rot</bizdomainValue><sortOrder>0</sortOrder><standardChoiceValueI18NModels/></sharedDropDownValue><sharedDropDownValue><bdvSeqNbr>2576</bdvSeqNbr><servProvCode>MUNI1</servProvCode><auditModel><auditDate>2013-03-31T16:53:13-07:00</auditDate><auditID>ADMIN</auditID><auditStatus>A</auditStatus></auditModel><bizdomain>BLD_DEMO_REASON</bizdomain><bizdomainValue>Fire</bizdomainValue><sortOrder>0</sortOrder><standardChoiceValueI18NModels/></sharedDropDownValue><sharedDropDownValue><bdvSeqNbr>2577</bdvSeqNbr><servProvCode>MUNI1</servProvCode><auditModel><auditDate>2013-03-31T16:53:23-07:00</auditDate><auditID>ADMIN</auditID><auditStatus>A</auditStatus></auditModel><bizdomain>BLD_DEMO_REASON</bizdomain><bizdomainValue>Future Remodel</bizdomainValue><sortOrder>0</sortOrder><standardChoiceValueI18NModels/></sharedDropDownValue><sharedDropDownValue><bdvSeqNbr>2578</bdvSeqNbr><servProvCode>MUNI1</servProvCode><auditModel><auditDate>2013-03-31T16:53:32-07:00</auditDate><auditID>ADMIN</auditID><auditStatus>A</auditStatus></auditModel><bizdomain>BLD_DEMO_REASON</bizdomain><bizdomainValue>Interior Only</bizdomainValue><sortOrder>0</sortOrder><standardChoiceValueI18NModels/></sharedDropDownValue><sharedDropDownValue><bdvSeqNbr>2579</bdvSeqNbr><servProvCode>MUNI1</servProvCode><auditModel><auditDate>2013-03-31T16:53:51-07:00</auditDate><auditID>ADMIN</auditID><auditStatus>A</auditStatus></auditModel><bizdomain>BLD_DEMO_REASON</bizdomain><bizdomainValue>No Longer Needed or Used</bizdomainValue><sortOrder>0</sortOrder><standardChoiceValueI18NModels/></sharedDropDownValue><sharedDropDownValue><bdvSeqNbr>2580</bdvSeqNbr><servProvCode>MUNI1</servProvCode><auditModel><auditDate>2013-03-31T16:54:01-07:00</auditDate><auditID>ADMIN</auditID><auditStatus>A</auditStatus></auditModel><bizdomain>BLD_DEMO_REASON</bizdomain><bizdomainValue>Other</bizdomainValue><sortOrder>0</sortOrder><standardChoiceValueI18NModels/></sharedDropDownValue><sharedDropDownValue><bdvSeqNbr>2581</bdvSeqNbr><servProvCode>MUNI1</servProvCode><auditModel><auditDate>2013-03-31T16:54:14-07:00</auditDate><auditID>ADMIN</auditID><auditStatus>A</auditStatus></auditModel><bizdomain>BLD_DEMO_REASON</bizdomain><bizdomainValue>Required by Code Enforcement</bizdomainValue><sortOrder>0</sortOrder><standardChoiceValueI18NModels/></sharedDropDownValue><sharedDropDownValue><bdvSeqNbr>2582</bdvSeqNbr><servProvCode>MUNI1</servProvCode><auditModel><auditDate>2013-03-31T16:54:35-07:00</auditDate><auditID>ADMIN</auditID><auditStatus>A</auditStatus></auditModel><bizdomain>BLD_DEMO_REASON</bizdomain><bizdomainValue>Substandard/Hazardous</bizdomainValue><sortOrder>0</sortOrder><standardChoiceValueI18NModels/></sharedDropDownValue></sharedDropDownList><type>ShareDropDown</type></sharedDropDownListModel>
<sharedDropDownListModel><name>BLD_DEMO_WASTE_WTR</name><serviceProviderCode>MUNI1</serviceProviderCode><auditModel><auditDate>2013-03-31T16:56:35-07:00</auditDate><auditID>ADMIN</auditID><auditStatus>A</auditStatus></auditModel><description>Waste water connection type</description><sharedDropDownList><sharedDropDownValue><bdvSeqNbr>2583</bdvSeqNbr><servProvCode>MUNI1</servProvCode><auditModel><auditDate>2013-03-31T16:57:19-07:00</auditDate><auditID>ADMIN</auditID><auditStatus>A</auditStatus></auditModel><bizdomain>BLD_DEMO_WASTE_WTR</bizdomain><bizdomainValue>City Sewer</bizdomainValue><sortOrder>1</sortOrder><standardChoiceValueI18NModels/></sharedDropDownValue><sharedDropDownValue><bdvSeqNbr>2584</bdvSeqNbr><servProvCode>MUNI1</servProvCode><auditModel><auditDate>2013-03-31T16:57:19-07:00</auditDate><auditID>ADMIN</auditID><auditStatus>A</auditStatus></auditModel><bizdomain>BLD_DEMO_WASTE_WTR</bizdomain><bizdomainValue>No Connection</bizdomainValue><sortOrder>3</sortOrder><standardChoiceValueI18NModels/></sharedDropDownValue><sharedDropDownValue><bdvSeqNbr>2585</bdvSeqNbr><servProvCode>MUNI1</servProvCode><auditModel><auditDate>2013-03-31T16:57:19-07:00</auditDate><auditID>ADMIN</auditID><auditStatus>A</auditStatus></auditModel><bizdomain>BLD_DEMO_WASTE_WTR</bizdomain><bizdomainValue>Septic System</bizdomainValue><sortOrder>2</sortOrder><standardChoiceValueI18NModels/></sharedDropDownValue></sharedDropDownList><type>ShareDropDown</type></sharedDropDownListModel>
<sharedDropDownListModel><name>BLD_DEMO_WATER</name><serviceProviderCode>MUNI1</serviceProviderCode><auditModel><auditDate>2013-03-31T16:57:48-07:00</auditDate><auditID>ADMIN</auditID><auditStatus>A</auditStatus></auditModel><description>Water connection type</description><sharedDropDownList><sharedDropDownValue><bdvSeqNbr>2586</bdvSeqNbr><servProvCode>MUNI1</servProvCode><auditModel><auditDate>2013-03-31T16:58:34-07:00</auditDate><auditID>ADMIN</auditID><auditStatus>A</auditStatus></auditModel><bizdomain>BLD_DEMO_WATER</bizdomain><bizdomainValue>City Water</bizdomainValue><sortOrder>1</sortOrder><standardChoiceValueI18NModels/></sharedDropDownValue><sharedDropDownValue><bdvSeqNbr>2587</bdvSeqNbr><servProvCode>MUNI1</servProvCode><auditModel><auditDate>2013-03-31T16:58:34-07:00</auditDate><auditID>ADMIN</auditID><auditStatus>A</auditStatus></auditModel><bizdomain>BLD_DEMO_WATER</bizdomain><bizdomainValue>City Water/Well</bizdomainValue><sortOrder>2</sortOrder><standardChoiceValueI18NModels/></sharedDropDownValue><sharedDropDownValue><bdvSeqNbr>2588</bdvSeqNbr><servProvCode>MUNI1</servProvCode><auditModel><auditDate>2013-03-31T16:58:45-07:00</auditDate><auditID>ADMIN</auditID><auditStatus>A</auditStatus></auditModel><bizdomain>BLD_DEMO_WATER</bizdomain><bizdomainValue>No Connection</bizdomainValue><sortOrder>4</sortOrder><standardChoiceValueI18NModels/></sharedDropDownValue><sharedDropDownValue><bdvSeqNbr>2589</bdvSeqNbr><servProvCode>MUNI1</servProvCode><auditModel><auditDate>2013-03-31T16:58:34-07:00</auditDate><auditID>ADMIN</auditID><auditStatus>A</auditStatus></auditModel><bizdomain>BLD_DEMO_WATER</bizdomain><bizdomainValue>Well</bizdomainValue><sortOrder>3</sortOrder><standardChoiceValueI18NModels/></sharedDropDownValue></sharedDropDownList><type>ShareDropDown</type></sharedDropDownListModel>
<sharedDropDownListModel><name>BLD_PLAN_TYPE</name><serviceProviderCode>MUNI1</serviceProviderCode><auditModel><auditDate>2011-12-06T17:36:38-08:00</auditDate><auditID>ADMIN</auditID><auditStatus>A</auditStatus></auditModel><sharedDropDownList><sharedDropDownValue><bdvSeqNbr>2659</bdvSeqNbr><servProvCode>MUNI1</servProvCode><auditModel><auditDate>2011-12-06T17:37:05-08:00</auditDate><auditID>ADMIN</auditID><auditStatus>A</auditStatus></auditModel><bizdomain>BLD_PLAN_TYPE</bizdomain><bizdomainValue>Architectural</bizdomainValue><sortOrder>20</sortOrder><standardChoiceValueI18NModels/></sharedDropDownValue><sharedDropDownValue><bdvSeqNbr>2660</bdvSeqNbr><servProvCode>MUNI1</servProvCode><auditModel><auditDate>2011-12-06T17:36:52-08:00</auditDate><auditID>ADMIN</auditID><auditStatus>A</auditStatus></auditModel><bizdomain>BLD_PLAN_TYPE</bizdomain><bizdomainValue>Civil</bizdomainValue><sortOrder>10</sortOrder><standardChoiceValueI18NModels/></sharedDropDownValue><sharedDropDownValue><bdvSeqNbr>2661</bdvSeqNbr><servProvCode>MUNI1</servProvCode><auditModel><auditDate>2011-12-05T23:00:00-08:00</auditDate><auditID>ADMIN</auditID><auditStatus>A</auditStatus></auditModel><bizdomain>BLD_PLAN_TYPE</bizdomain><bizdomainValue>Electrical</bizdomainValue><sortOrder>50</sortOrder><standardChoiceValueI18NModels/></sharedDropDownValue><sharedDropDownValue><bdvSeqNbr>2662</bdvSeqNbr><servProvCode>MUNI1</servProvCode><auditModel><auditDate>2011-12-06T17:38:39-08:00</auditDate><auditID>ADMIN</auditID><auditStatus>A</auditStatus></auditModel><bizdomain>BLD_PLAN_TYPE</bizdomain><bizdomainValue>Fire Assembly</bizdomainValue><sortOrder>80</sortOrder><standardChoiceValueI18NModels/></sharedDropDownValue><sharedDropDownValue><bdvSeqNbr>2663</bdvSeqNbr><servProvCode>MUNI1</servProvCode><auditModel><auditDate>2011-12-06T17:38:25-08:00</auditDate><auditID>ADMIN</auditID><auditStatus>A</auditStatus></auditModel><bizdomain>BLD_PLAN_TYPE</bizdomain><bizdomainValue>Fire Site</bizdomainValue><sortOrder>70</sortOrder><standardChoiceValueI18NModels/></sharedDropDownValue><sharedDropDownValue><bdvSeqNbr>2665</bdvSeqNbr><servProvCode>MUNI1</servProvCode><auditModel><auditDate>2011-12-06T17:38:50-08:00</auditDate><auditID>ADMIN</auditID><auditStatus>A</auditStatus></auditModel><bizdomain>BLD_PLAN_TYPE</bizdomain><bizdomainValue>Health</bizdomainValue><sortOrder>90</sortOrder><standardChoiceValueI18NModels/></sharedDropDownValue><sharedDropDownValue><bdvSeqNbr>2664</bdvSeqNbr><servProvCode>MUNI1</servProvCode><auditModel><auditDate>2011-12-06T17:37:14-08:00</auditDate><auditID>ADMIN</auditID><auditStatus>A</auditStatus></auditModel><bizdomain>BLD_PLAN_TYPE</bizdomain><bizdomainValue>HVAC</bizdomainValue><sortOrder>30</sortOrder><standardChoiceValueI18NModels/></sharedDropDownValue><sharedDropDownValue><bdvSeqNbr>2666</bdvSeqNbr><servProvCode>MUNI1</servProvCode><auditModel><auditDate>2011-12-06T17:37:58-08:00</auditDate><auditID>ADMIN</auditID><auditStatus>A</auditStatus></auditModel><bizdomain>BLD_PLAN_TYPE</bizdomain><bizdomainValue>Hydro</bizdomainValue><sortOrder>60</sortOrder><standardChoiceValueI18NModels/></sharedDropDownValue><sharedDropDownValue><bdvSeqNbr>2667</bdvSeqNbr><servProvCode>MUNI1</servProvCode><auditModel><auditDate>2011-12-06T17:37:33-08:00</auditDate><auditID>ADMIN</auditID><auditStatus>A</auditStatus></auditModel><bizdomain>BLD_PLAN_TYPE</bizdomain><bizdomainValue>Plumbing</bizdomainValue><sortOrder>40</sortOrder><standardChoiceValueI18NModels/></sharedDropDownValue><sharedDropDownValue><bdvSeqNbr>2668</bdvSeqNbr><servProvCode>MUNI1</servProvCode><auditModel><auditDate>2011-12-06T17:39:01-08:00</auditDate><auditID>ADMIN</auditID><auditStatus>A</auditStatus></auditModel><bizdomain>BLD_PLAN_TYPE</bizdomain><bizdomainValue>Water</bizdomainValue><sortOrder>100</sortOrder><standardChoiceValueI18NModels/></sharedDropDownValue></sharedDropDownList><type>ShareDropDown</type></sharedDropDownListModel>
</list>