<?xml version="1.0" encoding="UTF-8" standalone="yes"?>
<list  version="8.0.0" minorVersion="21" exportUser="ADMIN" exportDateTime="07/28/2016 05:28 AM" description="null"><virProcess><r1ProcessCode>BLD_COMM</r1ProcessCode><servProvCode>MUNI1</servProvCode><isEmailSettringSelected>Y</isEmailSettringSelected><isSecuritySelected>Y</isSecuritySelected><processEMailSettingModels><processEMailSettingModel><noteID>21</noteID><processName>BLD_COMM</processName><serviceProviderCode>MUNI1</serviceProviderCode><b3contactFlag>N</b3contactFlag><contactRelation>Applicant</contactRelation><contentsCode>BLD_ACCEPTED</contentsCode><distributionFlag>N</distributionFlag><docCategory>Email</docCategory><docGroup>PMT</docGroup><edmsLocation>ADS</edmsLocation><edmsObject>CAP</edmsObject><mediaFlag>0</mediaFlag><recDate>2014-05-19T13:03:32-07:00</recDate><recFulNam>ADMIN</recFulNam><recStatus>A</recStatus><sdAppDes>Accepted - Plan Review Req</sdAppDes><sdProDes>Application Submittal</sdProDes></processEMailSettingModel><processEMailSettingModel><noteID>22</noteID><processName>BLD_COMM</processName><serviceProviderCode>MUNI1</serviceProviderCode><b3contactFlag>N</b3contactFlag><contactRelation>Applicant</contactRelation><contentsCode>BLD_READY</contentsCode><distributionFlag>N</distributionFlag><docCategory>Email</docCategory><docGroup>PMT</docGroup><edmsLocation>ADS</edmsLocation><edmsObject>CAP</edmsObject><mediaFlag>0</mediaFlag><recDate>2014-05-19T13:03:32-07:00</recDate><recFulNam>ADMIN</recFulNam><recStatus>A</recStatus><sdAppDes>Accepted - Plan Review Not Req</sdAppDes><sdProDes>Application Submittal</sdProDes></processEMailSettingModel><processEMailSettingModel><noteID>23</noteID><processName>BLD_COMM</processName><serviceProviderCode>MUNI1</serviceProviderCode><b3contactFlag>N</b3contactFlag><contactRelation>Applicant</contactRelation><contentsCode>BLD_REVISIONS</contentsCode><distributionFlag>N</distributionFlag><docCategory>Email</docCategory><docGroup>PMT</docGroup><edmsLocation>ADS</edmsLocation><edmsObject>CAP</edmsObject><mediaFlag>0</mediaFlag><recDate>2014-05-19T13:03:32-07:00</recDate><recFulNam>ADMIN</recFulNam><recStatus>A</recStatus><sdAppDes>Revisions Required</sdAppDes><sdProDes>Plans Coordination</sdProDes></processEMailSettingModel><processEMailSettingModel><noteID>24</noteID><processName>BLD_COMM</processName><serviceProviderCode>MUNI1</serviceProviderCode><b3contactFlag>N</b3contactFlag><contactRelation>Applicant</contactRelation><contentsCode>BLD_READY</contentsCode><distributionFlag>N</distributionFlag><docCategory>Email</docCategory><docGroup>PMT</docGroup><edmsLocation>ADS</edmsLocation><edmsObject>CAP</edmsObject><mediaFlag>0</mediaFlag><recDate>2014-05-19T13:03:32-07:00</recDate><recFulNam>ADMIN</recFulNam><recStatus>A</recStatus><sdAppDes>Ready to Issue</sdAppDes><sdProDes>Plans Coordination</sdProDes></processEMailSettingModel><processEMailSettingModel><noteID>25</noteID><processName>BLD_COMM</processName><serviceProviderCode>MUNI1</serviceProviderCode><b3contactFlag>N</b3contactFlag><contactRelation>Applicant</contactRelation><contentsCode>BLD_ISSUED</contentsCode><distributionFlag>N</distributionFlag><docCategory>Email</docCategory><docGroup>PMT</docGroup><edmsLocation>ADS</edmsLocation><edmsObject>CAP</edmsObject><mediaFlag>0</mediaFlag><recDate>2014-05-19T13:03:32-07:00</recDate><recFulNam>ADMIN</recFulNam><recStatus>A</recStatus><sdAppDes>Issued</sdAppDes><sdProDes>Permit Issuance</sdProDes></processEMailSettingModel><processEMailSettingModel><noteID>26</noteID><processName>BLD_COMM</processName><serviceProviderCode>MUNI1</serviceProviderCode><b3contactFlag>N</b3contactFlag><contactRelation>Applicant</contactRelation><contentsCode>BLD_CO</contentsCode><distributionFlag>N</distributionFlag><docCategory>Email</docCategory><docGroup>PMT</docGroup><edmsLocation>ADS</edmsLocation><edmsObject>CAP</edmsObject><mediaFlag>0</mediaFlag><recDate>2014-05-27T15:48:54-07:00</recDate><recFulNam>ADMIN</recFulNam><recStatus>A</recStatus><sdAppDes>Final CO Issued</sdAppDes><sdProDes>Certificate of Occupancy</sdProDes></processEMailSettingModel><processEMailSettingModel><noteID>27</noteID><processName>BLD_COMM</processName><serviceProviderCode>MUNI1</serviceProviderCode><b3contactFlag>N</b3contactFlag><contactRelation>Applicant</contactRelation><contentsCode>BLD_TCO</contentsCode><distributionFlag>N</distributionFlag><docCategory>Email</docCategory><docGroup>PMT</docGroup><edmsLocation>ADS</edmsLocation><edmsObject>CAP</edmsObject><mediaFlag>0</mediaFlag><recDate>2014-05-27T15:49:49-07:00</recDate><recFulNam>ADMIN</recFulNam><recStatus>A</recStatus><sdAppDes>Temp CO Issued</sdAppDes><sdProDes>Inspection</sdProDes></processEMailSettingModel><processEMailSettingModel><noteID>28</noteID><processName>BLD_COMM</processName><serviceProviderCode>MUNI1</serviceProviderCode><b3contactFlag>N</b3contactFlag><contactRelation>Applicant</contactRelation><contentsCode>BLD_FINALED</contentsCode><distributionFlag>N</distributionFlag><docCategory>Email</docCategory><docGroup>PMT</docGroup><edmsLocation>ADS</edmsLocation><edmsObject>CAP</edmsObject><mediaFlag>0</mediaFlag><recDate>2014-05-27T15:50:27-07:00</recDate><recFulNam>ADMIN</recFulNam><recStatus>A</recStatus><sdAppDes>Final Inspection Complete</sdAppDes><sdProDes>Inspection</sdProDes></processEMailSettingModel><processEMailSettingModel><noteID>29</noteID><processName>BLD_COMM</processName><serviceProviderCode>MUNI1</serviceProviderCode><b3contactFlag>N</b3contactFlag><contactRelation>Applicant</contactRelation><contentsCode>BLD_EXPIRED</contentsCode><distributionFlag>N</distributionFlag><docCategory>Email</docCategory><docGroup>PMT</docGroup><edmsLocation>ADS</edmsLocation><edmsObject>CAP</edmsObject><mediaFlag>0</mediaFlag><recDate>2014-05-27T15:52:39-07:00</recDate><recFulNam>ADMIN</recFulNam><recStatus>A</recStatus><sdAppDes>Expired</sdAppDes><sdProDes>Inspection</sdProDes></processEMailSettingModel></processEMailSettingModels><processModels><processModel><r1ProcessCode>BLD_COMM</r1ProcessCode><sdStpNum>1</sdStpNum><servProvCode>MUNI1</servProvCode><asgnAgencyCode>BUILDING</asgnAgencyCode><asgnBureauCode>NA</asgnBureauCode><asgnDivisionCode>NA</asgnDivisionCode><asgnGroupCode>NA</asgnGroupCode><asgnOfficeCode>NA</asgnOfficeCode><asgnSectionCode>NA</asgnSectionCode><auditModel><auditDate>2013-04-07T17:23:45-07:00</auditDate><auditID>Accela Administrator</auditID><auditStatus>A</auditStatus></auditModel><calendarId>72</calendarId><displayInAca>Y</displayInAca><estimatedHours>0</estimatedHours><hoursSpentRequired>N</hoursSpentRequired><sdChkLv5>A</sdChkLv5><sdDueDay>1</sdDueDay><sdNxtId1>023013000000000</sdNxtId1><sdProDes>Application Submittal</sdProDes><sdProId1>010000000000000</sdProId1></processModel><processModel><r1ProcessCode>BLD_COMM</r1ProcessCode><sdStpNum>2</sdStpNum><servProvCode>MUNI1</servProvCode><asgnAgencyCode>BUILDING</asgnAgencyCode><asgnBureauCode>NA</asgnBureauCode><asgnDivisionCode>NA</asgnDivisionCode><asgnGroupCode>NA</asgnGroupCode><asgnOfficeCode>NA</asgnOfficeCode><asgnSectionCode>NA</asgnSectionCode><auditModel><auditDate>2013-04-07T17:23:45-07:00</auditDate><auditID>Accela Administrator</auditID><auditStatus>A</auditStatus></auditModel><calendarId>72</calendarId><displayInAca>Y</displayInAca><estimatedHours>0</estimatedHours><hoursSpentRequired>N</hoursSpentRequired><sdChkLv5>A</sdChkLv5><sdDueDay>5</sdDueDay><sdNxtId1>022000000000000</sdNxtId1><sdProDes>Building Review</sdProDes><sdProId1>021001000000000</sdProId1></processModel><processModel><r1ProcessCode>BLD_COMM</r1ProcessCode><sdStpNum>3</sdStpNum><servProvCode>MUNI1</servProvCode><asgnAgencyCode>BUILDING</asgnAgencyCode><asgnBureauCode>NA</asgnBureauCode><asgnDivisionCode>NA</asgnDivisionCode><asgnGroupCode>NA</asgnGroupCode><asgnOfficeCode>NA</asgnOfficeCode><asgnSectionCode>NA</asgnSectionCode><auditModel><auditDate>2013-04-07T17:23:45-07:00</auditDate><auditID>Accela Administrator</auditID><auditStatus>A</auditStatus></auditModel><calendarId>72</calendarId><displayInAca>Y</displayInAca><estimatedHours>0</estimatedHours><hoursSpentRequired>N</hoursSpentRequired><sdChkLv5>A</sdChkLv5><sdDueDay>5</sdDueDay><sdNxtId1>022000000000000</sdNxtId1><sdProDes>Fire Review</sdProDes><sdProId1>021001000000000</sdProId1></processModel><processModel><r1ProcessCode>BLD_COMM</r1ProcessCode><sdStpNum>4</sdStpNum><servProvCode>MUNI1</servProvCode><asgnAgencyCode>BUILDING</asgnAgencyCode><asgnBureauCode>NA</asgnBureauCode><asgnDivisionCode>NA</asgnDivisionCode><asgnGroupCode>NA</asgnGroupCode><asgnOfficeCode>NA</asgnOfficeCode><asgnSectionCode>NA</asgnSectionCode><auditModel><auditDate>2013-04-07T17:23:45-07:00</auditDate><auditID>Accela Administrator</auditID><auditStatus>A</auditStatus></auditModel><calendarId>72</calendarId><displayInAca>Y</displayInAca><estimatedHours>0</estimatedHours><hoursSpentRequired>N</hoursSpentRequired><sdChkLv5>A</sdChkLv5><sdDueDay>5</sdDueDay><sdNxtId1>022000000000000</sdNxtId1><sdProDes>Planning Review</sdProDes><sdProId1>021001000000000</sdProId1></processModel><processModel><r1ProcessCode>BLD_COMM</r1ProcessCode><sdStpNum>5</sdStpNum><servProvCode>MUNI1</servProvCode><asgnAgencyCode>BUILDING</asgnAgencyCode><asgnBureauCode>NA</asgnBureauCode><asgnDivisionCode>NA</asgnDivisionCode><asgnGroupCode>NA</asgnGroupCode><asgnOfficeCode>NA</asgnOfficeCode><asgnSectionCode>NA</asgnSectionCode><auditModel><auditDate>2013-04-07T17:23:45-07:00</auditDate><auditID>Accela Administrator</auditID><auditStatus>A</auditStatus></auditModel><calendarId>72</calendarId><displayInAca>Y</displayInAca><estimatedHours>0</estimatedHours><hoursSpentRequired>N</hoursSpentRequired><sdChkLv5>A</sdChkLv5><sdDueDay>5</sdDueDay><sdNxtId1>022000000000000</sdNxtId1><sdProDes>Public Works Review</sdProDes><sdProId1>021001000000000</sdProId1></processModel><processModel><r1ProcessCode>BLD_COMM</r1ProcessCode><sdStpNum>6</sdStpNum><servProvCode>MUNI1</servProvCode><asgnAgencyCode>BUILDING</asgnAgencyCode><asgnBureauCode>NA</asgnBureauCode><asgnDivisionCode>NA</asgnDivisionCode><asgnGroupCode>NA</asgnGroupCode><asgnOfficeCode>NA</asgnOfficeCode><asgnSectionCode>NA</asgnSectionCode><auditModel><auditDate>2013-04-07T17:23:45-07:00</auditDate><auditID>Accela Administrator</auditID><auditStatus>A</auditStatus></auditModel><calendarId>72</calendarId><displayInAca>Y</displayInAca><estimatedHours>0</estimatedHours><hoursSpentRequired>N</hoursSpentRequired><sdChkLv5>A</sdChkLv5><sdDueDay>5</sdDueDay><sdNxtId1>022000000000000</sdNxtId1><sdProDes>Utilities Review</sdProDes><sdProId1>021001000000000</sdProId1></processModel><processModel><r1ProcessCode>BLD_COMM</r1ProcessCode><sdStpNum>7</sdStpNum><servProvCode>MUNI1</servProvCode><asgnAgencyCode>BUILDING</asgnAgencyCode><asgnBureauCode>NA</asgnBureauCode><asgnDivisionCode>NA</asgnDivisionCode><asgnGroupCode>NA</asgnGroupCode><asgnOfficeCode>NA</asgnOfficeCode><asgnSectionCode>NA</asgnSectionCode><auditModel><auditDate>2013-04-07T17:23:45-07:00</auditDate><auditID>Accela Administrator</auditID><auditStatus>A</auditStatus></auditModel><calendarId>72</calendarId><displayInAca>Y</displayInAca><estimatedHours>0</estimatedHours><hoursSpentRequired>N</hoursSpentRequired><sdChkLv5>A</sdChkLv5><sdDueDay>5</sdDueDay><sdNxtId1>022000000000000</sdNxtId1><sdProDes>Arborist Review</sdProDes><sdProId1>021001000000000</sdProId1></processModel><processModel><r1ProcessCode>BLD_COMM</r1ProcessCode><sdStpNum>8</sdStpNum><servProvCode>MUNI1</servProvCode><asgnAgencyCode>BUILDING</asgnAgencyCode><asgnBureauCode>NA</asgnBureauCode><asgnDivisionCode>NA</asgnDivisionCode><asgnGroupCode>NA</asgnGroupCode><asgnOfficeCode>NA</asgnOfficeCode><asgnSectionCode>NA</asgnSectionCode><auditModel><auditDate>2013-04-07T17:23:45-07:00</auditDate><auditID>Accela Administrator</auditID><auditStatus>A</auditStatus></auditModel><calendarId>72</calendarId><displayInAca>Y</displayInAca><estimatedHours>0</estimatedHours><hoursSpentRequired>N</hoursSpentRequired><sdChkLv5>A</sdChkLv5><sdDueDay>2</sdDueDay><sdNxtId1>023013000000000</sdNxtId1><sdProDes>Plans Coordination</sdProDes><sdProId1>022000000000000</sdProId1></processModel><processModel><r1ProcessCode>BLD_COMM</r1ProcessCode><sdStpNum>9</sdStpNum><servProvCode>MUNI1</servProvCode><asgnAgencyCode>BUILDING</asgnAgencyCode><asgnBureauCode>NA</asgnBureauCode><asgnDivisionCode>NA</asgnDivisionCode><asgnGroupCode>NA</asgnGroupCode><asgnOfficeCode>NA</asgnOfficeCode><asgnSectionCode>NA</asgnSectionCode><auditModel><auditDate>2013-04-07T17:23:45-07:00</auditDate><auditID>Accela Administrator</auditID><auditStatus>A</auditStatus></auditModel><calendarId>72</calendarId><displayInAca>Y</displayInAca><estimatedHours>0</estimatedHours><hoursSpentRequired>N</hoursSpentRequired><sdChkLv5>A</sdChkLv5><sdDueDay>2</sdDueDay><sdNxtId1>025000000000000</sdNxtId1><sdProDes>Permit Issuance</sdProDes><sdProId1>023000000000000</sdProId1></processModel><processModel><r1ProcessCode>BLD_COMM</r1ProcessCode><sdStpNum>10</sdStpNum><servProvCode>MUNI1</servProvCode><asgnAgencyCode>BUILDING</asgnAgencyCode><asgnBureauCode>NA</asgnBureauCode><asgnDivisionCode>NA</asgnDivisionCode><asgnGroupCode>NA</asgnGroupCode><asgnOfficeCode>NA</asgnOfficeCode><asgnSectionCode>NA</asgnSectionCode><auditModel><auditDate>2014-05-27T15:56:23-07:00</auditDate><auditID>Accela Administrator</auditID><auditStatus>A</auditStatus></auditModel><calendarId>72</calendarId><displayInAca>Y</displayInAca><estimatedHours>0</estimatedHours><hoursSpentRequired>N</hoursSpentRequired><sdChkLv5>A</sdChkLv5><sdDueDay>0</sdDueDay><sdNxtId1>027000000000000</sdNxtId1><sdProDes>Inspection</sdProDes><sdProId1>025000000000000</sdProId1></processModel><processModel><r1ProcessCode>BLD_COMM</r1ProcessCode><sdStpNum>13</sdStpNum><servProvCode>MUNI1</servProvCode><asgnAgencyCode>BUILDING</asgnAgencyCode><asgnBureauCode>NA</asgnBureauCode><asgnDivisionCode>NA</asgnDivisionCode><asgnGroupCode>NA</asgnGroupCode><asgnOfficeCode>NA</asgnOfficeCode><asgnSectionCode>NA</asgnSectionCode><auditModel><auditDate>2013-04-07T17:23:45-07:00</auditDate><auditID>Accela Administrator</auditID><auditStatus>A</auditStatus></auditModel><calendarId>72</calendarId><displayInAca>Y</displayInAca><estimatedHours>0</estimatedHours><hoursSpentRequired>N</hoursSpentRequired><sdChkLv5>A</sdChkLv5><sdDueDay>0</sdDueDay><sdNxtId1>000000000000000</sdNxtId1><sdProDes>Certificate of Occupancy</sdProDes><sdProId1>027000000000000</sdProId1></processModel><processModel><r1ProcessCode>BLD_COMM</r1ProcessCode><sdStpNum>14</sdStpNum><servProvCode>MUNI1</servProvCode><asgnAgencyCode>BUILDING</asgnAgencyCode><asgnBureauCode>NA</asgnBureauCode><asgnDivisionCode>NA</asgnDivisionCode><asgnGroupCode>NA</asgnGroupCode><asgnOfficeCode>NA</asgnOfficeCode><asgnSectionCode>NA</asgnSectionCode><auditModel><auditDate>2013-04-07T17:23:45-07:00</auditDate><auditID>Accela Administrator</auditID><auditStatus>A</auditStatus></auditModel><calendarId>72</calendarId><displayInAca>Y</displayInAca><estimatedHours>0</estimatedHours><hoursSpentRequired>N</hoursSpentRequired><sdChkLv5>A</sdChkLv5><sdDueDay>2</sdDueDay><sdNxtId1>021000000000000</sdNxtId1><sdProDes>Plans Distribution</sdProDes><sdProId1>013000000000000</sdProId1></processModel></processModels><processSecurityModels/><r3statypModels><r3statyp><r3ActStatCod>PMT055</r3ActStatCod><r3ProcessCode>BLD_COMM</r3ProcessCode><servProvCode>MUNI1</servProvCode><applicationStatus>Plan Review</applicationStatus><displayInAca>Y</displayInAca><r3ActStatDes>Routed for Review</r3ActStatDes><r3ActStatFlg>Y</r3ActStatFlg><r3ActTypeDes>Plans Distribution</r3ActTypeDes><r3MouClockAction>No Action</r3MouClockAction><recDate>2011-11-01T17:03:04-07:00</recDate><recFulNam>ADMIN</recFulNam><recStatus>A</recStatus><refTaskStatusI18NModels/></r3statyp><r3statyp><r3ActStatCod>PMT056</r3ActStatCod><r3ProcessCode>BLD_COMM</r3ProcessCode><servProvCode>MUNI1</servProvCode><displayInAca>Y</displayInAca><r3ActStatDes>Note</r3ActStatDes><r3ActStatFlg>U</r3ActStatFlg><r3ActTypeDes>Plans Distribution</r3ActTypeDes><r3MouClockAction>No Action</r3MouClockAction><recDate>2011-11-01T13:27:59-07:00</recDate><recFulNam>ADMIN</recFulNam><recStatus>A</recStatus><refTaskStatusI18NModels/></r3statyp><r3statyp><r3ActStatCod>PMT350</r3ActStatCod><r3ProcessCode>BLD_COMM</r3ProcessCode><servProvCode>MUNI1</servProvCode><displayInAca>Y</displayInAca><r3ActStatDes>Approved</r3ActStatDes><r3ActStatFlg>Y</r3ActStatFlg><r3ActTypeDes>Arborist Review</r3ActTypeDes><r3MouClockAction>No Action</r3MouClockAction><recDate>2011-11-01T12:38:46-07:00</recDate><recFulNam>ADMIN</recFulNam><recStatus>A</recStatus><refTaskStatusI18NModels/></r3statyp><r3statyp><r3ActStatCod>PMT360</r3ActStatCod><r3ProcessCode>BLD_COMM</r3ProcessCode><servProvCode>MUNI1</servProvCode><displayInAca>Y</displayInAca><r3ActStatDes>Approved w/Comments</r3ActStatDes><r3ActStatFlg>Y</r3ActStatFlg><r3ActTypeDes>Arborist Review</r3ActTypeDes><r3MouClockAction>No Action</r3MouClockAction><recDate>2011-11-01T12:39:18-07:00</recDate><recFulNam>ADMIN</recFulNam><recStatus>A</recStatus><refTaskStatusI18NModels/></r3statyp><r3statyp><r3ActStatCod>PMT370</r3ActStatCod><r3ProcessCode>BLD_COMM</r3ProcessCode><servProvCode>MUNI1</servProvCode><displayInAca>Y</displayInAca><r3ActStatDes>Not Required</r3ActStatDes><r3ActStatFlg>Y</r3ActStatFlg><r3ActTypeDes>Arborist Review</r3ActTypeDes><r3MouClockAction>No Action</r3MouClockAction><recDate>2011-11-01T12:39:35-07:00</recDate><recFulNam>ADMIN</recFulNam><recStatus>A</recStatus><refTaskStatusI18NModels/></r3statyp><r3statyp><r3ActStatCod>PMT380</r3ActStatCod><r3ProcessCode>BLD_COMM</r3ProcessCode><servProvCode>MUNI1</servProvCode><displayInAca>Y</displayInAca><r3ActStatDes>Note</r3ActStatDes><r3ActStatFlg>U</r3ActStatFlg><r3ActTypeDes>Arborist Review</r3ActTypeDes><r3MouClockAction>No Action</r3MouClockAction><recDate>2011-11-01T12:39:43-07:00</recDate><recFulNam>ADMIN</recFulNam><recStatus>A</recStatus><refTaskStatusI18NModels/></r3statyp><r3statyp><r3ActStatCod>PMT390</r3ActStatCod><r3ProcessCode>BLD_COMM</r3ProcessCode><servProvCode>MUNI1</servProvCode><displayInAca>Y</displayInAca><r3ActStatDes>Revisions Required</r3ActStatDes><r3ActStatFlg>Y</r3ActStatFlg><r3ActTypeDes>Arborist Review</r3ActTypeDes><r3MouClockAction>No Action</r3MouClockAction><recDate>2011-11-01T12:40:01-07:00</recDate><recFulNam>ADMIN</recFulNam><recStatus>A</recStatus><refTaskStatusI18NModels/></r3statyp><r3statyp><r3ActStatCod>PMT410</r3ActStatCod><r3ProcessCode>BLD_COMM</r3ProcessCode><servProvCode>MUNI1</servProvCode><displayInAca>Y</displayInAca><r3ActStatDes>Note</r3ActStatDes><r3ActStatFlg>U</r3ActStatFlg><r3ActTypeDes>Plans Coordination</r3ActTypeDes><r3MouClockAction>No Action</r3MouClockAction><recDate>2011-11-01T12:41:16-07:00</recDate><recFulNam>ADMIN</recFulNam><recStatus>A</recStatus><refTaskStatusI18NModels/></r3statyp><r3statyp><r3ActStatCod>PMT420</r3ActStatCod><r3ProcessCode>BLD_COMM</r3ProcessCode><servProvCode>MUNI1</servProvCode><applicationStatus>Ready to Issue</applicationStatus><displayInAca>Y</displayInAca><r3ActStatDes>Ready to Issue</r3ActStatDes><r3ActStatFlg>Y</r3ActStatFlg><r3ActTypeDes>Plans Coordination</r3ActTypeDes><r3MouClockAction>No Action</r3MouClockAction><recDate>2011-11-01T12:41:37-07:00</recDate><recFulNam>ADMIN</recFulNam><recStatus>A</recStatus><refTaskStatusI18NModels/></r3statyp><r3statyp><r3ActStatCod>PMT430</r3ActStatCod><r3ProcessCode>BLD_COMM</r3ProcessCode><servProvCode>MUNI1</servProvCode><applicationStatus>Issued</applicationStatus><displayInAca>Y</displayInAca><r3ActStatDes>Issued</r3ActStatDes><r3ActStatFlg>Y</r3ActStatFlg><r3ActTypeDes>Permit Issuance</r3ActTypeDes><r3MouClockAction>No Action</r3MouClockAction><recDate>2013-02-14T09:06:12-08:00</recDate><recFulNam>ADMIN</recFulNam><recStatus>A</recStatus><refTaskStatusI18NModels/></r3statyp><r3statyp><r3ActStatCod>PMT440</r3ActStatCod><r3ProcessCode>BLD_COMM</r3ProcessCode><servProvCode>MUNI1</servProvCode><displayInAca>Y</displayInAca><r3ActStatDes>Note</r3ActStatDes><r3ActStatFlg>U</r3ActStatFlg><r3ActTypeDes>Permit Issuance</r3ActTypeDes><r3MouClockAction>No Action</r3MouClockAction><recDate>2011-11-01T12:42:33-07:00</recDate><recFulNam>ADMIN</recFulNam><recStatus>A</recStatus><refTaskStatusI18NModels/></r3statyp><r3statyp><r3ActStatCod>PMT450</r3ActStatCod><r3ProcessCode>BLD_COMM</r3ProcessCode><servProvCode>MUNI1</servProvCode><applicationStatus>Finaled</applicationStatus><displayInAca>Y</displayInAca><r3ActStatDes>Final Inspection Complete</r3ActStatDes><r3ActStatFlg>Y</r3ActStatFlg><r3ActTypeDes>Inspection</r3ActTypeDes><r3MouClockAction>No Action</r3MouClockAction><recDate>2011-12-22T14:20:21-08:00</recDate><recFulNam>ADMIN</recFulNam><recStatus>A</recStatus><refTaskStatusI18NModels/></r3statyp><r3statyp><r3ActStatCod>PMT480</r3ActStatCod><r3ProcessCode>BLD_COMM</r3ProcessCode><servProvCode>MUNI1</servProvCode><displayInAca>Y</displayInAca><r3ActStatDes>Note</r3ActStatDes><r3ActStatFlg>U</r3ActStatFlg><r3ActTypeDes>Inspection</r3ActTypeDes><r3MouClockAction>No Action</r3MouClockAction><recDate>2011-11-01T12:49:54-07:00</recDate><recFulNam>ADMIN</recFulNam><recStatus>A</recStatus><refTaskStatusI18NModels/></r3statyp><r3statyp><r3ActStatCod>PMT490</r3ActStatCod><r3ProcessCode>BLD_COMM</r3ProcessCode><servProvCode>MUNI1</servProvCode><applicationStatus>TCO Issued</applicationStatus><displayInAca>Y</displayInAca><r3ActStatDes>Temp CO Issued</r3ActStatDes><r3ActStatFlg>U</r3ActStatFlg><r3ActTypeDes>Inspection</r3ActTypeDes><r3MouClockAction>No Action</r3MouClockAction><recDate>2011-11-01T12:53:07-07:00</recDate><recFulNam>ADMIN</recFulNam><recStatus>A</recStatus><refTaskStatusI18NModels/></r3statyp><r3statyp><r3ActStatCod>PMT500</r3ActStatCod><r3ProcessCode>BLD_COMM</r3ProcessCode><servProvCode>MUNI1</servProvCode><applicationStatus>CofO Issued</applicationStatus><displayInAca>Y</displayInAca><r3ActStatDes>Final CO Issued</r3ActStatDes><r3ActStatFlg>Y</r3ActStatFlg><r3ActTypeDes>Certificate of Occupancy</r3ActTypeDes><r3MouClockAction>No Action</r3MouClockAction><recDate>2011-11-01T12:53:56-07:00</recDate><recFulNam>ADMIN</recFulNam><recStatus>A</recStatus><refTaskStatusI18NModels/></r3statyp><r3statyp><r3ActStatCod>PMT510</r3ActStatCod><r3ProcessCode>BLD_COMM</r3ProcessCode><servProvCode>MUNI1</servProvCode><displayInAca>Y</displayInAca><r3ActStatDes>Not Required</r3ActStatDes><r3ActStatFlg>Y</r3ActStatFlg><r3ActTypeDes>Certificate of Occupancy</r3ActTypeDes><r3MouClockAction>No Action</r3MouClockAction><recDate>2011-11-01T12:54:17-07:00</recDate><recFulNam>ADMIN</recFulNam><recStatus>A</recStatus><refTaskStatusI18NModels/></r3statyp><r3statyp><r3ActStatCod>PMT520</r3ActStatCod><r3ProcessCode>BLD_COMM</r3ProcessCode><servProvCode>MUNI1</servProvCode><displayInAca>Y</displayInAca><r3ActStatDes>Note</r3ActStatDes><r3ActStatFlg>U</r3ActStatFlg><r3ActTypeDes>Certificate of Occupancy</r3ActTypeDes><r3MouClockAction>No Action</r3MouClockAction><recDate>2011-11-01T12:54:37-07:00</recDate><recFulNam>ADMIN</recFulNam><recStatus>A</recStatus><refTaskStatusI18NModels/></r3statyp><r3statyp><r3ActStatCod>PMTC010</r3ActStatCod><r3ProcessCode>BLD_COMM</r3ProcessCode><servProvCode>MUNI1</servProvCode><applicationStatus>Ready to Issue</applicationStatus><displayInAca>Y</displayInAca><r3ActStatDes>Accepted - Plan Review Not Req</r3ActStatDes><r3ActStatFlg>Y</r3ActStatFlg><r3ActTypeDes>Application Submittal</r3ActTypeDes><r3MouClockAction>No Action</r3MouClockAction><recDate>2013-03-20T15:44:46-07:00</recDate><recFulNam>Accela Administrator</recFulNam><recStatus>A</recStatus><refTaskStatusI18NModels/></r3statyp><r3statyp><r3ActStatCod>PMTC020</r3ActStatCod><r3ProcessCode>BLD_COMM</r3ProcessCode><servProvCode>MUNI1</servProvCode><displayInAca>Y</displayInAca><r3ActStatDes>Accepted - Plan Review Req</r3ActStatDes><r3ActStatFlg>B</r3ActStatFlg><r3ActTypeDes>Application Submittal</r3ActTypeDes><r3MouClockAction>No Action</r3MouClockAction><recDate>2013-03-20T15:44:46-07:00</recDate><recFulNam>Accela Administrator</recFulNam><recStatus>A</recStatus><refTaskStatusI18NModels/></r3statyp><r3statyp><r3ActStatCod>PMTC030</r3ActStatCod><r3ProcessCode>BLD_COMM</r3ProcessCode><servProvCode>MUNI1</servProvCode><displayInAca>Y</displayInAca><r3ActStatDes>Note</r3ActStatDes><r3ActStatFlg>U</r3ActStatFlg><r3ActTypeDes>Application Submittal</r3ActTypeDes><r3MouClockAction>No Action</r3MouClockAction><recDate>2011-11-01T12:16:52-07:00</recDate><recFulNam>ADMIN</recFulNam><recStatus>A</recStatus><refTaskStatusI18NModels/></r3statyp><r3statyp><r3ActStatCod>PMTC040</r3ActStatCod><r3ProcessCode>BLD_COMM</r3ProcessCode><servProvCode>MUNI1</servProvCode><applicationStatus>Revisions Received</applicationStatus><displayInAca>Y</displayInAca><r3ActStatDes>Revisions Received</r3ActStatDes><r3ActStatFlg>U</r3ActStatFlg><r3ActTypeDes>Plans Distribution</r3ActTypeDes><r3MouClockAction>No Action</r3MouClockAction><recDate>2011-11-01T13:28:25-07:00</recDate><recFulNam>ADMIN</recFulNam><recStatus>A</recStatus><refTaskStatusI18NModels/></r3statyp><r3statyp><r3ActStatCod>PMTC050</r3ActStatCod><r3ProcessCode>BLD_COMM</r3ProcessCode><servProvCode>MUNI1</servProvCode><displayInAca>Y</displayInAca><r3ActStatDes>Approved</r3ActStatDes><r3ActStatFlg>Y</r3ActStatFlg><r3ActTypeDes>Building Review</r3ActTypeDes><r3MouClockAction>No Action</r3MouClockAction><recDate>2011-11-01T12:17:37-07:00</recDate><recFulNam>ADMIN</recFulNam><recStatus>A</recStatus><refTaskStatusI18NModels/></r3statyp><r3statyp><r3ActStatCod>PMTC060</r3ActStatCod><r3ProcessCode>BLD_COMM</r3ProcessCode><servProvCode>MUNI1</servProvCode><displayInAca>Y</displayInAca><r3ActStatDes>Approved w/Comments</r3ActStatDes><r3ActStatFlg>Y</r3ActStatFlg><r3ActTypeDes>Building Review</r3ActTypeDes><r3MouClockAction>No Action</r3MouClockAction><recDate>2011-11-01T12:17:58-07:00</recDate><recFulNam>ADMIN</recFulNam><recStatus>A</recStatus><refTaskStatusI18NModels/></r3statyp><r3statyp><r3ActStatCod>PMTC070</r3ActStatCod><r3ProcessCode>BLD_COMM</r3ProcessCode><servProvCode>MUNI1</servProvCode><displayInAca>Y</displayInAca><r3ActStatDes>Not Required</r3ActStatDes><r3ActStatFlg>Y</r3ActStatFlg><r3ActTypeDes>Building Review</r3ActTypeDes><r3MouClockAction>No Action</r3MouClockAction><recDate>2011-11-01T12:25:17-07:00</recDate><recFulNam>ADMIN</recFulNam><recStatus>A</recStatus><refTaskStatusI18NModels/></r3statyp><r3statyp><r3ActStatCod>PMTC080</r3ActStatCod><r3ProcessCode>BLD_COMM</r3ProcessCode><servProvCode>MUNI1</servProvCode><displayInAca>Y</displayInAca><r3ActStatDes>Note</r3ActStatDes><r3ActStatFlg>U</r3ActStatFlg><r3ActTypeDes>Building Review</r3ActTypeDes><r3MouClockAction>No Action</r3MouClockAction><recDate>2011-11-01T12:29:28-07:00</recDate><recFulNam>ADMIN</recFulNam><recStatus>A</recStatus><refTaskStatusI18NModels/></r3statyp><r3statyp><r3ActStatCod>PMTC090</r3ActStatCod><r3ProcessCode>BLD_COMM</r3ProcessCode><servProvCode>MUNI1</servProvCode><displayInAca>Y</displayInAca><r3ActStatDes>Revisions Required</r3ActStatDes><r3ActStatFlg>Y</r3ActStatFlg><r3ActTypeDes>Building Review</r3ActTypeDes><r3MouClockAction>No Action</r3MouClockAction><recDate>2011-11-01T12:23:47-07:00</recDate><recFulNam>ADMIN</recFulNam><recStatus>A</recStatus><refTaskStatusI18NModels/></r3statyp><r3statyp><r3ActStatCod>PMTC100</r3ActStatCod><r3ProcessCode>BLD_COMM</r3ProcessCode><servProvCode>MUNI1</servProvCode><displayInAca>Y</displayInAca><r3ActStatDes>Approved</r3ActStatDes><r3ActStatFlg>Y</r3ActStatFlg><r3ActTypeDes>Fire Review</r3ActTypeDes><r3MouClockAction>No Action</r3MouClockAction><recDate>2011-11-01T12:23:17-07:00</recDate><recFulNam>ADMIN</recFulNam><recStatus>A</recStatus><refTaskStatusI18NModels/></r3statyp><r3statyp><r3ActStatCod>PMTC110</r3ActStatCod><r3ProcessCode>BLD_COMM</r3ProcessCode><servProvCode>MUNI1</servProvCode><displayInAca>Y</displayInAca><r3ActStatDes>Approved w/Comments</r3ActStatDes><r3ActStatFlg>Y</r3ActStatFlg><r3ActTypeDes>Fire Review</r3ActTypeDes><r3MouClockAction>No Action</r3MouClockAction><recDate>2011-11-01T12:22:58-07:00</recDate><recFulNam>ADMIN</recFulNam><recStatus>A</recStatus><refTaskStatusI18NModels/></r3statyp><r3statyp><r3ActStatCod>PMTC120</r3ActStatCod><r3ProcessCode>BLD_COMM</r3ProcessCode><servProvCode>MUNI1</servProvCode><displayInAca>Y</displayInAca><r3ActStatDes>Not Required</r3ActStatDes><r3ActStatFlg>Y</r3ActStatFlg><r3ActTypeDes>Fire Review</r3ActTypeDes><r3MouClockAction>No Action</r3MouClockAction><recDate>2011-11-01T12:22:12-07:00</recDate><recFulNam>ADMIN</recFulNam><recStatus>A</recStatus><refTaskStatusI18NModels/></r3statyp><r3statyp><r3ActStatCod>PMTC130</r3ActStatCod><r3ProcessCode>BLD_COMM</r3ProcessCode><servProvCode>MUNI1</servProvCode><displayInAca>Y</displayInAca><r3ActStatDes>Note</r3ActStatDes><r3ActStatFlg>U</r3ActStatFlg><r3ActTypeDes>Fire Review</r3ActTypeDes><r3MouClockAction>No Action</r3MouClockAction><recDate>2011-11-01T12:21:48-07:00</recDate><recFulNam>ADMIN</recFulNam><recStatus>A</recStatus><refTaskStatusI18NModels/></r3statyp><r3statyp><r3ActStatCod>PMTC160</r3ActStatCod><r3ProcessCode>BLD_COMM</r3ProcessCode><servProvCode>MUNI1</servProvCode><displayInAca>Y</displayInAca><r3ActStatDes>Revisions Required</r3ActStatDes><r3ActStatFlg>Y</r3ActStatFlg><r3ActTypeDes>Fire Review</r3ActTypeDes><r3MouClockAction>No Action</r3MouClockAction><recDate>2011-11-01T12:26:47-07:00</recDate><recFulNam>ADMIN</recFulNam><recStatus>A</recStatus><refTaskStatusI18NModels/></r3statyp><r3statyp><r3ActStatCod>PMTC170</r3ActStatCod><r3ProcessCode>BLD_COMM</r3ProcessCode><servProvCode>MUNI1</servProvCode><displayInAca>Y</displayInAca><r3ActStatDes>Approved</r3ActStatDes><r3ActStatFlg>Y</r3ActStatFlg><r3ActTypeDes>Planning Review</r3ActTypeDes><r3MouClockAction>No Action</r3MouClockAction><recDate>2011-11-01T12:27:18-07:00</recDate><recFulNam>ADMIN</recFulNam><recStatus>A</recStatus><refTaskStatusI18NModels/></r3statyp><r3statyp><r3ActStatCod>PMTC180</r3ActStatCod><r3ProcessCode>BLD_COMM</r3ProcessCode><servProvCode>MUNI1</servProvCode><displayInAca>Y</displayInAca><r3ActStatDes>Approved w/Comments</r3ActStatDes><r3ActStatFlg>Y</r3ActStatFlg><r3ActTypeDes>Planning Review</r3ActTypeDes><r3MouClockAction>No Action</r3MouClockAction><recDate>2011-11-01T12:27:38-07:00</recDate><recFulNam>ADMIN</recFulNam><recStatus>A</recStatus><refTaskStatusI18NModels/></r3statyp><r3statyp><r3ActStatCod>PMTC190</r3ActStatCod><r3ProcessCode>BLD_COMM</r3ProcessCode><servProvCode>MUNI1</servProvCode><displayInAca>Y</displayInAca><r3ActStatDes>Not Required</r3ActStatDes><r3ActStatFlg>Y</r3ActStatFlg><r3ActTypeDes>Planning Review</r3ActTypeDes><r3MouClockAction>No Action</r3MouClockAction><recDate>2011-11-01T12:28:20-07:00</recDate><recFulNam>ADMIN</recFulNam><recStatus>A</recStatus><refTaskStatusI18NModels/></r3statyp><r3statyp><r3ActStatCod>PMTC200</r3ActStatCod><r3ProcessCode>BLD_COMM</r3ProcessCode><servProvCode>MUNI1</servProvCode><displayInAca>Y</displayInAca><r3ActStatDes>Note</r3ActStatDes><r3ActStatFlg>U</r3ActStatFlg><r3ActTypeDes>Planning Review</r3ActTypeDes><r3MouClockAction>No Action</r3MouClockAction><recDate>2011-11-01T12:28:58-07:00</recDate><recFulNam>ADMIN</recFulNam><recStatus>A</recStatus><refTaskStatusI18NModels/></r3statyp><r3statyp><r3ActStatCod>PMTC210</r3ActStatCod><r3ProcessCode>BLD_COMM</r3ProcessCode><servProvCode>MUNI1</servProvCode><displayInAca>Y</displayInAca><r3ActStatDes>Revisions Required</r3ActStatDes><r3ActStatFlg>Y</r3ActStatFlg><r3ActTypeDes>Planning Review</r3ActTypeDes><r3MouClockAction>No Action</r3MouClockAction><recDate>2011-11-01T12:29:19-07:00</recDate><recFulNam>ADMIN</recFulNam><recStatus>A</recStatus><refTaskStatusI18NModels/></r3statyp><r3statyp><r3ActStatCod>PMTC220</r3ActStatCod><r3ProcessCode>BLD_COMM</r3ProcessCode><servProvCode>MUNI1</servProvCode><displayInAca>Y</displayInAca><r3ActStatDes>Approved</r3ActStatDes><r3ActStatFlg>Y</r3ActStatFlg><r3ActTypeDes>Public Works Review</r3ActTypeDes><r3MouClockAction>No Action</r3MouClockAction><recDate>2011-11-01T12:30:05-07:00</recDate><recFulNam>ADMIN</recFulNam><recStatus>A</recStatus><refTaskStatusI18NModels/></r3statyp><r3statyp><r3ActStatCod>PMTC230</r3ActStatCod><r3ProcessCode>BLD_COMM</r3ProcessCode><servProvCode>MUNI1</servProvCode><displayInAca>Y</displayInAca><r3ActStatDes>Approved w/Comments</r3ActStatDes><r3ActStatFlg>Y</r3ActStatFlg><r3ActTypeDes>Public Works Review</r3ActTypeDes><r3MouClockAction>No Action</r3MouClockAction><recDate>2011-11-01T12:30:21-07:00</recDate><recFulNam>ADMIN</recFulNam><recStatus>A</recStatus><refTaskStatusI18NModels/></r3statyp><r3statyp><r3ActStatCod>PMTC240</r3ActStatCod><r3ProcessCode>BLD_COMM</r3ProcessCode><servProvCode>MUNI1</servProvCode><displayInAca>Y</displayInAca><r3ActStatDes>Not Required</r3ActStatDes><r3ActStatFlg>Y</r3ActStatFlg><r3ActTypeDes>Public Works Review</r3ActTypeDes><r3MouClockAction>No Action</r3MouClockAction><recDate>2011-11-01T12:30:39-07:00</recDate><recFulNam>ADMIN</recFulNam><recStatus>A</recStatus><refTaskStatusI18NModels/></r3statyp><r3statyp><r3ActStatCod>PMTC250</r3ActStatCod><r3ProcessCode>BLD_COMM</r3ProcessCode><servProvCode>MUNI1</servProvCode><displayInAca>Y</displayInAca><r3ActStatDes>Note</r3ActStatDes><r3ActStatFlg>U</r3ActStatFlg><r3ActTypeDes>Public Works Review</r3ActTypeDes><r3MouClockAction>No Action</r3MouClockAction><recDate>2011-11-01T12:30:48-07:00</recDate><recFulNam>ADMIN</recFulNam><recStatus>A</recStatus><refTaskStatusI18NModels/></r3statyp><r3statyp><r3ActStatCod>PMTC260</r3ActStatCod><r3ProcessCode>BLD_COMM</r3ProcessCode><servProvCode>MUNI1</servProvCode><displayInAca>Y</displayInAca><r3ActStatDes>Revisions Required</r3ActStatDes><r3ActStatFlg>Y</r3ActStatFlg><r3ActTypeDes>Public Works Review</r3ActTypeDes><r3MouClockAction>No Action</r3MouClockAction><recDate>2011-11-01T12:31:48-07:00</recDate><recFulNam>ADMIN</recFulNam><recStatus>A</recStatus><refTaskStatusI18NModels/></r3statyp><r3statyp><r3ActStatCod>PMTC270</r3ActStatCod><r3ProcessCode>BLD_COMM</r3ProcessCode><servProvCode>MUNI1</servProvCode><displayInAca>Y</displayInAca><r3ActStatDes>Approved</r3ActStatDes><r3ActStatFlg>Y</r3ActStatFlg><r3ActTypeDes>Utilities Review</r3ActTypeDes><r3MouClockAction>No Action</r3MouClockAction><recDate>2011-11-01T12:32:02-07:00</recDate><recFulNam>ADMIN</recFulNam><recStatus>A</recStatus><refTaskStatusI18NModels/></r3statyp><r3statyp><r3ActStatCod>PMTC280</r3ActStatCod><r3ProcessCode>BLD_COMM</r3ProcessCode><servProvCode>MUNI1</servProvCode><displayInAca>Y</displayInAca><r3ActStatDes>Approved w/Comments</r3ActStatDes><r3ActStatFlg>Y</r3ActStatFlg><r3ActTypeDes>Utilities Review</r3ActTypeDes><r3MouClockAction>No Action</r3MouClockAction><recDate>2011-11-01T12:32:21-07:00</recDate><recFulNam>ADMIN</recFulNam><recStatus>A</recStatus><refTaskStatusI18NModels/></r3statyp><r3statyp><r3ActStatCod>PMTC290</r3ActStatCod><r3ProcessCode>BLD_COMM</r3ProcessCode><servProvCode>MUNI1</servProvCode><displayInAca>Y</displayInAca><r3ActStatDes>Not Required</r3ActStatDes><r3ActStatFlg>Y</r3ActStatFlg><r3ActTypeDes>Utilities Review</r3ActTypeDes><r3MouClockAction>No Action</r3MouClockAction><recDate>2011-11-01T12:32:39-07:00</recDate><recFulNam>ADMIN</recFulNam><recStatus>A</recStatus><refTaskStatusI18NModels/></r3statyp><r3statyp><r3ActStatCod>PMTC300</r3ActStatCod><r3ProcessCode>BLD_COMM</r3ProcessCode><servProvCode>MUNI1</servProvCode><displayInAca>Y</displayInAca><r3ActStatDes>Note</r3ActStatDes><r3ActStatFlg>U</r3ActStatFlg><r3ActTypeDes>Utilities Review</r3ActTypeDes><r3MouClockAction>No Action</r3MouClockAction><recDate>2011-11-01T12:33:00-07:00</recDate><recFulNam>ADMIN</recFulNam><recStatus>A</recStatus><refTaskStatusI18NModels/></r3statyp><r3statyp><r3ActStatCod>PMTC310</r3ActStatCod><r3ProcessCode>BLD_COMM</r3ProcessCode><servProvCode>MUNI1</servProvCode><displayInAca>Y</displayInAca><r3ActStatDes>Revisions Required</r3ActStatDes><r3ActStatFlg>Y</r3ActStatFlg><r3ActTypeDes>Utilities Review</r3ActTypeDes><r3MouClockAction>No Action</r3MouClockAction><recDate>2011-11-01T12:33:27-07:00</recDate><recFulNam>ADMIN</recFulNam><recStatus>A</recStatus><refTaskStatusI18NModels/></r3statyp><r3statyp><r3ActStatCod>SCODE1</r3ActStatCod><r3ProcessCode>BLD_COMM</r3ProcessCode><servProvCode>MUNI1</servProvCode><applicationStatus>Revisions Required</applicationStatus><displayInAca>Y</displayInAca><r3ActStatDes>Revisions Required</r3ActStatDes><r3ActStatFlg>B</r3ActStatFlg><r3ActTypeDes>Plans Coordination</r3ActTypeDes><recDate>2013-03-20T15:47:34-07:00</recDate><recFulNam>Accela Administrator</recFulNam><recStatus>A</recStatus><refTaskStatusI18NModels/></r3statyp><r3statyp><r3ActStatCod>SCODE2</r3ActStatCod><r3ProcessCode>BLD_COMM</r3ProcessCode><servProvCode>MUNI1</servProvCode><applicationStatus>Expired</applicationStatus><displayInAca>Y</displayInAca><r3ActStatDes>Expired</r3ActStatDes><r3ActStatFlg>U</r3ActStatFlg><r3ActTypeDes>Inspection</r3ActTypeDes><recDate>2014-05-27T15:56:23-07:00</recDate><recFulNam>Accela Administrator</recFulNam><recStatus>A</recStatus><refTaskStatusI18NModels/></r3statyp></r3statypModels><securityFlag>BLD_COMM/%</securityFlag></virProcess>
<virProcess><r1ProcessCode>BLD_DEMO</r1ProcessCode><servProvCode>MUNI1</servProvCode><isEmailSettringSelected>Y</isEmailSettringSelected><isSecuritySelected>Y</isSecuritySelected><processEMailSettingModels><processEMailSettingModel><noteID>30</noteID><processName>BLD_DEMO</processName><serviceProviderCode>MUNI1</serviceProviderCode><b3contactFlag>N</b3contactFlag><contactRelation>Applicant</contactRelation><contentsCode>BLD_READY</contentsCode><distributionFlag>N</distributionFlag><docCategory>Email</docCategory><docGroup>PMT</docGroup><edmsLocation>ADS</edmsLocation><edmsObject>CAP</edmsObject><mediaFlag>0</mediaFlag><recDate>2014-05-19T13:04:47-07:00</recDate><recFulNam>ADMIN</recFulNam><recStatus>A</recStatus><sdAppDes>Accepted - Plan Review Not Req</sdAppDes><sdProDes>Application Submittal</sdProDes></processEMailSettingModel><processEMailSettingModel><noteID>31</noteID><processName>BLD_DEMO</processName><serviceProviderCode>MUNI1</serviceProviderCode><b3contactFlag>N</b3contactFlag><contactRelation>Applicant</contactRelation><contentsCode>BLD_ACCEPTED</contentsCode><distributionFlag>N</distributionFlag><docCategory>Email</docCategory><docGroup>PMT</docGroup><edmsLocation>ADS</edmsLocation><edmsObject>CAP</edmsObject><mediaFlag>0</mediaFlag><recDate>2014-05-19T13:04:47-07:00</recDate><recFulNam>ADMIN</recFulNam><recStatus>A</recStatus><sdAppDes>Accepted - Plan Review Req</sdAppDes><sdProDes>Application Submittal</sdProDes></processEMailSettingModel><processEMailSettingModel><noteID>32</noteID><processName>BLD_DEMO</processName><serviceProviderCode>MUNI1</serviceProviderCode><b3contactFlag>N</b3contactFlag><contactRelation>Applicant</contactRelation><contentsCode>BLD_REVISIONS</contentsCode><distributionFlag>N</distributionFlag><docCategory>Email</docCategory><docGroup>PMT</docGroup><edmsLocation>ADS</edmsLocation><edmsObject>CAP</edmsObject><mediaFlag>0</mediaFlag><recDate>2014-05-19T13:04:47-07:00</recDate><recFulNam>ADMIN</recFulNam><recStatus>A</recStatus><sdAppDes>Revisions Required</sdAppDes><sdProDes>Plans Coordination</sdProDes></processEMailSettingModel><processEMailSettingModel><noteID>33</noteID><processName>BLD_DEMO</processName><serviceProviderCode>MUNI1</serviceProviderCode><b3contactFlag>N</b3contactFlag><contactRelation>Applicant</contactRelation><contentsCode>BLD_READY</contentsCode><distributionFlag>N</distributionFlag><docCategory>Email</docCategory><docGroup>PMT</docGroup><edmsLocation>ADS</edmsLocation><edmsObject>CAP</edmsObject><mediaFlag>0</mediaFlag><recDate>2014-05-19T13:04:47-07:00</recDate><recFulNam>ADMIN</recFulNam><recStatus>A</recStatus><sdAppDes>Ready to Issue</sdAppDes><sdProDes>Plans Coordination</sdProDes></processEMailSettingModel><processEMailSettingModel><noteID>34</noteID><processName>BLD_DEMO</processName><serviceProviderCode>MUNI1</serviceProviderCode><b3contactFlag>N</b3contactFlag><contactRelation>Applicant</contactRelation><contentsCode>LIC_ISSUED</contentsCode><distributionFlag>N</distributionFlag><docCategory>Email</docCategory><docGroup>PMT</docGroup><edmsLocation>ADS</edmsLocation><edmsObject>CAP</edmsObject><mediaFlag>0</mediaFlag><recDate>2014-05-19T13:04:47-07:00</recDate><recFulNam>ADMIN</recFulNam><recStatus>A</recStatus><sdAppDes>Issued</sdAppDes><sdProDes>Permit Issuance</sdProDes></processEMailSettingModel><processEMailSettingModel><noteID>35</noteID><processName>BLD_DEMO</processName><serviceProviderCode>MUNI1</serviceProviderCode><b3contactFlag>N</b3contactFlag><contactRelation>Applicant</contactRelation><contentsCode>BLD_FINALED</contentsCode><distributionFlag>N</distributionFlag><docCategory>Email</docCategory><docGroup>PMT</docGroup><edmsLocation>ADS</edmsLocation><edmsObject>CAP</edmsObject><mediaFlag>0</mediaFlag><recDate>2014-05-27T15:59:21-07:00</recDate><recFulNam>ADMIN</recFulNam><recStatus>A</recStatus><sdAppDes>Final Inspection Complete</sdAppDes><sdProDes>Inspection</sdProDes></processEMailSettingModel><processEMailSettingModel><noteID>36</noteID><processName>BLD_DEMO</processName><serviceProviderCode>MUNI1</serviceProviderCode><b3contactFlag>N</b3contactFlag><contactRelation>Applicant</contactRelation><contentsCode>BLD_EXPIRED</contentsCode><distributionFlag>N</distributionFlag><docCategory>Email</docCategory><docGroup>PMT</docGroup><edmsLocation>ADS</edmsLocation><edmsObject>CAP</edmsObject><mediaFlag>0</mediaFlag><recDate>2014-05-27T16:01:03-07:00</recDate><recFulNam>ADMIN</recFulNam><recStatus>A</recStatus><sdAppDes>Expired</sdAppDes><sdProDes>Inspection</sdProDes></processEMailSettingModel></processEMailSettingModels><processModels><processModel><r1ProcessCode>BLD_DEMO</r1ProcessCode><sdStpNum>1</sdStpNum><servProvCode>MUNI1</servProvCode><asgnAgencyCode>BUILDING</asgnAgencyCode><asgnBureauCode>NA</asgnBureauCode><asgnDivisionCode>NA</asgnDivisionCode><asgnGroupCode>NA</asgnGroupCode><asgnOfficeCode>NA</asgnOfficeCode><asgnSectionCode>NA</asgnSectionCode><auditModel><auditDate>2013-04-07T17:25:10-07:00</auditDate><auditID>Accela Administrator</auditID><auditStatus>A</auditStatus></auditModel><calendarId>72</calendarId><displayInAca>Y</displayInAca><estimatedHours>0</estimatedHours><hoursSpentRequired>N</hoursSpentRequired><sdChkLv5>A</sdChkLv5><sdDueDay>2</sdDueDay><sdNxtId1>013021000000000</sdNxtId1><sdProDes>Application Submittal</sdProDes><sdProId1>010000000000000</sdProId1></processModel><processModel><r1ProcessCode>BLD_DEMO</r1ProcessCode><sdStpNum>2</sdStpNum><servProvCode>MUNI1</servProvCode><asgnAgencyCode>BUILDING</asgnAgencyCode><asgnBureauCode>NA</asgnBureauCode><asgnDivisionCode>NA</asgnDivisionCode><asgnGroupCode>NA</asgnGroupCode><asgnOfficeCode>NA</asgnOfficeCode><asgnSectionCode>NA</asgnSectionCode><auditModel><auditDate>2013-04-07T17:25:10-07:00</auditDate><auditID>Accela Administrator</auditID><auditStatus>A</auditStatus></auditModel><calendarId>72</calendarId><displayInAca>Y</displayInAca><estimatedHours>0</estimatedHours><hoursSpentRequired>N</hoursSpentRequired><sdChkLv5>A</sdChkLv5><sdDueDay>5</sdDueDay><sdNxtId1>020000000000000</sdNxtId1><sdProDes>Building Review</sdProDes><sdProId1>019001000000000</sdProId1></processModel><processModel><r1ProcessCode>BLD_DEMO</r1ProcessCode><sdStpNum>4</sdStpNum><servProvCode>MUNI1</servProvCode><asgnAgencyCode>BUILDING</asgnAgencyCode><asgnBureauCode>NA</asgnBureauCode><asgnDivisionCode>NA</asgnDivisionCode><asgnGroupCode>NA</asgnGroupCode><asgnOfficeCode>NA</asgnOfficeCode><asgnSectionCode>NA</asgnSectionCode><auditModel><auditDate>2013-04-07T17:25:10-07:00</auditDate><auditID>Accela Administrator</auditID><auditStatus>A</auditStatus></auditModel><calendarId>72</calendarId><displayInAca>Y</displayInAca><estimatedHours>0</estimatedHours><hoursSpentRequired>N</hoursSpentRequired><sdChkLv5>A</sdChkLv5><sdDueDay>5</sdDueDay><sdNxtId1>020000000000000</sdNxtId1><sdProDes>Fire Review</sdProDes><sdProId1>019001000000000</sdProId1></processModel><processModel><r1ProcessCode>BLD_DEMO</r1ProcessCode><sdStpNum>8</sdStpNum><servProvCode>MUNI1</servProvCode><asgnAgencyCode>BUILDING</asgnAgencyCode><asgnBureauCode>NA</asgnBureauCode><asgnDivisionCode>NA</asgnDivisionCode><asgnGroupCode>NA</asgnGroupCode><asgnOfficeCode>NA</asgnOfficeCode><asgnSectionCode>NA</asgnSectionCode><auditModel><auditDate>2013-04-07T17:25:10-07:00</auditDate><auditID>Accela Administrator</auditID><auditStatus>A</auditStatus></auditModel><calendarId>72</calendarId><displayInAca>Y</displayInAca><estimatedHours>0</estimatedHours><hoursSpentRequired>N</hoursSpentRequired><sdChkLv5>A</sdChkLv5><sdDueDay>2</sdDueDay><sdNxtId1>023000000000000</sdNxtId1><sdProDes>Permit Issuance</sdProDes><sdProId1>021000000000000</sdProId1></processModel><processModel><r1ProcessCode>BLD_DEMO</r1ProcessCode><sdStpNum>9</sdStpNum><servProvCode>MUNI1</servProvCode><asgnAgencyCode>BUILDING</asgnAgencyCode><asgnBureauCode>NA</asgnBureauCode><asgnDivisionCode>NA</asgnDivisionCode><asgnGroupCode>NA</asgnGroupCode><asgnOfficeCode>NA</asgnOfficeCode><asgnSectionCode>NA</asgnSectionCode><auditModel><auditDate>2014-05-27T16:00:18-07:00</auditDate><auditID>Accela Administrator</auditID><auditStatus>A</auditStatus></auditModel><calendarId>72</calendarId><displayInAca>Y</displayInAca><estimatedHours>0</estimatedHours><hoursSpentRequired>N</hoursSpentRequired><sdChkLv5>A</sdChkLv5><sdDueDay>0</sdDueDay><sdNxtId1>000000000000000</sdNxtId1><sdProDes>Inspection</sdProDes><sdProId1>023000000000000</sdProId1></processModel><processModel><r1ProcessCode>BLD_DEMO</r1ProcessCode><sdStpNum>12</sdStpNum><servProvCode>MUNI1</servProvCode><asgnAgencyCode>BUILDING</asgnAgencyCode><asgnBureauCode>NA</asgnBureauCode><asgnDivisionCode>NA</asgnDivisionCode><asgnGroupCode>NA</asgnGroupCode><asgnOfficeCode>NA</asgnOfficeCode><asgnSectionCode>NA</asgnSectionCode><auditModel><auditDate>2013-05-07T17:01:26-07:00</auditDate><auditID>Accela Administrator</auditID><auditStatus>A</auditStatus></auditModel><calendarId>72</calendarId><displayInAca>Y</displayInAca><estimatedHours>0</estimatedHours><hoursSpentRequired>N</hoursSpentRequired><sdChkLv5>A</sdChkLv5><sdDueDay>2</sdDueDay><sdNxtId1>019000000000000</sdNxtId1><sdProDes>Plans Distribution</sdProDes><sdProId1>013000000000000</sdProId1></processModel><processModel><r1ProcessCode>BLD_DEMO</r1ProcessCode><sdStpNum>13</sdStpNum><servProvCode>MUNI1</servProvCode><asgnAgencyCode>BUILDING</asgnAgencyCode><asgnBureauCode>NA</asgnBureauCode><asgnDivisionCode>NA</asgnDivisionCode><asgnGroupCode>NA</asgnGroupCode><asgnOfficeCode>NA</asgnOfficeCode><asgnSectionCode>NA</asgnSectionCode><auditModel><auditDate>2013-04-07T17:25:10-07:00</auditDate><auditID>Accela Administrator</auditID><auditStatus>A</auditStatus></auditModel><calendarId>72</calendarId><displayInAca>Y</displayInAca><estimatedHours>0</estimatedHours><hoursSpentRequired>N</hoursSpentRequired><sdChkLv5>A</sdChkLv5><sdDueDay>5</sdDueDay><sdNxtId1>020000000000000</sdNxtId1><sdProDes>Zoning Review</sdProDes><sdProId1>019001000000000</sdProId1></processModel><processModel><r1ProcessCode>BLD_DEMO</r1ProcessCode><sdStpNum>14</sdStpNum><servProvCode>MUNI1</servProvCode><asgnAgencyCode>BUILDING</asgnAgencyCode><asgnBureauCode>NA</asgnBureauCode><asgnDivisionCode>NA</asgnDivisionCode><asgnGroupCode>NA</asgnGroupCode><asgnOfficeCode>NA</asgnOfficeCode><asgnSectionCode>NA</asgnSectionCode><auditModel><auditDate>2013-04-07T17:25:10-07:00</auditDate><auditID>Accela Administrator</auditID><auditStatus>A</auditStatus></auditModel><calendarId>72</calendarId><displayInAca>Y</displayInAca><estimatedHours>0</estimatedHours><hoursSpentRequired>N</hoursSpentRequired><sdChkLv5>A</sdChkLv5><sdDueDay>2</sdDueDay><sdNxtId1>021013000000000</sdNxtId1><sdProDes>Plans Coordination</sdProDes><sdProId1>020000000000000</sdProId1></processModel><processModel><r1ProcessCode>BLD_DEMO</r1ProcessCode><sdStpNum>15</sdStpNum><servProvCode>MUNI1</servProvCode><asgnAgencyCode>BUILDING</asgnAgencyCode><asgnBureauCode>NA</asgnBureauCode><asgnDivisionCode>NA</asgnDivisionCode><asgnGroupCode>NA</asgnGroupCode><asgnOfficeCode>NA</asgnOfficeCode><asgnSectionCode>NA</asgnSectionCode><auditModel><auditDate>2013-04-07T17:25:10-07:00</auditDate><auditID>Accela Administrator</auditID><auditStatus>A</auditStatus></auditModel><calendarId>72</calendarId><displayInAca>Y</displayInAca><estimatedHours>0</estimatedHours><hoursSpentRequired>N</hoursSpentRequired><sdChkLv5>A</sdChkLv5><sdDueDay>5</sdDueDay><sdNxtId1>020000000000000</sdNxtId1><sdProDes>Utilities Review</sdProDes><sdProId1>019001000000000</sdProId1></processModel></processModels><processSecurityModels/><r3statypModels><r3statyp><r3ActStatCod>PMTD010</r3ActStatCod><r3ProcessCode>BLD_DEMO</r3ProcessCode><servProvCode>MUNI1</servProvCode><applicationStatus>Ready to Issue</applicationStatus><displayInAca>Y</displayInAca><r3ActStatDes>Accepted - Plan Review Not Req</r3ActStatDes><r3ActStatFlg>B</r3ActStatFlg><r3ActTypeDes>Application Submittal</r3ActTypeDes><r3MouClockAction>No Action</r3MouClockAction><recDate>2011-11-01T17:25:07-07:00</recDate><recFulNam>ADMIN</recFulNam><recStatus>A</recStatus><refTaskStatusI18NModels/></r3statyp><r3statyp><r3ActStatCod>PMTD020</r3ActStatCod><r3ProcessCode>BLD_DEMO</r3ProcessCode><servProvCode>MUNI1</servProvCode><displayInAca>Y</displayInAca><r3ActStatDes>Accepted - Plan Review Req</r3ActStatDes><r3ActStatFlg>Y</r3ActStatFlg><r3ActTypeDes>Application Submittal</r3ActTypeDes><r3MouClockAction>No Action</r3MouClockAction><recDate>2011-11-01T17:25:32-07:00</recDate><recFulNam>ADMIN</recFulNam><recStatus>A</recStatus><refTaskStatusI18NModels/></r3statyp><r3statyp><r3ActStatCod>PMTD030</r3ActStatCod><r3ProcessCode>BLD_DEMO</r3ProcessCode><servProvCode>MUNI1</servProvCode><displayInAca>Y</displayInAca><r3ActStatDes>Note</r3ActStatDes><r3ActStatFlg>U</r3ActStatFlg><r3ActTypeDes>Application Submittal</r3ActTypeDes><r3MouClockAction>No Action</r3MouClockAction><recDate>2011-11-01T17:25:44-07:00</recDate><recFulNam>ADMIN</recFulNam><recStatus>A</recStatus><refTaskStatusI18NModels/></r3statyp><r3statyp><r3ActStatCod>PMTD050</r3ActStatCod><r3ProcessCode>BLD_DEMO</r3ProcessCode><servProvCode>MUNI1</servProvCode><applicationStatus>Revisions Received</applicationStatus><displayInAca>Y</displayInAca><r3ActStatDes>Revisions Received</r3ActStatDes><r3ActStatFlg>U</r3ActStatFlg><r3ActTypeDes>Plans Distribution</r3ActTypeDes><r3MouClockAction>No Action</r3MouClockAction><recDate>2011-11-01T17:27:02-07:00</recDate><recFulNam>ADMIN</recFulNam><recStatus>A</recStatus><refTaskStatusI18NModels/></r3statyp><r3statyp><r3ActStatCod>PMTD060</r3ActStatCod><r3ProcessCode>BLD_DEMO</r3ProcessCode><servProvCode>MUNI1</servProvCode><displayInAca>Y</displayInAca><r3ActStatDes>Note</r3ActStatDes><r3ActStatFlg>U</r3ActStatFlg><r3ActTypeDes>Plans Distribution</r3ActTypeDes><r3MouClockAction>No Action</r3MouClockAction><recDate>2011-11-01T17:27:12-07:00</recDate><recFulNam>ADMIN</recFulNam><recStatus>A</recStatus><refTaskStatusI18NModels/></r3statyp><r3statyp><r3ActStatCod>PMTD070</r3ActStatCod><r3ProcessCode>BLD_DEMO</r3ProcessCode><servProvCode>MUNI1</servProvCode><displayInAca>Y</displayInAca><r3ActStatDes>Approved</r3ActStatDes><r3ActStatFlg>Y</r3ActStatFlg><r3ActTypeDes>Building Review</r3ActTypeDes><r3MouClockAction>No Action</r3MouClockAction><recDate>2011-11-01T17:28:13-07:00</recDate><recFulNam>ADMIN</recFulNam><recStatus>A</recStatus><refTaskStatusI18NModels/></r3statyp><r3statyp><r3ActStatCod>PMTD080</r3ActStatCod><r3ProcessCode>BLD_DEMO</r3ProcessCode><servProvCode>MUNI1</servProvCode><displayInAca>Y</displayInAca><r3ActStatDes>Approved w/Comments</r3ActStatDes><r3ActStatFlg>Y</r3ActStatFlg><r3ActTypeDes>Building Review</r3ActTypeDes><r3MouClockAction>No Action</r3MouClockAction><recDate>2011-11-01T17:28:51-07:00</recDate><recFulNam>ADMIN</recFulNam><recStatus>A</recStatus><refTaskStatusI18NModels/></r3statyp><r3statyp><r3ActStatCod>PMTD090</r3ActStatCod><r3ProcessCode>BLD_DEMO</r3ProcessCode><servProvCode>MUNI1</servProvCode><displayInAca>Y</displayInAca><r3ActStatDes>Not Required</r3ActStatDes><r3ActStatFlg>Y</r3ActStatFlg><r3ActTypeDes>Building Review</r3ActTypeDes><r3MouClockAction>No Action</r3MouClockAction><recDate>2011-11-01T17:28:45-07:00</recDate><recFulNam>ADMIN</recFulNam><recStatus>A</recStatus><refTaskStatusI18NModels/></r3statyp><r3statyp><r3ActStatCod>PMTD100</r3ActStatCod><r3ProcessCode>BLD_DEMO</r3ProcessCode><servProvCode>MUNI1</servProvCode><displayInAca>Y</displayInAca><r3ActStatDes>Note</r3ActStatDes><r3ActStatFlg>U</r3ActStatFlg><r3ActTypeDes>Building Review</r3ActTypeDes><r3MouClockAction>No Action</r3MouClockAction><recDate>2011-11-01T17:29:26-07:00</recDate><recFulNam>ADMIN</recFulNam><recStatus>A</recStatus><refTaskStatusI18NModels/></r3statyp><r3statyp><r3ActStatCod>PMTD110</r3ActStatCod><r3ProcessCode>BLD_DEMO</r3ProcessCode><servProvCode>MUNI1</servProvCode><displayInAca>Y</displayInAca><r3ActStatDes>Revisions Required</r3ActStatDes><r3ActStatFlg>Y</r3ActStatFlg><r3ActTypeDes>Building Review</r3ActTypeDes><r3MouClockAction>No Action</r3MouClockAction><recDate>2011-11-01T17:29:39-07:00</recDate><recFulNam>ADMIN</recFulNam><recStatus>A</recStatus><refTaskStatusI18NModels/></r3statyp><r3statyp><r3ActStatCod>PMTD150</r3ActStatCod><r3ProcessCode>BLD_DEMO</r3ProcessCode><servProvCode>MUNI1</servProvCode><displayInAca>Y</displayInAca><r3ActStatDes>Note</r3ActStatDes><r3ActStatFlg>U</r3ActStatFlg><r3ActTypeDes>Fire Review</r3ActTypeDes><r3MouClockAction>No Action</r3MouClockAction><recDate>2011-11-01T17:30:47-07:00</recDate><recFulNam>ADMIN</recFulNam><recStatus>A</recStatus><refTaskStatusI18NModels/></r3statyp><r3statyp><r3ActStatCod>PMTD200</r3ActStatCod><r3ProcessCode>BLD_DEMO</r3ProcessCode><servProvCode>MUNI1</servProvCode><displayInAca>Y</displayInAca><r3ActStatDes>Note</r3ActStatDes><r3ActStatFlg>U</r3ActStatFlg><r3ActTypeDes>Zoning Review</r3ActTypeDes><r3MouClockAction>No Action</r3MouClockAction><recDate>2011-11-01T17:32:33-07:00</recDate><recFulNam>ADMIN</recFulNam><recStatus>A</recStatus><refTaskStatusI18NModels/></r3statyp><r3statyp><r3ActStatCod>PMTD220</r3ActStatCod><r3ProcessCode>BLD_DEMO</r3ProcessCode><servProvCode>MUNI1</servProvCode><displayInAca>Y</displayInAca><r3ActStatDes>Approved</r3ActStatDes><r3ActStatFlg>Y</r3ActStatFlg><r3ActTypeDes>Utilities Review</r3ActTypeDes><r3MouClockAction>No Action</r3MouClockAction><recDate>2011-11-01T17:34:03-07:00</recDate><recFulNam>ADMIN</recFulNam><recStatus>A</recStatus><refTaskStatusI18NModels/></r3statyp><r3statyp><r3ActStatCod>PMTD230</r3ActStatCod><r3ProcessCode>BLD_DEMO</r3ProcessCode><servProvCode>MUNI1</servProvCode><displayInAca>Y</displayInAca><r3ActStatDes>Approved w/Comments</r3ActStatDes><r3ActStatFlg>Y</r3ActStatFlg><r3ActTypeDes>Utilities Review</r3ActTypeDes><r3MouClockAction>No Action</r3MouClockAction><recDate>2011-11-01T17:34:17-07:00</recDate><recFulNam>ADMIN</recFulNam><recStatus>A</recStatus><refTaskStatusI18NModels/></r3statyp><r3statyp><r3ActStatCod>PMTD240</r3ActStatCod><r3ProcessCode>BLD_DEMO</r3ProcessCode><servProvCode>MUNI1</servProvCode><displayInAca>Y</displayInAca><r3ActStatDes>Not Required</r3ActStatDes><r3ActStatFlg>Y</r3ActStatFlg><r3ActTypeDes>Utilities Review</r3ActTypeDes><r3MouClockAction>No Action</r3MouClockAction><recDate>2011-11-01T17:34:40-07:00</recDate><recFulNam>ADMIN</recFulNam><recStatus>A</recStatus><refTaskStatusI18NModels/></r3statyp><r3statyp><r3ActStatCod>PMTD250</r3ActStatCod><r3ProcessCode>BLD_DEMO</r3ProcessCode><servProvCode>MUNI1</servProvCode><displayInAca>Y</displayInAca><r3ActStatDes>Note</r3ActStatDes><r3ActStatFlg>U</r3ActStatFlg><r3ActTypeDes>Utilities Review</r3ActTypeDes><r3MouClockAction>No Action</r3MouClockAction><recDate>2011-11-01T17:34:53-07:00</recDate><recFulNam>ADMIN</recFulNam><recStatus>A</recStatus><refTaskStatusI18NModels/></r3statyp><r3statyp><r3ActStatCod>PMTD260</r3ActStatCod><r3ProcessCode>BLD_DEMO</r3ProcessCode><servProvCode>MUNI1</servProvCode><displayInAca>Y</displayInAca><r3ActStatDes>Revisions Required</r3ActStatDes><r3ActStatFlg>Y</r3ActStatFlg><r3ActTypeDes>Utilities Review</r3ActTypeDes><r3MouClockAction>No Action</r3MouClockAction><recDate>2011-11-01T17:35:08-07:00</recDate><recFulNam>ADMIN</recFulNam><recStatus>A</recStatus><refTaskStatusI18NModels/></r3statyp><r3statyp><r3ActStatCod>PMTD270</r3ActStatCod><r3ProcessCode>BLD_DEMO</r3ProcessCode><servProvCode>MUNI1</servProvCode><applicationStatus>Ready to Issue</applicationStatus><displayInAca>Y</displayInAca><r3ActStatDes>Ready to Issue</r3ActStatDes><r3ActStatFlg>Y</r3ActStatFlg><r3ActTypeDes>Plans Coordination</r3ActTypeDes><r3MouClockAction>No Action</r3MouClockAction><recDate>2011-11-01T17:36:46-07:00</recDate><recFulNam>ADMIN</recFulNam><recStatus>A</recStatus><refTaskStatusI18NModels/></r3statyp><r3statyp><r3ActStatCod>PMTD290</r3ActStatCod><r3ProcessCode>BLD_DEMO</r3ProcessCode><servProvCode>MUNI1</servProvCode><displayInAca>Y</displayInAca><r3ActStatDes>Note</r3ActStatDes><r3ActStatFlg>U</r3ActStatFlg><r3ActTypeDes>Plans Coordination</r3ActTypeDes><r3MouClockAction>No Action</r3MouClockAction><recDate>2011-11-01T17:37:39-07:00</recDate><recFulNam>ADMIN</recFulNam><recStatus>A</recStatus><refTaskStatusI18NModels/></r3statyp><r3statyp><r3ActStatCod>PMTD300</r3ActStatCod><r3ProcessCode>BLD_DEMO</r3ProcessCode><servProvCode>MUNI1</servProvCode><applicationStatus>Issued</applicationStatus><displayInAca>Y</displayInAca><r3ActStatDes>Issued</r3ActStatDes><r3ActStatFlg>Y</r3ActStatFlg><r3ActTypeDes>Permit Issuance</r3ActTypeDes><r3MouClockAction>No Action</r3MouClockAction><recDate>2012-02-09T15:38:08-08:00</recDate><recFulNam>ADMIN</recFulNam><recStatus>A</recStatus><refTaskStatusI18NModels/></r3statyp><r3statyp><r3ActStatCod>PMTD310</r3ActStatCod><r3ProcessCode>BLD_DEMO</r3ProcessCode><servProvCode>MUNI1</servProvCode><displayInAca>Y</displayInAca><r3ActStatDes>Note</r3ActStatDes><r3ActStatFlg>U</r3ActStatFlg><r3ActTypeDes>Permit Issuance</r3ActTypeDes><r3MouClockAction>No Action</r3MouClockAction><recDate>2011-11-01T17:38:13-07:00</recDate><recFulNam>ADMIN</recFulNam><recStatus>A</recStatus><refTaskStatusI18NModels/></r3statyp><r3statyp><r3ActStatCod>PMTD340</r3ActStatCod><r3ProcessCode>BLD_DEMO</r3ProcessCode><servProvCode>MUNI1</servProvCode><displayInAca>Y</displayInAca><r3ActStatDes>Note</r3ActStatDes><r3ActStatFlg>U</r3ActStatFlg><r3ActTypeDes>Inspection</r3ActTypeDes><r3MouClockAction>No Action</r3MouClockAction><recDate>2011-11-01T17:39:26-07:00</recDate><recFulNam>ADMIN</recFulNam><recStatus>A</recStatus><refTaskStatusI18NModels/></r3statyp><r3statyp><r3ActStatCod>SCODE1</r3ActStatCod><r3ProcessCode>BLD_DEMO</r3ProcessCode><servProvCode>MUNI1</servProvCode><displayInAca>Y</displayInAca><r3ActStatDes>Not Required</r3ActStatDes><r3ActStatFlg>Y</r3ActStatFlg><r3ActTypeDes>Fire Review</r3ActTypeDes><recDate>2012-05-20T20:38:04-07:00</recDate><recFulNam>Accela Administrator</recFulNam><recStatus>A</recStatus><refTaskStatusI18NModels/></r3statyp><r3statyp><r3ActStatCod>SCODE10</r3ActStatCod><r3ProcessCode>BLD_DEMO</r3ProcessCode><servProvCode>MUNI1</servProvCode><displayInAca>Y</displayInAca><r3ActStatDes>Routed for Review</r3ActStatDes><r3ActStatFlg>Y</r3ActStatFlg><r3ActTypeDes>Plans Distribution</r3ActTypeDes><recDate>2013-05-07T17:01:26-07:00</recDate><recFulNam>Accela Administrator</recFulNam><recStatus>A</recStatus><refTaskStatusI18NModels/></r3statyp><r3statyp><r3ActStatCod>SCODE11</r3ActStatCod><r3ProcessCode>BLD_DEMO</r3ProcessCode><servProvCode>MUNI1</servProvCode><applicationStatus>Finaled</applicationStatus><displayInAca>Y</displayInAca><r3ActStatDes>Final Inspection Complete</r3ActStatDes><r3ActStatFlg>Y</r3ActStatFlg><r3ActTypeDes>Inspection</r3ActTypeDes><recDate>2013-06-12T17:06:40-07:00</recDate><recFulNam>Accela Administrator</recFulNam><recStatus>A</recStatus><refTaskStatusI18NModels/></r3statyp><r3statyp><r3ActStatCod>SCODE12</r3ActStatCod><r3ProcessCode>BLD_DEMO</r3ProcessCode><servProvCode>MUNI1</servProvCode><applicationStatus>Expired</applicationStatus><displayInAca>Y</displayInAca><r3ActStatDes>Expired</r3ActStatDes><r3ActStatFlg>U</r3ActStatFlg><r3ActTypeDes>Inspection</r3ActTypeDes><recDate>2014-05-27T16:00:18-07:00</recDate><recFulNam>Accela Administrator</recFulNam><recStatus>A</recStatus><refTaskStatusI18NModels/></r3statyp><r3statyp><r3ActStatCod>SCODE2</r3ActStatCod><r3ProcessCode>BLD_DEMO</r3ProcessCode><servProvCode>MUNI1</servProvCode><displayInAca>Y</displayInAca><r3ActStatDes>Revisions Required</r3ActStatDes><r3ActStatFlg>Y</r3ActStatFlg><r3ActTypeDes>Fire Review</r3ActTypeDes><recDate>2012-05-20T20:38:04-07:00</recDate><recFulNam>Accela Administrator</recFulNam><recStatus>A</recStatus><refTaskStatusI18NModels/></r3statyp><r3statyp><r3ActStatCod>SCODE3</r3ActStatCod><r3ProcessCode>BLD_DEMO</r3ProcessCode><servProvCode>MUNI1</servProvCode><displayInAca>Y</displayInAca><r3ActStatDes>Approved w/Comments</r3ActStatDes><r3ActStatFlg>Y</r3ActStatFlg><r3ActTypeDes>Fire Review</r3ActTypeDes><recDate>2012-05-20T20:38:04-07:00</recDate><recFulNam>Accela Administrator</recFulNam><recStatus>A</recStatus><refTaskStatusI18NModels/></r3statyp><r3statyp><r3ActStatCod>SCODE4</r3ActStatCod><r3ProcessCode>BLD_DEMO</r3ProcessCode><servProvCode>MUNI1</servProvCode><displayInAca>Y</displayInAca><r3ActStatDes>Approved</r3ActStatDes><r3ActStatFlg>Y</r3ActStatFlg><r3ActTypeDes>Fire Review</r3ActTypeDes><recDate>2012-05-20T20:38:04-07:00</recDate><recFulNam>Accela Administrator</recFulNam><recStatus>A</recStatus><refTaskStatusI18NModels/></r3statyp><r3statyp><r3ActStatCod>SCODE5</r3ActStatCod><r3ProcessCode>BLD_DEMO</r3ProcessCode><servProvCode>MUNI1</servProvCode><displayInAca>Y</displayInAca><r3ActStatDes>Revisions Required</r3ActStatDes><r3ActStatFlg>Y</r3ActStatFlg><r3ActTypeDes>Zoning Review</r3ActTypeDes><recDate>2012-05-20T20:38:04-07:00</recDate><recFulNam>Accela Administrator</recFulNam><recStatus>A</recStatus><refTaskStatusI18NModels/></r3statyp><r3statyp><r3ActStatCod>SCODE6</r3ActStatCod><r3ProcessCode>BLD_DEMO</r3ProcessCode><servProvCode>MUNI1</servProvCode><displayInAca>Y</displayInAca><r3ActStatDes>Not Required</r3ActStatDes><r3ActStatFlg>Y</r3ActStatFlg><r3ActTypeDes>Zoning Review</r3ActTypeDes><recDate>2012-05-20T20:38:04-07:00</recDate><recFulNam>Accela Administrator</recFulNam><recStatus>A</recStatus><refTaskStatusI18NModels/></r3statyp><r3statyp><r3ActStatCod>SCODE7</r3ActStatCod><r3ProcessCode>BLD_DEMO</r3ProcessCode><servProvCode>MUNI1</servProvCode><displayInAca>Y</displayInAca><r3ActStatDes>Approved w/Comments</r3ActStatDes><r3ActStatFlg>Y</r3ActStatFlg><r3ActTypeDes>Zoning Review</r3ActTypeDes><recDate>2012-05-20T20:38:04-07:00</recDate><recFulNam>Accela Administrator</recFulNam><recStatus>A</recStatus><refTaskStatusI18NModels/></r3statyp><r3statyp><r3ActStatCod>SCODE8</r3ActStatCod><r3ProcessCode>BLD_DEMO</r3ProcessCode><servProvCode>MUNI1</servProvCode><displayInAca>Y</displayInAca><r3ActStatDes>Approved</r3ActStatDes><r3ActStatFlg>Y</r3ActStatFlg><r3ActTypeDes>Zoning Review</r3ActTypeDes><recDate>2012-05-20T20:38:04-07:00</recDate><recFulNam>Accela Administrator</recFulNam><recStatus>A</recStatus><refTaskStatusI18NModels/></r3statyp><r3statyp><r3ActStatCod>SCODE9</r3ActStatCod><r3ProcessCode>BLD_DEMO</r3ProcessCode><servProvCode>MUNI1</servProvCode><displayInAca>Y</displayInAca><r3ActStatDes>Revisions Required</r3ActStatDes><r3ActStatFlg>B</r3ActStatFlg><r3ActTypeDes>Plans Coordination</r3ActTypeDes><recDate>2013-04-02T16:15:11-07:00</recDate><recFulNam>Accela Administrator</recFulNam><recStatus>A</recStatus><refTaskStatusI18NModels/></r3statyp></r3statypModels><securityFlag>BLD_DEMO/%</securityFlag></virProcess>
</list>