<?xml version="1.0" encoding="UTF-8" standalone="yes"?>
<list  version="8.0.0" minorVersion="15" exportUser="ADMIN" exportDateTime="03/30/2016 09:15 PM" description="null"><refFeeSchedule refId="1@RefFeeScheduleModel"><serviceProviderCode>BPTDEV</serviceProviderCode><feeScheduleName>NONE</feeScheduleName><feeScheduleVersion>V1.0</feeScheduleVersion><auditModel><auditDate>2012-01-21T08:22:01-07:00</auditDate><auditID>ADMIN</auditID><auditStatus>A</auditStatus></auditModel><effDate>2011-12-30T18:00:00-07:00</effDate><refFeeItemModels/><refFeeScheduleI18NModels/><feeScheduleModuleModels/><refFeeItemgroups/></refFeeSchedule>
<refFeeSchedule refId="1@RefFeeScheduleModel"><serviceProviderCode>BPTDEV</serviceProviderCode><feeScheduleName>LIC_BUSINESS_GENERAL</feeScheduleName><feeScheduleVersion>V1.0</feeScheduleVersion><auditModel><auditDate>2012-10-16T15:40:03-06:00</auditDate><auditID>ADMIN</auditID><auditStatus>A</auditStatus></auditModel><effDate>2012-01-01T00:00:00-07:00</effDate><refFeeItemModels><refFeeItem refId="2@RefFeeItemModel"><serviceProviderCode>BPTDEV</serviceProviderCode><feeScheduleName>LIC_BUSINESS_GENERAL</feeScheduleName><feeScheduleVersion>V1.0</feeScheduleVersion><feeCod>LIC_010</feeCod><paymentPeriod>FINAL</paymentPeriod><acaRequiredFlag>N</acaRequiredFlag><auditModel><auditDate>2015-09-15T18:46:16-06:00</auditDate><auditID>ADMIN</auditID><auditStatus>A</auditStatus></auditModel><autoAssessFlag>N</autoAssessFlag><autoInvoicedFlag>Y</autoInvoicedFlag><calProc>CONSTANT</calProc><crDr>D</crDr><defaultFlag>R</defaultFlag><display>10</display><displayOrder>10</displayOrder><feeAllocationType>NONE</feeAllocationType><feeDecisionModel/><feeDes>Business License Administrative Fee</feeDes><refFeeItemI18NModels/><formula>1</formula><negativeFeeFlag>N</negativeFeeFlag><netFeeFlag>N</netFeeFlag><refFeeCalcModels/><refPaymentPeriodModel refId="3@RefPaymentPeriodModel"><gfFeePeriod>FINAL</gfFeePeriod><serviceProviderCode>BPTDEV</serviceProviderCode><auditModel><auditDate>2007-07-19T08:22:35-06:00</auditDate><auditID>ADMIN</auditID><auditStatus>A</auditStatus></auditModel><displayOrder>10</displayOrder><refPaymentPeriodI18NModels/><resId>136</resId></refPaymentPeriodModel><roundFeeFlag>N</roundFeeFlag><roundFeeType>UP</roundFeeType><udes>Each</udes><unitDescModel refId="4@StandardChoiceModel"><name>UNIT DESC</name><serviceProviderCode>BPTDEV</serviceProviderCode><auditModel><auditDate>2014-09-07T22:55:09-06:00</auditDate><auditID>ADMIN</auditID><auditStatus>A</auditStatus></auditModel><description>Used for fee item units</description><standardChoiceValueModels><standardChoiceValue refId="5@StandardChoiceValueModel"><sequenceNBR>104598456</sequenceNBR><serviceProviderCode>BPTDEV</serviceProviderCode><auditModel><auditDate>2014-09-08T12:55:09-06:00</auditDate><auditID>ADMIN</auditID><auditStatus>A</auditStatus></auditModel><standardChoiceName>UNIT DESC</standardChoiceName><standardChoiceValueI18NModels/><value>Days</value></standardChoiceValue><standardChoiceValue refId="6@StandardChoiceValueModel"><sequenceNBR>104598457</sequenceNBR><serviceProviderCode>BPTDEV</serviceProviderCode><auditModel><auditDate>2014-09-08T12:55:22-06:00</auditDate><auditID>ADMIN</auditID><auditStatus>A</auditStatus></auditModel><standardChoiceName>UNIT DESC</standardChoiceName><standardChoiceValueI18NModels/><value>Dollar Amt</value></standardChoiceValue><standardChoiceValue refId="7@StandardChoiceValueModel"><sequenceNBR>104598458</sequenceNBR><serviceProviderCode>BPTDEV</serviceProviderCode><auditModel><auditDate>2014-09-08T12:55:32-06:00</auditDate><auditID>ADMIN</auditID><auditStatus>A</auditStatus></auditModel><standardChoiceName>UNIT DESC</standardChoiceName><standardChoiceValueI18NModels/><value>Each</value></standardChoiceValue><standardChoiceValue refId="8@StandardChoiceValueModel"><sequenceNBR>104598459</sequenceNBR><serviceProviderCode>BPTDEV</serviceProviderCode><auditModel><auditDate>2014-09-08T12:55:43-06:00</auditDate><auditID>ADMIN</auditID><auditStatus>A</auditStatus></auditModel><standardChoiceName>UNIT DESC</standardChoiceName><standardChoiceValueI18NModels/><value>Enter 1</value></standardChoiceValue><standardChoiceValue refId="9@StandardChoiceValueModel"><sequenceNBR>104598460</sequenceNBR><serviceProviderCode>BPTDEV</serviceProviderCode><auditModel><auditDate>2014-09-08T12:55:53-06:00</auditDate><auditID>ADMIN</auditID><auditStatus>A</auditStatus></auditModel><standardChoiceName>UNIT DESC</standardChoiceName><standardChoiceValueI18NModels/><value>Persons</value></standardChoiceValue><standardChoiceValue refId="10@StandardChoiceValueModel"><sequenceNBR>105210300</sequenceNBR><serviceProviderCode>BPTDEV</serviceProviderCode><auditModel><auditDate>2015-10-29T06:03:00-06:00</auditDate><auditID>ADMIN</auditID><auditStatus>A</auditStatus></auditModel><standardChoiceName>UNIT DESC</standardChoiceName><standardChoiceValueI18NModels/><value>AMT</value></standardChoiceValue></standardChoiceValueModels><type>SystemSwitch</type><valueSize>0</valueSize></unitDescModel></refFeeItem><refFeeItem refId="11@RefFeeItemModel"><serviceProviderCode>BPTDEV</serviceProviderCode><feeScheduleName>LIC_BUSINESS_GENERAL</feeScheduleName><feeScheduleVersion>V1.0</feeScheduleVersion><feeCod>LIC_020</feeCod><paymentPeriod>FINAL</paymentPeriod><acaRequiredFlag>N</acaRequiredFlag><auditModel><auditDate>2015-09-15T18:46:23-06:00</auditDate><auditID>ADMIN</auditID><auditStatus>A</auditStatus></auditModel><autoAssessFlag>N</autoAssessFlag><autoInvoicedFlag>Y</autoInvoicedFlag><calProc>CONSTANT</calProc><crDr>D</crDr><defaultFlag>R</defaultFlag><display>20</display><displayOrder>20</displayOrder><feeAllocationType>NONE</feeAllocationType><feeDecisionModel/><feeDes>Business License Application Fee</feeDes><refFeeItemI18NModels/><formula>1</formula><negativeFeeFlag>N</negativeFeeFlag><netFeeFlag>N</netFeeFlag><refFeeCalcModels/><refPaymentPeriodModel refFlag="Y" refId="3@RefPaymentPeriodModel"/><roundFeeFlag>N</roundFeeFlag><roundFeeType>UP</roundFeeType><udes>Each</udes><unitDescModel refFlag="Y" refId="4@StandardChoiceModel"/></refFeeItem><refFeeItem refId="12@RefFeeItemModel"><serviceProviderCode>BPTDEV</serviceProviderCode><feeScheduleName>LIC_BUSINESS_GENERAL</feeScheduleName><feeScheduleVersion>V1.0</feeScheduleVersion><feeCod>LIC_030</feeCod><paymentPeriod>FINAL</paymentPeriod><acaRequiredFlag>N</acaRequiredFlag><auditModel><auditDate>2015-09-15T18:46:31-06:00</auditDate><auditID>ADMIN</auditID><auditStatus>A</auditStatus></auditModel><autoAssessFlag>N</autoAssessFlag><autoInvoicedFlag>Y</autoInvoicedFlag><calProc>CONSTANT</calProc><crDr>D</crDr><defaultFlag>R</defaultFlag><display>30</display><displayOrder>30</displayOrder><feeAllocationType>NONE</feeAllocationType><feeDecisionModel/><feeDes>Business License Renewal Fee</feeDes><refFeeItemI18NModels/><formula>1</formula><negativeFeeFlag>N</negativeFeeFlag><netFeeFlag>N</netFeeFlag><refFeeCalcModels/><refPaymentPeriodModel refFlag="Y" refId="3@RefPaymentPeriodModel"/><roundFeeFlag>N</roundFeeFlag><roundFeeType>UP</roundFeeType><udes>Each</udes><unitDescModel refFlag="Y" refId="4@StandardChoiceModel"/></refFeeItem><refFeeItem refId="13@RefFeeItemModel"><serviceProviderCode>BPTDEV</serviceProviderCode><feeScheduleName>LIC_BUSINESS_GENERAL</feeScheduleName><feeScheduleVersion>V1.0</feeScheduleVersion><feeCod>LIC_040</feeCod><paymentPeriod>FINAL</paymentPeriod><acaRequiredFlag>N</acaRequiredFlag><auditModel><auditDate>2015-09-15T18:46:39-06:00</auditDate><auditID>ADMIN</auditID><auditStatus>A</auditStatus></auditModel><autoAssessFlag>N</autoAssessFlag><autoInvoicedFlag>Y</autoInvoicedFlag><calProc>CONSTANT</calProc><crDr>D</crDr><defaultFlag>R</defaultFlag><display>40</display><displayOrder>40</displayOrder><feeAllocationType>NONE</feeAllocationType><feeDecisionModel/><feeDes>Business License Late Renewal Fee</feeDes><refFeeItemI18NModels/><formula>1</formula><negativeFeeFlag>N</negativeFeeFlag><netFeeFlag>N</netFeeFlag><refFeeCalcModels/><refPaymentPeriodModel refFlag="Y" refId="3@RefPaymentPeriodModel"/><roundFeeFlag>N</roundFeeFlag><roundFeeType>UP</roundFeeType><udes>Each</udes><unitDescModel refFlag="Y" refId="4@StandardChoiceModel"/></refFeeItem></refFeeItemModels><refFeeScheduleI18NModels/><feeScheduleModuleModels/><refFeeItemgroups/></refFeeSchedule>
<refFeeSchedule refId="1@RefFeeScheduleModel"><serviceProviderCode>BPTDEV</serviceProviderCode><feeScheduleName>LIC_CONTRACTOR_GENERAL</feeScheduleName><feeScheduleVersion>V1.0</feeScheduleVersion><auditModel><auditDate>2012-10-16T16:02:37-06:00</auditDate><auditID>ADMIN</auditID><auditStatus>A</auditStatus></auditModel><effDate>2012-01-01T00:00:00-07:00</effDate><refFeeItemModels><refFeeItem refId="2@RefFeeItemModel"><serviceProviderCode>BPTDEV</serviceProviderCode><feeScheduleName>LIC_CONTRACTOR_GENERAL</feeScheduleName><feeScheduleVersion>V1.0</feeScheduleVersion><feeCod>LIC_010</feeCod><paymentPeriod>FINAL</paymentPeriod><acaRequiredFlag>N</acaRequiredFlag><auditModel><auditDate>2013-11-21T17:04:04-07:00</auditDate><auditID>ADMIN</auditID><auditStatus>A</auditStatus></auditModel><autoAssessFlag>N</autoAssessFlag><autoInvoicedFlag>Y</autoInvoicedFlag><calProc>CONSTANT</calProc><crDr>D</crDr><defaultFlag>R</defaultFlag><display>10</display><displayOrder>10</displayOrder><feeAllocationType>NONE</feeAllocationType><feeDecisionModel/><feeDes>Contractor License Administrative Fee</feeDes><refFeeItemI18NModels/><formula>10</formula><negativeFeeFlag>N</negativeFeeFlag><netFeeFlag>N</netFeeFlag><refFeeCalcModels/><refPaymentPeriodModel refId="3@RefPaymentPeriodModel"><gfFeePeriod>FINAL</gfFeePeriod><serviceProviderCode>BPTDEV</serviceProviderCode><auditModel><auditDate>2007-07-19T08:22:35-06:00</auditDate><auditID>ADMIN</auditID><auditStatus>A</auditStatus></auditModel><displayOrder>10</displayOrder><refPaymentPeriodI18NModels/><resId>136</resId></refPaymentPeriodModel><roundFeeFlag>N</roundFeeFlag><roundFeeType>UP</roundFeeType><udes>Each</udes><unitDescModel refId="4@StandardChoiceModel"><name>UNIT DESC</name><serviceProviderCode>BPTDEV</serviceProviderCode><auditModel><auditDate>2014-09-07T22:55:09-06:00</auditDate><auditID>ADMIN</auditID><auditStatus>A</auditStatus></auditModel><description>Used for fee item units</description><standardChoiceValueModels><standardChoiceValue refId="5@StandardChoiceValueModel"><sequenceNBR>104598456</sequenceNBR><serviceProviderCode>BPTDEV</serviceProviderCode><auditModel><auditDate>2014-09-08T12:55:09-06:00</auditDate><auditID>ADMIN</auditID><auditStatus>A</auditStatus></auditModel><standardChoiceName>UNIT DESC</standardChoiceName><standardChoiceValueI18NModels/><value>Days</value></standardChoiceValue><standardChoiceValue refId="6@StandardChoiceValueModel"><sequenceNBR>104598457</sequenceNBR><serviceProviderCode>BPTDEV</serviceProviderCode><auditModel><auditDate>2014-09-08T12:55:22-06:00</auditDate><auditID>ADMIN</auditID><auditStatus>A</auditStatus></auditModel><standardChoiceName>UNIT DESC</standardChoiceName><standardChoiceValueI18NModels/><value>Dollar Amt</value></standardChoiceValue><standardChoiceValue refId="7@StandardChoiceValueModel"><sequenceNBR>104598458</sequenceNBR><serviceProviderCode>BPTDEV</serviceProviderCode><auditModel><auditDate>2014-09-08T12:55:32-06:00</auditDate><auditID>ADMIN</auditID><auditStatus>A</auditStatus></auditModel><standardChoiceName>UNIT DESC</standardChoiceName><standardChoiceValueI18NModels/><value>Each</value></standardChoiceValue><standardChoiceValue refId="8@StandardChoiceValueModel"><sequenceNBR>104598459</sequenceNBR><serviceProviderCode>BPTDEV</serviceProviderCode><auditModel><auditDate>2014-09-08T12:55:43-06:00</auditDate><auditID>ADMIN</auditID><auditStatus>A</auditStatus></auditModel><standardChoiceName>UNIT DESC</standardChoiceName><standardChoiceValueI18NModels/><value>Enter 1</value></standardChoiceValue><standardChoiceValue refId="9@StandardChoiceValueModel"><sequenceNBR>104598460</sequenceNBR><serviceProviderCode>BPTDEV</serviceProviderCode><auditModel><auditDate>2014-09-08T12:55:53-06:00</auditDate><auditID>ADMIN</auditID><auditStatus>A</auditStatus></auditModel><standardChoiceName>UNIT DESC</standardChoiceName><standardChoiceValueI18NModels/><value>Persons</value></standardChoiceValue><standardChoiceValue refId="10@StandardChoiceValueModel"><sequenceNBR>105210300</sequenceNBR><serviceProviderCode>BPTDEV</serviceProviderCode><auditModel><auditDate>2015-10-29T06:03:00-06:00</auditDate><auditID>ADMIN</auditID><auditStatus>A</auditStatus></auditModel><standardChoiceName>UNIT DESC</standardChoiceName><standardChoiceValueI18NModels/><value>AMT</value></standardChoiceValue></standardChoiceValueModels><type>SystemSwitch</type><valueSize>0</valueSize></unitDescModel></refFeeItem><refFeeItem refId="11@RefFeeItemModel"><serviceProviderCode>BPTDEV</serviceProviderCode><feeScheduleName>LIC_CONTRACTOR_GENERAL</feeScheduleName><feeScheduleVersion>V1.0</feeScheduleVersion><feeCod>LIC_020</feeCod><paymentPeriod>FINAL</paymentPeriod><acaRequiredFlag>N</acaRequiredFlag><auditModel><auditDate>2013-11-21T17:16:30-07:00</auditDate><auditID>ADMIN</auditID><auditStatus>A</auditStatus></auditModel><autoAssessFlag>N</autoAssessFlag><autoInvoicedFlag>Y</autoInvoicedFlag><calProc>CONSTANT</calProc><crDr>D</crDr><defaultFlag>R</defaultFlag><display>20</display><displayOrder>20</displayOrder><feeAllocationType>NONE</feeAllocationType><feeDecisionModel/><feeDes>Contractor License Application Fee</feeDes><refFeeItemI18NModels/><formula>50</formula><negativeFeeFlag>N</negativeFeeFlag><netFeeFlag>N</netFeeFlag><refFeeCalcModels/><refPaymentPeriodModel refFlag="Y" refId="3@RefPaymentPeriodModel"/><roundFeeFlag>N</roundFeeFlag><roundFeeType>UP</roundFeeType><udes>Each</udes><unitDescModel refFlag="Y" refId="4@StandardChoiceModel"/></refFeeItem><refFeeItem refId="12@RefFeeItemModel"><serviceProviderCode>BPTDEV</serviceProviderCode><feeScheduleName>LIC_CONTRACTOR_GENERAL</feeScheduleName><feeScheduleVersion>V1.0</feeScheduleVersion><feeCod>LIC_030</feeCod><paymentPeriod>FINAL</paymentPeriod><acaRequiredFlag>N</acaRequiredFlag><auditModel><auditDate>2013-11-21T17:17:23-07:00</auditDate><auditID>ADMIN</auditID><auditStatus>A</auditStatus></auditModel><autoAssessFlag>N</autoAssessFlag><autoInvoicedFlag>Y</autoInvoicedFlag><calProc>CONSTANT</calProc><crDr>D</crDr><defaultFlag>R</defaultFlag><display>30</display><displayOrder>30</displayOrder><feeAllocationType>NONE</feeAllocationType><feeDecisionModel/><feeDes>Contractor License Renewal Fee</feeDes><refFeeItemI18NModels/><formula>50</formula><negativeFeeFlag>N</negativeFeeFlag><netFeeFlag>N</netFeeFlag><refFeeCalcModels/><refPaymentPeriodModel refFlag="Y" refId="3@RefPaymentPeriodModel"/><roundFeeFlag>N</roundFeeFlag><roundFeeType>UP</roundFeeType><udes>Each</udes><unitDescModel refFlag="Y" refId="4@StandardChoiceModel"/></refFeeItem><refFeeItem refId="13@RefFeeItemModel"><serviceProviderCode>BPTDEV</serviceProviderCode><feeScheduleName>LIC_CONTRACTOR_GENERAL</feeScheduleName><feeScheduleVersion>V1.0</feeScheduleVersion><feeCod>LIC_040</feeCod><paymentPeriod>FINAL</paymentPeriod><acaRequiredFlag>N</acaRequiredFlag><auditModel><auditDate>2013-11-21T17:18:27-07:00</auditDate><auditID>ADMIN</auditID><auditStatus>A</auditStatus></auditModel><autoAssessFlag>N</autoAssessFlag><autoInvoicedFlag>Y</autoInvoicedFlag><calProc>CONSTANT</calProc><crDr>D</crDr><defaultFlag>R</defaultFlag><display>40</display><displayOrder>40</displayOrder><feeAllocationType>NONE</feeAllocationType><feeDecisionModel/><feeDes>Contractor License Late Renewal Fee</feeDes><refFeeItemI18NModels/><formula>10</formula><negativeFeeFlag>N</negativeFeeFlag><netFeeFlag>N</netFeeFlag><refFeeCalcModels/><refPaymentPeriodModel refFlag="Y" refId="3@RefPaymentPeriodModel"/><roundFeeFlag>N</roundFeeFlag><roundFeeType>UP</roundFeeType><udes>Each</udes><unitDescModel refFlag="Y" refId="4@StandardChoiceModel"/></refFeeItem></refFeeItemModels><refFeeScheduleI18NModels/><feeScheduleModuleModels/><refFeeItemgroups/></refFeeSchedule>
<refFeeSchedule refId="1@RefFeeScheduleModel"><serviceProviderCode>BPTDEV</serviceProviderCode><feeScheduleName>LIC_EVT_GENERAL</feeScheduleName><feeScheduleVersion>V1.0</feeScheduleVersion><auditModel><auditDate>2013-12-10T16:42:15-07:00</auditDate><auditID>ADMIN</auditID><auditStatus>A</auditStatus></auditModel><effDate>2013-01-01T00:00:00-07:00</effDate><refFeeItemModels><refFeeItem refId="2@RefFeeItemModel"><serviceProviderCode>BPTDEV</serviceProviderCode><feeScheduleName>LIC_EVT_GENERAL</feeScheduleName><feeScheduleVersion>V1.0</feeScheduleVersion><feeCod>LIC_005</feeCod><paymentPeriod>FINAL</paymentPeriod><acaRequiredFlag>N</acaRequiredFlag><auditModel><auditDate>2014-02-25T14:19:02-07:00</auditDate><auditID>ADMIN</auditID><auditStatus>A</auditStatus></auditModel><autoAssessFlag>N</autoAssessFlag><autoInvoicedFlag>Y</autoInvoicedFlag><calProc>CONSTANT</calProc><crDr>D</crDr><defaultFlag>R</defaultFlag><display>05</display><displayOrder>5</displayOrder><feeAllocationType>NONE</feeAllocationType><feeDecisionModel/><feeDes>Equipment Rental Fee</feeDes><refFeeItemI18NModels/><formula>1</formula><negativeFeeFlag>N</negativeFeeFlag><netFeeFlag>N</netFeeFlag><refFeeCalcModels/><refPaymentPeriodModel refId="3@RefPaymentPeriodModel"><gfFeePeriod>FINAL</gfFeePeriod><serviceProviderCode>BPTDEV</serviceProviderCode><auditModel><auditDate>2007-07-19T08:22:35-06:00</auditDate><auditID>ADMIN</auditID><auditStatus>A</auditStatus></auditModel><displayOrder>10</displayOrder><refPaymentPeriodI18NModels/><resId>136</resId></refPaymentPeriodModel><roundFeeFlag>N</roundFeeFlag><roundFeeType>UP</roundFeeType><unitDescModel refId="4@StandardChoiceModel"><name>UNIT DESC</name><serviceProviderCode>BPTDEV</serviceProviderCode><auditModel><auditDate>2014-09-07T22:55:09-06:00</auditDate><auditID>ADMIN</auditID><auditStatus>A</auditStatus></auditModel><description>Used for fee item units</description><standardChoiceValueModels><standardChoiceValue refId="5@StandardChoiceValueModel"><sequenceNBR>104598456</sequenceNBR><serviceProviderCode>BPTDEV</serviceProviderCode><auditModel><auditDate>2014-09-08T12:55:09-06:00</auditDate><auditID>ADMIN</auditID><auditStatus>A</auditStatus></auditModel><standardChoiceName>UNIT DESC</standardChoiceName><standardChoiceValueI18NModels/><value>Days</value></standardChoiceValue><standardChoiceValue refId="6@StandardChoiceValueModel"><sequenceNBR>104598457</sequenceNBR><serviceProviderCode>BPTDEV</serviceProviderCode><auditModel><auditDate>2014-09-08T12:55:22-06:00</auditDate><auditID>ADMIN</auditID><auditStatus>A</auditStatus></auditModel><standardChoiceName>UNIT DESC</standardChoiceName><standardChoiceValueI18NModels/><value>Dollar Amt</value></standardChoiceValue><standardChoiceValue refId="7@StandardChoiceValueModel"><sequenceNBR>104598458</sequenceNBR><serviceProviderCode>BPTDEV</serviceProviderCode><auditModel><auditDate>2014-09-08T12:55:32-06:00</auditDate><auditID>ADMIN</auditID><auditStatus>A</auditStatus></auditModel><standardChoiceName>UNIT DESC</standardChoiceName><standardChoiceValueI18NModels/><value>Each</value></standardChoiceValue><standardChoiceValue refId="8@StandardChoiceValueModel"><sequenceNBR>104598459</sequenceNBR><serviceProviderCode>BPTDEV</serviceProviderCode><auditModel><auditDate>2014-09-08T12:55:43-06:00</auditDate><auditID>ADMIN</auditID><auditStatus>A</auditStatus></auditModel><standardChoiceName>UNIT DESC</standardChoiceName><standardChoiceValueI18NModels/><value>Enter 1</value></standardChoiceValue><standardChoiceValue refId="9@StandardChoiceValueModel"><sequenceNBR>104598460</sequenceNBR><serviceProviderCode>BPTDEV</serviceProviderCode><auditModel><auditDate>2014-09-08T12:55:53-06:00</auditDate><auditID>ADMIN</auditID><auditStatus>A</auditStatus></auditModel><standardChoiceName>UNIT DESC</standardChoiceName><standardChoiceValueI18NModels/><value>Persons</value></standardChoiceValue><standardChoiceValue refId="10@StandardChoiceValueModel"><sequenceNBR>105210300</sequenceNBR><serviceProviderCode>BPTDEV</serviceProviderCode><auditModel><auditDate>2015-10-29T06:03:00-06:00</auditDate><auditID>ADMIN</auditID><auditStatus>A</auditStatus></auditModel><standardChoiceName>UNIT DESC</standardChoiceName><standardChoiceValueI18NModels/><value>AMT</value></standardChoiceValue></standardChoiceValueModels><type>SystemSwitch</type><valueSize>0</valueSize></unitDescModel></refFeeItem><refFeeItem refId="11@RefFeeItemModel"><serviceProviderCode>BPTDEV</serviceProviderCode><feeScheduleName>LIC_EVT_GENERAL</feeScheduleName><feeScheduleVersion>V1.0</feeScheduleVersion><feeCod>LIC_008</feeCod><paymentPeriod>FINAL</paymentPeriod><acaRequiredFlag>N</acaRequiredFlag><auditModel><auditDate>2014-02-25T14:19:12-07:00</auditDate><auditID>ADMIN</auditID><auditStatus>A</auditStatus></auditModel><autoAssessFlag>N</autoAssessFlag><autoInvoicedFlag>Y</autoInvoicedFlag><calProc>CONSTANT</calProc><crDr>D</crDr><defaultFlag>R</defaultFlag><display>08</display><displayOrder>8</displayOrder><feeAllocationType>NONE</feeAllocationType><feeDecisionModel/><feeDes>Special Event Late Fee</feeDes><refFeeItemI18NModels/><formula>1</formula><negativeFeeFlag>N</negativeFeeFlag><netFeeFlag>N</netFeeFlag><refFeeCalcModels/><refPaymentPeriodModel refFlag="Y" refId="3@RefPaymentPeriodModel"/><roundFeeFlag>N</roundFeeFlag><roundFeeType>UP</roundFeeType><unitDescModel refFlag="Y" refId="4@StandardChoiceModel"/></refFeeItem><refFeeItem refId="12@RefFeeItemModel"><serviceProviderCode>BPTDEV</serviceProviderCode><feeScheduleName>LIC_EVT_GENERAL</feeScheduleName><feeScheduleVersion>V1.0</feeScheduleVersion><feeCod>LIC_010</feeCod><paymentPeriod>FINAL</paymentPeriod><acaRequiredFlag>N</acaRequiredFlag><auditModel><auditDate>2014-02-25T14:19:22-07:00</auditDate><auditID>ADMIN</auditID><auditStatus>A</auditStatus></auditModel><autoAssessFlag>N</autoAssessFlag><autoInvoicedFlag>Y</autoInvoicedFlag><calProc>CONSTANT</calProc><crDr>D</crDr><defaultFlag>R</defaultFlag><display>10</display><displayOrder>10</displayOrder><feeAllocationType>NONE</feeAllocationType><feeDecisionModel/><feeDes>Special Event Permit Fee</feeDes><refFeeItemI18NModels/><formula>1</formula><negativeFeeFlag>N</negativeFeeFlag><netFeeFlag>N</netFeeFlag><refFeeCalcModels/><refPaymentPeriodModel refFlag="Y" refId="3@RefPaymentPeriodModel"/><roundFeeFlag>N</roundFeeFlag><roundFeeType>UP</roundFeeType><unitDescModel refFlag="Y" refId="4@StandardChoiceModel"/></refFeeItem><refFeeItem refId="13@RefFeeItemModel"><serviceProviderCode>BPTDEV</serviceProviderCode><feeScheduleName>LIC_EVT_GENERAL</feeScheduleName><feeScheduleVersion>V1.0</feeScheduleVersion><feeCod>LIC_020</feeCod><paymentPeriod>FINAL</paymentPeriod><acaRequiredFlag>N</acaRequiredFlag><auditModel><auditDate>2014-02-25T14:19:32-07:00</auditDate><auditID>ADMIN</auditID><auditStatus>A</auditStatus></auditModel><autoAssessFlag>N</autoAssessFlag><autoInvoicedFlag>Y</autoInvoicedFlag><calProc>CONSTANT</calProc><crDr>D</crDr><defaultFlag>R</defaultFlag><display>20</display><displayOrder>20</displayOrder><feeAllocationType>NONE</feeAllocationType><feeDecisionModel/><feeDes>Special Event Processing Fee</feeDes><refFeeItemI18NModels/><formula>1</formula><negativeFeeFlag>N</negativeFeeFlag><netFeeFlag>N</netFeeFlag><refFeeCalcModels/><refPaymentPeriodModel refFlag="Y" refId="3@RefPaymentPeriodModel"/><roundFeeFlag>N</roundFeeFlag><roundFeeType>UP</roundFeeType><unitDescModel refFlag="Y" refId="4@StandardChoiceModel"/></refFeeItem><refFeeItem refId="14@RefFeeItemModel"><serviceProviderCode>BPTDEV</serviceProviderCode><feeScheduleName>LIC_EVT_GENERAL</feeScheduleName><feeScheduleVersion>V1.0</feeScheduleVersion><feeCod>LIC_030</feeCod><paymentPeriod>FINAL</paymentPeriod><acaRequiredFlag>N</acaRequiredFlag><auditModel><auditDate>2014-02-25T14:19:45-07:00</auditDate><auditID>ADMIN</auditID><auditStatus>A</auditStatus></auditModel><autoAssessFlag>N</autoAssessFlag><autoInvoicedFlag>Y</autoInvoicedFlag><calProc>CONSTANT</calProc><crDr>D</crDr><defaultFlag>R</defaultFlag><display>30</display><displayOrder>30</displayOrder><feeAllocationType>NONE</feeAllocationType><feeDecisionModel/><feeDes>Temporary Street Closure Fee</feeDes><refFeeItemI18NModels/><formula>1</formula><negativeFeeFlag>N</negativeFeeFlag><netFeeFlag>N</netFeeFlag><refFeeCalcModels/><refPaymentPeriodModel refFlag="Y" refId="3@RefPaymentPeriodModel"/><roundFeeFlag>N</roundFeeFlag><roundFeeType>UP</roundFeeType><unitDescModel refFlag="Y" refId="4@StandardChoiceModel"/></refFeeItem><refFeeItem refId="15@RefFeeItemModel"><serviceProviderCode>BPTDEV</serviceProviderCode><feeScheduleName>LIC_EVT_GENERAL</feeScheduleName><feeScheduleVersion>V1.0</feeScheduleVersion><feeCod>LIC_040</feeCod><paymentPeriod>FINAL</paymentPeriod><acaRequiredFlag>N</acaRequiredFlag><auditModel><auditDate>2014-02-25T14:20:02-07:00</auditDate><auditID>ADMIN</auditID><auditStatus>A</auditStatus></auditModel><autoAssessFlag>N</autoAssessFlag><autoInvoicedFlag>Y</autoInvoicedFlag><calProc>CONSTANT</calProc><crDr>D</crDr><defaultFlag>R</defaultFlag><display>40</display><displayOrder>40</displayOrder><feeAllocationType>NONE</feeAllocationType><feeDecisionModel/><feeDes>Temporary Use/Encroachment Fee</feeDes><refFeeItemI18NModels/><formula>1</formula><negativeFeeFlag>N</negativeFeeFlag><netFeeFlag>N</netFeeFlag><refFeeCalcModels/><refPaymentPeriodModel refFlag="Y" refId="3@RefPaymentPeriodModel"/><roundFeeFlag>N</roundFeeFlag><roundFeeType>UP</roundFeeType><unitDescModel refFlag="Y" refId="4@StandardChoiceModel"/></refFeeItem><refFeeItem refId="16@RefFeeItemModel"><serviceProviderCode>BPTDEV</serviceProviderCode><feeScheduleName>LIC_EVT_GENERAL</feeScheduleName><feeScheduleVersion>V1.0</feeScheduleVersion><feeCod>LIC_050</feeCod><paymentPeriod>FINAL</paymentPeriod><acaRequiredFlag>N</acaRequiredFlag><auditModel><auditDate>2014-02-25T14:20:12-07:00</auditDate><auditID>ADMIN</auditID><auditStatus>A</auditStatus></auditModel><autoAssessFlag>N</autoAssessFlag><autoInvoicedFlag>Y</autoInvoicedFlag><calProc>CONSTANT</calProc><crDr>D</crDr><defaultFlag>R</defaultFlag><display>50</display><displayOrder>50</displayOrder><feeAllocationType>NONE</feeAllocationType><feeDecisionModel/><feeDes>Wine and Beer Selling Fee</feeDes><refFeeItemI18NModels/><formula>1</formula><negativeFeeFlag>N</negativeFeeFlag><netFeeFlag>N</netFeeFlag><refFeeCalcModels/><refPaymentPeriodModel refFlag="Y" refId="3@RefPaymentPeriodModel"/><roundFeeFlag>N</roundFeeFlag><roundFeeType>UP</roundFeeType><unitDescModel refFlag="Y" refId="4@StandardChoiceModel"/></refFeeItem></refFeeItemModels><refFeeScheduleI18NModels/><feeScheduleModuleModels/><refFeeItemgroups/></refFeeSchedule>
<refFeeSchedule refId="1@RefFeeScheduleModel"><serviceProviderCode>BPTDEV</serviceProviderCode><feeScheduleName>LIC_MJ_GEN</feeScheduleName><feeScheduleVersion>V1.0</feeScheduleVersion><auditModel><auditDate>2015-10-28T15:59:53-06:00</auditDate><auditID>ADMIN</auditID><auditStatus>A</auditStatus></auditModel><effDate>2014-12-30T18:00:00-07:00</effDate><refFeeItemModels><refFeeItem refId="2@RefFeeItemModel"><serviceProviderCode>BPTDEV</serviceProviderCode><feeScheduleName>LIC_MJ_GEN</feeScheduleName><feeScheduleVersion>V1.0</feeScheduleVersion><feeCod>LIC_010</feeCod><paymentPeriod>FINAL</paymentPeriod><acaRequiredFlag>N</acaRequiredFlag><auditModel><auditDate>2015-10-29T06:04:13-06:00</auditDate><auditID>ADMIN</auditID><auditStatus>A</auditStatus></auditModel><autoAssessFlag>N</autoAssessFlag><calProc>CONSTANT</calProc><crDr>D</crDr><defaultFlag>R</defaultFlag><display>10</display><displayOrder>10</displayOrder><feeAllocationType>NONE</feeAllocationType><feeDecisionModel/><feeDes>Marijuana Medical Center Application Fee</feeDes><refFeeItemI18NModels/><formula>1</formula><negativeFeeFlag>N</negativeFeeFlag><netFeeFlag>N</netFeeFlag><refFeeCalcModels/><refPaymentPeriodModel refId="3@RefPaymentPeriodModel"><gfFeePeriod>FINAL</gfFeePeriod><serviceProviderCode>BPTDEV</serviceProviderCode><auditModel><auditDate>2007-07-19T08:22:35-06:00</auditDate><auditID>ADMIN</auditID><auditStatus>A</auditStatus></auditModel><displayOrder>10</displayOrder><refPaymentPeriodI18NModels/><resId>136</resId></refPaymentPeriodModel><roundFeeFlag>N</roundFeeFlag><roundFeeType>UP</roundFeeType><udes>AMT</udes><unitDescModel refId="4@StandardChoiceModel"><name>UNIT DESC</name><serviceProviderCode>BPTDEV</serviceProviderCode><auditModel><auditDate>2014-09-07T22:55:09-06:00</auditDate><auditID>ADMIN</auditID><auditStatus>A</auditStatus></auditModel><description>Used for fee item units</description><standardChoiceValueModels><standardChoiceValue refId="5@StandardChoiceValueModel"><sequenceNBR>104598456</sequenceNBR><serviceProviderCode>BPTDEV</serviceProviderCode><auditModel><auditDate>2014-09-08T12:55:09-06:00</auditDate><auditID>ADMIN</auditID><auditStatus>A</auditStatus></auditModel><standardChoiceName>UNIT DESC</standardChoiceName><standardChoiceValueI18NModels/><value>Days</value></standardChoiceValue><standardChoiceValue refId="6@StandardChoiceValueModel"><sequenceNBR>104598457</sequenceNBR><serviceProviderCode>BPTDEV</serviceProviderCode><auditModel><auditDate>2014-09-08T12:55:22-06:00</auditDate><auditID>ADMIN</auditID><auditStatus>A</auditStatus></auditModel><standardChoiceName>UNIT DESC</standardChoiceName><standardChoiceValueI18NModels/><value>Dollar Amt</value></standardChoiceValue><standardChoiceValue refId="7@StandardChoiceValueModel"><sequenceNBR>104598458</sequenceNBR><serviceProviderCode>BPTDEV</serviceProviderCode><auditModel><auditDate>2014-09-08T12:55:32-06:00</auditDate><auditID>ADMIN</auditID><auditStatus>A</auditStatus></auditModel><standardChoiceName>UNIT DESC</standardChoiceName><standardChoiceValueI18NModels/><value>Each</value></standardChoiceValue><standardChoiceValue refId="8@StandardChoiceValueModel"><sequenceNBR>104598459</sequenceNBR><serviceProviderCode>BPTDEV</serviceProviderCode><auditModel><auditDate>2014-09-08T12:55:43-06:00</auditDate><auditID>ADMIN</auditID><auditStatus>A</auditStatus></auditModel><standardChoiceName>UNIT DESC</standardChoiceName><standardChoiceValueI18NModels/><value>Enter 1</value></standardChoiceValue><standardChoiceValue refId="9@StandardChoiceValueModel"><sequenceNBR>104598460</sequenceNBR><serviceProviderCode>BPTDEV</serviceProviderCode><auditModel><auditDate>2014-09-08T12:55:53-06:00</auditDate><auditID>ADMIN</auditID><auditStatus>A</auditStatus></auditModel><standardChoiceName>UNIT DESC</standardChoiceName><standardChoiceValueI18NModels/><value>Persons</value></standardChoiceValue><standardChoiceValue refId="10@StandardChoiceValueModel"><sequenceNBR>105210300</sequenceNBR><serviceProviderCode>BPTDEV</serviceProviderCode><auditModel><auditDate>2015-10-29T06:03:00-06:00</auditDate><auditID>ADMIN</auditID><auditStatus>A</auditStatus></auditModel><standardChoiceName>UNIT DESC</standardChoiceName><standardChoiceValueI18NModels/><value>AMT</value></standardChoiceValue></standardChoiceValueModels><type>SystemSwitch</type><valueSize>0</valueSize></unitDescModel></refFeeItem><refFeeItem refId="11@RefFeeItemModel"><serviceProviderCode>BPTDEV</serviceProviderCode><feeScheduleName>LIC_MJ_GEN</feeScheduleName><feeScheduleVersion>V1.0</feeScheduleVersion><feeCod>LIC_020</feeCod><paymentPeriod>FINAL</paymentPeriod><acaRequiredFlag>N</acaRequiredFlag><auditModel><auditDate>2015-10-29T06:04:48-06:00</auditDate><auditID>ADMIN</auditID><auditStatus>A</auditStatus></auditModel><autoAssessFlag>N</autoAssessFlag><calProc>CONSTANT</calProc><crDr>D</crDr><defaultFlag>R</defaultFlag><display>20</display><displayOrder>20</displayOrder><feeAllocationType>NONE</feeAllocationType><feeDecisionModel/><feeDes>Marijuana Medical Center License Fee</feeDes><refFeeItemI18NModels/><formula>1</formula><negativeFeeFlag>N</negativeFeeFlag><netFeeFlag>N</netFeeFlag><refFeeCalcModels/><refPaymentPeriodModel refFlag="Y" refId="3@RefPaymentPeriodModel"/><roundFeeFlag>N</roundFeeFlag><roundFeeType>UP</roundFeeType><udes>AMT</udes><unitDescModel refFlag="Y" refId="4@StandardChoiceModel"/></refFeeItem><refFeeItem refId="12@RefFeeItemModel"><serviceProviderCode>BPTDEV</serviceProviderCode><feeScheduleName>LIC_MJ_GEN</feeScheduleName><feeScheduleVersion>V1.0</feeScheduleVersion><feeCod>LIC_030</feeCod><paymentPeriod>FINAL</paymentPeriod><acaRequiredFlag>N</acaRequiredFlag><auditModel><auditDate>2015-10-29T06:05:11-06:00</auditDate><auditID>ADMIN</auditID><auditStatus>A</auditStatus></auditModel><autoAssessFlag>N</autoAssessFlag><calProc>CONSTANT</calProc><crDr>D</crDr><defaultFlag>R</defaultFlag><display>30</display><displayOrder>30</displayOrder><feeAllocationType>NONE</feeAllocationType><feeDecisionModel/><feeDes>Marijuana Medical Center License Late Fee</feeDes><refFeeItemI18NModels/><formula>1</formula><negativeFeeFlag>N</negativeFeeFlag><netFeeFlag>N</netFeeFlag><refFeeCalcModels/><refPaymentPeriodModel refFlag="Y" refId="3@RefPaymentPeriodModel"/><roundFeeFlag>N</roundFeeFlag><roundFeeType>UP</roundFeeType><udes>AMT</udes><unitDescModel refFlag="Y" refId="4@StandardChoiceModel"/></refFeeItem><refFeeItem refId="13@RefFeeItemModel"><serviceProviderCode>BPTDEV</serviceProviderCode><feeScheduleName>LIC_MJ_GEN</feeScheduleName><feeScheduleVersion>V1.0</feeScheduleVersion><feeCod>LIC_040</feeCod><paymentPeriod>FINAL</paymentPeriod><acaRequiredFlag>N</acaRequiredFlag><auditModel><auditDate>2015-10-29T06:05:29-06:00</auditDate><auditID>ADMIN</auditID><auditStatus>A</auditStatus></auditModel><autoAssessFlag>N</autoAssessFlag><calProc>CONSTANT</calProc><crDr>D</crDr><defaultFlag>R</defaultFlag><display>40</display><displayOrder>40</displayOrder><feeAllocationType>NONE</feeAllocationType><feeDecisionModel/><feeDes>Marijuana Medical Infused Product Mfg Application Fee</feeDes><refFeeItemI18NModels/><formula>1</formula><negativeFeeFlag>N</negativeFeeFlag><netFeeFlag>N</netFeeFlag><refFeeCalcModels/><refPaymentPeriodModel refFlag="Y" refId="3@RefPaymentPeriodModel"/><roundFeeFlag>N</roundFeeFlag><roundFeeType>UP</roundFeeType><udes>AMT</udes><unitDescModel refFlag="Y" refId="4@StandardChoiceModel"/></refFeeItem><refFeeItem refId="14@RefFeeItemModel"><serviceProviderCode>BPTDEV</serviceProviderCode><feeScheduleName>LIC_MJ_GEN</feeScheduleName><feeScheduleVersion>V1.0</feeScheduleVersion><feeCod>LIC_050</feeCod><paymentPeriod>FINAL</paymentPeriod><acaRequiredFlag>N</acaRequiredFlag><auditModel><auditDate>2015-10-29T06:05:45-06:00</auditDate><auditID>ADMIN</auditID><auditStatus>A</auditStatus></auditModel><autoAssessFlag>N</autoAssessFlag><calProc>CONSTANT</calProc><crDr>D</crDr><defaultFlag>R</defaultFlag><display>50</display><displayOrder>50</displayOrder><feeAllocationType>NONE</feeAllocationType><feeDecisionModel/><feeDes>Marijuana Medical Infused Product Mfg License Fee</feeDes><refFeeItemI18NModels/><formula>1</formula><negativeFeeFlag>N</negativeFeeFlag><netFeeFlag>N</netFeeFlag><refFeeCalcModels/><refPaymentPeriodModel refFlag="Y" refId="3@RefPaymentPeriodModel"/><roundFeeFlag>N</roundFeeFlag><roundFeeType>UP</roundFeeType><udes>AMT</udes><unitDescModel refFlag="Y" refId="4@StandardChoiceModel"/></refFeeItem><refFeeItem refId="15@RefFeeItemModel"><serviceProviderCode>BPTDEV</serviceProviderCode><feeScheduleName>LIC_MJ_GEN</feeScheduleName><feeScheduleVersion>V1.0</feeScheduleVersion><feeCod>LIC_060</feeCod><paymentPeriod>FINAL</paymentPeriod><acaRequiredFlag>N</acaRequiredFlag><auditModel><auditDate>2015-10-29T06:06:03-06:00</auditDate><auditID>ADMIN</auditID><auditStatus>A</auditStatus></auditModel><autoAssessFlag>N</autoAssessFlag><calProc>CONSTANT</calProc><crDr>D</crDr><defaultFlag>R</defaultFlag><display>60</display><displayOrder>60</displayOrder><feeAllocationType>NONE</feeAllocationType><feeDecisionModel/><feeDes>Marijuana Medical Infused Product Mfg License Late Fee</feeDes><refFeeItemI18NModels/><formula>1</formula><negativeFeeFlag>N</negativeFeeFlag><netFeeFlag>N</netFeeFlag><refFeeCalcModels/><refPaymentPeriodModel refFlag="Y" refId="3@RefPaymentPeriodModel"/><roundFeeFlag>N</roundFeeFlag><roundFeeType>UP</roundFeeType><udes>AMT</udes><unitDescModel refFlag="Y" refId="4@StandardChoiceModel"/></refFeeItem><refFeeItem refId="16@RefFeeItemModel"><serviceProviderCode>BPTDEV</serviceProviderCode><feeScheduleName>LIC_MJ_GEN</feeScheduleName><feeScheduleVersion>V1.0</feeScheduleVersion><feeCod>LIC_070</feeCod><paymentPeriod>FINAL</paymentPeriod><acaRequiredFlag>N</acaRequiredFlag><auditModel><auditDate>2015-10-29T06:06:19-06:00</auditDate><auditID>ADMIN</auditID><auditStatus>A</auditStatus></auditModel><autoAssessFlag>N</autoAssessFlag><calProc>CONSTANT</calProc><crDr>D</crDr><defaultFlag>R</defaultFlag><display>70</display><displayOrder>70</displayOrder><feeAllocationType>NONE</feeAllocationType><feeDecisionModel/><feeDes>Marijuana Medical Optional Premises Cultivation Application Fee</feeDes><refFeeItemI18NModels/><formula>1</formula><negativeFeeFlag>N</negativeFeeFlag><netFeeFlag>N</netFeeFlag><refFeeCalcModels/><refPaymentPeriodModel refFlag="Y" refId="3@RefPaymentPeriodModel"/><roundFeeFlag>N</roundFeeFlag><roundFeeType>UP</roundFeeType><udes>AMT</udes><unitDescModel refFlag="Y" refId="4@StandardChoiceModel"/></refFeeItem><refFeeItem refId="17@RefFeeItemModel"><serviceProviderCode>BPTDEV</serviceProviderCode><feeScheduleName>LIC_MJ_GEN</feeScheduleName><feeScheduleVersion>V1.0</feeScheduleVersion><feeCod>LIC_080</feeCod><paymentPeriod>FINAL</paymentPeriod><acaRequiredFlag>N</acaRequiredFlag><auditModel><auditDate>2015-10-29T06:06:35-06:00</auditDate><auditID>ADMIN</auditID><auditStatus>A</auditStatus></auditModel><autoAssessFlag>N</autoAssessFlag><calProc>CONSTANT</calProc><crDr>D</crDr><defaultFlag>R</defaultFlag><display>80</display><displayOrder>80</displayOrder><feeAllocationType>NONE</feeAllocationType><feeDecisionModel/><feeDes>Marijuana Medical Optional Premises Cultivation License Fee</feeDes><refFeeItemI18NModels/><formula>1</formula><negativeFeeFlag>N</negativeFeeFlag><netFeeFlag>N</netFeeFlag><refFeeCalcModels/><refPaymentPeriodModel refFlag="Y" refId="3@RefPaymentPeriodModel"/><roundFeeFlag>N</roundFeeFlag><roundFeeType>UP</roundFeeType><udes>AMT</udes><unitDescModel refFlag="Y" refId="4@StandardChoiceModel"/></refFeeItem><refFeeItem refId="18@RefFeeItemModel"><serviceProviderCode>BPTDEV</serviceProviderCode><feeScheduleName>LIC_MJ_GEN</feeScheduleName><feeScheduleVersion>V1.0</feeScheduleVersion><feeCod>LIC_090</feeCod><paymentPeriod>FINAL</paymentPeriod><acaRequiredFlag>N</acaRequiredFlag><auditModel><auditDate>2015-10-29T06:06:52-06:00</auditDate><auditID>ADMIN</auditID><auditStatus>A</auditStatus></auditModel><autoAssessFlag>N</autoAssessFlag><calProc>CONSTANT</calProc><crDr>D</crDr><defaultFlag>R</defaultFlag><display>90</display><displayOrder>90</displayOrder><feeAllocationType>NONE</feeAllocationType><feeDecisionModel/><feeDes>Marijuana Medical Optional Premises Cultivation License Late Fee</feeDes><refFeeItemI18NModels/><formula>1</formula><negativeFeeFlag>N</negativeFeeFlag><netFeeFlag>N</netFeeFlag><refFeeCalcModels/><refPaymentPeriodModel refFlag="Y" refId="3@RefPaymentPeriodModel"/><roundFeeFlag>N</roundFeeFlag><roundFeeType>UP</roundFeeType><udes>AMT</udes><unitDescModel refFlag="Y" refId="4@StandardChoiceModel"/></refFeeItem><refFeeItem refId="19@RefFeeItemModel"><serviceProviderCode>BPTDEV</serviceProviderCode><feeScheduleName>LIC_MJ_GEN</feeScheduleName><feeScheduleVersion>V1.0</feeScheduleVersion><feeCod>LIC_100</feeCod><paymentPeriod>FINAL</paymentPeriod><acaRequiredFlag>N</acaRequiredFlag><auditModel><auditDate>2016-02-16T03:24:25-07:00</auditDate><auditID>ADMIN</auditID><auditStatus>A</auditStatus></auditModel><autoAssessFlag>N</autoAssessFlag><calProc>CONSTANT</calProc><crDr>D</crDr><defaultFlag>R</defaultFlag><display>100</display><displayOrder>100</displayOrder><feeAllocationType>NONE</feeAllocationType><feeDecisionModel/><feeDes>Retail Marijuana Infused Product Mfg Application Fee</feeDes><refFeeItemI18NModels/><formula>1</formula><negativeFeeFlag>N</negativeFeeFlag><netFeeFlag>N</netFeeFlag><refFeeCalcModels/><refPaymentPeriodModel refFlag="Y" refId="3@RefPaymentPeriodModel"/><roundFeeFlag>N</roundFeeFlag><roundFeeType>UP</roundFeeType><udes>AMT</udes><unitDescModel refFlag="Y" refId="4@StandardChoiceModel"/></refFeeItem><refFeeItem refId="20@RefFeeItemModel"><serviceProviderCode>BPTDEV</serviceProviderCode><feeScheduleName>LIC_MJ_GEN</feeScheduleName><feeScheduleVersion>V1.0</feeScheduleVersion><feeCod>LIC_110</feeCod><paymentPeriod>FINAL</paymentPeriod><acaRequiredFlag>N</acaRequiredFlag><auditModel><auditDate>2016-02-16T03:24:51-07:00</auditDate><auditID>ADMIN</auditID><auditStatus>A</auditStatus></auditModel><autoAssessFlag>N</autoAssessFlag><calProc>CONSTANT</calProc><crDr>D</crDr><defaultFlag>R</defaultFlag><display>110</display><displayOrder>110</displayOrder><feeAllocationType>NONE</feeAllocationType><feeDecisionModel/><feeDes>Retail Marijuana Infused Product Mfg License Fee</feeDes><refFeeItemI18NModels/><formula>1</formula><negativeFeeFlag>N</negativeFeeFlag><netFeeFlag>N</netFeeFlag><refFeeCalcModels/><refPaymentPeriodModel refFlag="Y" refId="3@RefPaymentPeriodModel"/><roundFeeFlag>N</roundFeeFlag><roundFeeType>UP</roundFeeType><udes>AMT</udes><unitDescModel refFlag="Y" refId="4@StandardChoiceModel"/></refFeeItem><refFeeItem refId="21@RefFeeItemModel"><serviceProviderCode>BPTDEV</serviceProviderCode><feeScheduleName>LIC_MJ_GEN</feeScheduleName><feeScheduleVersion>V1.0</feeScheduleVersion><feeCod>LIC_120</feeCod><paymentPeriod>FINAL</paymentPeriod><acaRequiredFlag>N</acaRequiredFlag><auditModel><auditDate>2016-02-16T03:25:03-07:00</auditDate><auditID>ADMIN</auditID><auditStatus>A</auditStatus></auditModel><autoAssessFlag>N</autoAssessFlag><calProc>CONSTANT</calProc><crDr>D</crDr><defaultFlag>R</defaultFlag><display>120</display><displayOrder>120</displayOrder><feeAllocationType>NONE</feeAllocationType><feeDecisionModel/><feeDes>Retail Marijuana Infused Product Mfg License Late Fee</feeDes><refFeeItemI18NModels/><formula>1</formula><negativeFeeFlag>N</negativeFeeFlag><netFeeFlag>N</netFeeFlag><refFeeCalcModels/><refPaymentPeriodModel refFlag="Y" refId="3@RefPaymentPeriodModel"/><roundFeeFlag>N</roundFeeFlag><roundFeeType>UP</roundFeeType><udes>AMT</udes><unitDescModel refFlag="Y" refId="4@StandardChoiceModel"/></refFeeItem><refFeeItem refId="22@RefFeeItemModel"><serviceProviderCode>BPTDEV</serviceProviderCode><feeScheduleName>LIC_MJ_GEN</feeScheduleName><feeScheduleVersion>V1.0</feeScheduleVersion><feeCod>LIC_130</feeCod><paymentPeriod>FINAL</paymentPeriod><acaRequiredFlag>N</acaRequiredFlag><auditModel><auditDate>2016-02-16T03:25:14-07:00</auditDate><auditID>ADMIN</auditID><auditStatus>A</auditStatus></auditModel><autoAssessFlag>N</autoAssessFlag><calProc>CONSTANT</calProc><crDr>D</crDr><defaultFlag>R</defaultFlag><display>130</display><displayOrder>130</displayOrder><feeAllocationType>NONE</feeAllocationType><feeDecisionModel/><feeDes>Retail Marijuana Testing Facility Application Fee</feeDes><refFeeItemI18NModels/><formula>1</formula><negativeFeeFlag>N</negativeFeeFlag><netFeeFlag>N</netFeeFlag><refFeeCalcModels/><refPaymentPeriodModel refFlag="Y" refId="3@RefPaymentPeriodModel"/><roundFeeFlag>N</roundFeeFlag><roundFeeType>UP</roundFeeType><udes>AMT</udes><unitDescModel refFlag="Y" refId="4@StandardChoiceModel"/></refFeeItem><refFeeItem refId="23@RefFeeItemModel"><serviceProviderCode>BPTDEV</serviceProviderCode><feeScheduleName>LIC_MJ_GEN</feeScheduleName><feeScheduleVersion>V1.0</feeScheduleVersion><feeCod>LIC_140</feeCod><paymentPeriod>FINAL</paymentPeriod><acaRequiredFlag>N</acaRequiredFlag><auditModel><auditDate>2016-02-16T03:25:22-07:00</auditDate><auditID>ADMIN</auditID><auditStatus>A</auditStatus></auditModel><autoAssessFlag>N</autoAssessFlag><calProc>CONSTANT</calProc><crDr>D</crDr><defaultFlag>R</defaultFlag><display>140</display><displayOrder>140</displayOrder><feeAllocationType>NONE</feeAllocationType><feeDecisionModel/><feeDes>Retail Marijuana Testing Facility License Fee</feeDes><refFeeItemI18NModels/><formula>1</formula><negativeFeeFlag>N</negativeFeeFlag><netFeeFlag>N</netFeeFlag><refFeeCalcModels/><refPaymentPeriodModel refFlag="Y" refId="3@RefPaymentPeriodModel"/><roundFeeFlag>N</roundFeeFlag><roundFeeType>UP</roundFeeType><udes>AMT</udes><unitDescModel refFlag="Y" refId="4@StandardChoiceModel"/></refFeeItem><refFeeItem refId="24@RefFeeItemModel"><serviceProviderCode>BPTDEV</serviceProviderCode><feeScheduleName>LIC_MJ_GEN</feeScheduleName><feeScheduleVersion>V1.0</feeScheduleVersion><feeCod>LIC_150</feeCod><paymentPeriod>FINAL</paymentPeriod><acaRequiredFlag>N</acaRequiredFlag><auditModel><auditDate>2016-02-16T03:25:33-07:00</auditDate><auditID>ADMIN</auditID><auditStatus>A</auditStatus></auditModel><autoAssessFlag>N</autoAssessFlag><calProc>CONSTANT</calProc><crDr>D</crDr><defaultFlag>R</defaultFlag><display>150</display><displayOrder>150</displayOrder><feeAllocationType>NONE</feeAllocationType><feeDecisionModel/><feeDes>Retail Marijuana Testing Facility License Late Fee</feeDes><refFeeItemI18NModels/><formula>1</formula><negativeFeeFlag>N</negativeFeeFlag><netFeeFlag>N</netFeeFlag><refFeeCalcModels/><refPaymentPeriodModel refFlag="Y" refId="3@RefPaymentPeriodModel"/><roundFeeFlag>N</roundFeeFlag><roundFeeType>UP</roundFeeType><udes>AMT</udes><unitDescModel refFlag="Y" refId="4@StandardChoiceModel"/></refFeeItem><refFeeItem refId="25@RefFeeItemModel"><serviceProviderCode>BPTDEV</serviceProviderCode><feeScheduleName>LIC_MJ_GEN</feeScheduleName><feeScheduleVersion>V1.0</feeScheduleVersion><feeCod>LIC_160</feeCod><paymentPeriod>FINAL</paymentPeriod><acaRequiredFlag>N</acaRequiredFlag><auditModel><auditDate>2016-02-16T03:25:41-07:00</auditDate><auditID>ADMIN</auditID><auditStatus>A</auditStatus></auditModel><autoAssessFlag>N</autoAssessFlag><calProc>CONSTANT</calProc><crDr>D</crDr><defaultFlag>R</defaultFlag><display>160</display><displayOrder>160</displayOrder><feeAllocationType>NONE</feeAllocationType><feeDecisionModel/><feeDes>Retail Marijuana Store Application Fee</feeDes><refFeeItemI18NModels/><formula>1</formula><negativeFeeFlag>N</negativeFeeFlag><netFeeFlag>N</netFeeFlag><refFeeCalcModels/><refPaymentPeriodModel refFlag="Y" refId="3@RefPaymentPeriodModel"/><roundFeeFlag>N</roundFeeFlag><roundFeeType>UP</roundFeeType><udes>AMT</udes><unitDescModel refFlag="Y" refId="4@StandardChoiceModel"/></refFeeItem><refFeeItem refId="26@RefFeeItemModel"><serviceProviderCode>BPTDEV</serviceProviderCode><feeScheduleName>LIC_MJ_GEN</feeScheduleName><feeScheduleVersion>V1.0</feeScheduleVersion><feeCod>LIC_170</feeCod><paymentPeriod>FINAL</paymentPeriod><acaRequiredFlag>N</acaRequiredFlag><auditModel><auditDate>2016-02-16T03:25:50-07:00</auditDate><auditID>ADMIN</auditID><auditStatus>A</auditStatus></auditModel><autoAssessFlag>N</autoAssessFlag><calProc>CONSTANT</calProc><crDr>D</crDr><defaultFlag>R</defaultFlag><display>170</display><displayOrder>170</displayOrder><feeAllocationType>NONE</feeAllocationType><feeDecisionModel/><feeDes>Retail Marijuana Store License Fee</feeDes><refFeeItemI18NModels/><formula>1</formula><negativeFeeFlag>N</negativeFeeFlag><netFeeFlag>N</netFeeFlag><refFeeCalcModels/><refPaymentPeriodModel refFlag="Y" refId="3@RefPaymentPeriodModel"/><roundFeeFlag>N</roundFeeFlag><roundFeeType>UP</roundFeeType><udes>AMT</udes><unitDescModel refFlag="Y" refId="4@StandardChoiceModel"/></refFeeItem><refFeeItem refId="27@RefFeeItemModel"><serviceProviderCode>BPTDEV</serviceProviderCode><feeScheduleName>LIC_MJ_GEN</feeScheduleName><feeScheduleVersion>V1.0</feeScheduleVersion><feeCod>LIC_180</feeCod><paymentPeriod>FINAL</paymentPeriod><acaRequiredFlag>N</acaRequiredFlag><auditModel><auditDate>2016-02-16T03:25:59-07:00</auditDate><auditID>ADMIN</auditID><auditStatus>A</auditStatus></auditModel><autoAssessFlag>N</autoAssessFlag><calProc>CONSTANT</calProc><crDr>D</crDr><defaultFlag>R</defaultFlag><display>180</display><displayOrder>180</displayOrder><feeAllocationType>NONE</feeAllocationType><feeDecisionModel/><feeDes>Retail Marijuana Store License Late Fee</feeDes><refFeeItemI18NModels/><formula>1</formula><negativeFeeFlag>N</negativeFeeFlag><netFeeFlag>N</netFeeFlag><refFeeCalcModels/><refPaymentPeriodModel refFlag="Y" refId="3@RefPaymentPeriodModel"/><roundFeeFlag>N</roundFeeFlag><roundFeeType>UP</roundFeeType><udes>AMT</udes><unitDescModel refFlag="Y" refId="4@StandardChoiceModel"/></refFeeItem><refFeeItem refId="28@RefFeeItemModel"><serviceProviderCode>BPTDEV</serviceProviderCode><feeScheduleName>LIC_MJ_GEN</feeScheduleName><feeScheduleVersion>V1.0</feeScheduleVersion><feeCod>LIC_190</feeCod><paymentPeriod>FINAL</paymentPeriod><acaRequiredFlag>N</acaRequiredFlag><auditModel><auditDate>2015-10-29T06:10:06-06:00</auditDate><auditID>ADMIN</auditID><auditStatus>A</auditStatus></auditModel><autoAssessFlag>N</autoAssessFlag><calProc>CONSTANT</calProc><crDr>D</crDr><defaultFlag>R</defaultFlag><display>190</display><displayOrder>190</displayOrder><feeAllocationType>NONE</feeAllocationType><feeDecisionModel/><feeDes>Retail Optional Premises Cultivation Application Fee</feeDes><refFeeItemI18NModels/><formula>1</formula><negativeFeeFlag>N</negativeFeeFlag><netFeeFlag>N</netFeeFlag><refFeeCalcModels/><refPaymentPeriodModel refFlag="Y" refId="3@RefPaymentPeriodModel"/><roundFeeFlag>N</roundFeeFlag><roundFeeType>UP</roundFeeType><udes>AMT</udes><unitDescModel refFlag="Y" refId="4@StandardChoiceModel"/></refFeeItem><refFeeItem refId="29@RefFeeItemModel"><serviceProviderCode>BPTDEV</serviceProviderCode><feeScheduleName>LIC_MJ_GEN</feeScheduleName><feeScheduleVersion>V1.0</feeScheduleVersion><feeCod>LIC_200</feeCod><paymentPeriod>FINAL</paymentPeriod><acaRequiredFlag>N</acaRequiredFlag><auditModel><auditDate>2015-10-29T06:10:28-06:00</auditDate><auditID>ADMIN</auditID><auditStatus>A</auditStatus></auditModel><autoAssessFlag>N</autoAssessFlag><calProc>CONSTANT</calProc><crDr>D</crDr><defaultFlag>R</defaultFlag><display>200</display><displayOrder>200</displayOrder><feeAllocationType>NONE</feeAllocationType><feeDecisionModel/><feeDes>Retail Optional Premises Cultivation License Fee</feeDes><refFeeItemI18NModels/><formula>1</formula><negativeFeeFlag>N</negativeFeeFlag><netFeeFlag>N</netFeeFlag><refFeeCalcModels/><refPaymentPeriodModel refFlag="Y" refId="3@RefPaymentPeriodModel"/><roundFeeFlag>N</roundFeeFlag><roundFeeType>UP</roundFeeType><udes>AMT</udes><unitDescModel refFlag="Y" refId="4@StandardChoiceModel"/></refFeeItem><refFeeItem refId="30@RefFeeItemModel"><serviceProviderCode>BPTDEV</serviceProviderCode><feeScheduleName>LIC_MJ_GEN</feeScheduleName><feeScheduleVersion>V1.0</feeScheduleVersion><feeCod>LIC_210</feeCod><paymentPeriod>FINAL</paymentPeriod><acaRequiredFlag>N</acaRequiredFlag><auditModel><auditDate>2015-10-29T06:10:45-06:00</auditDate><auditID>ADMIN</auditID><auditStatus>A</auditStatus></auditModel><autoAssessFlag>N</autoAssessFlag><calProc>CONSTANT</calProc><crDr>D</crDr><defaultFlag>R</defaultFlag><display>210</display><displayOrder>210</displayOrder><feeAllocationType>NONE</feeAllocationType><feeDecisionModel/><feeDes>Retail Optional Premises Cultivation License Late Fee</feeDes><refFeeItemI18NModels/><formula>1</formula><negativeFeeFlag>N</negativeFeeFlag><netFeeFlag>N</netFeeFlag><refFeeCalcModels/><refPaymentPeriodModel refFlag="Y" refId="3@RefPaymentPeriodModel"/><roundFeeFlag>N</roundFeeFlag><roundFeeType>UP</roundFeeType><udes>AMT</udes><unitDescModel refFlag="Y" refId="4@StandardChoiceModel"/></refFeeItem></refFeeItemModels><refFeeScheduleI18NModels/><feeScheduleModuleModels/><refFeeItemgroups/></refFeeSchedule>
<refFeeSchedule refId="1@RefFeeScheduleModel"><serviceProviderCode>BPTDEV</serviceProviderCode><feeScheduleName>LIC_PET_GENERAL</feeScheduleName><feeScheduleVersion>V1.0</feeScheduleVersion><auditModel><auditDate>2014-08-27T13:57:00-06:00</auditDate><auditID>ADMIN</auditID><auditStatus>A</auditStatus></auditModel><effDate>2013-01-01T00:00:00-07:00</effDate><refFeeItemModels><refFeeItem refId="2@RefFeeItemModel"><serviceProviderCode>BPTDEV</serviceProviderCode><feeScheduleName>LIC_PET_GENERAL</feeScheduleName><feeScheduleVersion>V1.0</feeScheduleVersion><feeCod>LIC_010</feeCod><paymentPeriod>FINAL</paymentPeriod><acaRequiredFlag>N</acaRequiredFlag><auditModel><auditDate>2014-02-19T18:15:51-07:00</auditDate><auditID>ADMIN</auditID><auditStatus>A</auditStatus></auditModel><autoAssessFlag>N</autoAssessFlag><autoInvoicedFlag>Y</autoInvoicedFlag><calProc>CONSTANT</calProc><crDr>D</crDr><defaultFlag>R</defaultFlag><display>10</display><displayOrder>10</displayOrder><feeAllocationType>NONE</feeAllocationType><feeDecisionModel/><feeDes>1-Yr Altered Fee</feeDes><refFeeItemI18NModels/><formula>40</formula><negativeFeeFlag>N</negativeFeeFlag><netFeeFlag>N</netFeeFlag><refFeeCalcModels/><refPaymentPeriodModel refId="3@RefPaymentPeriodModel"><gfFeePeriod>FINAL</gfFeePeriod><serviceProviderCode>BPTDEV</serviceProviderCode><auditModel><auditDate>2007-07-19T08:22:35-06:00</auditDate><auditID>ADMIN</auditID><auditStatus>A</auditStatus></auditModel><displayOrder>10</displayOrder><refPaymentPeriodI18NModels/><resId>136</resId></refPaymentPeriodModel><roundFeeFlag>N</roundFeeFlag><roundFeeType>UP</roundFeeType><unitDescModel refId="4@StandardChoiceModel"><name>UNIT DESC</name><serviceProviderCode>BPTDEV</serviceProviderCode><auditModel><auditDate>2014-09-07T22:55:09-06:00</auditDate><auditID>ADMIN</auditID><auditStatus>A</auditStatus></auditModel><description>Used for fee item units</description><standardChoiceValueModels><standardChoiceValue refId="5@StandardChoiceValueModel"><sequenceNBR>104598456</sequenceNBR><serviceProviderCode>BPTDEV</serviceProviderCode><auditModel><auditDate>2014-09-08T12:55:09-06:00</auditDate><auditID>ADMIN</auditID><auditStatus>A</auditStatus></auditModel><standardChoiceName>UNIT DESC</standardChoiceName><standardChoiceValueI18NModels/><value>Days</value></standardChoiceValue><standardChoiceValue refId="6@StandardChoiceValueModel"><sequenceNBR>104598457</sequenceNBR><serviceProviderCode>BPTDEV</serviceProviderCode><auditModel><auditDate>2014-09-08T12:55:22-06:00</auditDate><auditID>ADMIN</auditID><auditStatus>A</auditStatus></auditModel><standardChoiceName>UNIT DESC</standardChoiceName><standardChoiceValueI18NModels/><value>Dollar Amt</value></standardChoiceValue><standardChoiceValue refId="7@StandardChoiceValueModel"><sequenceNBR>104598458</sequenceNBR><serviceProviderCode>BPTDEV</serviceProviderCode><auditModel><auditDate>2014-09-08T12:55:32-06:00</auditDate><auditID>ADMIN</auditID><auditStatus>A</auditStatus></auditModel><standardChoiceName>UNIT DESC</standardChoiceName><standardChoiceValueI18NModels/><value>Each</value></standardChoiceValue><standardChoiceValue refId="8@StandardChoiceValueModel"><sequenceNBR>104598459</sequenceNBR><serviceProviderCode>BPTDEV</serviceProviderCode><auditModel><auditDate>2014-09-08T12:55:43-06:00</auditDate><auditID>ADMIN</auditID><auditStatus>A</auditStatus></auditModel><standardChoiceName>UNIT DESC</standardChoiceName><standardChoiceValueI18NModels/><value>Enter 1</value></standardChoiceValue><standardChoiceValue refId="9@StandardChoiceValueModel"><sequenceNBR>104598460</sequenceNBR><serviceProviderCode>BPTDEV</serviceProviderCode><auditModel><auditDate>2014-09-08T12:55:53-06:00</auditDate><auditID>ADMIN</auditID><auditStatus>A</auditStatus></auditModel><standardChoiceName>UNIT DESC</standardChoiceName><standardChoiceValueI18NModels/><value>Persons</value></standardChoiceValue><standardChoiceValue refId="10@StandardChoiceValueModel"><sequenceNBR>105210300</sequenceNBR><serviceProviderCode>BPTDEV</serviceProviderCode><auditModel><auditDate>2015-10-29T06:03:00-06:00</auditDate><auditID>ADMIN</auditID><auditStatus>A</auditStatus></auditModel><standardChoiceName>UNIT DESC</standardChoiceName><standardChoiceValueI18NModels/><value>AMT</value></standardChoiceValue></standardChoiceValueModels><type>SystemSwitch</type><valueSize>0</valueSize></unitDescModel></refFeeItem><refFeeItem refId="11@RefFeeItemModel"><serviceProviderCode>BPTDEV</serviceProviderCode><feeScheduleName>LIC_PET_GENERAL</feeScheduleName><feeScheduleVersion>V1.0</feeScheduleVersion><feeCod>LIC_015</feeCod><paymentPeriod>FINAL</paymentPeriod><acaRequiredFlag>N</acaRequiredFlag><auditModel><auditDate>2014-02-19T18:16:03-07:00</auditDate><auditID>ADMIN</auditID><auditStatus>A</auditStatus></auditModel><autoAssessFlag>N</autoAssessFlag><autoInvoicedFlag>Y</autoInvoicedFlag><calProc>CONSTANT</calProc><crDr>D</crDr><defaultFlag>R</defaultFlag><display>15</display><displayOrder>15</displayOrder><feeAllocationType>NONE</feeAllocationType><feeDecisionModel/><feeDes>2-Yr Altered Fee</feeDes><refFeeItemI18NModels/><formula>80</formula><negativeFeeFlag>N</negativeFeeFlag><netFeeFlag>N</netFeeFlag><refFeeCalcModels/><refPaymentPeriodModel refFlag="Y" refId="3@RefPaymentPeriodModel"/><roundFeeFlag>N</roundFeeFlag><roundFeeType>UP</roundFeeType><unitDescModel refFlag="Y" refId="4@StandardChoiceModel"/></refFeeItem><refFeeItem refId="12@RefFeeItemModel"><serviceProviderCode>BPTDEV</serviceProviderCode><feeScheduleName>LIC_PET_GENERAL</feeScheduleName><feeScheduleVersion>V1.0</feeScheduleVersion><feeCod>LIC_020</feeCod><paymentPeriod>FINAL</paymentPeriod><acaRequiredFlag>N</acaRequiredFlag><auditModel><auditDate>2014-02-19T18:16:21-07:00</auditDate><auditID>ADMIN</auditID><auditStatus>A</auditStatus></auditModel><autoAssessFlag>N</autoAssessFlag><autoInvoicedFlag>Y</autoInvoicedFlag><calProc>CONSTANT</calProc><crDr>D</crDr><defaultFlag>R</defaultFlag><display>20</display><displayOrder>20</displayOrder><feeAllocationType>NONE</feeAllocationType><feeDecisionModel/><feeDes>3-Yr Altered Fee</feeDes><refFeeItemI18NModels/><formula>120</formula><negativeFeeFlag>N</negativeFeeFlag><netFeeFlag>N</netFeeFlag><refFeeCalcModels/><refPaymentPeriodModel refFlag="Y" refId="3@RefPaymentPeriodModel"/><roundFeeFlag>N</roundFeeFlag><roundFeeType>UP</roundFeeType><unitDescModel refFlag="Y" refId="4@StandardChoiceModel"/></refFeeItem><refFeeItem refId="13@RefFeeItemModel"><serviceProviderCode>BPTDEV</serviceProviderCode><feeScheduleName>LIC_PET_GENERAL</feeScheduleName><feeScheduleVersion>V1.0</feeScheduleVersion><feeCod>LIC_025</feeCod><paymentPeriod>FINAL</paymentPeriod><acaRequiredFlag>N</acaRequiredFlag><auditModel><auditDate>2014-02-12T14:21:09-07:00</auditDate><auditID>ADMIN</auditID><auditStatus>A</auditStatus></auditModel><autoAssessFlag>N</autoAssessFlag><autoInvoicedFlag>Y</autoInvoicedFlag><calProc>CONSTANT</calProc><crDr>D</crDr><defaultFlag>R</defaultFlag><display>25</display><displayOrder>25</displayOrder><feeAllocationType>NONE</feeAllocationType><feeDecisionModel/><feeDes>1-Yr Unaltered Fee</feeDes><refFeeItemI18NModels/><formula>4</formula><negativeFeeFlag>N</negativeFeeFlag><netFeeFlag>N</netFeeFlag><refFeeCalcModels/><refPaymentPeriodModel refFlag="Y" refId="3@RefPaymentPeriodModel"/><roundFeeFlag>N</roundFeeFlag><roundFeeType>UP</roundFeeType><unitDescModel refFlag="Y" refId="4@StandardChoiceModel"/></refFeeItem><refFeeItem refId="14@RefFeeItemModel"><serviceProviderCode>BPTDEV</serviceProviderCode><feeScheduleName>LIC_PET_GENERAL</feeScheduleName><feeScheduleVersion>V1.0</feeScheduleVersion><feeCod>LIC_030</feeCod><paymentPeriod>FINAL</paymentPeriod><acaRequiredFlag>N</acaRequiredFlag><auditModel><auditDate>2014-02-12T14:21:18-07:00</auditDate><auditID>ADMIN</auditID><auditStatus>A</auditStatus></auditModel><autoAssessFlag>N</autoAssessFlag><autoInvoicedFlag>Y</autoInvoicedFlag><calProc>CONSTANT</calProc><crDr>D</crDr><defaultFlag>R</defaultFlag><display>30</display><displayOrder>30</displayOrder><feeAllocationType>NONE</feeAllocationType><feeDecisionModel/><feeDes>2-Yr Unaltered Fee</feeDes><refFeeItemI18NModels/><formula>5</formula><negativeFeeFlag>N</negativeFeeFlag><netFeeFlag>N</netFeeFlag><refFeeCalcModels/><refPaymentPeriodModel refFlag="Y" refId="3@RefPaymentPeriodModel"/><roundFeeFlag>N</roundFeeFlag><roundFeeType>UP</roundFeeType><unitDescModel refFlag="Y" refId="4@StandardChoiceModel"/></refFeeItem><refFeeItem refId="15@RefFeeItemModel"><serviceProviderCode>BPTDEV</serviceProviderCode><feeScheduleName>LIC_PET_GENERAL</feeScheduleName><feeScheduleVersion>V1.0</feeScheduleVersion><feeCod>LIC_035</feeCod><paymentPeriod>FINAL</paymentPeriod><acaRequiredFlag>N</acaRequiredFlag><auditModel><auditDate>2014-02-12T14:21:26-07:00</auditDate><auditID>ADMIN</auditID><auditStatus>A</auditStatus></auditModel><autoAssessFlag>N</autoAssessFlag><autoInvoicedFlag>Y</autoInvoicedFlag><calProc>CONSTANT</calProc><crDr>D</crDr><defaultFlag>R</defaultFlag><display>35</display><displayOrder>35</displayOrder><feeAllocationType>NONE</feeAllocationType><feeDecisionModel/><feeDes>3-Yr Unaltered Fee</feeDes><refFeeItemI18NModels/><formula>6</formula><negativeFeeFlag>N</negativeFeeFlag><netFeeFlag>N</netFeeFlag><refFeeCalcModels/><refPaymentPeriodModel refFlag="Y" refId="3@RefPaymentPeriodModel"/><roundFeeFlag>N</roundFeeFlag><roundFeeType>UP</roundFeeType><unitDescModel refFlag="Y" refId="4@StandardChoiceModel"/></refFeeItem><refFeeItem refId="16@RefFeeItemModel"><serviceProviderCode>BPTDEV</serviceProviderCode><feeScheduleName>LIC_PET_GENERAL</feeScheduleName><feeScheduleVersion>V1.0</feeScheduleVersion><feeCod>LIC_040</feeCod><paymentPeriod>FINAL</paymentPeriod><acaRequiredFlag>N</acaRequiredFlag><auditModel><auditDate>2014-02-12T14:21:34-07:00</auditDate><auditID>ADMIN</auditID><auditStatus>A</auditStatus></auditModel><autoAssessFlag>N</autoAssessFlag><autoInvoicedFlag>Y</autoInvoicedFlag><calProc>CONSTANT</calProc><crDr>D</crDr><defaultFlag>R</defaultFlag><display>40</display><displayOrder>40</displayOrder><feeAllocationType>NONE</feeAllocationType><feeDecisionModel/><feeDes>1-Yr Altered Fee - Senior Citizen</feeDes><refFeeItemI18NModels/><formula>7</formula><negativeFeeFlag>N</negativeFeeFlag><netFeeFlag>N</netFeeFlag><refFeeCalcModels/><refPaymentPeriodModel refFlag="Y" refId="3@RefPaymentPeriodModel"/><roundFeeFlag>N</roundFeeFlag><roundFeeType>UP</roundFeeType><unitDescModel refFlag="Y" refId="4@StandardChoiceModel"/></refFeeItem><refFeeItem refId="17@RefFeeItemModel"><serviceProviderCode>BPTDEV</serviceProviderCode><feeScheduleName>LIC_PET_GENERAL</feeScheduleName><feeScheduleVersion>V1.0</feeScheduleVersion><feeCod>LIC_045</feeCod><paymentPeriod>FINAL</paymentPeriod><acaRequiredFlag>N</acaRequiredFlag><auditModel><auditDate>2014-02-12T14:21:44-07:00</auditDate><auditID>ADMIN</auditID><auditStatus>A</auditStatus></auditModel><autoAssessFlag>N</autoAssessFlag><autoInvoicedFlag>Y</autoInvoicedFlag><calProc>CONSTANT</calProc><crDr>D</crDr><defaultFlag>R</defaultFlag><display>45</display><displayOrder>45</displayOrder><feeAllocationType>NONE</feeAllocationType><feeDecisionModel/><feeDes>2-Yr Altered Fee - Senior Citizen</feeDes><refFeeItemI18NModels/><formula>8</formula><negativeFeeFlag>N</negativeFeeFlag><netFeeFlag>N</netFeeFlag><refFeeCalcModels/><refPaymentPeriodModel refFlag="Y" refId="3@RefPaymentPeriodModel"/><roundFeeFlag>N</roundFeeFlag><roundFeeType>UP</roundFeeType><unitDescModel refFlag="Y" refId="4@StandardChoiceModel"/></refFeeItem><refFeeItem refId="18@RefFeeItemModel"><serviceProviderCode>BPTDEV</serviceProviderCode><feeScheduleName>LIC_PET_GENERAL</feeScheduleName><feeScheduleVersion>V1.0</feeScheduleVersion><feeCod>LIC_050</feeCod><paymentPeriod>FINAL</paymentPeriod><acaRequiredFlag>N</acaRequiredFlag><auditModel><auditDate>2014-02-12T14:21:50-07:00</auditDate><auditID>ADMIN</auditID><auditStatus>A</auditStatus></auditModel><autoAssessFlag>N</autoAssessFlag><autoInvoicedFlag>Y</autoInvoicedFlag><calProc>CONSTANT</calProc><crDr>D</crDr><defaultFlag>R</defaultFlag><display>50</display><displayOrder>50</displayOrder><feeAllocationType>NONE</feeAllocationType><feeDecisionModel/><feeDes>3-Yr Alterend Fee - Senior Citizen</feeDes><refFeeItemI18NModels/><formula>9</formula><negativeFeeFlag>N</negativeFeeFlag><netFeeFlag>N</netFeeFlag><refFeeCalcModels/><refPaymentPeriodModel refFlag="Y" refId="3@RefPaymentPeriodModel"/><roundFeeFlag>N</roundFeeFlag><roundFeeType>UP</roundFeeType><unitDescModel refFlag="Y" refId="4@StandardChoiceModel"/></refFeeItem><refFeeItem refId="19@RefFeeItemModel"><serviceProviderCode>BPTDEV</serviceProviderCode><feeScheduleName>LIC_PET_GENERAL</feeScheduleName><feeScheduleVersion>V1.0</feeScheduleVersion><feeCod>LIC_055</feeCod><paymentPeriod>FINAL</paymentPeriod><acaRequiredFlag>N</acaRequiredFlag><auditModel><auditDate>2014-02-12T14:21:57-07:00</auditDate><auditID>ADMIN</auditID><auditStatus>A</auditStatus></auditModel><autoAssessFlag>N</autoAssessFlag><autoInvoicedFlag>Y</autoInvoicedFlag><calProc>CONSTANT</calProc><crDr>D</crDr><defaultFlag>R</defaultFlag><display>55</display><displayOrder>55</displayOrder><feeAllocationType>NONE</feeAllocationType><feeDecisionModel/><feeDes>1-Yr Unaltered Fee - Senior Citizen</feeDes><refFeeItemI18NModels/><formula>10</formula><negativeFeeFlag>N</negativeFeeFlag><netFeeFlag>N</netFeeFlag><refFeeCalcModels/><refPaymentPeriodModel refFlag="Y" refId="3@RefPaymentPeriodModel"/><roundFeeFlag>N</roundFeeFlag><roundFeeType>UP</roundFeeType><unitDescModel refFlag="Y" refId="4@StandardChoiceModel"/></refFeeItem><refFeeItem refId="20@RefFeeItemModel"><serviceProviderCode>BPTDEV</serviceProviderCode><feeScheduleName>LIC_PET_GENERAL</feeScheduleName><feeScheduleVersion>V1.0</feeScheduleVersion><feeCod>LIC_060</feeCod><paymentPeriod>FINAL</paymentPeriod><acaRequiredFlag>N</acaRequiredFlag><auditModel><auditDate>2014-02-12T14:22:06-07:00</auditDate><auditID>ADMIN</auditID><auditStatus>A</auditStatus></auditModel><autoAssessFlag>N</autoAssessFlag><autoInvoicedFlag>Y</autoInvoicedFlag><calProc>CONSTANT</calProc><crDr>D</crDr><defaultFlag>R</defaultFlag><display>60</display><displayOrder>60</displayOrder><feeAllocationType>NONE</feeAllocationType><feeDecisionModel/><feeDes>2-Yr Unaltered Fee - Senior Citizen</feeDes><refFeeItemI18NModels/><formula>11</formula><negativeFeeFlag>N</negativeFeeFlag><netFeeFlag>N</netFeeFlag><refFeeCalcModels/><refPaymentPeriodModel refFlag="Y" refId="3@RefPaymentPeriodModel"/><roundFeeFlag>N</roundFeeFlag><roundFeeType>UP</roundFeeType><unitDescModel refFlag="Y" refId="4@StandardChoiceModel"/></refFeeItem><refFeeItem refId="21@RefFeeItemModel"><serviceProviderCode>BPTDEV</serviceProviderCode><feeScheduleName>LIC_PET_GENERAL</feeScheduleName><feeScheduleVersion>V1.0</feeScheduleVersion><feeCod>LIC_065</feeCod><paymentPeriod>FINAL</paymentPeriod><acaRequiredFlag>N</acaRequiredFlag><auditModel><auditDate>2014-02-12T14:22:15-07:00</auditDate><auditID>ADMIN</auditID><auditStatus>A</auditStatus></auditModel><autoAssessFlag>N</autoAssessFlag><autoInvoicedFlag>Y</autoInvoicedFlag><calProc>CONSTANT</calProc><crDr>D</crDr><defaultFlag>R</defaultFlag><display>65</display><displayOrder>65</displayOrder><feeAllocationType>NONE</feeAllocationType><feeDecisionModel/><feeDes>3-Yr Unaltered Fee - Senior Citizen</feeDes><refFeeItemI18NModels/><formula>12</formula><negativeFeeFlag>N</negativeFeeFlag><netFeeFlag>N</netFeeFlag><refFeeCalcModels/><refPaymentPeriodModel refFlag="Y" refId="3@RefPaymentPeriodModel"/><roundFeeFlag>N</roundFeeFlag><roundFeeType>UP</roundFeeType><unitDescModel refFlag="Y" refId="4@StandardChoiceModel"/></refFeeItem><refFeeItem refId="22@RefFeeItemModel"><serviceProviderCode>BPTDEV</serviceProviderCode><feeScheduleName>LIC_PET_GENERAL</feeScheduleName><feeScheduleVersion>V1.0</feeScheduleVersion><feeCod>LIC_070</feeCod><paymentPeriod>FINAL</paymentPeriod><acaRequiredFlag>N</acaRequiredFlag><auditModel><auditDate>2014-02-12T14:22:22-07:00</auditDate><auditID>ADMIN</auditID><auditStatus>A</auditStatus></auditModel><autoAssessFlag>N</autoAssessFlag><autoInvoicedFlag>Y</autoInvoicedFlag><calProc>CONSTANT</calProc><crDr>D</crDr><defaultFlag>R</defaultFlag><display>70</display><displayOrder>70</displayOrder><feeAllocationType>NONE</feeAllocationType><feeDecisionModel/><feeDes>Late Fee - 30 days</feeDes><refFeeItemI18NModels/><formula>13</formula><negativeFeeFlag>N</negativeFeeFlag><netFeeFlag>N</netFeeFlag><refFeeCalcModels/><refPaymentPeriodModel refFlag="Y" refId="3@RefPaymentPeriodModel"/><roundFeeFlag>N</roundFeeFlag><roundFeeType>UP</roundFeeType><unitDescModel refFlag="Y" refId="4@StandardChoiceModel"/></refFeeItem><refFeeItem refId="23@RefFeeItemModel"><serviceProviderCode>BPTDEV</serviceProviderCode><feeScheduleName>LIC_PET_GENERAL</feeScheduleName><feeScheduleVersion>V1.0</feeScheduleVersion><feeCod>LIC_075</feeCod><paymentPeriod>FINAL</paymentPeriod><acaRequiredFlag>N</acaRequiredFlag><auditModel><auditDate>2014-02-12T14:22:30-07:00</auditDate><auditID>ADMIN</auditID><auditStatus>A</auditStatus></auditModel><autoAssessFlag>N</autoAssessFlag><autoInvoicedFlag>Y</autoInvoicedFlag><calProc>CONSTANT</calProc><crDr>D</crDr><defaultFlag>R</defaultFlag><display>75</display><displayOrder>75</displayOrder><feeAllocationType>NONE</feeAllocationType><feeDecisionModel/><feeDes>Late Fee - 60 days</feeDes><refFeeItemI18NModels/><formula>14</formula><negativeFeeFlag>N</negativeFeeFlag><netFeeFlag>N</netFeeFlag><refFeeCalcModels/><refPaymentPeriodModel refFlag="Y" refId="3@RefPaymentPeriodModel"/><roundFeeFlag>N</roundFeeFlag><roundFeeType>UP</roundFeeType><unitDescModel refFlag="Y" refId="4@StandardChoiceModel"/></refFeeItem><refFeeItem refId="24@RefFeeItemModel"><serviceProviderCode>BPTDEV</serviceProviderCode><feeScheduleName>LIC_PET_GENERAL</feeScheduleName><feeScheduleVersion>V1.0</feeScheduleVersion><feeCod>LIC_080</feeCod><paymentPeriod>FINAL</paymentPeriod><acaRequiredFlag>N</acaRequiredFlag><auditModel><auditDate>2014-02-12T14:22:39-07:00</auditDate><auditID>ADMIN</auditID><auditStatus>A</auditStatus></auditModel><autoAssessFlag>N</autoAssessFlag><autoInvoicedFlag>Y</autoInvoicedFlag><calProc>CONSTANT</calProc><crDr>D</crDr><defaultFlag>R</defaultFlag><display>80</display><displayOrder>80</displayOrder><feeAllocationType>NONE</feeAllocationType><feeDecisionModel/><feeDes>Late Fee - 90 days</feeDes><refFeeItemI18NModels/><formula>15</formula><negativeFeeFlag>N</negativeFeeFlag><netFeeFlag>N</netFeeFlag><refFeeCalcModels/><refPaymentPeriodModel refFlag="Y" refId="3@RefPaymentPeriodModel"/><roundFeeFlag>N</roundFeeFlag><roundFeeType>UP</roundFeeType><unitDescModel refFlag="Y" refId="4@StandardChoiceModel"/></refFeeItem><refFeeItem refId="25@RefFeeItemModel"><serviceProviderCode>BPTDEV</serviceProviderCode><feeScheduleName>LIC_PET_GENERAL</feeScheduleName><feeScheduleVersion>V1.0</feeScheduleVersion><feeCod>LIC_085</feeCod><paymentPeriod>FINAL</paymentPeriod><acaRequiredFlag>N</acaRequiredFlag><auditModel><auditDate>2014-02-12T14:22:49-07:00</auditDate><auditID>ADMIN</auditID><auditStatus>A</auditStatus></auditModel><autoAssessFlag>N</autoAssessFlag><autoInvoicedFlag>Y</autoInvoicedFlag><calProc>CONSTANT</calProc><crDr>D</crDr><defaultFlag>R</defaultFlag><display>85</display><displayOrder>85</displayOrder><feeAllocationType>NONE</feeAllocationType><feeDecisionModel/><feeDes>Replacement Tag</feeDes><refFeeItemI18NModels/><formula>16</formula><negativeFeeFlag>N</negativeFeeFlag><netFeeFlag>N</netFeeFlag><refFeeCalcModels/><refPaymentPeriodModel refFlag="Y" refId="3@RefPaymentPeriodModel"/><roundFeeFlag>N</roundFeeFlag><roundFeeType>UP</roundFeeType><unitDescModel refFlag="Y" refId="4@StandardChoiceModel"/></refFeeItem><refFeeItem refId="26@RefFeeItemModel"><serviceProviderCode>BPTDEV</serviceProviderCode><feeScheduleName>LIC_PET_GENERAL</feeScheduleName><feeScheduleVersion>V1.0</feeScheduleVersion><feeCod>LIC_090</feeCod><paymentPeriod>FINAL</paymentPeriod><acaRequiredFlag>N</acaRequiredFlag><auditModel><auditDate>2014-02-12T14:23:02-07:00</auditDate><auditID>ADMIN</auditID><auditStatus>A</auditStatus></auditModel><autoAssessFlag>N</autoAssessFlag><autoInvoicedFlag>Y</autoInvoicedFlag><calProc>CONSTANT</calProc><crDr>D</crDr><defaultFlag>R</defaultFlag><display>90</display><displayOrder>90</displayOrder><feeAllocationType>NONE</feeAllocationType><feeDecisionModel/><feeDes>Transfer Fee</feeDes><refFeeItemI18NModels/><formula>17</formula><negativeFeeFlag>N</negativeFeeFlag><netFeeFlag>N</netFeeFlag><refFeeCalcModels/><refPaymentPeriodModel refFlag="Y" refId="3@RefPaymentPeriodModel"/><roundFeeFlag>N</roundFeeFlag><roundFeeType>UP</roundFeeType><unitDescModel refFlag="Y" refId="4@StandardChoiceModel"/></refFeeItem><refFeeItem refId="27@RefFeeItemModel"><serviceProviderCode>BPTDEV</serviceProviderCode><feeScheduleName>LIC_PET_GENERAL</feeScheduleName><feeScheduleVersion>V1.0</feeScheduleVersion><feeCod>LIC_095</feeCod><paymentPeriod>FINAL</paymentPeriod><acaRequiredFlag>N</acaRequiredFlag><auditModel><auditDate>2014-08-27T14:56:55-06:00</auditDate><auditID>ADMIN</auditID><auditStatus>A</auditStatus></auditModel><autoAssessFlag>N</autoAssessFlag><autoInvoicedFlag>Y</autoInvoicedFlag><calProc>CONSTANT</calProc><crDr>D</crDr><defaultFlag>R</defaultFlag><display>95</display><displayOrder>95</displayOrder><feeAllocationType>NONE</feeAllocationType><feeDecisionModel/><feeDes>Service Dog</feeDes><refFeeItemI18NModels/><formula>1</formula><negativeFeeFlag>N</negativeFeeFlag><netFeeFlag>N</netFeeFlag><refFeeCalcModels/><refPaymentPeriodModel refFlag="Y" refId="3@RefPaymentPeriodModel"/><roundFeeFlag>N</roundFeeFlag><roundFeeType>UP</roundFeeType><unitDescModel refFlag="Y" refId="4@StandardChoiceModel"/></refFeeItem></refFeeItemModels><refFeeScheduleI18NModels/><feeScheduleModuleModels/><refFeeItemgroups/></refFeeSchedule>
<refFeeSchedule refId="1@RefFeeScheduleModel"><serviceProviderCode>BPTDEV</serviceProviderCode><feeScheduleName>LIC_SALE_GENERAL</feeScheduleName><feeScheduleVersion>V1.0</feeScheduleVersion><auditModel><auditDate>2013-11-20T16:14:47-07:00</auditDate><auditID>ADMIN</auditID><auditStatus>A</auditStatus></auditModel><effDate>2013-01-01T00:00:00-07:00</effDate><refFeeItemModels><refFeeItem refId="2@RefFeeItemModel"><serviceProviderCode>BPTDEV</serviceProviderCode><feeScheduleName>LIC_SALE_GENERAL</feeScheduleName><feeScheduleVersion>V1.0</feeScheduleVersion><feeCod>LIC_010</feeCod><paymentPeriod>FINAL</paymentPeriod><acaRequiredFlag>N</acaRequiredFlag><auditModel><auditDate>2014-09-08T14:47:57-06:00</auditDate><auditID>ADMIN</auditID><auditStatus>A</auditStatus></auditModel><autoAssessFlag>N</autoAssessFlag><autoInvoicedFlag>Y</autoInvoicedFlag><calProc>CONSTANT</calProc><crDr>D</crDr><defaultFlag>R</defaultFlag><display>10</display><displayOrder>10</displayOrder><feeAllocationType>NONE</feeAllocationType><feeDecisionModel/><feeDes>Garage-Yard Sale Fee</feeDes><refFeeItemI18NModels/><formula>7</formula><negativeFeeFlag>N</negativeFeeFlag><netFeeFlag>N</netFeeFlag><refFeeCalcModels/><refPaymentPeriodModel refId="3@RefPaymentPeriodModel"><gfFeePeriod>FINAL</gfFeePeriod><serviceProviderCode>BPTDEV</serviceProviderCode><auditModel><auditDate>2007-07-19T08:22:35-06:00</auditDate><auditID>ADMIN</auditID><auditStatus>A</auditStatus></auditModel><displayOrder>10</displayOrder><refPaymentPeriodI18NModels/><resId>136</resId></refPaymentPeriodModel><roundFeeFlag>N</roundFeeFlag><roundFeeType>UP</roundFeeType><unitDescModel refId="4@StandardChoiceModel"><name>UNIT DESC</name><serviceProviderCode>BPTDEV</serviceProviderCode><auditModel><auditDate>2014-09-07T22:55:09-06:00</auditDate><auditID>ADMIN</auditID><auditStatus>A</auditStatus></auditModel><description>Used for fee item units</description><standardChoiceValueModels><standardChoiceValue refId="5@StandardChoiceValueModel"><sequenceNBR>104598456</sequenceNBR><serviceProviderCode>BPTDEV</serviceProviderCode><auditModel><auditDate>2014-09-08T12:55:09-06:00</auditDate><auditID>ADMIN</auditID><auditStatus>A</auditStatus></auditModel><standardChoiceName>UNIT DESC</standardChoiceName><standardChoiceValueI18NModels/><value>Days</value></standardChoiceValue><standardChoiceValue refId="6@StandardChoiceValueModel"><sequenceNBR>104598457</sequenceNBR><serviceProviderCode>BPTDEV</serviceProviderCode><auditModel><auditDate>2014-09-08T12:55:22-06:00</auditDate><auditID>ADMIN</auditID><auditStatus>A</auditStatus></auditModel><standardChoiceName>UNIT DESC</standardChoiceName><standardChoiceValueI18NModels/><value>Dollar Amt</value></standardChoiceValue><standardChoiceValue refId="7@StandardChoiceValueModel"><sequenceNBR>104598458</sequenceNBR><serviceProviderCode>BPTDEV</serviceProviderCode><auditModel><auditDate>2014-09-08T12:55:32-06:00</auditDate><auditID>ADMIN</auditID><auditStatus>A</auditStatus></auditModel><standardChoiceName>UNIT DESC</standardChoiceName><standardChoiceValueI18NModels/><value>Each</value></standardChoiceValue><standardChoiceValue refId="8@StandardChoiceValueModel"><sequenceNBR>104598459</sequenceNBR><serviceProviderCode>BPTDEV</serviceProviderCode><auditModel><auditDate>2014-09-08T12:55:43-06:00</auditDate><auditID>ADMIN</auditID><auditStatus>A</auditStatus></auditModel><standardChoiceName>UNIT DESC</standardChoiceName><standardChoiceValueI18NModels/><value>Enter 1</value></standardChoiceValue><standardChoiceValue refId="9@StandardChoiceValueModel"><sequenceNBR>104598460</sequenceNBR><serviceProviderCode>BPTDEV</serviceProviderCode><auditModel><auditDate>2014-09-08T12:55:53-06:00</auditDate><auditID>ADMIN</auditID><auditStatus>A</auditStatus></auditModel><standardChoiceName>UNIT DESC</standardChoiceName><standardChoiceValueI18NModels/><value>Persons</value></standardChoiceValue><standardChoiceValue refId="10@StandardChoiceValueModel"><sequenceNBR>105210300</sequenceNBR><serviceProviderCode>BPTDEV</serviceProviderCode><auditModel><auditDate>2015-10-29T06:03:00-06:00</auditDate><auditID>ADMIN</auditID><auditStatus>A</auditStatus></auditModel><standardChoiceName>UNIT DESC</standardChoiceName><standardChoiceValueI18NModels/><value>AMT</value></standardChoiceValue></standardChoiceValueModels><type>SystemSwitch</type><valueSize>0</valueSize></unitDescModel></refFeeItem></refFeeItemModels><refFeeScheduleI18NModels/><feeScheduleModuleModels/><refFeeItemgroups/></refFeeSchedule>
</list>