<?xml version="1.0" encoding="UTF-8" standalone="yes"?>
<list  version="8.0.0" minorVersion="15" exportUser="ADMIN" exportDateTime="03/30/2016 09:15 PM" description="null"><workflow><parentProcessID>0</parentProcessID><serviceProviderCode>BPTDEV</serviceProviderCode><stepNumber>0</stepNumber><workflowName>LIC_BUS_APPLICATION</workflowName><isSubProcessSelected>Y</isSubProcessSelected><processCode>LIC_BUS_APPLICATION</processCode><refProcessRelationI18NModels/><recDate>2014-01-28T15:38:02-07:00</recDate><recFulNam>Accela Administrator</recFulNam><recStatus>A</recStatus><relationSeqId>12704</relationSeqId><resId>204</resId><subProcessModels/><taskActivation>A</taskActivation></workflow>
<workflow><parentProcessID>0</parentProcessID><serviceProviderCode>BPTDEV</serviceProviderCode><stepNumber>0</stepNumber><workflowName>LIC_BUS_LICENSE</workflowName><isSubProcessSelected>Y</isSubProcessSelected><processCode>LIC_BUS_LICENSE</processCode><refProcessRelationI18NModels/><recDate>2014-01-06T13:23:56-07:00</recDate><recFulNam>Accela Administrator</recFulNam><recStatus>A</recStatus><relationSeqId>12705</relationSeqId><resId>205</resId><subProcessModels/><taskActivation>I</taskActivation></workflow>
<workflow><parentProcessID>0</parentProcessID><serviceProviderCode>BPTDEV</serviceProviderCode><stepNumber>0</stepNumber><workflowName>LIC_BUS_RENEW_ALT</workflowName><isSubProcessSelected>Y</isSubProcessSelected><processCode>LIC_BUS_RENEW_ALT</processCode><refProcessRelationI18NModels/><recDate>2014-07-17T09:54:36-06:00</recDate><recFulNam>Accela Administrator</recFulNam><recStatus>A</recStatus><relationSeqId>12722</relationSeqId><resId>222</resId><subProcessModels/><taskActivation>A</taskActivation></workflow>
<workflow><parentProcessID>0</parentProcessID><serviceProviderCode>BPTDEV</serviceProviderCode><stepNumber>0</stepNumber><workflowName>LIC_BUS_RENEW1</workflowName><isSubProcessSelected>Y</isSubProcessSelected><processCode>LIC_BUS_RENEW1</processCode><refProcessRelationI18NModels/><recDate>2014-07-17T09:52:37-06:00</recDate><recFulNam>Accela Administrator</recFulNam><recStatus>A</recStatus><relationSeqId>12707</relationSeqId><resId>207</resId><subProcessModels/><taskActivation>I</taskActivation></workflow>
<workflow><parentProcessID>0</parentProcessID><serviceProviderCode>BPTDEV</serviceProviderCode><stepNumber>0</stepNumber><workflowName>LIC_CONT_APPLICATION</workflowName><isSubProcessSelected>Y</isSubProcessSelected><processCode>LIC_CONT_APPLICATION</processCode><refProcessRelationI18NModels/><recDate>2014-01-06T13:22:17-07:00</recDate><recFulNam>Accela Administrator</recFulNam><recStatus>A</recStatus><relationSeqId>12708</relationSeqId><resId>208</resId><subProcessModels/><taskActivation>I</taskActivation></workflow>
<workflow><parentProcessID>0</parentProcessID><serviceProviderCode>BPTDEV</serviceProviderCode><stepNumber>0</stepNumber><workflowName>LIC_CONT_LICENSE</workflowName><isSubProcessSelected>Y</isSubProcessSelected><processCode>LIC_CONT_LICENSE</processCode><refProcessRelationI18NModels/><recDate>2014-01-06T13:27:37-07:00</recDate><recFulNam>Accela Administrator</recFulNam><recStatus>A</recStatus><relationSeqId>12709</relationSeqId><resId>209</resId><subProcessModels/><taskActivation>I</taskActivation></workflow>
<workflow><parentProcessID>0</parentProcessID><serviceProviderCode>BPTDEV</serviceProviderCode><stepNumber>0</stepNumber><workflowName>LIC_CONT_RENEW</workflowName><isSubProcessSelected>Y</isSubProcessSelected><processCode>LIC_CONT_RENEW</processCode><refProcessRelationI18NModels/><recDate>2014-07-17T09:53:54-06:00</recDate><recFulNam>Accela Administrator</recFulNam><recStatus>A</recStatus><relationSeqId>12710</relationSeqId><resId>210</resId><subProcessModels/><taskActivation>I</taskActivation></workflow>
<workflow><parentProcessID>0</parentProcessID><serviceProviderCode>BPTDEV</serviceProviderCode><stepNumber>0</stepNumber><workflowName>LIC_EVENT_APP</workflowName><isSubProcessSelected>Y</isSubProcessSelected><processCode>LIC_EVENT_APP</processCode><refProcessRelationI18NModels/><recDate>2014-01-29T09:22:39-07:00</recDate><recFulNam>Accela Administrator</recFulNam><recStatus>A</recStatus><relationSeqId>12723</relationSeqId><resId>223</resId><subProcessModels/><taskActivation>A</taskActivation></workflow>
<workflow><parentProcessID>0</parentProcessID><serviceProviderCode>BPTDEV</serviceProviderCode><stepNumber>0</stepNumber><workflowName>LIC_EVENT_LICENSE</workflowName><isSubProcessSelected>Y</isSubProcessSelected><processCode>LIC_EVENT_LICENSE</processCode><refProcessRelationI18NModels/><recDate>2013-11-21T12:15:11-07:00</recDate><recFulNam>Accela Administrator</recFulNam><recStatus>A</recStatus><relationSeqId>12713</relationSeqId><resId>213</resId><subProcessModels/><taskActivation>I</taskActivation></workflow>
<workflow><parentProcessID>0</parentProcessID><serviceProviderCode>BPTDEV</serviceProviderCode><stepNumber>0</stepNumber><workflowName>LIC_MJIP_APP</workflowName><isSubProcessSelected>Y</isSubProcessSelected><processCode>LIC_MJIP_APP</processCode><refProcessRelationI18NModels/><recDate>2015-12-15T10:37:08-07:00</recDate><recFulNam>Accela Administrator</recFulNam><recStatus>A</recStatus><relationSeqId>17580</relationSeqId><resId>369</resId><subProcessModels/><taskActivation>I</taskActivation></workflow>
<workflow><parentProcessID>0</parentProcessID><serviceProviderCode>BPTDEV</serviceProviderCode><stepNumber>0</stepNumber><workflowName>LIC_MJIP_LIC</workflowName><isSubProcessSelected>Y</isSubProcessSelected><processCode>LIC_MJIP_LIC</processCode><refProcessRelationI18NModels/><recDate>2015-11-11T10:30:10-07:00</recDate><recFulNam>Accela Administrator</recFulNam><recStatus>A</recStatus><relationSeqId>17581</relationSeqId><resId>364</resId><subProcessModels/></workflow>
<workflow><parentProcessID>0</parentProcessID><serviceProviderCode>BPTDEV</serviceProviderCode><stepNumber>0</stepNumber><workflowName>LIC_MJIP_REN</workflowName><isSubProcessSelected>Y</isSubProcessSelected><processCode>LIC_MJIP_REN</processCode><refProcessRelationI18NModels/><recDate>2015-12-15T10:41:27-07:00</recDate><recFulNam>Accela Administrator</recFulNam><recStatus>A</recStatus><relationSeqId>17582</relationSeqId><resId>365</resId><subProcessModels/><taskActivation>I</taskActivation></workflow>
<workflow><parentProcessID>0</parentProcessID><serviceProviderCode>BPTDEV</serviceProviderCode><stepNumber>0</stepNumber><workflowName>LIC_MJMC_APP</workflowName><isSubProcessSelected>Y</isSubProcessSelected><processCode>LIC_MJMC_APP</processCode><refProcessRelationI18NModels/><recDate>2015-12-15T10:48:58-07:00</recDate><recFulNam>Accela Administrator</recFulNam><recStatus>A</recStatus><relationSeqId>17586</relationSeqId><resId>366</resId><subProcessModels/><taskActivation>I</taskActivation></workflow>
<workflow><parentProcessID>0</parentProcessID><serviceProviderCode>BPTDEV</serviceProviderCode><stepNumber>0</stepNumber><workflowName>LIC_MJMC_LIC</workflowName><isSubProcessSelected>Y</isSubProcessSelected><processCode>LIC_MJMC_LIC</processCode><refProcessRelationI18NModels/><recDate>2015-11-12T03:51:11-07:00</recDate><recFulNam>Accela Administrator</recFulNam><recStatus>A</recStatus><relationSeqId>17587</relationSeqId><resId>367</resId><subProcessModels/></workflow>
<workflow><parentProcessID>0</parentProcessID><serviceProviderCode>BPTDEV</serviceProviderCode><stepNumber>0</stepNumber><workflowName>LIC_MJMC_REN</workflowName><isSubProcessSelected>Y</isSubProcessSelected><processCode>LIC_MJMC_REN</processCode><refProcessRelationI18NModels/><recDate>2015-12-15T10:51:24-07:00</recDate><recFulNam>Accela Administrator</recFulNam><recStatus>A</recStatus><relationSeqId>17588</relationSeqId><resId>368</resId><subProcessModels/><taskActivation>I</taskActivation></workflow>
<workflow><parentProcessID>0</parentProcessID><serviceProviderCode>BPTDEV</serviceProviderCode><stepNumber>0</stepNumber><workflowName>LIC_MJOP_APP</workflowName><isSubProcessSelected>Y</isSubProcessSelected><processCode>LIC_MJOP_APP</processCode><refProcessRelationI18NModels/><recDate>2015-12-15T10:54:15-07:00</recDate><recFulNam>Accela Administrator</recFulNam><recStatus>A</recStatus><relationSeqId>17583</relationSeqId><subProcessModels/></workflow>
<workflow><parentProcessID>0</parentProcessID><serviceProviderCode>BPTDEV</serviceProviderCode><stepNumber>0</stepNumber><workflowName>LIC_MJOP_LIC</workflowName><isSubProcessSelected>Y</isSubProcessSelected><processCode>LIC_MJOP_LIC</processCode><refProcessRelationI18NModels/><recDate>2015-11-09T02:44:26-07:00</recDate><recFulNam>Accela Administrator</recFulNam><recStatus>A</recStatus><relationSeqId>17584</relationSeqId><resId>362</resId><subProcessModels/></workflow>
<workflow><parentProcessID>0</parentProcessID><serviceProviderCode>BPTDEV</serviceProviderCode><stepNumber>0</stepNumber><workflowName>LIC_MJOP_REN</workflowName><isSubProcessSelected>Y</isSubProcessSelected><processCode>LIC_MJOP_REN</processCode><refProcessRelationI18NModels/><recDate>2015-11-15T03:22:49-07:00</recDate><recFulNam>Accela Administrator</recFulNam><recStatus>A</recStatus><relationSeqId>17585</relationSeqId><resId>363</resId><subProcessModels/><taskActivation>I</taskActivation></workflow>
<workflow><parentProcessID>0</parentProcessID><serviceProviderCode>BPTDEV</serviceProviderCode><stepNumber>0</stepNumber><workflowName>LIC_MJRIP_APP</workflowName><isSubProcessSelected>Y</isSubProcessSelected><processCode>LIC_MJRIP_APP</processCode><refProcessRelationI18NModels/><recDate>2016-02-04T19:51:55-07:00</recDate><recFulNam>Accela Administrator</recFulNam><recStatus>A</recStatus><relationSeqId>17600</relationSeqId><resId>400</resId><subProcessModels/><taskActivation>I</taskActivation></workflow>
<workflow><parentProcessID>0</parentProcessID><serviceProviderCode>BPTDEV</serviceProviderCode><stepNumber>0</stepNumber><workflowName>LIC_MJRIP_REN</workflowName><isSubProcessSelected>Y</isSubProcessSelected><processCode>LIC_MJRIP_REN</processCode><refProcessRelationI18NModels/><recDate>2016-02-04T19:54:47-07:00</recDate><recFulNam>Accela Administrator</recFulNam><recStatus>A</recStatus><relationSeqId>17602</relationSeqId><resId>402</resId><subProcessModels/><taskActivation>I</taskActivation></workflow>
<workflow><parentProcessID>0</parentProcessID><serviceProviderCode>BPTDEV</serviceProviderCode><stepNumber>0</stepNumber><workflowName>LIC_MJRIP_LIC</workflowName><isSubProcessSelected>Y</isSubProcessSelected><processCode>LIC_MJRIP_LIC</processCode><refProcessRelationI18NModels/><recDate>2016-02-04T19:53:40-07:00</recDate><recFulNam>Accela Administrator</recFulNam><recStatus>A</recStatus><relationSeqId>17601</relationSeqId><resId>403</resId><subProcessModels/><taskActivation>I</taskActivation></workflow>
<workflow><parentProcessID>0</parentProcessID><serviceProviderCode>BPTDEV</serviceProviderCode><stepNumber>0</stepNumber><workflowName>LIC_MJROP_APP</workflowName><isSubProcessSelected>Y</isSubProcessSelected><processCode>LIC_MJROP_APP</processCode><refProcessRelationI18NModels/><recDate>2016-02-25T08:35:34-07:00</recDate><recFulNam>Accela Administrator</recFulNam><recStatus>A</recStatus><relationSeqId>17603</relationSeqId><resId>401</resId><subProcessModels/><taskActivation>I</taskActivation></workflow>
<workflow><parentProcessID>0</parentProcessID><serviceProviderCode>BPTDEV</serviceProviderCode><stepNumber>0</stepNumber><workflowName>LIC_MJROP_LIC</workflowName><isSubProcessSelected>Y</isSubProcessSelected><processCode>LIC_MJROP_LIC</processCode><refProcessRelationI18NModels/><recDate>2016-02-04T20:03:23-07:00</recDate><recFulNam>Accela Administrator</recFulNam><recStatus>A</recStatus><relationSeqId>17604</relationSeqId><resId>392</resId><subProcessModels/><taskActivation>I</taskActivation></workflow>
<workflow><parentProcessID>0</parentProcessID><serviceProviderCode>BPTDEV</serviceProviderCode><stepNumber>0</stepNumber><workflowName>LIC_MJROP_REN</workflowName><isSubProcessSelected>Y</isSubProcessSelected><processCode>LIC_MJROP_REN</processCode><refProcessRelationI18NModels/><recDate>2016-02-04T20:06:33-07:00</recDate><recFulNam>Accela Administrator</recFulNam><recStatus>A</recStatus><relationSeqId>17605</relationSeqId><resId>391</resId><subProcessModels/><taskActivation>I</taskActivation></workflow>
<workflow><parentProcessID>0</parentProcessID><serviceProviderCode>BPTDEV</serviceProviderCode><stepNumber>0</stepNumber><workflowName>LIC_MJRS_APP</workflowName><isSubProcessSelected>Y</isSubProcessSelected><processCode>LIC_MJRS_APP</processCode><refProcessRelationI18NModels/><recDate>2016-02-18T08:10:23-07:00</recDate><recFulNam>Accela Administrator</recFulNam><recStatus>A</recStatus><relationSeqId>17609</relationSeqId><resId>380</resId><subProcessModels/><taskActivation>I</taskActivation></workflow>
<workflow><parentProcessID>0</parentProcessID><serviceProviderCode>BPTDEV</serviceProviderCode><stepNumber>0</stepNumber><workflowName>LIC_MJRS_LIC</workflowName><isSubProcessSelected>Y</isSubProcessSelected><processCode>LIC_MJRS_LIC</processCode><refProcessRelationI18NModels/><recDate>2016-02-04T20:12:02-07:00</recDate><recFulNam>Accela Administrator</recFulNam><recStatus>A</recStatus><relationSeqId>17610</relationSeqId><resId>381</resId><subProcessModels/><taskActivation>I</taskActivation></workflow>
<workflow><parentProcessID>0</parentProcessID><serviceProviderCode>BPTDEV</serviceProviderCode><stepNumber>0</stepNumber><workflowName>LIC_MJRS_REN</workflowName><isSubProcessSelected>Y</isSubProcessSelected><processCode>LIC_MJRS_REN</processCode><refProcessRelationI18NModels/><recDate>2016-02-15T03:56:10-07:00</recDate><recFulNam>Accela Administrator</recFulNam><recStatus>A</recStatus><relationSeqId>17611</relationSeqId><resId>383</resId><subProcessModels/><taskActivation>I</taskActivation></workflow>
<workflow><parentProcessID>0</parentProcessID><serviceProviderCode>BPTDEV</serviceProviderCode><stepNumber>0</stepNumber><workflowName>LIC_MJRTF_APP</workflowName><isSubProcessSelected>Y</isSubProcessSelected><processCode>LIC_MJRTF_APP</processCode><refProcessRelationI18NModels/><recDate>2016-02-03T08:06:07-07:00</recDate><recFulNam>Accela Administrator</recFulNam><recStatus>A</recStatus><relationSeqId>17606</relationSeqId><resId>370</resId><subProcessModels/><taskActivation>I</taskActivation></workflow>
<workflow><parentProcessID>0</parentProcessID><serviceProviderCode>BPTDEV</serviceProviderCode><stepNumber>0</stepNumber><workflowName>LIC_MJRTF_LIC</workflowName><isSubProcessSelected>Y</isSubProcessSelected><processCode>LIC_MJRTF_LIC</processCode><refProcessRelationI18NModels/><recDate>2016-01-25T02:29:08-07:00</recDate><recFulNam>Accela Administrator</recFulNam><recStatus>A</recStatus><relationSeqId>17607</relationSeqId><resId>382</resId><subProcessModels/></workflow>
<workflow><parentProcessID>0</parentProcessID><serviceProviderCode>BPTDEV</serviceProviderCode><stepNumber>0</stepNumber><workflowName>LIC_MJRTF_REN</workflowName><isSubProcessSelected>Y</isSubProcessSelected><processCode>LIC_MJRTF_REN</processCode><refProcessRelationI18NModels/><recDate>2016-01-21T07:59:35-07:00</recDate><recFulNam>Accela Administrator</recFulNam><recStatus>A</recStatus><relationSeqId>17608</relationSeqId><resId>371</resId><subProcessModels/><taskActivation>I</taskActivation></workflow>
<workflow><parentProcessID>0</parentProcessID><serviceProviderCode>BPTDEV</serviceProviderCode><stepNumber>0</stepNumber><workflowName>LIC_SALE_LICENSE</workflowName><isSubProcessSelected>Y</isSubProcessSelected><processCode>LIC_SALE_LICENSE</processCode><refProcessRelationI18NModels/><recDate>2014-01-28T15:40:09-07:00</recDate><recFulNam>Accela Administrator</recFulNam><recStatus>A</recStatus><relationSeqId>12711</relationSeqId><resId>211</resId><subProcessModels/><taskActivation>I</taskActivation></workflow>
<workflow><parentProcessID>0</parentProcessID><serviceProviderCode>BPTDEV</serviceProviderCode><stepNumber>0</stepNumber><workflowName>LIC_PET_RENEWAL</workflowName><isSubProcessSelected>Y</isSubProcessSelected><processCode>LIC_PET_RENEWAL</processCode><refProcessRelationI18NModels/><recDate>2014-06-30T17:01:18-06:00</recDate><recFulNam>Accela Administrator</recFulNam><recStatus>A</recStatus><relationSeqId>12703</relationSeqId><resId>203</resId><subProcessModels/><taskActivation>I</taskActivation></workflow>
<workflow><parentProcessID>0</parentProcessID><serviceProviderCode>BPTDEV</serviceProviderCode><stepNumber>0</stepNumber><workflowName>LIC_PET_LICENSE</workflowName><isSubProcessSelected>Y</isSubProcessSelected><processCode>LIC_PET_LICENSE</processCode><refProcessRelationI18NModels/><recDate>2014-01-28T17:40:29-07:00</recDate><recFulNam>Accela Administrator</recFulNam><recStatus>A</recStatus><relationSeqId>12714</relationSeqId><resId>214</resId><subProcessModels/><taskActivation>I</taskActivation></workflow>
<workflow><parentProcessID>0</parentProcessID><serviceProviderCode>BPTDEV</serviceProviderCode><stepNumber>0</stepNumber><workflowName>LIC_PET_GENERAL</workflowName><isSubProcessSelected>Y</isSubProcessSelected><processCode>LIC_PET_GENERAL</processCode><refProcessRelationI18NModels/><recDate>2014-01-07T11:29:47-07:00</recDate><recFulNam>Accela Administrator</recFulNam><recStatus>A</recStatus><relationSeqId>12702</relationSeqId><resId>202</resId><subProcessModels/><taskActivation>I</taskActivation></workflow>
<workflow><parentProcessID>0</parentProcessID><serviceProviderCode>BPTDEV</serviceProviderCode><stepNumber>0</stepNumber><workflowName>NONE</workflowName><isSubProcessSelected>Y</isSubProcessSelected><processCode>NONE</processCode><refProcessRelationI18NModels/><recDate>2011-12-12T18:33:09-07:00</recDate><recFulNam>ADMIN</recFulNam><recStatus>A</recStatus><relationSeqId>12</relationSeqId><subProcessModels/></workflow>
</list>