<?xml version="1.0" encoding="UTF-8" standalone="yes"?>
<list  version="8.0.0" minorVersion="15" exportUser="ADMIN" exportDateTime="03/30/2016 08:01 PM" description="null"><standardChoice refId="1@StandardChoiceModel"><name>ASSET_GROUP</name><serviceProviderCode>BPTDEV</serviceProviderCode><auditModel><auditDate>2013-11-22T18:17:54-07:00</auditDate><auditID>AAMADMIN</auditID><auditStatus>A</auditStatus></auditModel><defaultValue>LINE</defaultValue><description>ASSET_GROUP</description><standardChoiceValueModels><standardChoiceValue refId="2@StandardChoiceValueModel"><sequenceNBR>104581047</sequenceNBR><serviceProviderCode>BPTDEV</serviceProviderCode><auditModel><auditDate>2014-10-30T15:50:38-06:00</auditDate><auditID>ADMIN</auditID><auditStatus>A</auditStatus></auditModel><resId>51036</resId><standardChoiceName>ASSET_GROUP</standardChoiceName><standardChoiceValueI18NModels><standardChoiceValueI18N><langId>en_US</langId><resId>51036</resId><serviceProviderCode>BPTDEV</serviceProviderCode><auditModel><auditDate>2013-05-14T10:37:36-06:00</auditDate><auditID>I18N_INIT</auditID><auditStatus>A</auditStatus></auditModel><value>Electric</value></standardChoiceValueI18N></standardChoiceValueI18NModels><value>Electric</value></standardChoiceValue><standardChoiceValue refId="3@StandardChoiceValueModel"><sequenceNBR>104581049</sequenceNBR><serviceProviderCode>BPTDEV</serviceProviderCode><auditModel><auditDate>2014-10-30T15:50:38-06:00</auditDate><auditID>ADMIN</auditID><auditStatus>A</auditStatus></auditModel><resId>51038</resId><standardChoiceName>ASSET_GROUP</standardChoiceName><standardChoiceValueI18NModels><standardChoiceValueI18N><langId>en_US</langId><resId>51038</resId><serviceProviderCode>BPTDEV</serviceProviderCode><auditModel><auditDate>2013-05-14T10:37:36-06:00</auditDate><auditID>I18N_INIT</auditID><auditStatus>A</auditStatus></auditModel><value>Fleet</value></standardChoiceValueI18N></standardChoiceValueI18NModels><value>Fleet</value></standardChoiceValue><standardChoiceValue refId="4@StandardChoiceValueModel"><sequenceNBR>104581051</sequenceNBR><serviceProviderCode>BPTDEV</serviceProviderCode><auditModel><auditDate>2014-10-30T15:50:38-06:00</auditDate><auditID>ADMIN</auditID><auditStatus>A</auditStatus></auditModel><resId>51040</resId><standardChoiceName>ASSET_GROUP</standardChoiceName><standardChoiceValueI18NModels><standardChoiceValueI18N><langId>en_US</langId><resId>51040</resId><serviceProviderCode>BPTDEV</serviceProviderCode><auditModel><auditDate>2013-05-14T10:37:36-06:00</auditDate><auditID>I18N_INIT</auditID><auditStatus>A</auditStatus></auditModel><value>Parks</value></standardChoiceValueI18N></standardChoiceValueI18NModels><value>Parks</value></standardChoiceValue><standardChoiceValue refId="5@StandardChoiceValueModel"><sequenceNBR>104581052</sequenceNBR><serviceProviderCode>BPTDEV</serviceProviderCode><auditModel><auditDate>2014-10-30T15:50:38-06:00</auditDate><auditID>ADMIN</auditID><auditStatus>A</auditStatus></auditModel><resId>51041</resId><standardChoiceName>ASSET_GROUP</standardChoiceName><standardChoiceValueI18NModels><standardChoiceValueI18N><langId>en_US</langId><resId>51041</resId><serviceProviderCode>BPTDEV</serviceProviderCode><auditModel><auditDate>2013-05-14T10:37:36-06:00</auditDate><auditID>I18N_INIT</auditID><auditStatus>A</auditStatus></auditModel><value>Sewer</value></standardChoiceValueI18N></standardChoiceValueI18NModels><value>Sewer</value></standardChoiceValue><standardChoiceValue refId="6@StandardChoiceValueModel"><sequenceNBR>104581054</sequenceNBR><serviceProviderCode>BPTDEV</serviceProviderCode><auditModel><auditDate>2014-10-30T15:50:38-06:00</auditDate><auditID>ADMIN</auditID><auditStatus>A</auditStatus></auditModel><resId>51043</resId><standardChoiceName>ASSET_GROUP</standardChoiceName><standardChoiceValueI18NModels><standardChoiceValueI18N><langId>en_US</langId><resId>51043</resId><serviceProviderCode>BPTDEV</serviceProviderCode><auditModel><auditDate>2013-05-14T10:37:36-06:00</auditDate><auditID>I18N_INIT</auditID><auditStatus>A</auditStatus></auditModel><value>Storm</value></standardChoiceValueI18N></standardChoiceValueI18NModels><value>Storm</value></standardChoiceValue><standardChoiceValue refId="7@StandardChoiceValueModel"><sequenceNBR>104581055</sequenceNBR><serviceProviderCode>BPTDEV</serviceProviderCode><auditModel><auditDate>2014-10-30T15:50:38-06:00</auditDate><auditID>ADMIN</auditID><auditStatus>A</auditStatus></auditModel><resId>51044</resId><standardChoiceName>ASSET_GROUP</standardChoiceName><standardChoiceValueI18NModels><standardChoiceValueI18N><langId>en_US</langId><resId>51044</resId><serviceProviderCode>BPTDEV</serviceProviderCode><auditModel><auditDate>2013-05-14T10:37:36-06:00</auditDate><auditID>I18N_INIT</auditID><auditStatus>A</auditStatus></auditModel><value>Street</value></standardChoiceValueI18N></standardChoiceValueI18NModels><value>Street</value></standardChoiceValue><standardChoiceValue refId="8@StandardChoiceValueModel"><sequenceNBR>104581057</sequenceNBR><serviceProviderCode>BPTDEV</serviceProviderCode><auditModel><auditDate>2014-10-30T15:50:38-06:00</auditDate><auditID>ADMIN</auditID><auditStatus>A</auditStatus></auditModel><resId>51046</resId><standardChoiceName>ASSET_GROUP</standardChoiceName><standardChoiceValueI18NModels><standardChoiceValueI18N><langId>en_US</langId><resId>51046</resId><serviceProviderCode>BPTDEV</serviceProviderCode><auditModel><auditDate>2013-05-14T10:37:36-06:00</auditDate><auditID>I18N_INIT</auditID><auditStatus>A</auditStatus></auditModel><value>Water</value></standardChoiceValueI18N></standardChoiceValueI18NModels><value>Water</value></standardChoiceValue><standardChoiceValue refId="9@StandardChoiceValueModel"><sequenceNBR>105005687</sequenceNBR><serviceProviderCode>BPTDEV</serviceProviderCode><auditModel><auditDate>2013-11-22T18:17:54-07:00</auditDate><auditID>AAMADMIN</auditID><auditStatus>A</auditStatus></auditModel><resId>104593848</resId><standardChoiceName>ASSET_GROUP</standardChoiceName><standardChoiceValueI18NModels/><value>Facility</value></standardChoiceValue><standardChoiceValue refId="10@StandardChoiceValueModel"><sequenceNBR>104594229</sequenceNBR><serviceProviderCode>BPTDEV</serviceProviderCode><auditModel><auditDate>2014-10-30T15:50:38-06:00</auditDate><auditID>ADMIN</auditID><auditStatus>I</auditStatus></auditModel><resId>104593847</resId><standardChoiceName>ASSET_GROUP</standardChoiceName><standardChoiceValueI18NModels><standardChoiceValueI18N><langId>en_US</langId><resId>104593847</resId><serviceProviderCode>BPTDEV</serviceProviderCode><auditModel><auditDate>2013-05-14T10:37:36-06:00</auditDate><auditID>I18N_INIT</auditID><auditStatus>A</auditStatus></auditModel><value>Solid Waste</value></standardChoiceValueI18N></standardChoiceValueI18NModels><value>Solid Waste</value></standardChoiceValue><standardChoiceValue refId="11@StandardChoiceValueModel"><sequenceNBR>104594231</sequenceNBR><serviceProviderCode>BPTDEV</serviceProviderCode><auditModel><auditDate>2014-10-30T15:50:38-06:00</auditDate><auditID>ADMIN</auditID><auditStatus>I</auditStatus></auditModel><resId>104593849</resId><standardChoiceName>ASSET_GROUP</standardChoiceName><standardChoiceValueI18NModels><standardChoiceValueI18N><langId>en_US</langId><resId>104593849</resId><serviceProviderCode>BPTDEV</serviceProviderCode><auditModel><auditDate>2013-05-14T10:37:36-06:00</auditDate><auditID>I18N_INIT</auditID><auditStatus>A</auditStatus></auditModel><value>Transit</value></standardChoiceValueI18N></standardChoiceValueI18NModels><value>Transit</value></standardChoiceValue><standardChoiceValue refId="12@StandardChoiceValueModel"><sequenceNBR>104594233</sequenceNBR><serviceProviderCode>BPTDEV</serviceProviderCode><auditModel><auditDate>2014-10-30T15:50:38-06:00</auditDate><auditID>ADMIN</auditID><auditStatus>I</auditStatus></auditModel><resId>104596210</resId><standardChoiceName>ASSET_GROUP</standardChoiceName><standardChoiceValueI18NModels><standardChoiceValueI18N><langId>en_US</langId><resId>104596210</resId><serviceProviderCode>BPTDEV</serviceProviderCode><auditModel><auditDate>2013-05-14T10:37:36-06:00</auditDate><auditID>I18N_INIT</auditID><auditStatus>A</auditStatus></auditModel><value>Moveable</value></standardChoiceValueI18N></standardChoiceValueI18NModels><value>Moveable</value></standardChoiceValue><standardChoiceValue refId="13@StandardChoiceValueModel"><sequenceNBR>105005688</sequenceNBR><serviceProviderCode>BPTDEV</serviceProviderCode><auditModel><auditDate>2013-11-22T18:17:54-07:00</auditDate><auditID>AAMADMIN</auditID><auditStatus>I</auditStatus></auditModel><description>Lexington-Fayette Urban County Government</description><resId>104594282</resId><standardChoiceName>ASSET_GROUP</standardChoiceName><standardChoiceValueI18NModels><standardChoiceValueI18N><langId>en_US</langId><resId>104594282</resId><serviceProviderCode>BPTDEV</serviceProviderCode><auditModel><auditDate>2013-05-14T10:37:36-06:00</auditDate><auditID>I18N_INIT</auditID><auditStatus>A</auditStatus></auditModel><description>Lexington-Fayette Urban County Government</description><value>LFUCG</value></standardChoiceValueI18N></standardChoiceValueI18NModels><value>LFUCG</value></standardChoiceValue><standardChoiceValue refId="14@StandardChoiceValueModel"><sequenceNBR>105005689</sequenceNBR><serviceProviderCode>BPTDEV</serviceProviderCode><auditModel><auditDate>2013-11-22T18:17:54-07:00</auditDate><auditID>AAMADMIN</auditID><auditStatus>I</auditStatus></auditModel><description>Demo Group for Corvalis, Oregon 3/16/12</description><resId>104596309</resId><standardChoiceName>ASSET_GROUP</standardChoiceName><standardChoiceValueI18NModels><standardChoiceValueI18N><langId>en_US</langId><resId>104596309</resId><serviceProviderCode>BPTDEV</serviceProviderCode><auditModel><auditDate>2013-05-14T10:37:36-06:00</auditDate><auditID>I18N_INIT</auditID><auditStatus>A</auditStatus></auditModel><description>Demo Group for Corvalis, Oregon 3/16/12</description><value>Corvallis</value></standardChoiceValueI18N></standardChoiceValueI18NModels><value>Corvallis</value></standardChoiceValue></standardChoiceValueModels><type>SystemSwitch</type><valueSize>10</valueSize></standardChoice>
<standardChoice refId="1@StandardChoiceModel"><name>ASSET_SIZE_UNIT</name><serviceProviderCode>BPTDEV</serviceProviderCode><auditModel><auditDate>2012-01-31T11:56:03-07:00</auditDate><auditID>1</auditID><auditStatus>A</auditStatus></auditModel><standardChoiceValueModels><standardChoiceValue refId="2@StandardChoiceValueModel"><sequenceNBR>104581081</sequenceNBR><serviceProviderCode>BPTDEV</serviceProviderCode><auditModel><auditDate>2012-01-31T11:56:11-07:00</auditDate><auditID>ASSET_ADMIN</auditID><auditStatus>A</auditStatus></auditModel><standardChoiceName>ASSET_SIZE_UNIT</standardChoiceName><standardChoiceValueI18NModels/><value>Acres</value></standardChoiceValue><standardChoiceValue refId="3@StandardChoiceValueModel"><sequenceNBR>104581082</sequenceNBR><serviceProviderCode>BPTDEV</serviceProviderCode><auditModel><auditDate>2012-01-31T11:56:17-07:00</auditDate><auditID>ASSET_ADMIN</auditID><auditStatus>A</auditStatus></auditModel><standardChoiceName>ASSET_SIZE_UNIT</standardChoiceName><standardChoiceValueI18NModels/><value>Feet</value></standardChoiceValue><standardChoiceValue refId="4@StandardChoiceValueModel"><sequenceNBR>104581083</sequenceNBR><serviceProviderCode>BPTDEV</serviceProviderCode><auditModel><auditDate>2012-01-31T11:56:24-07:00</auditDate><auditID>ASSET_ADMIN</auditID><auditStatus>A</auditStatus></auditModel><standardChoiceName>ASSET_SIZE_UNIT</standardChoiceName><standardChoiceValueI18NModels/><value>Miles</value></standardChoiceValue><standardChoiceValue refId="5@StandardChoiceValueModel"><sequenceNBR>104581084</sequenceNBR><serviceProviderCode>BPTDEV</serviceProviderCode><auditModel><auditDate>2012-01-31T11:56:31-07:00</auditDate><auditID>ASSET_ADMIN</auditID><auditStatus>A</auditStatus></auditModel><standardChoiceName>ASSET_SIZE_UNIT</standardChoiceName><standardChoiceValueI18NModels/><value>Inches</value></standardChoiceValue></standardChoiceValueModels><type>SystemSwitch</type><valueSize>0</valueSize></standardChoice>
<standardChoice refId="1@StandardChoiceModel"><name>ASSET_STATUS</name><serviceProviderCode>BPTDEV</serviceProviderCode><auditModel><auditDate>2012-01-31T11:33:58-07:00</auditDate><auditID>1</auditID><auditStatus>A</auditStatus></auditModel><description>defines valid status values for assets</description><standardChoiceValueModels><standardChoiceValue refId="2@StandardChoiceValueModel"><sequenceNBR>104581077</sequenceNBR><serviceProviderCode>BPTDEV</serviceProviderCode><auditModel><auditDate>2012-01-31T11:34:08-07:00</auditDate><auditID>ASSET_ADMIN</auditID><auditStatus>A</auditStatus></auditModel><standardChoiceName>ASSET_STATUS</standardChoiceName><standardChoiceValueI18NModels/><value>In Service</value></standardChoiceValue><standardChoiceValue refId="3@StandardChoiceValueModel"><sequenceNBR>104581078</sequenceNBR><serviceProviderCode>BPTDEV</serviceProviderCode><auditModel><auditDate>2012-01-31T11:34:16-07:00</auditDate><auditID>ASSET_ADMIN</auditID><auditStatus>A</auditStatus></auditModel><standardChoiceName>ASSET_STATUS</standardChoiceName><standardChoiceValueI18NModels/><value>Out of Service</value></standardChoiceValue><standardChoiceValue refId="4@StandardChoiceValueModel"><sequenceNBR>104581079</sequenceNBR><serviceProviderCode>BPTDEV</serviceProviderCode><auditModel><auditDate>2012-01-31T11:35:51-07:00</auditDate><auditID>ASSET_ADMIN</auditID><auditStatus>A</auditStatus></auditModel><standardChoiceName>ASSET_STATUS</standardChoiceName><standardChoiceValueI18NModels/><value>Out of Service - Temp</value></standardChoiceValue><standardChoiceValue refId="5@StandardChoiceValueModel"><sequenceNBR>104581080</sequenceNBR><serviceProviderCode>BPTDEV</serviceProviderCode><auditModel><auditDate>2012-01-31T11:36:22-07:00</auditDate><auditID>ASSET_ADMIN</auditID><auditStatus>A</auditStatus></auditModel><standardChoiceName>ASSET_STATUS</standardChoiceName><standardChoiceValueI18NModels/><value>Activation Pending</value></standardChoiceValue></standardChoiceValueModels><type>SystemSwitch</type><valueSize>0</valueSize></standardChoice>
<standardChoice refId="1@StandardChoiceModel"><name>ASSET_TREE_NODE_CONFIG</name><serviceProviderCode>BPTDEV</serviceProviderCode><auditModel><auditDate>2011-06-20T06:39:43-06:00</auditDate><auditID>ITAYLOR</auditID><auditStatus>A</auditStatus></auditModel><description>This Standard Choice Value defines which information a Linked Asset tree node displays and the maximum length of the text displayed by a Linked Asset tree node.</description><standardChoiceValueModels><standardChoiceValue refId="2@StandardChoiceValueModel"><sequenceNBR>104581059</sequenceNBR><serviceProviderCode>BPTDEV</serviceProviderCode><auditModel><auditDate>2011-06-20T06:39:43-06:00</auditDate><auditID>ITAYLOR</auditID><auditStatus>A</auditStatus></auditModel><description>$ASSET_ID$*$ASSET_NAME$*$STATUS$*$DATE_OF_SERVICE$</description><resId>51048</resId><standardChoiceName>ASSET_TREE_NODE_CONFIG</standardChoiceName><standardChoiceValueI18NModels/><value>MASK</value></standardChoiceValue><standardChoiceValue refId="3@StandardChoiceValueModel"><sequenceNBR>104581060</sequenceNBR><serviceProviderCode>BPTDEV</serviceProviderCode><auditModel><auditDate>2011-06-20T06:39:43-06:00</auditDate><auditID>ITAYLOR</auditID><auditStatus>A</auditStatus></auditModel><description>60</description><resId>51049</resId><standardChoiceName>ASSET_TREE_NODE_CONFIG</standardChoiceName><standardChoiceValueI18NModels/><value>MAX_LENGTH</value></standardChoiceValue></standardChoiceValueModels><type>SystemSwitch</type><valueSize>0</valueSize></standardChoice>
<standardChoice refId="1@StandardChoiceModel"><name>ASSET_USAGE_UNIT_TYPE</name><serviceProviderCode>BPTDEV</serviceProviderCode><auditModel><auditDate>2016-03-08T17:23:38-07:00</auditDate><auditID>ADMIN</auditID><auditStatus>A</auditStatus></auditModel><description>ASSET_USAGE_UNIT_TYPE</description><standardChoiceValueModels><standardChoiceValue refId="2@StandardChoiceValueModel"><sequenceNBR>104595101</sequenceNBR><serviceProviderCode>BPTDEV</serviceProviderCode><auditModel><auditDate>2016-03-08T17:23:38-07:00</auditDate><auditID>ADMIN</auditID><auditStatus>A</auditStatus></auditModel><standardChoiceName>ASSET_USAGE_UNIT_TYPE</standardChoiceName><standardChoiceValueI18NModels/><value>Hours</value></standardChoiceValue><standardChoiceValue refId="3@StandardChoiceValueModel"><sequenceNBR>104595102</sequenceNBR><serviceProviderCode>BPTDEV</serviceProviderCode><auditModel><auditDate>2016-03-08T17:23:38-07:00</auditDate><auditID>ADMIN</auditID><auditStatus>A</auditStatus></auditModel><standardChoiceName>ASSET_USAGE_UNIT_TYPE</standardChoiceName><standardChoiceValueI18NModels/><value>Miles</value></standardChoiceValue><standardChoiceValue refId="4@StandardChoiceValueModel"><sequenceNBR>104595103</sequenceNBR><serviceProviderCode>BPTDEV</serviceProviderCode><auditModel><auditDate>2016-03-08T17:23:38-07:00</auditDate><auditID>ADMIN</auditID><auditStatus>A</auditStatus></auditModel><standardChoiceName>ASSET_USAGE_UNIT_TYPE</standardChoiceName><standardChoiceValueI18NModels/><value>RPM</value></standardChoiceValue><standardChoiceValue refId="5@StandardChoiceValueModel"><sequenceNBR>104591303</sequenceNBR><serviceProviderCode>BPTDEV</serviceProviderCode><auditModel><auditDate>2016-03-08T17:23:38-07:00</auditDate><auditID>ADMIN</auditID><auditStatus>A</auditStatus></auditModel><standardChoiceName>ASSET_USAGE_UNIT_TYPE</standardChoiceName><standardChoiceValueI18NModels/><value>Inches</value></standardChoiceValue><standardChoiceValue refId="6@StandardChoiceValueModel"><sequenceNBR>104591304</sequenceNBR><serviceProviderCode>BPTDEV</serviceProviderCode><auditModel><auditDate>2016-03-08T17:23:38-07:00</auditDate><auditID>ADMIN</auditID><auditStatus>A</auditStatus></auditModel><standardChoiceName>ASSET_USAGE_UNIT_TYPE</standardChoiceName><standardChoiceValueI18NModels/><value>Feet</value></standardChoiceValue><standardChoiceValue refId="7@StandardChoiceValueModel"><sequenceNBR>105210533</sequenceNBR><serviceProviderCode>BPTDEV</serviceProviderCode><auditModel><auditDate>2016-03-08T17:23:38-07:00</auditDate><auditID>ADMIN</auditID><auditStatus>A</auditStatus></auditModel><standardChoiceName>ASSET_USAGE_UNIT_TYPE</standardChoiceName><standardChoiceValueI18NModels/><value>Gallons</value></standardChoiceValue></standardChoiceValueModels><type>ShareDropDown</type><valueSize>0</valueSize></standardChoice>
<standardChoice refId="1@StandardChoiceModel"><name>ATTRIBUTE TEMPLATE GROUP</name><serviceProviderCode>BPTDEV</serviceProviderCode><auditModel><auditDate>2004-03-19T09:04:23-07:00</auditDate><auditID>1</auditID><auditStatus>A</auditStatus></auditModel><standardChoiceValueModels><standardChoiceValue refId="2@StandardChoiceValueModel"><sequenceNBR>1384</sequenceNBR><serviceProviderCode>BPTDEV</serviceProviderCode><auditModel><auditDate>2005-03-31T14:35:44-07:00</auditDate><auditID>ADMIN</auditID><auditStatus>A</auditStatus></auditModel><resId>11621</resId><standardChoiceName>ATTRIBUTE TEMPLATE GROUP</standardChoiceName><standardChoiceValueI18NModels/><value>N/A</value></standardChoiceValue><standardChoiceValue refId="3@StandardChoiceValueModel"><sequenceNBR>1385</sequenceNBR><serviceProviderCode>BPTDEV</serviceProviderCode><auditModel><auditDate>2005-03-01T23:06:59-07:00</auditDate><auditID>ADMIN</auditID><auditStatus>A</auditStatus></auditModel><resId>11622</resId><standardChoiceName>ATTRIBUTE TEMPLATE GROUP</standardChoiceName><standardChoiceValueI18NModels/><value>NA</value></standardChoiceValue></standardChoiceValueModels><valueSize>0</valueSize></standardChoice>
<standardChoice refId="1@StandardChoiceModel"><name>ATTRIBUTE TEMPLATE UNIT</name><serviceProviderCode>BPTDEV</serviceProviderCode><auditModel><auditDate>2004-03-19T09:03:37-07:00</auditDate><auditID>1</auditID><auditStatus>A</auditStatus></auditModel><standardChoiceValueModels><standardChoiceValue refId="2@StandardChoiceValueModel"><sequenceNBR>1386</sequenceNBR><serviceProviderCode>BPTDEV</serviceProviderCode><auditModel><auditDate>2005-03-01T23:06:59-07:00</auditDate><auditID>ADMIN</auditID><auditStatus>A</auditStatus></auditModel><resId>11623</resId><standardChoiceName>ATTRIBUTE TEMPLATE UNIT</standardChoiceName><standardChoiceValueI18NModels/><value>NA</value></standardChoiceValue><standardChoiceValue refId="3@StandardChoiceValueModel"><sequenceNBR>1387</sequenceNBR><serviceProviderCode>BPTDEV</serviceProviderCode><auditModel><auditDate>2005-03-01T23:06:59-07:00</auditDate><auditID>ADMIN</auditID><auditStatus>A</auditStatus></auditModel><resId>11624</resId><standardChoiceName>ATTRIBUTE TEMPLATE UNIT</standardChoiceName><standardChoiceValueI18NModels/><value>UNIT</value></standardChoiceValue></standardChoiceValueModels><valueSize>0</valueSize></standardChoice>
<standardChoice refId="1@StandardChoiceModel"><name>ATTRIBUTE_GROUP</name><serviceProviderCode>BPTDEV</serviceProviderCode><auditModel><auditDate>2013-11-22T17:19:04-07:00</auditDate><auditID>AAMADMIN</auditID><auditStatus>A</auditStatus></auditModel><description>An attribute provides details about the characteristics of an asset.</description><standardChoiceValueModels><standardChoiceValue refId="2@StandardChoiceValueModel"><sequenceNBR>104581062</sequenceNBR><serviceProviderCode>BPTDEV</serviceProviderCode><auditModel><auditDate>2013-11-22T17:19:04-07:00</auditDate><auditID>AAMADMIN</auditID><auditStatus>A</auditStatus></auditModel><resId>51063</resId><standardChoiceName>ATTRIBUTE_GROUP</standardChoiceName><standardChoiceValueI18NModels><standardChoiceValueI18N><langId>en_US</langId><resId>51063</resId><serviceProviderCode>BPTDEV</serviceProviderCode><auditModel><auditDate>2013-05-14T10:37:36-06:00</auditDate><auditID>I18N_INIT</auditID><auditStatus>A</auditStatus></auditModel><value>Location</value></standardChoiceValueI18N></standardChoiceValueI18NModels><value>Location</value></standardChoiceValue><standardChoiceValue refId="3@StandardChoiceValueModel"><sequenceNBR>104581064</sequenceNBR><serviceProviderCode>BPTDEV</serviceProviderCode><auditModel><auditDate>2013-11-22T17:19:04-07:00</auditDate><auditID>AAMADMIN</auditID><auditStatus>A</auditStatus></auditModel><resId>51065</resId><standardChoiceName>ATTRIBUTE_GROUP</standardChoiceName><standardChoiceValueI18NModels><standardChoiceValueI18N><langId>en_US</langId><resId>51065</resId><serviceProviderCode>BPTDEV</serviceProviderCode><auditModel><auditDate>2013-05-14T10:37:36-06:00</auditDate><auditID>I18N_INIT</auditID><auditStatus>A</auditStatus></auditModel><value>Structural</value></standardChoiceValueI18N></standardChoiceValueI18NModels><value>Structural</value></standardChoiceValue><standardChoiceValue refId="4@StandardChoiceValueModel"><sequenceNBR>104594235</sequenceNBR><serviceProviderCode>BPTDEV</serviceProviderCode><auditModel><auditDate>2013-11-22T17:19:04-07:00</auditDate><auditID>AAMADMIN</auditID><auditStatus>A</auditStatus></auditModel><resId>104593983</resId><standardChoiceName>ATTRIBUTE_GROUP</standardChoiceName><standardChoiceValueI18NModels><standardChoiceValueI18N><langId>en_US</langId><resId>104593983</resId><serviceProviderCode>BPTDEV</serviceProviderCode><auditModel><auditDate>2013-05-14T10:37:36-06:00</auditDate><auditID>I18N_INIT</auditID><auditStatus>A</auditStatus></auditModel><value>Inspection Attribute</value></standardChoiceValueI18N></standardChoiceValueI18NModels><value>Inspection Attribute</value></standardChoiceValue><standardChoiceValue refId="5@StandardChoiceValueModel"><sequenceNBR>104594236</sequenceNBR><serviceProviderCode>BPTDEV</serviceProviderCode><auditModel><auditDate>2013-11-22T17:19:04-07:00</auditDate><auditID>AAMADMIN</auditID><auditStatus>A</auditStatus></auditModel><resId>104593984</resId><standardChoiceName>ATTRIBUTE_GROUP</standardChoiceName><standardChoiceValueI18NModels><standardChoiceValueI18N><langId>en_US</langId><resId>104593984</resId><serviceProviderCode>BPTDEV</serviceProviderCode><auditModel><auditDate>2013-05-14T10:37:36-06:00</auditDate><auditID>I18N_INIT</auditID><auditStatus>A</auditStatus></auditModel><value>Observation Attribute</value></standardChoiceValueI18N></standardChoiceValueI18NModels><value>Observation Attribute</value></standardChoiceValue><standardChoiceValue refId="6@StandardChoiceValueModel"><sequenceNBR>104594244</sequenceNBR><serviceProviderCode>BPTDEV</serviceProviderCode><auditModel><auditDate>2013-11-22T17:19:04-07:00</auditDate><auditID>AAMADMIN</auditID><auditStatus>A</auditStatus></auditModel><standardChoiceName>ATTRIBUTE_GROUP</standardChoiceName><standardChoiceValueI18NModels/><value>Information</value></standardChoiceValue><standardChoiceValue refId="7@StandardChoiceValueModel"><sequenceNBR>104594245</sequenceNBR><serviceProviderCode>BPTDEV</serviceProviderCode><auditModel><auditDate>2013-11-22T17:19:04-07:00</auditDate><auditID>AAMADMIN</auditID><auditStatus>A</auditStatus></auditModel><standardChoiceName>ATTRIBUTE_GROUP</standardChoiceName><standardChoiceValueI18NModels/><value>Operational</value></standardChoiceValue></standardChoiceValueModels><type>SystemSwitch</type><valueSize>0</valueSize></standardChoice>
<standardChoice refId="1@StandardChoiceModel"><name>COST_ACCOUNT</name><serviceProviderCode>BPTDEV</serviceProviderCode><auditModel><auditDate>2013-05-16T12:05:51-06:00</auditDate><auditID>1</auditID><auditStatus>A</auditStatus></auditModel><standardChoiceValueModels><standardChoiceValue refId="2@StandardChoiceValueModel"><sequenceNBR>104592587</sequenceNBR><serviceProviderCode>BPTDEV</serviceProviderCode><auditModel><auditDate>2013-05-16T12:06:07-06:00</auditDate><auditID>ADMIN</auditID><auditStatus>A</auditStatus></auditModel><standardChoiceName>COST_ACCOUNT</standardChoiceName><standardChoiceValueI18NModels/><value>Test Account</value></standardChoiceValue></standardChoiceValueModels><type>SystemSwitch</type><valueSize>0</valueSize></standardChoice>
<standardChoice refId="1@StandardChoiceModel"><name>COST_FACTOR</name><serviceProviderCode>BPTDEV</serviceProviderCode><auditModel><auditDate>2013-05-16T12:11:17-06:00</auditDate><auditID>1</auditID><auditStatus>A</auditStatus></auditModel><standardChoiceValueModels><standardChoiceValue refId="2@StandardChoiceValueModel"><sequenceNBR>104592590</sequenceNBR><serviceProviderCode>BPTDEV</serviceProviderCode><auditModel><auditDate>2013-05-16T12:12:56-06:00</auditDate><auditID>ADMIN</auditID><auditStatus>A</auditStatus></auditModel><description>2 - Double time</description><standardChoiceName>COST_FACTOR</standardChoiceName><standardChoiceValueI18NModels/><value>2</value></standardChoiceValue><standardChoiceValue refId="3@StandardChoiceValueModel"><sequenceNBR>104592588</sequenceNBR><serviceProviderCode>BPTDEV</serviceProviderCode><auditModel><auditDate>2013-05-16T12:12:01-06:00</auditDate><auditID>ADMIN</auditID><auditStatus>A</auditStatus></auditModel><description>1 - Regular</description><standardChoiceName>COST_FACTOR</standardChoiceName><standardChoiceValueI18NModels/><value>1</value></standardChoiceValue><standardChoiceValue refId="4@StandardChoiceValueModel"><sequenceNBR>104592589</sequenceNBR><serviceProviderCode>BPTDEV</serviceProviderCode><auditModel><auditDate>2013-05-16T12:12:37-06:00</auditDate><auditID>ADMIN</auditID><auditStatus>A</auditStatus></auditModel><description>1.5 Time and a half</description><standardChoiceName>COST_FACTOR</standardChoiceName><standardChoiceValueI18NModels/><value>1.5</value></standardChoiceValue></standardChoiceValueModels><type>SystemSwitch</type><valueSize>0</valueSize></standardChoice>
<standardChoice refId="1@StandardChoiceModel"><name>COST_ITEM</name><serviceProviderCode>BPTDEV</serviceProviderCode><auditModel><auditDate>2013-05-16T12:18:05-06:00</auditDate><auditID>ADMIN</auditID><auditStatus>A</auditStatus></auditModel><standardChoiceValueModels><standardChoiceValue refId="2@StandardChoiceValueModel"><sequenceNBR>104592592</sequenceNBR><serviceProviderCode>BPTDEV</serviceProviderCode><auditModel><auditDate>2013-05-16T12:18:05-06:00</auditDate><auditID>ADMIN</auditID><auditStatus>A</auditStatus></auditModel><standardChoiceName>COST_ITEM</standardChoiceName><standardChoiceValueI18NModels/><value>Test</value></standardChoiceValue></standardChoiceValueModels><type>SystemSwitch</type><valueSize>0</valueSize></standardChoice>
<standardChoice refId="1@StandardChoiceModel"><name>COST_TYPE</name><serviceProviderCode>BPTDEV</serviceProviderCode><auditModel><auditDate>2013-05-16T12:15:42-06:00</auditDate><auditID>1</auditID><auditStatus>A</auditStatus></auditModel><standardChoiceValueModels><standardChoiceValue refId="2@StandardChoiceValueModel"><sequenceNBR>104592593</sequenceNBR><serviceProviderCode>BPTDEV</serviceProviderCode><auditModel><auditDate>2013-05-16T12:16:08-06:00</auditDate><auditID>ADMIN</auditID><auditStatus>A</auditStatus></auditModel><standardChoiceName>COST_TYPE</standardChoiceName><standardChoiceValueI18NModels/><value>Contractor</value></standardChoiceValue><standardChoiceValue refId="3@StandardChoiceValueModel"><sequenceNBR>104592594</sequenceNBR><serviceProviderCode>BPTDEV</serviceProviderCode><auditModel><auditDate>2013-05-16T12:16:21-06:00</auditDate><auditID>ADMIN</auditID><auditStatus>A</auditStatus></auditModel><standardChoiceName>COST_TYPE</standardChoiceName><standardChoiceValueI18NModels/><value>Equipment</value></standardChoiceValue><standardChoiceValue refId="4@StandardChoiceValueModel"><sequenceNBR>104592595</sequenceNBR><serviceProviderCode>BPTDEV</serviceProviderCode><auditModel><auditDate>2013-05-16T12:16:33-06:00</auditDate><auditID>ADMIN</auditID><auditStatus>A</auditStatus></auditModel><standardChoiceName>COST_TYPE</standardChoiceName><standardChoiceValueI18NModels/><value>Labor</value></standardChoiceValue><standardChoiceValue refId="5@StandardChoiceValueModel"><sequenceNBR>104592596</sequenceNBR><serviceProviderCode>BPTDEV</serviceProviderCode><auditModel><auditDate>2013-05-16T12:16:45-06:00</auditDate><auditID>ADMIN</auditID><auditStatus>A</auditStatus></auditModel><standardChoiceName>COST_TYPE</standardChoiceName><standardChoiceValueI18NModels/><value>Material</value></standardChoiceValue><standardChoiceValue refId="6@StandardChoiceValueModel"><sequenceNBR>104592597</sequenceNBR><serviceProviderCode>BPTDEV</serviceProviderCode><auditModel><auditDate>2013-05-16T12:16:55-06:00</auditDate><auditID>ADMIN</auditID><auditStatus>A</auditStatus></auditModel><standardChoiceName>COST_TYPE</standardChoiceName><standardChoiceValueI18NModels/><value>Vehicle</value></standardChoiceValue></standardChoiceValueModels><type>SystemSwitch</type><valueSize>0</valueSize></standardChoice>
<standardChoice refId="1@StandardChoiceModel"><name>COST_UNIT_TYPE</name><serviceProviderCode>BPTDEV</serviceProviderCode><auditModel><auditDate>2013-05-16T12:18:46-06:00</auditDate><auditID>1</auditID><auditStatus>A</auditStatus></auditModel><standardChoiceValueModels><standardChoiceValue refId="2@StandardChoiceValueModel"><sequenceNBR>104592598</sequenceNBR><serviceProviderCode>BPTDEV</serviceProviderCode><auditModel><auditDate>2013-05-16T12:18:57-06:00</auditDate><auditID>ADMIN</auditID><auditStatus>A</auditStatus></auditModel><standardChoiceName>COST_UNIT_TYPE</standardChoiceName><standardChoiceValueI18NModels/><value>Each</value></standardChoiceValue><standardChoiceValue refId="3@StandardChoiceValueModel"><sequenceNBR>104592599</sequenceNBR><serviceProviderCode>BPTDEV</serviceProviderCode><auditModel><auditDate>2013-05-16T12:19:07-06:00</auditDate><auditID>ADMIN</auditID><auditStatus>A</auditStatus></auditModel><standardChoiceName>COST_UNIT_TYPE</standardChoiceName><standardChoiceValueI18NModels/><value>Hour</value></standardChoiceValue><standardChoiceValue refId="4@StandardChoiceValueModel"><sequenceNBR>104592600</sequenceNBR><serviceProviderCode>BPTDEV</serviceProviderCode><auditModel><auditDate>2013-05-16T12:19:16-06:00</auditDate><auditID>ADMIN</auditID><auditStatus>A</auditStatus></auditModel><standardChoiceName>COST_UNIT_TYPE</standardChoiceName><standardChoiceValueI18NModels/><value>Mile</value></standardChoiceValue></standardChoiceValueModels><type>SystemSwitch</type><valueSize>0</valueSize></standardChoice>
<standardChoice refId="1@StandardChoiceModel"><name>PART_CALCULATE_TYPE</name><serviceProviderCode>BPTDEV</serviceProviderCode><auditModel><auditDate>2013-05-16T08:04:46-06:00</auditDate><auditID>ADMIN</auditID><auditStatus>A</auditStatus></auditModel><standardChoiceValueModels><standardChoiceValue refId="2@StandardChoiceValueModel"><sequenceNBR>104592574</sequenceNBR><serviceProviderCode>BPTDEV</serviceProviderCode><auditModel><auditDate>2013-05-16T08:04:46-06:00</auditDate><auditID>ADMIN</auditID><auditStatus>A</auditStatus></auditModel><standardChoiceName>PART_CALCULATE_TYPE</standardChoiceName><standardChoiceValueI18NModels/><value>Simple Average</value></standardChoiceValue><standardChoiceValue refId="3@StandardChoiceValueModel"><sequenceNBR>104592573</sequenceNBR><serviceProviderCode>BPTDEV</serviceProviderCode><auditModel><auditDate>2013-05-16T08:04:46-06:00</auditDate><auditID>ADMIN</auditID><auditStatus>A</auditStatus></auditModel><standardChoiceName>PART_CALCULATE_TYPE</standardChoiceName><standardChoiceValueI18NModels/><value>Weighted Average</value></standardChoiceValue></standardChoiceValueModels><type>SystemSwitch</type><valueSize>0</valueSize></standardChoice>
<standardChoice refId="1@StandardChoiceModel"><name>PART_CONTACT_FLAG</name><serviceProviderCode>BPTDEV</serviceProviderCode><auditModel><auditDate>2013-05-16T08:30:57-06:00</auditDate><auditID>1</auditID><auditStatus>A</auditStatus></auditModel><standardChoiceValueModels/><type>SystemSwitch</type><valueSize>0</valueSize></standardChoice>
<standardChoice refId="1@StandardChoiceModel"><name>PART_CONTACT_TYPE</name><serviceProviderCode>BPTDEV</serviceProviderCode><auditModel><auditDate>2013-05-16T08:55:41-06:00</auditDate><auditID>ADMIN</auditID><auditStatus>A</auditStatus></auditModel><standardChoiceValueModels><standardChoiceValue refId="2@StandardChoiceValueModel"><sequenceNBR>104592575</sequenceNBR><serviceProviderCode>BPTDEV</serviceProviderCode><auditModel><auditDate>2013-05-16T08:55:41-06:00</auditDate><auditID>ADMIN</auditID><auditStatus>A</auditStatus></auditModel><standardChoiceName>PART_CONTACT_TYPE</standardChoiceName><standardChoiceValueI18NModels/><value>Shipping Clerk</value></standardChoiceValue><standardChoiceValue refId="3@StandardChoiceValueModel"><sequenceNBR>104592576</sequenceNBR><serviceProviderCode>BPTDEV</serviceProviderCode><auditModel><auditDate>2013-05-16T08:55:41-06:00</auditDate><auditID>ADMIN</auditID><auditStatus>A</auditStatus></auditModel><standardChoiceName>PART_CONTACT_TYPE</standardChoiceName><standardChoiceValueI18NModels/><value>Order Clerk</value></standardChoiceValue></standardChoiceValueModels><type>SystemSwitch</type><valueSize>0</valueSize></standardChoice>
<standardChoice refId="1@StandardChoiceModel"><name>PART_LOCATION_TYPE</name><serviceProviderCode>BPTDEV</serviceProviderCode><auditModel><auditDate>2013-05-16T07:57:34-06:00</auditDate><auditID>1</auditID><auditStatus>A</auditStatus></auditModel><standardChoiceValueModels><standardChoiceValue refId="2@StandardChoiceValueModel"><sequenceNBR>104592577</sequenceNBR><serviceProviderCode>BPTDEV</serviceProviderCode><auditModel><auditDate>2013-05-16T07:57:43-06:00</auditDate><auditID>ADMIN</auditID><auditStatus>A</auditStatus></auditModel><standardChoiceName>PART_LOCATION_TYPE</standardChoiceName><standardChoiceValueI18NModels/><value>Warehouse</value></standardChoiceValue><standardChoiceValue refId="3@StandardChoiceValueModel"><sequenceNBR>104592578</sequenceNBR><serviceProviderCode>BPTDEV</serviceProviderCode><auditModel><auditDate>2013-05-16T07:57:56-06:00</auditDate><auditID>ADMIN</auditID><auditStatus>A</auditStatus></auditModel><standardChoiceName>PART_LOCATION_TYPE</standardChoiceName><standardChoiceValueI18NModels/><value>Truck</value></standardChoiceValue><standardChoiceValue refId="4@StandardChoiceValueModel"><sequenceNBR>104592579</sequenceNBR><serviceProviderCode>BPTDEV</serviceProviderCode><auditModel><auditDate>2013-05-16T07:58:05-06:00</auditDate><auditID>ADMIN</auditID><auditStatus>A</auditStatus></auditModel><standardChoiceName>PART_LOCATION_TYPE</standardChoiceName><standardChoiceValueI18NModels/><value>Storeroom</value></standardChoiceValue></standardChoiceValueModels><type>SystemSwitch</type><valueSize>0</valueSize></standardChoice>
<standardChoice refId="1@StandardChoiceModel"><name>PART_TYPE</name><serviceProviderCode>BPTDEV</serviceProviderCode><auditModel><auditDate>2014-02-27T16:13:11-07:00</auditDate><auditID>ADMIN</auditID><auditStatus>A</auditStatus></auditModel><standardChoiceValueModels><standardChoiceValue refId="2@StandardChoiceValueModel"><sequenceNBR>104592569</sequenceNBR><serviceProviderCode>BPTDEV</serviceProviderCode><auditModel><auditDate>2014-02-27T16:13:11-07:00</auditDate><auditID>ADMIN</auditID><auditStatus>A</auditStatus></auditModel><standardChoiceName>PART_TYPE</standardChoiceName><standardChoiceValueI18NModels/><value>Filter</value></standardChoiceValue><standardChoiceValue refId="3@StandardChoiceValueModel"><sequenceNBR>104594654</sequenceNBR><serviceProviderCode>BPTDEV</serviceProviderCode><auditModel><auditDate>2014-02-27T16:13:11-07:00</auditDate><auditID>ADMIN</auditID><auditStatus>A</auditStatus></auditModel><standardChoiceName>PART_TYPE</standardChoiceName><standardChoiceValueI18NModels/><value>Cover</value></standardChoiceValue><standardChoiceValue refId="4@StandardChoiceValueModel"><sequenceNBR>104594655</sequenceNBR><serviceProviderCode>BPTDEV</serviceProviderCode><auditModel><auditDate>2014-02-27T16:13:11-07:00</auditDate><auditID>ADMIN</auditID><auditStatus>A</auditStatus></auditModel><standardChoiceName>PART_TYPE</standardChoiceName><standardChoiceValueI18NModels/><value>Post</value></standardChoiceValue></standardChoiceValueModels><type>ShareDropDown</type><valueSize>0</valueSize></standardChoice>
<standardChoice refId="1@StandardChoiceModel"><name>PART_UNIT_OF_MEASURE</name><serviceProviderCode>BPTDEV</serviceProviderCode><auditModel><auditDate>2013-05-16T07:58:23-06:00</auditDate><auditID>1</auditID><auditStatus>A</auditStatus></auditModel><standardChoiceValueModels><standardChoiceValue refId="2@StandardChoiceValueModel"><sequenceNBR>104592580</sequenceNBR><serviceProviderCode>BPTDEV</serviceProviderCode><auditModel><auditDate>2013-05-16T07:58:32-06:00</auditDate><auditID>ADMIN</auditID><auditStatus>A</auditStatus></auditModel><standardChoiceName>PART_UNIT_OF_MEASURE</standardChoiceName><standardChoiceValueI18NModels/><value>Each</value></standardChoiceValue><standardChoiceValue refId="3@StandardChoiceValueModel"><sequenceNBR>104592581</sequenceNBR><serviceProviderCode>BPTDEV</serviceProviderCode><auditModel><auditDate>2013-05-16T07:58:41-06:00</auditDate><auditID>ADMIN</auditID><auditStatus>A</auditStatus></auditModel><standardChoiceName>PART_UNIT_OF_MEASURE</standardChoiceName><standardChoiceValueI18NModels/><value>Linear Feet</value></standardChoiceValue><standardChoiceValue refId="4@StandardChoiceValueModel"><sequenceNBR>104592582</sequenceNBR><serviceProviderCode>BPTDEV</serviceProviderCode><auditModel><auditDate>2013-05-16T07:58:51-06:00</auditDate><auditID>ADMIN</auditID><auditStatus>A</auditStatus></auditModel><standardChoiceName>PART_UNIT_OF_MEASURE</standardChoiceName><standardChoiceValueI18NModels/><value>Square Feet</value></standardChoiceValue><standardChoiceValue refId="5@StandardChoiceValueModel"><sequenceNBR>104592583</sequenceNBR><serviceProviderCode>BPTDEV</serviceProviderCode><auditModel><auditDate>2013-05-16T07:59:00-06:00</auditDate><auditID>ADMIN</auditID><auditStatus>A</auditStatus></auditModel><standardChoiceName>PART_UNIT_OF_MEASURE</standardChoiceName><standardChoiceValueI18NModels/><value>Cubic Feet</value></standardChoiceValue></standardChoiceValueModels><type>SystemSwitch</type><valueSize>0</valueSize></standardChoice>
<standardChoice refId="1@StandardChoiceModel"><name>PART_STATUS</name><serviceProviderCode>BPTDEV</serviceProviderCode><auditModel><auditDate>2013-05-16T07:39:30-06:00</auditDate><auditID>1</auditID><auditStatus>A</auditStatus></auditModel><standardChoiceValueModels><standardChoiceValue refId="2@StandardChoiceValueModel"><sequenceNBR>104592570</sequenceNBR><serviceProviderCode>BPTDEV</serviceProviderCode><auditModel><auditDate>2013-05-16T07:39:45-06:00</auditDate><auditID>ADMIN</auditID><auditStatus>A</auditStatus></auditModel><standardChoiceName>PART_STATUS</standardChoiceName><standardChoiceValueI18NModels/><value>Active</value></standardChoiceValue><standardChoiceValue refId="3@StandardChoiceValueModel"><sequenceNBR>104592586</sequenceNBR><serviceProviderCode>BPTDEV</serviceProviderCode><auditModel><auditDate>2013-05-16T09:27:26-06:00</auditDate><auditID>ADMIN</auditID><auditStatus>A</auditStatus></auditModel><standardChoiceName>PART_STATUS</standardChoiceName><standardChoiceValueI18NModels/><value>Inactive</value></standardChoiceValue></standardChoiceValueModels><type>SystemSwitch</type><valueSize>0</valueSize></standardChoice>
</list>