<?xml version="1.0" encoding="UTF-8" standalone="yes"?>
<list  version="8.0.0" minorVersion="15" exportUser="ADMIN" exportDateTime="03/30/2016 08:01 PM" description="null"><workflow><parentProcessID>0</parentProcessID><serviceProviderCode>BPTDEV</serviceProviderCode><stepNumber>0</stepNumber><workflowName>AAM_GENERAL</workflowName><isSubProcessSelected>Y</isSubProcessSelected><processCode>AAM_GENERAL</processCode><refProcessRelationI18NModels/><recDate>2014-06-16T13:43:08-06:00</recDate><recFulNam>Accela Administrator</recFulNam><recStatus>A</recStatus><relationSeqId>72</relationSeqId><resId>172</resId><subProcessModels/><taskActivation>I</taskActivation></workflow>
<workflow><parentProcessID>0</parentProcessID><serviceProviderCode>BPTDEV</serviceProviderCode><stepNumber>0</stepNumber><workflowName>NONE</workflowName><isSubProcessSelected>Y</isSubProcessSelected><processCode>NONE</processCode><refProcessRelationI18NModels/><recDate>2011-12-12T18:33:09-07:00</recDate><recFulNam>ADMIN</recFulNam><recStatus>A</recStatus><relationSeqId>12</relationSeqId><subProcessModels/></workflow>
</list>