<?xml version="1.0" encoding="UTF-8" standalone="yes"?>
<list  version="8.0.0" minorVersion="21" exportUser="ADMIN" exportDateTime="07/28/2016 05:28 AM" description="null"><applicationStatusGroup><appStatusGroupCode>BLD_GENERAL</appStatusGroupCode><serviceProviderCode>MUNI1</serviceProviderCode><appStatusGroupModels><appStatusGroupModel refId="1@AppStatusGroupModel"><serviceProviderCode>MUNI1</serviceProviderCode><appStatusGroupCode>BLD_GENERAL</appStatusGroupCode><status>CofO Issued</status><appStatusGroupI18Ns/><auditModel><auditDate>2013-03-27T08:18:40-07:00</auditDate><auditID>ADMIN</auditID><auditStatus>A</auditStatus></auditModel><statusType>COMPLETE</statusType></appStatusGroupModel><appStatusGroupModel refId="2@AppStatusGroupModel"><serviceProviderCode>MUNI1</serviceProviderCode><appStatusGroupCode>BLD_GENERAL</appStatusGroupCode><status>Expired</status><appStatusGroupI18Ns/><auditModel><auditDate>2013-05-07T16:21:32-07:00</auditDate><auditID>ADMIN</auditID><auditStatus>A</auditStatus></auditModel><statusType>CLOSED</statusType></appStatusGroupModel><appStatusGroupModel refId="3@AppStatusGroupModel"><serviceProviderCode>MUNI1</serviceProviderCode><appStatusGroupCode>BLD_GENERAL</appStatusGroupCode><status>Finaled</status><appStatusGroupI18Ns/><auditModel><auditDate>2013-03-27T08:18:56-07:00</auditDate><auditID>ADMIN</auditID><auditStatus>A</auditStatus></auditModel><statusType>COMPLETE</statusType></appStatusGroupModel><appStatusGroupModel refId="4@AppStatusGroupModel"><serviceProviderCode>MUNI1</serviceProviderCode><appStatusGroupCode>BLD_GENERAL</appStatusGroupCode><status>Inspection Phase</status><appStatusGroupI18Ns/><auditModel><auditDate>2013-03-27T08:19:10-07:00</auditDate><auditID>ADMIN</auditID><auditStatus>A</auditStatus></auditModel><statusType>OPEN</statusType></appStatusGroupModel><appStatusGroupModel refId="5@AppStatusGroupModel"><serviceProviderCode>MUNI1</serviceProviderCode><appStatusGroupCode>BLD_GENERAL</appStatusGroupCode><status>Issued</status><appStatusGroupI18Ns/><auditModel><auditDate>2013-03-27T08:19:27-07:00</auditDate><auditID>ADMIN</auditID><auditStatus>A</auditStatus></auditModel><statusType>OPEN</statusType></appStatusGroupModel><appStatusGroupModel refId="6@AppStatusGroupModel"><serviceProviderCode>MUNI1</serviceProviderCode><appStatusGroupCode>BLD_GENERAL</appStatusGroupCode><status>Pending</status><appStatusGroupI18Ns/><auditModel><auditDate>2013-03-14T08:27:07-07:00</auditDate><auditID>ADMIN</auditID><auditStatus>A</auditStatus></auditModel><statusType>OPEN</statusType></appStatusGroupModel><appStatusGroupModel refId="7@AppStatusGroupModel"><serviceProviderCode>MUNI1</serviceProviderCode><appStatusGroupCode>BLD_GENERAL</appStatusGroupCode><status>Plan Review</status><appStatusGroupI18Ns/><auditModel><auditDate>2013-03-27T08:19:32-07:00</auditDate><auditID>ADMIN</auditID><auditStatus>A</auditStatus></auditModel><statusType>OPEN</statusType></appStatusGroupModel><appStatusGroupModel refId="8@AppStatusGroupModel"><serviceProviderCode>MUNI1</serviceProviderCode><appStatusGroupCode>BLD_GENERAL</appStatusGroupCode><status>Ready to Issue</status><appStatusGroupI18Ns/><auditModel><auditDate>2013-03-27T08:19:40-07:00</auditDate><auditID>ADMIN</auditID><auditStatus>A</auditStatus></auditModel><statusType>OPEN</statusType></appStatusGroupModel><appStatusGroupModel refId="9@AppStatusGroupModel"><serviceProviderCode>MUNI1</serviceProviderCode><appStatusGroupCode>BLD_GENERAL</appStatusGroupCode><status>Revisions Required</status><appStatusGroupI18Ns/><auditModel><auditDate>2013-03-27T08:19:47-07:00</auditDate><auditID>ADMIN</auditID><auditStatus>A</auditStatus></auditModel><statusType>OPEN</statusType></appStatusGroupModel><appStatusGroupModel refId="10@AppStatusGroupModel"><serviceProviderCode>MUNI1</serviceProviderCode><appStatusGroupCode>BLD_GENERAL</appStatusGroupCode><status>Revoked</status><appStatusGroupI18Ns/><auditModel><auditDate>2013-03-27T08:20:07-07:00</auditDate><auditID>ADMIN</auditID><auditStatus>A</auditStatus></auditModel><statusType>CLOSED</statusType></appStatusGroupModel><appStatusGroupModel refId="11@AppStatusGroupModel"><serviceProviderCode>MUNI1</serviceProviderCode><appStatusGroupCode>BLD_GENERAL</appStatusGroupCode><status>Stop Work</status><appStatusGroupI18Ns/><auditModel><auditDate>2013-04-04T17:46:41-07:00</auditDate><auditID>ADMIN</auditID><auditStatus>A</auditStatus></auditModel><statusType>INCOMPLETE</statusType></appStatusGroupModel><appStatusGroupModel refId="12@AppStatusGroupModel"><serviceProviderCode>MUNI1</serviceProviderCode><appStatusGroupCode>BLD_GENERAL</appStatusGroupCode><status>Submitted</status><appStatusGroupI18Ns/><auditModel><auditDate>2013-03-27T08:23:37-07:00</auditDate><auditID>ADMIN</auditID><auditStatus>A</auditStatus></auditModel><statusType>OPEN</statusType></appStatusGroupModel><appStatusGroupModel refId="13@AppStatusGroupModel"><serviceProviderCode>MUNI1</serviceProviderCode><appStatusGroupCode>BLD_GENERAL</appStatusGroupCode><status>TCO Issued</status><appStatusGroupI18Ns/><auditModel><auditDate>2013-03-27T08:23:48-07:00</auditDate><auditID>ADMIN</auditID><auditStatus>A</auditStatus></auditModel><statusType>OPEN</statusType></appStatusGroupModel><appStatusGroupModel refId="14@AppStatusGroupModel"><serviceProviderCode>MUNI1</serviceProviderCode><appStatusGroupCode>BLD_GENERAL</appStatusGroupCode><status>Void</status><appStatusGroupI18Ns/><auditModel><auditDate>2013-03-27T08:24:01-07:00</auditDate><auditID>ADMIN</auditID><auditStatus>A</auditStatus></auditModel><statusType>CLOSED</statusType></appStatusGroupModel><appStatusGroupModel refId="15@AppStatusGroupModel"><serviceProviderCode>MUNI1</serviceProviderCode><appStatusGroupCode>BLD_GENERAL</appStatusGroupCode><status>Withdrawn</status><appStatusGroupI18Ns/><auditModel><auditDate>2013-03-27T08:24:12-07:00</auditDate><auditID>ADMIN</auditID><auditStatus>A</auditStatus></auditModel><statusType>CLOSED</statusType></appStatusGroupModel></appStatusGroupModels></applicationStatusGroup>
</list>