<?xml version="1.0" encoding="UTF-8" standalone="yes"?>
<list  version="8.0.0" minorVersion="21" exportUser="ADMIN" exportDateTime="07/28/2016 05:28 AM" description="null"><asiGroup><appSpecInfoGroupCode>BLD_FENCE</appSpecInfoGroupCode><r1CheckboxGroup>APPLICATION</r1CheckboxGroup><serviceProviderCode>MUNI1</serviceProviderCode><asiModels><asiModel><r1CheckboxCode>BLD_FENCE</r1CheckboxCode><r1CheckboxDesc>Corner Lot</r1CheckboxDesc><r1CheckboxGroup>APPLICATION</r1CheckboxGroup><r1CheckboxType>FENCE INFORMATION</r1CheckboxType><servProvCode>MUNI1</servProvCode><asiDropdownModels/><displayLength>0</displayLength><locationQueryFlag>N</locationQueryFlag><maxLength>0</maxLength><r1AttributeValueReqFlag>Y</r1AttributeValueReqFlag><r1CheckboxDescAlt>Is this a corner lot?</r1CheckboxDescAlt><r1CheckboxInd>3</r1CheckboxInd><r1DisplayOrder>130</r1DisplayOrder><r1GroupDisplayOrder>10</r1GroupDisplayOrder><r1ReqFeeCalc>N</r1ReqFeeCalc><r1SearchableFlag>N</r1SearchableFlag><r1SearchableForAca>N</r1SearchableForAca><r1SupervisorEditOnlyFlag>N</r1SupervisorEditOnlyFlag><recDate>2015-04-16T10:11:56-07:00</recDate><recFulNam>ADMIN</recFulNam><recStatus>A</recStatus><vchDispFlag>Y</vchDispFlag></asiModel><asiModel><r1CheckboxCode>BLD_FENCE</r1CheckboxCode><r1CheckboxDesc>Fence Height (FT) - Front</r1CheckboxDesc><r1CheckboxGroup>APPLICATION</r1CheckboxGroup><r1CheckboxType>FENCE INFORMATION</r1CheckboxType><servProvCode>MUNI1</servProvCode><asiDropdownModels/><displayLength>0</displayLength><locationQueryFlag>N</locationQueryFlag><maxLength>0</maxLength><r1AttributeValueReqFlag>N</r1AttributeValueReqFlag><r1CheckboxInd>4</r1CheckboxInd><r1DisplayOrder>90</r1DisplayOrder><r1GroupDisplayOrder>10</r1GroupDisplayOrder><r1ReqFeeCalc>N</r1ReqFeeCalc><r1SearchableFlag>N</r1SearchableFlag><r1SearchableForAca>N</r1SearchableForAca><r1SupervisorEditOnlyFlag>N</r1SupervisorEditOnlyFlag><recDate>2015-04-16T10:11:56-07:00</recDate><recFulNam>ADMIN</recFulNam><recStatus>A</recStatus><vchDispFlag>Y</vchDispFlag></asiModel><asiModel><r1CheckboxCode>BLD_FENCE</r1CheckboxCode><r1CheckboxDesc>Fence Height (FT) - Rear</r1CheckboxDesc><r1CheckboxGroup>APPLICATION</r1CheckboxGroup><r1CheckboxType>FENCE INFORMATION</r1CheckboxType><servProvCode>MUNI1</servProvCode><asiDropdownModels/><displayLength>0</displayLength><locationQueryFlag>N</locationQueryFlag><maxLength>0</maxLength><r1AttributeValueReqFlag>N</r1AttributeValueReqFlag><r1CheckboxInd>4</r1CheckboxInd><r1DisplayOrder>100</r1DisplayOrder><r1GroupDisplayOrder>10</r1GroupDisplayOrder><r1ReqFeeCalc>N</r1ReqFeeCalc><r1SearchableFlag>N</r1SearchableFlag><r1SearchableForAca>N</r1SearchableForAca><r1SupervisorEditOnlyFlag>N</r1SupervisorEditOnlyFlag><recDate>2015-04-16T10:11:56-07:00</recDate><recFulNam>ADMIN</recFulNam><recStatus>A</recStatus><vchDispFlag>Y</vchDispFlag></asiModel><asiModel><r1CheckboxCode>BLD_FENCE</r1CheckboxCode><r1CheckboxDesc>Fence Height (FT) - Side1</r1CheckboxDesc><r1CheckboxGroup>APPLICATION</r1CheckboxGroup><r1CheckboxType>FENCE INFORMATION</r1CheckboxType><servProvCode>MUNI1</servProvCode><asiDropdownModels/><displayLength>0</displayLength><locationQueryFlag>N</locationQueryFlag><maxLength>0</maxLength><r1AttributeValueReqFlag>N</r1AttributeValueReqFlag><r1CheckboxInd>4</r1CheckboxInd><r1DisplayOrder>110</r1DisplayOrder><r1GroupDisplayOrder>10</r1GroupDisplayOrder><r1ReqFeeCalc>N</r1ReqFeeCalc><r1SearchableFlag>N</r1SearchableFlag><r1SearchableForAca>N</r1SearchableForAca><r1SupervisorEditOnlyFlag>N</r1SupervisorEditOnlyFlag><recDate>2015-04-16T10:11:56-07:00</recDate><recFulNam>ADMIN</recFulNam><recStatus>A</recStatus><vchDispFlag>Y</vchDispFlag></asiModel><asiModel><r1CheckboxCode>BLD_FENCE</r1CheckboxCode><r1CheckboxDesc>Fence Height (FT) - Side2</r1CheckboxDesc><r1CheckboxGroup>APPLICATION</r1CheckboxGroup><r1CheckboxType>FENCE INFORMATION</r1CheckboxType><servProvCode>MUNI1</servProvCode><asiDropdownModels/><displayLength>0</displayLength><locationQueryFlag>N</locationQueryFlag><maxLength>0</maxLength><r1AttributeValueReqFlag>N</r1AttributeValueReqFlag><r1CheckboxInd>4</r1CheckboxInd><r1DisplayOrder>120</r1DisplayOrder><r1GroupDisplayOrder>10</r1GroupDisplayOrder><r1ReqFeeCalc>N</r1ReqFeeCalc><r1SearchableFlag>N</r1SearchableFlag><r1SearchableForAca>N</r1SearchableForAca><r1SupervisorEditOnlyFlag>N</r1SupervisorEditOnlyFlag><recDate>2015-04-16T10:11:56-07:00</recDate><recFulNam>ADMIN</recFulNam><recStatus>A</recStatus><vchDispFlag>Y</vchDispFlag></asiModel><asiModel><r1CheckboxCode>BLD_FENCE</r1CheckboxCode><r1CheckboxDesc>Fence Location</r1CheckboxDesc><r1CheckboxGroup>APPLICATION</r1CheckboxGroup><r1CheckboxType>FENCE INFORMATION</r1CheckboxType><servProvCode>MUNI1</servProvCode><asiDropdownModels/><displayLength>0</displayLength><locationQueryFlag>N</locationQueryFlag><maxLength>0</maxLength><r1AttributeValueReqFlag>Y</r1AttributeValueReqFlag><r1CheckboxDescAlt>Describe where the fence will be located on the lot.</r1CheckboxDescAlt><r1CheckboxInd>6</r1CheckboxInd><r1DisplayOrder>80</r1DisplayOrder><r1GroupDisplayOrder>10</r1GroupDisplayOrder><r1ReqFeeCalc>N</r1ReqFeeCalc><r1SearchableFlag>N</r1SearchableFlag><r1SearchableForAca>N</r1SearchableForAca><r1SupervisorEditOnlyFlag>N</r1SupervisorEditOnlyFlag><recDate>2015-04-16T10:11:56-07:00</recDate><recFulNam>ADMIN</recFulNam><recStatus>A</recStatus><vchDispFlag>Y</vchDispFlag></asiModel><asiModel><r1CheckboxCode>BLD_FENCE</r1CheckboxCode><r1CheckboxDesc>Fence Material</r1CheckboxDesc><r1CheckboxGroup>APPLICATION</r1CheckboxGroup><r1CheckboxType>FENCE INFORMATION</r1CheckboxType><servProvCode>MUNI1</servProvCode><asiDropdownModels/><displayLength>0</displayLength><locationQueryFlag>N</locationQueryFlag><maxLength>0</maxLength><r1AttributeValueReqFlag>Y</r1AttributeValueReqFlag><r1CheckboxInd>5</r1CheckboxInd><r1DisplayOrder>30</r1DisplayOrder><r1GroupDisplayOrder>10</r1GroupDisplayOrder><r1ReqFeeCalc>N</r1ReqFeeCalc><r1SearchableFlag>N</r1SearchableFlag><r1SearchableForAca>N</r1SearchableForAca><r1SupervisorEditOnlyFlag>N</r1SupervisorEditOnlyFlag><recDate>2015-04-16T10:11:56-07:00</recDate><recFulNam>ADMIN</recFulNam><recStatus>A</recStatus><vchDispFlag>Y</vchDispFlag></asiModel><asiModel><r1CheckboxCode>BLD_FENCE</r1CheckboxCode><r1CheckboxDesc>Fence Type</r1CheckboxDesc><r1CheckboxGroup>APPLICATION</r1CheckboxGroup><r1CheckboxType>FENCE INFORMATION</r1CheckboxType><servProvCode>MUNI1</servProvCode><asiDropdownModels/><displayLength>0</displayLength><locationQueryFlag>N</locationQueryFlag><maxLength>0</maxLength><r1AttributeValueReqFlag>Y</r1AttributeValueReqFlag><r1CheckboxInd>5</r1CheckboxInd><r1DisplayOrder>50</r1DisplayOrder><r1GroupDisplayOrder>10</r1GroupDisplayOrder><r1ReqFeeCalc>N</r1ReqFeeCalc><r1SearchableFlag>N</r1SearchableFlag><r1SearchableForAca>N</r1SearchableForAca><r1SupervisorEditOnlyFlag>N</r1SupervisorEditOnlyFlag><recDate>2015-04-16T10:11:56-07:00</recDate><recFulNam>ADMIN</recFulNam><recStatus>A</recStatus><vchDispFlag>Y</vchDispFlag></asiModel><asiModel><r1CheckboxCode>BLD_FENCE</r1CheckboxCode><r1CheckboxDesc>Job Cost</r1CheckboxDesc><r1CheckboxGroup>APPLICATION</r1CheckboxGroup><r1CheckboxType>FENCE INFORMATION</r1CheckboxType><servProvCode>MUNI1</servProvCode><asiDropdownModels/><displayLength>0</displayLength><locationQueryFlag>N</locationQueryFlag><maxLength>0</maxLength><r1AttributeValueReqFlag>Y</r1AttributeValueReqFlag><r1CheckboxInd>8</r1CheckboxInd><r1DisplayOrder>70</r1DisplayOrder><r1GroupDisplayOrder>10</r1GroupDisplayOrder><r1ReqFeeCalc>N</r1ReqFeeCalc><r1SearchableFlag>N</r1SearchableFlag><r1SearchableForAca>N</r1SearchableForAca><r1SupervisorEditOnlyFlag>N</r1SupervisorEditOnlyFlag><recDate>2015-04-16T10:11:56-07:00</recDate><recFulNam>ADMIN</recFulNam><recStatus>A</recStatus><vchDispFlag>Y</vchDispFlag></asiModel><asiModel><r1CheckboxCode>BLD_FENCE</r1CheckboxCode><r1CheckboxDesc>Other Fence Material</r1CheckboxDesc><r1CheckboxGroup>APPLICATION</r1CheckboxGroup><r1CheckboxType>FENCE INFORMATION</r1CheckboxType><servProvCode>MUNI1</servProvCode><asiDropdownModels/><displayLength>0</displayLength><locationQueryFlag>N</locationQueryFlag><maxLength>0</maxLength><r1AttributeValueReqFlag>N</r1AttributeValueReqFlag><r1CheckboxDescAlt>If you selected Other, please describe the fence material here</r1CheckboxDescAlt><r1CheckboxInd>1</r1CheckboxInd><r1DisplayOrder>40</r1DisplayOrder><r1GroupDisplayOrder>10</r1GroupDisplayOrder><r1ReqFeeCalc>N</r1ReqFeeCalc><r1SearchableFlag>N</r1SearchableFlag><r1SearchableForAca>N</r1SearchableForAca><r1SupervisorEditOnlyFlag>N</r1SupervisorEditOnlyFlag><recDate>2015-04-16T10:11:56-07:00</recDate><recFulNam>ADMIN</recFulNam><recStatus>A</recStatus><vchDispFlag>Y</vchDispFlag></asiModel><asiModel><r1CheckboxCode>BLD_FENCE</r1CheckboxCode><r1CheckboxDesc>Other Fence Type</r1CheckboxDesc><r1CheckboxGroup>APPLICATION</r1CheckboxGroup><r1CheckboxType>FENCE INFORMATION</r1CheckboxType><servProvCode>MUNI1</servProvCode><asiDropdownModels/><displayLength>0</displayLength><locationQueryFlag>N</locationQueryFlag><maxLength>0</maxLength><r1AttributeValueReqFlag>N</r1AttributeValueReqFlag><r1CheckboxDescAlt>If you selected Other, please describe the fence type here</r1CheckboxDescAlt><r1CheckboxInd>1</r1CheckboxInd><r1DisplayOrder>60</r1DisplayOrder><r1GroupDisplayOrder>10</r1GroupDisplayOrder><r1ReqFeeCalc>N</r1ReqFeeCalc><r1SearchableFlag>N</r1SearchableFlag><r1SearchableForAca>N</r1SearchableForAca><r1SupervisorEditOnlyFlag>N</r1SupervisorEditOnlyFlag><recDate>2015-04-16T10:11:56-07:00</recDate><recFulNam>ADMIN</recFulNam><recStatus>A</recStatus><vchDispFlag>Y</vchDispFlag></asiModel><asiModel><r1CheckboxCode>BLD_FENCE</r1CheckboxCode><r1CheckboxDesc>Pool Enclosure</r1CheckboxDesc><r1CheckboxGroup>APPLICATION</r1CheckboxGroup><r1CheckboxType>FENCE INFORMATION</r1CheckboxType><servProvCode>MUNI1</servProvCode><asiDropdownModels/><displayLength>0</displayLength><locationQueryFlag>N</locationQueryFlag><maxLength>0</maxLength><r1AttributeValueReqFlag>Y</r1AttributeValueReqFlag><r1CheckboxDescAlt>Will this fence be used as a pool enclosure?</r1CheckboxDescAlt><r1CheckboxInd>3</r1CheckboxInd><r1DisplayOrder>140</r1DisplayOrder><r1GroupDisplayOrder>10</r1GroupDisplayOrder><r1ReqFeeCalc>N</r1ReqFeeCalc><r1SearchableFlag>N</r1SearchableFlag><r1SearchableForAca>N</r1SearchableForAca><r1SupervisorEditOnlyFlag>N</r1SupervisorEditOnlyFlag><recDate>2015-04-16T10:11:56-07:00</recDate><recFulNam>ADMIN</recFulNam><recStatus>A</recStatus><vchDispFlag>Y</vchDispFlag></asiModel><asiModel><r1CheckboxCode>BLD_FENCE</r1CheckboxCode><r1CheckboxDesc>Type of Use</r1CheckboxDesc><r1CheckboxGroup>APPLICATION</r1CheckboxGroup><r1CheckboxType>FENCE INFORMATION</r1CheckboxType><servProvCode>MUNI1</servProvCode><asiDropdownModels/><displayLength>0</displayLength><locationQueryFlag>N</locationQueryFlag><maxLength>0</maxLength><r1AttributeValueReqFlag>Y</r1AttributeValueReqFlag><r1CheckboxInd>5</r1CheckboxInd><r1DisplayOrder>20</r1DisplayOrder><r1GroupDisplayOrder>10</r1GroupDisplayOrder><r1ReqFeeCalc>N</r1ReqFeeCalc><r1SearchableFlag>N</r1SearchableFlag><r1SearchableForAca>N</r1SearchableForAca><r1SupervisorEditOnlyFlag>N</r1SupervisorEditOnlyFlag><recDate>2015-04-16T10:11:56-07:00</recDate><recFulNam>ADMIN</recFulNam><recStatus>A</recStatus><vchDispFlag>Y</vchDispFlag></asiModel><asiModel><r1CheckboxCode>BLD_FENCE</r1CheckboxCode><r1CheckboxDesc>Type of Work</r1CheckboxDesc><r1CheckboxGroup>APPLICATION</r1CheckboxGroup><r1CheckboxType>FENCE INFORMATION</r1CheckboxType><servProvCode>MUNI1</servProvCode><asiDropdownModels/><displayLength>0</displayLength><locationQueryFlag>N</locationQueryFlag><maxLength>0</maxLength><r1AttributeValueReqFlag>Y</r1AttributeValueReqFlag><r1CheckboxInd>5</r1CheckboxInd><r1DisplayOrder>10</r1DisplayOrder><r1GroupDisplayOrder>10</r1GroupDisplayOrder><r1ReqFeeCalc>N</r1ReqFeeCalc><r1SearchableFlag>N</r1SearchableFlag><r1SearchableForAca>N</r1SearchableForAca><r1SupervisorEditOnlyFlag>N</r1SupervisorEditOnlyFlag><recDate>2015-04-16T10:11:56-07:00</recDate><recFulNam>ADMIN</recFulNam><recStatus>A</recStatus><vchDispFlag>Y</vchDispFlag></asiModel><asiModel><r1CheckboxCode>BLD_FENCE</r1CheckboxCode><r1CheckboxDesc>Application Expiration Date</r1CheckboxDesc><r1CheckboxGroup>APPLICATION</r1CheckboxGroup><r1CheckboxType>PERMIT DATES</r1CheckboxType><servProvCode>MUNI1</servProvCode><asiDropdownModels/><displayLength>0</displayLength><maxLength>0</maxLength><r1AttributeValueReqFlag>N</r1AttributeValueReqFlag><r1CheckboxInd>2</r1CheckboxInd><r1DisplayOrder>20</r1DisplayOrder><r1GroupDisplayOrder>40</r1GroupDisplayOrder><r1ReqFeeCalc>N</r1ReqFeeCalc><r1SearchableFlag>Y</r1SearchableFlag><r1SearchableForAca>Y</r1SearchableForAca><r1SupervisorEditOnlyFlag>N</r1SupervisorEditOnlyFlag><recDate>2015-07-24T09:27:26-07:00</recDate><recFulNam>ADMIN</recFulNam><recStatus>A</recStatus><vchDispFlag>H</vchDispFlag></asiModel><asiModel><r1CheckboxCode>BLD_FENCE</r1CheckboxCode><r1CheckboxDesc>Permit Expiration Date</r1CheckboxDesc><r1CheckboxGroup>APPLICATION</r1CheckboxGroup><r1CheckboxType>PERMIT DATES</r1CheckboxType><servProvCode>MUNI1</servProvCode><asiDropdownModels/><displayLength>0</displayLength><maxLength>0</maxLength><r1AttributeValueReqFlag>N</r1AttributeValueReqFlag><r1CheckboxInd>2</r1CheckboxInd><r1DisplayOrder>30</r1DisplayOrder><r1GroupDisplayOrder>40</r1GroupDisplayOrder><r1ReqFeeCalc>N</r1ReqFeeCalc><r1SearchableFlag>Y</r1SearchableFlag><r1SearchableForAca>Y</r1SearchableForAca><r1SupervisorEditOnlyFlag>N</r1SupervisorEditOnlyFlag><recDate>2015-07-24T09:27:26-07:00</recDate><recFulNam>ADMIN</recFulNam><recStatus>A</recStatus><vchDispFlag>H</vchDispFlag></asiModel><asiModel><r1CheckboxCode>BLD_FENCE</r1CheckboxCode><r1CheckboxDesc>Permit Issued Date</r1CheckboxDesc><r1CheckboxGroup>APPLICATION</r1CheckboxGroup><r1CheckboxType>PERMIT DATES</r1CheckboxType><servProvCode>MUNI1</servProvCode><asiDropdownModels/><displayLength>0</displayLength><maxLength>0</maxLength><r1AttributeValueReqFlag>N</r1AttributeValueReqFlag><r1CheckboxInd>2</r1CheckboxInd><r1DisplayOrder>25</r1DisplayOrder><r1GroupDisplayOrder>40</r1GroupDisplayOrder><r1ReqFeeCalc>N</r1ReqFeeCalc><r1SearchableFlag>Y</r1SearchableFlag><r1SearchableForAca>Y</r1SearchableForAca><r1SupervisorEditOnlyFlag>N</r1SupervisorEditOnlyFlag><recDate>2015-07-24T09:27:26-07:00</recDate><recFulNam>ADMIN</recFulNam><recStatus>A</recStatus><vchDispFlag>H</vchDispFlag></asiModel></asiModels><asiSecurityModels/><fieldVariableMapping/><isASITSelected>Y</isASITSelected><isSecuritySelected>Y</isSecuritySelected><r1CheckboxType>FENCE INFORMATION</r1CheckboxType><sharedDropDownModels><sharedDropDownModel refId="1@SharedDropDownModel"><sequenceNbr>143</sequenceNbr><serviceProviderCode>MUNI1</serviceProviderCode><auditModel><auditDate>2014-06-10T09:38:21-07:00</auditDate><auditID>ADMIN</auditID><auditStatus>A</auditStatus></auditModel><level1>BLD_FENCE</level1><level2>FENCE INFORMATION</level2><level3>APPLICATION</level3><level4>Fence Material</level4><relationType>APPLICATION_SPECIFIC_INFO</relationType><standardChoiceName>BLD_FENCE_MATERIAL</standardChoiceName></sharedDropDownModel><sharedDropDownModel refId="2@SharedDropDownModel"><sequenceNbr>144</sequenceNbr><serviceProviderCode>MUNI1</serviceProviderCode><auditModel><auditDate>2014-06-10T09:44:21-07:00</auditDate><auditID>ADMIN</auditID><auditStatus>A</auditStatus></auditModel><level1>BLD_FENCE</level1><level2>FENCE INFORMATION</level2><level3>APPLICATION</level3><level4>Fence Type</level4><relationType>APPLICATION_SPECIFIC_INFO</relationType><standardChoiceName>BLD_FENCE_TYPE</standardChoiceName></sharedDropDownModel><sharedDropDownModel refId="3@SharedDropDownModel"><sequenceNbr>145</sequenceNbr><serviceProviderCode>MUNI1</serviceProviderCode><auditModel><auditDate>2014-06-10T09:35:27-07:00</auditDate><auditID>ADMIN</auditID><auditStatus>A</auditStatus></auditModel><level1>BLD_FENCE</level1><level2>FENCE INFORMATION</level2><level3>APPLICATION</level3><level4>Type of Use</level4><relationType>APPLICATION_SPECIFIC_INFO</relationType><standardChoiceName>BLD_TRADE_USE</standardChoiceName></sharedDropDownModel><sharedDropDownModel refId="4@SharedDropDownModel"><sequenceNbr>146</sequenceNbr><serviceProviderCode>MUNI1</serviceProviderCode><auditModel><auditDate>2014-06-10T09:43:43-07:00</auditDate><auditID>ADMIN</auditID><auditStatus>A</auditStatus></auditModel><level1>BLD_FENCE</level1><level2>FENCE INFORMATION</level2><level3>APPLICATION</level3><level4>Type of Work</level4><relationType>APPLICATION_SPECIFIC_INFO</relationType><standardChoiceName>BLD_FENCE_JOB_TYPE</standardChoiceName></sharedDropDownModel></sharedDropDownModels><templateLayoutConfigModels/></asiGroup>
<asiGroup><appSpecInfoGroupCode>BLD_GRADING</appSpecInfoGroupCode><r1CheckboxGroup>APPLICATION</r1CheckboxGroup><serviceProviderCode>MUNI1</serviceProviderCode><asiModels><asiModel><r1CheckboxCode>BLD_GRADING</r1CheckboxCode><r1CheckboxDesc>Cut Amount (CY)</r1CheckboxDesc><r1CheckboxGroup>APPLICATION</r1CheckboxGroup><r1CheckboxType>GRADING INFORMATION</r1CheckboxType><servProvCode>MUNI1</servProvCode><asiDropdownModels/><displayLength>0</displayLength><locationQueryFlag>N</locationQueryFlag><maxLength>0</maxLength><r1AttributeValueReqFlag>N</r1AttributeValueReqFlag><r1CheckboxInd>4</r1CheckboxInd><r1DisplayOrder>50</r1DisplayOrder><r1GroupDisplayOrder>10</r1GroupDisplayOrder><r1ReqFeeCalc>N</r1ReqFeeCalc><r1SearchableFlag>N</r1SearchableFlag><r1SearchableForAca>N</r1SearchableForAca><r1SupervisorEditOnlyFlag>N</r1SupervisorEditOnlyFlag><recDate>2015-04-16T10:13:46-07:00</recDate><recFulNam>ADMIN</recFulNam><recStatus>A</recStatus><vchDispFlag>Y</vchDispFlag></asiModel><asiModel><r1CheckboxCode>BLD_GRADING</r1CheckboxCode><r1CheckboxDesc>Disturbed Acreage</r1CheckboxDesc><r1CheckboxGroup>APPLICATION</r1CheckboxGroup><r1CheckboxType>GRADING INFORMATION</r1CheckboxType><servProvCode>MUNI1</servProvCode><asiDropdownModels/><displayLength>0</displayLength><locationQueryFlag>N</locationQueryFlag><maxLength>0</maxLength><r1AttributeValueReqFlag>N</r1AttributeValueReqFlag><r1CheckboxInd>4</r1CheckboxInd><r1DisplayOrder>40</r1DisplayOrder><r1GroupDisplayOrder>10</r1GroupDisplayOrder><r1ReqFeeCalc>N</r1ReqFeeCalc><r1SearchableFlag>N</r1SearchableFlag><r1SearchableForAca>N</r1SearchableForAca><r1SupervisorEditOnlyFlag>N</r1SupervisorEditOnlyFlag><recDate>2015-04-16T10:13:46-07:00</recDate><recFulNam>ADMIN</recFulNam><recStatus>A</recStatus><vchDispFlag>Y</vchDispFlag></asiModel><asiModel><r1CheckboxCode>BLD_GRADING</r1CheckboxCode><r1CheckboxDesc>Export Amount (CY)</r1CheckboxDesc><r1CheckboxGroup>APPLICATION</r1CheckboxGroup><r1CheckboxType>GRADING INFORMATION</r1CheckboxType><servProvCode>MUNI1</servProvCode><asiDropdownModels/><displayLength>0</displayLength><locationQueryFlag>N</locationQueryFlag><maxLength>0</maxLength><r1AttributeValueReqFlag>N</r1AttributeValueReqFlag><r1CheckboxInd>4</r1CheckboxInd><r1DisplayOrder>80</r1DisplayOrder><r1GroupDisplayOrder>10</r1GroupDisplayOrder><r1ReqFeeCalc>N</r1ReqFeeCalc><r1SearchableFlag>N</r1SearchableFlag><r1SearchableForAca>N</r1SearchableForAca><r1SupervisorEditOnlyFlag>N</r1SupervisorEditOnlyFlag><recDate>2015-04-16T10:13:46-07:00</recDate><recFulNam>ADMIN</recFulNam><recStatus>A</recStatus><vchDispFlag>Y</vchDispFlag></asiModel><asiModel><r1CheckboxCode>BLD_GRADING</r1CheckboxCode><r1CheckboxDesc>Fill Amount (CY)</r1CheckboxDesc><r1CheckboxGroup>APPLICATION</r1CheckboxGroup><r1CheckboxType>GRADING INFORMATION</r1CheckboxType><servProvCode>MUNI1</servProvCode><asiDropdownModels/><displayLength>0</displayLength><locationQueryFlag>N</locationQueryFlag><maxLength>0</maxLength><r1AttributeValueReqFlag>N</r1AttributeValueReqFlag><r1CheckboxInd>4</r1CheckboxInd><r1DisplayOrder>60</r1DisplayOrder><r1GroupDisplayOrder>10</r1GroupDisplayOrder><r1ReqFeeCalc>N</r1ReqFeeCalc><r1SearchableFlag>N</r1SearchableFlag><r1SearchableForAca>N</r1SearchableForAca><r1SupervisorEditOnlyFlag>N</r1SupervisorEditOnlyFlag><recDate>2015-04-16T10:13:46-07:00</recDate><recFulNam>ADMIN</recFulNam><recStatus>A</recStatus><vchDispFlag>Y</vchDispFlag></asiModel><asiModel><r1CheckboxCode>BLD_GRADING</r1CheckboxCode><r1CheckboxDesc>Import Amount (CY)</r1CheckboxDesc><r1CheckboxGroup>APPLICATION</r1CheckboxGroup><r1CheckboxType>GRADING INFORMATION</r1CheckboxType><servProvCode>MUNI1</servProvCode><asiDropdownModels/><displayLength>0</displayLength><locationQueryFlag>N</locationQueryFlag><maxLength>0</maxLength><r1AttributeValueReqFlag>N</r1AttributeValueReqFlag><r1CheckboxInd>4</r1CheckboxInd><r1DisplayOrder>70</r1DisplayOrder><r1GroupDisplayOrder>10</r1GroupDisplayOrder><r1ReqFeeCalc>N</r1ReqFeeCalc><r1SearchableFlag>N</r1SearchableFlag><r1SearchableForAca>N</r1SearchableForAca><r1SupervisorEditOnlyFlag>N</r1SupervisorEditOnlyFlag><recDate>2015-04-16T10:13:46-07:00</recDate><recFulNam>ADMIN</recFulNam><recStatus>A</recStatus><vchDispFlag>Y</vchDispFlag></asiModel><asiModel><r1CheckboxCode>BLD_GRADING</r1CheckboxCode><r1CheckboxDesc>Number of Lots</r1CheckboxDesc><r1CheckboxGroup>APPLICATION</r1CheckboxGroup><r1CheckboxType>GRADING INFORMATION</r1CheckboxType><servProvCode>MUNI1</servProvCode><asiDropdownModels/><displayLength>0</displayLength><locationQueryFlag>N</locationQueryFlag><maxLength>0</maxLength><r1AttributeValueReqFlag>N</r1AttributeValueReqFlag><r1CheckboxInd>4</r1CheckboxInd><r1DisplayOrder>20</r1DisplayOrder><r1GroupDisplayOrder>10</r1GroupDisplayOrder><r1ReqFeeCalc>N</r1ReqFeeCalc><r1SearchableFlag>N</r1SearchableFlag><r1SearchableForAca>N</r1SearchableForAca><r1SupervisorEditOnlyFlag>N</r1SupervisorEditOnlyFlag><recDate>2015-04-16T10:13:46-07:00</recDate><recFulNam>ADMIN</recFulNam><recStatus>A</recStatus><vchDispFlag>Y</vchDispFlag></asiModel><asiModel><r1CheckboxCode>BLD_GRADING</r1CheckboxCode><r1CheckboxDesc>Source of Import</r1CheckboxDesc><r1CheckboxGroup>APPLICATION</r1CheckboxGroup><r1CheckboxType>GRADING INFORMATION</r1CheckboxType><servProvCode>MUNI1</servProvCode><asiDropdownModels/><displayLength>0</displayLength><locationQueryFlag>N</locationQueryFlag><maxLength>0</maxLength><r1AttributeValueReqFlag>N</r1AttributeValueReqFlag><r1CheckboxInd>1</r1CheckboxInd><r1DisplayOrder>90</r1DisplayOrder><r1GroupDisplayOrder>10</r1GroupDisplayOrder><r1ReqFeeCalc>N</r1ReqFeeCalc><r1SearchableFlag>N</r1SearchableFlag><r1SearchableForAca>N</r1SearchableForAca><r1SupervisorEditOnlyFlag>N</r1SupervisorEditOnlyFlag><recDate>2015-04-16T10:13:46-07:00</recDate><recFulNam>ADMIN</recFulNam><recStatus>A</recStatus><vchDispFlag>Y</vchDispFlag></asiModel><asiModel><r1CheckboxCode>BLD_GRADING</r1CheckboxCode><r1CheckboxDesc>Total Acreage of Project</r1CheckboxDesc><r1CheckboxGroup>APPLICATION</r1CheckboxGroup><r1CheckboxType>GRADING INFORMATION</r1CheckboxType><servProvCode>MUNI1</servProvCode><asiDropdownModels/><displayLength>0</displayLength><locationQueryFlag>N</locationQueryFlag><maxLength>0</maxLength><r1AttributeValueReqFlag>N</r1AttributeValueReqFlag><r1CheckboxInd>4</r1CheckboxInd><r1DisplayOrder>30</r1DisplayOrder><r1GroupDisplayOrder>10</r1GroupDisplayOrder><r1ReqFeeCalc>N</r1ReqFeeCalc><r1SearchableFlag>N</r1SearchableFlag><r1SearchableForAca>N</r1SearchableForAca><r1SupervisorEditOnlyFlag>N</r1SupervisorEditOnlyFlag><recDate>2015-04-16T10:13:46-07:00</recDate><recFulNam>ADMIN</recFulNam><recStatus>A</recStatus><vchDispFlag>Y</vchDispFlag></asiModel><asiModel><r1CheckboxCode>BLD_GRADING</r1CheckboxCode><r1CheckboxDesc>Type of Project</r1CheckboxDesc><r1CheckboxGroup>APPLICATION</r1CheckboxGroup><r1CheckboxType>GRADING INFORMATION</r1CheckboxType><servProvCode>MUNI1</servProvCode><asiDropdownModels/><displayLength>0</displayLength><locationQueryFlag>N</locationQueryFlag><maxLength>0</maxLength><r1AttributeValueReqFlag>N</r1AttributeValueReqFlag><r1CheckboxInd>5</r1CheckboxInd><r1DisplayOrder>10</r1DisplayOrder><r1GroupDisplayOrder>10</r1GroupDisplayOrder><r1ReqFeeCalc>N</r1ReqFeeCalc><r1SearchableFlag>N</r1SearchableFlag><r1SearchableForAca>N</r1SearchableForAca><r1SupervisorEditOnlyFlag>N</r1SupervisorEditOnlyFlag><recDate>2015-04-16T10:13:46-07:00</recDate><recFulNam>ADMIN</recFulNam><recStatus>A</recStatus><vchDispFlag>Y</vchDispFlag></asiModel><asiModel><r1CheckboxCode>BLD_GRADING</r1CheckboxCode><r1CheckboxDesc>Application Expiration Date</r1CheckboxDesc><r1CheckboxGroup>APPLICATION</r1CheckboxGroup><r1CheckboxType>PERMIT DATES</r1CheckboxType><servProvCode>MUNI1</servProvCode><asiDropdownModels/><displayLength>0</displayLength><maxLength>0</maxLength><r1AttributeValueReqFlag>N</r1AttributeValueReqFlag><r1CheckboxInd>2</r1CheckboxInd><r1DisplayOrder>20</r1DisplayOrder><r1GroupDisplayOrder>20</r1GroupDisplayOrder><r1ReqFeeCalc>N</r1ReqFeeCalc><r1SearchableFlag>Y</r1SearchableFlag><r1SearchableForAca>Y</r1SearchableForAca><r1SupervisorEditOnlyFlag>N</r1SupervisorEditOnlyFlag><recDate>2015-07-24T09:27:26-07:00</recDate><recFulNam>ADMIN</recFulNam><recStatus>A</recStatus><vchDispFlag>H</vchDispFlag></asiModel><asiModel><r1CheckboxCode>BLD_GRADING</r1CheckboxCode><r1CheckboxDesc>Permit Expiration Date</r1CheckboxDesc><r1CheckboxGroup>APPLICATION</r1CheckboxGroup><r1CheckboxType>PERMIT DATES</r1CheckboxType><servProvCode>MUNI1</servProvCode><asiDropdownModels/><displayLength>0</displayLength><maxLength>0</maxLength><r1AttributeValueReqFlag>N</r1AttributeValueReqFlag><r1CheckboxInd>2</r1CheckboxInd><r1DisplayOrder>30</r1DisplayOrder><r1GroupDisplayOrder>20</r1GroupDisplayOrder><r1ReqFeeCalc>N</r1ReqFeeCalc><r1SearchableFlag>Y</r1SearchableFlag><r1SearchableForAca>Y</r1SearchableForAca><r1SupervisorEditOnlyFlag>N</r1SupervisorEditOnlyFlag><recDate>2015-07-24T09:27:26-07:00</recDate><recFulNam>ADMIN</recFulNam><recStatus>A</recStatus><vchDispFlag>H</vchDispFlag></asiModel><asiModel><r1CheckboxCode>BLD_GRADING</r1CheckboxCode><r1CheckboxDesc>Permit Issued Date</r1CheckboxDesc><r1CheckboxGroup>APPLICATION</r1CheckboxGroup><r1CheckboxType>PERMIT DATES</r1CheckboxType><servProvCode>MUNI1</servProvCode><asiDropdownModels/><displayLength>0</displayLength><maxLength>0</maxLength><r1AttributeValueReqFlag>N</r1AttributeValueReqFlag><r1CheckboxInd>2</r1CheckboxInd><r1DisplayOrder>25</r1DisplayOrder><r1GroupDisplayOrder>20</r1GroupDisplayOrder><r1ReqFeeCalc>N</r1ReqFeeCalc><r1SearchableFlag>Y</r1SearchableFlag><r1SearchableForAca>Y</r1SearchableForAca><r1SupervisorEditOnlyFlag>N</r1SupervisorEditOnlyFlag><recDate>2015-07-24T09:27:26-07:00</recDate><recFulNam>ADMIN</recFulNam><recStatus>A</recStatus><vchDispFlag>H</vchDispFlag></asiModel></asiModels><asiSecurityModels/><fieldVariableMapping/><isASITSelected>Y</isASITSelected><isSecuritySelected>Y</isSecuritySelected><r1CheckboxType>GRADING INFORMATION</r1CheckboxType><sharedDropDownModels><sharedDropDownModel refId="1@SharedDropDownModel"><sequenceNbr>147</sequenceNbr><serviceProviderCode>MUNI1</serviceProviderCode><auditModel><auditDate>2013-03-27T12:57:10-07:00</auditDate><auditID>ADMIN</auditID><auditStatus>A</auditStatus></auditModel><level1>BLD_GRADING</level1><level2>GRADING INFORMATION</level2><level3>APPLICATION</level3><level4>Type of Project</level4><relationType>APPLICATION_SPECIFIC_INFO</relationType><standardChoiceName>BLD_GRADING_PROJECT</standardChoiceName></sharedDropDownModel></sharedDropDownModels><templateLayoutConfigModels/></asiGroup>
<asiGroup><appSpecInfoGroupCode>BLD_ROW</appSpecInfoGroupCode><r1CheckboxGroup>APPLICATION</r1CheckboxGroup><serviceProviderCode>MUNI1</serviceProviderCode><asiModels><asiModel><r1CheckboxCode>BLD_ROW</r1CheckboxCode><r1CheckboxDesc>Application Expiration Date</r1CheckboxDesc><r1CheckboxGroup>APPLICATION</r1CheckboxGroup><r1CheckboxType>PERMIT DATES</r1CheckboxType><servProvCode>MUNI1</servProvCode><asiDropdownModels/><displayLength>0</displayLength><maxLength>0</maxLength><r1AttributeValueReqFlag>N</r1AttributeValueReqFlag><r1CheckboxInd>2</r1CheckboxInd><r1DisplayOrder>20</r1DisplayOrder><r1GroupDisplayOrder>30</r1GroupDisplayOrder><r1ReqFeeCalc>N</r1ReqFeeCalc><r1SearchableFlag>Y</r1SearchableFlag><r1SearchableForAca>Y</r1SearchableForAca><r1SupervisorEditOnlyFlag>N</r1SupervisorEditOnlyFlag><r1TableGroupName>BLD_ROW</r1TableGroupName><recDate>2015-07-24T09:27:26-07:00</recDate><recFulNam>ADMIN</recFulNam><recStatus>A</recStatus><vchDispFlag>H</vchDispFlag></asiModel><asiModel><r1CheckboxCode>BLD_ROW</r1CheckboxCode><r1CheckboxDesc>Permit Expiration Date</r1CheckboxDesc><r1CheckboxGroup>APPLICATION</r1CheckboxGroup><r1CheckboxType>PERMIT DATES</r1CheckboxType><servProvCode>MUNI1</servProvCode><asiDropdownModels/><displayLength>0</displayLength><maxLength>0</maxLength><r1AttributeValueReqFlag>N</r1AttributeValueReqFlag><r1CheckboxInd>2</r1CheckboxInd><r1DisplayOrder>30</r1DisplayOrder><r1GroupDisplayOrder>30</r1GroupDisplayOrder><r1ReqFeeCalc>N</r1ReqFeeCalc><r1SearchableFlag>Y</r1SearchableFlag><r1SearchableForAca>Y</r1SearchableForAca><r1SupervisorEditOnlyFlag>N</r1SupervisorEditOnlyFlag><r1TableGroupName>BLD_ROW</r1TableGroupName><recDate>2015-07-24T09:27:26-07:00</recDate><recFulNam>ADMIN</recFulNam><recStatus>A</recStatus><vchDispFlag>H</vchDispFlag></asiModel><asiModel><r1CheckboxCode>BLD_ROW</r1CheckboxCode><r1CheckboxDesc>Permit Issued Date</r1CheckboxDesc><r1CheckboxGroup>APPLICATION</r1CheckboxGroup><r1CheckboxType>PERMIT DATES</r1CheckboxType><servProvCode>MUNI1</servProvCode><asiDropdownModels/><displayLength>0</displayLength><maxLength>0</maxLength><r1AttributeValueReqFlag>N</r1AttributeValueReqFlag><r1CheckboxInd>2</r1CheckboxInd><r1DisplayOrder>25</r1DisplayOrder><r1GroupDisplayOrder>30</r1GroupDisplayOrder><r1ReqFeeCalc>N</r1ReqFeeCalc><r1SearchableFlag>Y</r1SearchableFlag><r1SearchableForAca>Y</r1SearchableForAca><r1SupervisorEditOnlyFlag>N</r1SupervisorEditOnlyFlag><r1TableGroupName>BLD_ROW</r1TableGroupName><recDate>2015-07-24T09:27:26-07:00</recDate><recFulNam>ADMIN</recFulNam><recStatus>A</recStatus><vchDispFlag>H</vchDispFlag></asiModel><asiModel><r1CheckboxCode>BLD_ROW</r1CheckboxCode><r1CheckboxDesc>Estimated Completion Date</r1CheckboxDesc><r1CheckboxGroup>APPLICATION</r1CheckboxGroup><r1CheckboxType>PROJECT DATES</r1CheckboxType><servProvCode>MUNI1</servProvCode><asiDropdownModels/><displayLength>0</displayLength><locationQueryFlag>N</locationQueryFlag><maxLength>0</maxLength><r1AttributeValueReqFlag>Y</r1AttributeValueReqFlag><r1CheckboxInd>2</r1CheckboxInd><r1DisplayOrder>15</r1DisplayOrder><r1GroupDisplayOrder>40</r1GroupDisplayOrder><r1ReqFeeCalc>N</r1ReqFeeCalc><r1SearchableFlag>N</r1SearchableFlag><r1SearchableForAca>Y</r1SearchableForAca><r1SupervisorEditOnlyFlag>N</r1SupervisorEditOnlyFlag><r1TableGroupName>BLD_ROW</r1TableGroupName><recDate>2015-04-16T10:04:37-07:00</recDate><recFulNam>ADMIN</recFulNam><recStatus>A</recStatus><vchDispFlag>Y</vchDispFlag></asiModel><asiModel><r1CheckboxCode>BLD_ROW</r1CheckboxCode><r1CheckboxDesc>Schedule Start Date</r1CheckboxDesc><r1CheckboxGroup>APPLICATION</r1CheckboxGroup><r1CheckboxType>PROJECT DATES</r1CheckboxType><servProvCode>MUNI1</servProvCode><asiDropdownModels/><displayLength>0</displayLength><locationQueryFlag>N</locationQueryFlag><maxLength>0</maxLength><r1AttributeValueReqFlag>Y</r1AttributeValueReqFlag><r1CheckboxInd>2</r1CheckboxInd><r1DisplayOrder>10</r1DisplayOrder><r1GroupDisplayOrder>40</r1GroupDisplayOrder><r1ReqFeeCalc>N</r1ReqFeeCalc><r1SearchableFlag>N</r1SearchableFlag><r1SearchableForAca>Y</r1SearchableForAca><r1SupervisorEditOnlyFlag>N</r1SupervisorEditOnlyFlag><r1TableGroupName>BLD_ROW</r1TableGroupName><recDate>2015-04-16T10:04:37-07:00</recDate><recFulNam>ADMIN</recFulNam><recStatus>A</recStatus><vchDispFlag>Y</vchDispFlag></asiModel><asiModel><r1CheckboxCode>BLD_ROW</r1CheckboxCode><r1CheckboxDesc>Alley Impact</r1CheckboxDesc><r1CheckboxGroup>APPLICATION</r1CheckboxGroup><r1CheckboxType>ROW USE IMPACT</r1CheckboxType><servProvCode>MUNI1</servProvCode><asiDropdownModels/><displayLength>0</displayLength><locationQueryFlag>N</locationQueryFlag><maxLength>0</maxLength><r1AttributeUnitType>Linear Ft</r1AttributeUnitType><r1AttributeValueReqFlag>N</r1AttributeValueReqFlag><r1CheckboxDescAlt>Enter linear ft of Alley impacted by the work</r1CheckboxDescAlt><r1CheckboxInd>4</r1CheckboxInd><r1DisplayOrder>50</r1DisplayOrder><r1GroupDisplayOrder>20</r1GroupDisplayOrder><r1ReqFeeCalc>N</r1ReqFeeCalc><r1SearchableFlag>N</r1SearchableFlag><r1SearchableForAca>Y</r1SearchableForAca><r1SupervisorEditOnlyFlag>N</r1SupervisorEditOnlyFlag><r1TableGroupName>BLD_ROW</r1TableGroupName><recDate>2015-04-16T10:04:37-07:00</recDate><recFulNam>ADMIN</recFulNam><recStatus>A</recStatus><vchDispFlag>Y</vchDispFlag></asiModel><asiModel><r1CheckboxCode>BLD_ROW</r1CheckboxCode><r1CheckboxDesc>Number of Bus Stops Blocked</r1CheckboxDesc><r1CheckboxGroup>APPLICATION</r1CheckboxGroup><r1CheckboxType>ROW USE IMPACT</r1CheckboxType><servProvCode>MUNI1</servProvCode><asiDropdownModels/><displayLength>0</displayLength><locationQueryFlag>N</locationQueryFlag><maxLength>0</maxLength><r1AttributeValueReqFlag>N</r1AttributeValueReqFlag><r1CheckboxDescAlt>Enter total number of Bus Stops to be blocked.  Enter detail in the table below</r1CheckboxDescAlt><r1CheckboxInd>4</r1CheckboxInd><r1DisplayOrder>10</r1DisplayOrder><r1GroupDisplayOrder>20</r1GroupDisplayOrder><r1ReqFeeCalc>N</r1ReqFeeCalc><r1SearchableFlag>N</r1SearchableFlag><r1SearchableForAca>Y</r1SearchableForAca><r1SupervisorEditOnlyFlag>N</r1SupervisorEditOnlyFlag><r1TableGroupName>BLD_ROW</r1TableGroupName><recDate>2015-04-16T10:04:37-07:00</recDate><recFulNam>ADMIN</recFulNam><recStatus>A</recStatus><vchDispFlag>Y</vchDispFlag></asiModel><asiModel><r1CheckboxCode>BLD_ROW</r1CheckboxCode><r1CheckboxDesc>Number of Meters Reserved or Blocked</r1CheckboxDesc><r1CheckboxGroup>APPLICATION</r1CheckboxGroup><r1CheckboxType>ROW USE IMPACT</r1CheckboxType><servProvCode>MUNI1</servProvCode><asiDropdownModels/><displayLength>0</displayLength><locationQueryFlag>N</locationQueryFlag><maxLength>0</maxLength><r1AttributeValueReqFlag>N</r1AttributeValueReqFlag><r1CheckboxInd>4</r1CheckboxInd><r1DisplayOrder>10</r1DisplayOrder><r1GroupDisplayOrder>20</r1GroupDisplayOrder><r1ReqFeeCalc>N</r1ReqFeeCalc><r1SearchableFlag>N</r1SearchableFlag><r1SearchableForAca>Y</r1SearchableForAca><r1SupervisorEditOnlyFlag>N</r1SupervisorEditOnlyFlag><r1TableGroupName>BLD_ROW</r1TableGroupName><recDate>2015-04-16T10:04:37-07:00</recDate><recFulNam>ADMIN</recFulNam><recStatus>A</recStatus><vchDispFlag>Y</vchDispFlag></asiModel><asiModel><r1CheckboxCode>BLD_ROW</r1CheckboxCode><r1CheckboxDesc>Number of Non-Pavement Excavations</r1CheckboxDesc><r1CheckboxGroup>APPLICATION</r1CheckboxGroup><r1CheckboxType>ROW USE IMPACT</r1CheckboxType><servProvCode>MUNI1</servProvCode><asiDropdownModels/><displayLength>0</displayLength><locationQueryFlag>N</locationQueryFlag><maxLength>0</maxLength><r1AttributeValueReqFlag>N</r1AttributeValueReqFlag><r1CheckboxDescAlt>Enter Total Number of Non-Pavement Cuts.  Enter Length &amp; Width of each cut in table below</r1CheckboxDescAlt><r1CheckboxInd>4</r1CheckboxInd><r1DisplayOrder>70</r1DisplayOrder><r1GroupDisplayOrder>20</r1GroupDisplayOrder><r1ReqFeeCalc>N</r1ReqFeeCalc><r1SearchableFlag>N</r1SearchableFlag><r1SearchableForAca>Y</r1SearchableForAca><r1SupervisorEditOnlyFlag>N</r1SupervisorEditOnlyFlag><r1TableGroupName>BLD_ROW</r1TableGroupName><recDate>2015-04-16T10:04:37-07:00</recDate><recFulNam>ADMIN</recFulNam><recStatus>A</recStatus><vchDispFlag>Y</vchDispFlag></asiModel><asiModel><r1CheckboxCode>BLD_ROW</r1CheckboxCode><r1CheckboxDesc>Number of Pavement Excavations</r1CheckboxDesc><r1CheckboxGroup>APPLICATION</r1CheckboxGroup><r1CheckboxType>ROW USE IMPACT</r1CheckboxType><servProvCode>MUNI1</servProvCode><asiDropdownModels/><displayLength>0</displayLength><locationQueryFlag>N</locationQueryFlag><maxLength>0</maxLength><r1AttributeValueReqFlag>N</r1AttributeValueReqFlag><r1CheckboxDescAlt>Enter Total Number of Pavement Cuts.  Enter Length &amp; Width of each cut in table below</r1CheckboxDescAlt><r1CheckboxInd>4</r1CheckboxInd><r1DisplayOrder>60</r1DisplayOrder><r1GroupDisplayOrder>20</r1GroupDisplayOrder><r1ReqFeeCalc>N</r1ReqFeeCalc><r1SearchableFlag>N</r1SearchableFlag><r1SearchableForAca>Y</r1SearchableForAca><r1SupervisorEditOnlyFlag>N</r1SupervisorEditOnlyFlag><r1TableGroupName>BLD_ROW</r1TableGroupName><recDate>2015-04-16T10:04:37-07:00</recDate><recFulNam>ADMIN</recFulNam><recStatus>A</recStatus><vchDispFlag>Y</vchDispFlag></asiModel><asiModel><r1CheckboxCode>BLD_ROW</r1CheckboxCode><r1CheckboxDesc>Parking Lane Impact</r1CheckboxDesc><r1CheckboxGroup>APPLICATION</r1CheckboxGroup><r1CheckboxType>ROW USE IMPACT</r1CheckboxType><servProvCode>MUNI1</servProvCode><asiDropdownModels/><displayLength>0</displayLength><locationQueryFlag>N</locationQueryFlag><maxLength>0</maxLength><r1AttributeUnitType>Linear Ft</r1AttributeUnitType><r1AttributeValueReqFlag>N</r1AttributeValueReqFlag><r1CheckboxDescAlt>Enter linear ft of Parking Lanes impacted by the work</r1CheckboxDescAlt><r1CheckboxInd>4</r1CheckboxInd><r1DisplayOrder>30</r1DisplayOrder><r1GroupDisplayOrder>20</r1GroupDisplayOrder><r1ReqFeeCalc>N</r1ReqFeeCalc><r1SearchableFlag>N</r1SearchableFlag><r1SearchableForAca>Y</r1SearchableForAca><r1SupervisorEditOnlyFlag>N</r1SupervisorEditOnlyFlag><r1TableGroupName>BLD_ROW</r1TableGroupName><recDate>2015-04-16T10:04:37-07:00</recDate><recFulNam>ADMIN</recFulNam><recStatus>A</recStatus><vchDispFlag>Y</vchDispFlag></asiModel><asiModel><r1CheckboxCode>BLD_ROW</r1CheckboxCode><r1CheckboxDesc>Parkway Impact</r1CheckboxDesc><r1CheckboxGroup>APPLICATION</r1CheckboxGroup><r1CheckboxType>ROW USE IMPACT</r1CheckboxType><servProvCode>MUNI1</servProvCode><asiDropdownModels/><displayLength>0</displayLength><locationQueryFlag>N</locationQueryFlag><maxLength>0</maxLength><r1AttributeUnitType>Linear Ft</r1AttributeUnitType><r1AttributeValueReqFlag>N</r1AttributeValueReqFlag><r1CheckboxDescAlt>Enter linear ft of Parkway impacted by the work</r1CheckboxDescAlt><r1CheckboxInd>4</r1CheckboxInd><r1DisplayOrder>50</r1DisplayOrder><r1GroupDisplayOrder>20</r1GroupDisplayOrder><r1ReqFeeCalc>N</r1ReqFeeCalc><r1SearchableFlag>N</r1SearchableFlag><r1SearchableForAca>Y</r1SearchableForAca><r1SupervisorEditOnlyFlag>N</r1SupervisorEditOnlyFlag><r1TableGroupName>BLD_ROW</r1TableGroupName><recDate>2015-04-16T10:04:37-07:00</recDate><recFulNam>ADMIN</recFulNam><recStatus>A</recStatus><vchDispFlag>Y</vchDispFlag></asiModel><asiModel><r1CheckboxCode>BLD_ROW</r1CheckboxCode><r1CheckboxDesc>Sidewalk Impact</r1CheckboxDesc><r1CheckboxGroup>APPLICATION</r1CheckboxGroup><r1CheckboxType>ROW USE IMPACT</r1CheckboxType><servProvCode>MUNI1</servProvCode><asiDropdownModels/><displayLength>0</displayLength><locationQueryFlag>N</locationQueryFlag><maxLength>0</maxLength><r1AttributeUnitType>Linear Ft</r1AttributeUnitType><r1AttributeValueReqFlag>N</r1AttributeValueReqFlag><r1CheckboxDescAlt>Enter linear ft of Sidewalk impacted by the work</r1CheckboxDescAlt><r1CheckboxInd>4</r1CheckboxInd><r1DisplayOrder>40</r1DisplayOrder><r1GroupDisplayOrder>20</r1GroupDisplayOrder><r1ReqFeeCalc>N</r1ReqFeeCalc><r1SearchableFlag>N</r1SearchableFlag><r1SearchableForAca>Y</r1SearchableForAca><r1SupervisorEditOnlyFlag>N</r1SupervisorEditOnlyFlag><r1TableGroupName>BLD_ROW</r1TableGroupName><recDate>2015-04-16T10:04:37-07:00</recDate><recFulNam>ADMIN</recFulNam><recStatus>A</recStatus><vchDispFlag>Y</vchDispFlag></asiModel><asiModel><r1CheckboxCode>BLD_ROW</r1CheckboxCode><r1CheckboxDesc>Traffic Lane Impact</r1CheckboxDesc><r1CheckboxGroup>APPLICATION</r1CheckboxGroup><r1CheckboxType>ROW USE IMPACT</r1CheckboxType><servProvCode>MUNI1</servProvCode><asiDropdownModels/><displayLength>0</displayLength><locationQueryFlag>N</locationQueryFlag><maxLength>0</maxLength><r1AttributeUnitType>Linear Ft</r1AttributeUnitType><r1AttributeValueReqFlag>N</r1AttributeValueReqFlag><r1CheckboxDescAlt>Enter linear ft of Traffic Lanes impacted by the work</r1CheckboxDescAlt><r1CheckboxInd>4</r1CheckboxInd><r1DisplayOrder>20</r1DisplayOrder><r1GroupDisplayOrder>20</r1GroupDisplayOrder><r1ReqFeeCalc>N</r1ReqFeeCalc><r1SearchableFlag>N</r1SearchableFlag><r1SearchableForAca>Y</r1SearchableForAca><r1SupervisorEditOnlyFlag>N</r1SupervisorEditOnlyFlag><r1TableGroupName>BLD_ROW</r1TableGroupName><recDate>2015-04-16T10:04:37-07:00</recDate><recFulNam>ADMIN</recFulNam><recStatus>A</recStatus><vchDispFlag>Y</vchDispFlag></asiModel><asiModel><r1CheckboxCode>BLD_ROW</r1CheckboxCode><r1CheckboxDesc>Location Detail</r1CheckboxDesc><r1CheckboxGroup>APPLICATION</r1CheckboxGroup><r1CheckboxType>ROW USE INFORMATION</r1CheckboxType><servProvCode>MUNI1</servProvCode><asiDropdownModels/><displayLength>0</displayLength><locationQueryFlag>N</locationQueryFlag><maxLength>0</maxLength><r1AttributeValueReqFlag>Y</r1AttributeValueReqFlag><r1CheckboxDescAlt>Enter detailed description of the right of way use location </r1CheckboxDescAlt><r1CheckboxInd>6</r1CheckboxInd><r1DisplayOrder>20</r1DisplayOrder><r1GroupDisplayOrder>10</r1GroupDisplayOrder><r1ReqFeeCalc>N</r1ReqFeeCalc><r1SearchableFlag>N</r1SearchableFlag><r1SearchableForAca>Y</r1SearchableForAca><r1SupervisorEditOnlyFlag>N</r1SupervisorEditOnlyFlag><r1TableGroupName>BLD_ROW</r1TableGroupName><recDate>2015-04-16T10:04:37-07:00</recDate><recFulNam>ADMIN</recFulNam><recStatus>A</recStatus><vchDispFlag>Y</vchDispFlag></asiModel><asiModel><r1CheckboxCode>BLD_ROW</r1CheckboxCode><r1CheckboxDesc>Number of Calendar Days</r1CheckboxDesc><r1CheckboxGroup>APPLICATION</r1CheckboxGroup><r1CheckboxType>ROW USE INFORMATION</r1CheckboxType><servProvCode>MUNI1</servProvCode><asiDropdownModels/><displayLength>0</displayLength><locationQueryFlag>N</locationQueryFlag><maxLength>0</maxLength><r1AttributeValueReqFlag>Y</r1AttributeValueReqFlag><r1CheckboxInd>4</r1CheckboxInd><r1DisplayOrder>40</r1DisplayOrder><r1GroupDisplayOrder>10</r1GroupDisplayOrder><r1ReqFeeCalc>N</r1ReqFeeCalc><r1SearchableFlag>N</r1SearchableFlag><r1SearchableForAca>Y</r1SearchableForAca><r1SupervisorEditOnlyFlag>N</r1SupervisorEditOnlyFlag><r1TableGroupName>BLD_ROW</r1TableGroupName><recDate>2015-04-16T10:04:37-07:00</recDate><recFulNam>ADMIN</recFulNam><recStatus>A</recStatus><vchDispFlag>Y</vchDispFlag></asiModel><asiModel><r1CheckboxCode>BLD_ROW</r1CheckboxCode><r1CheckboxDesc>Total Length of Project Area</r1CheckboxDesc><r1CheckboxGroup>APPLICATION</r1CheckboxGroup><r1CheckboxType>ROW USE INFORMATION</r1CheckboxType><servProvCode>MUNI1</servProvCode><asiDropdownModels/><displayLength>0</displayLength><locationQueryFlag>N</locationQueryFlag><maxLength>0</maxLength><r1AttributeUnitType>Linear Ft</r1AttributeUnitType><r1AttributeValueReqFlag>N</r1AttributeValueReqFlag><r1CheckboxInd>4</r1CheckboxInd><r1DisplayOrder>30</r1DisplayOrder><r1GroupDisplayOrder>10</r1GroupDisplayOrder><r1ReqFeeCalc>N</r1ReqFeeCalc><r1SearchableFlag>N</r1SearchableFlag><r1SearchableForAca>Y</r1SearchableForAca><r1SupervisorEditOnlyFlag>N</r1SupervisorEditOnlyFlag><r1TableGroupName>BLD_ROW</r1TableGroupName><recDate>2015-04-16T10:04:37-07:00</recDate><recFulNam>ADMIN</recFulNam><recStatus>A</recStatus><vchDispFlag>Y</vchDispFlag></asiModel><asiModel><r1CheckboxCode>BLD_ROW</r1CheckboxCode><r1CheckboxDesc>Total or Partial Closure</r1CheckboxDesc><r1CheckboxGroup>APPLICATION</r1CheckboxGroup><r1CheckboxType>ROW USE INFORMATION</r1CheckboxType><servProvCode>MUNI1</servProvCode><asiDropdownModels><asiDropdownModel><fieldName>Total or Partial Closure</fieldName><groupCode>BLD_ROW</groupCode><serviceProviderCode>MUNI1</serviceProviderCode><subGroupCode>ROW USE INFORMATION</subGroupCode><type>APPLICATION</type><value>123</value><appSpecInfoFieldI18NModels/><auditModel><auditDate>2014-10-25T06:35:52-07:00</auditDate><auditID>ADMIN</auditID><auditStatus>A</auditStatus></auditModel></asiDropdownModel><asiDropdownModel><fieldName>Total or Partial Closure</fieldName><groupCode>BLD_ROW</groupCode><serviceProviderCode>MUNI1</serviceProviderCode><subGroupCode>ROW USE INFORMATION</subGroupCode><type>APPLICATION</type><value>Partial</value><appSpecInfoFieldI18NModels/><auditModel><auditDate>2014-10-25T20:23:52-07:00</auditDate><auditID>ADMIN</auditID><auditStatus>A</auditStatus></auditModel></asiDropdownModel></asiDropdownModels><displayLength>0</displayLength><locationQueryFlag>N</locationQueryFlag><maxLength>0</maxLength><r1AttributeValueReqFlag>Y</r1AttributeValueReqFlag><r1CheckboxInd>5</r1CheckboxInd><r1DisplayOrder>50</r1DisplayOrder><r1GroupDisplayOrder>10</r1GroupDisplayOrder><r1ReqFeeCalc>N</r1ReqFeeCalc><r1SearchableFlag>N</r1SearchableFlag><r1SearchableForAca>Y</r1SearchableForAca><r1SupervisorEditOnlyFlag>N</r1SupervisorEditOnlyFlag><r1TableGroupName>BLD_ROW</r1TableGroupName><recDate>2015-04-16T10:04:37-07:00</recDate><recFulNam>ADMIN</recFulNam><recStatus>A</recStatus><vchDispFlag>Y</vchDispFlag></asiModel><asiModel><r1CheckboxCode>BLD_ROW</r1CheckboxCode><r1CheckboxDesc>Traffic Plan Provided</r1CheckboxDesc><r1CheckboxGroup>APPLICATION</r1CheckboxGroup><r1CheckboxType>ROW USE INFORMATION</r1CheckboxType><servProvCode>MUNI1</servProvCode><asiDropdownModels/><displayLength>0</displayLength><locationQueryFlag>N</locationQueryFlag><maxLength>0</maxLength><r1AttributeValueReqFlag>Y</r1AttributeValueReqFlag><r1CheckboxInd>3</r1CheckboxInd><r1DisplayOrder>60</r1DisplayOrder><r1GroupDisplayOrder>10</r1GroupDisplayOrder><r1ReqFeeCalc>N</r1ReqFeeCalc><r1SearchableFlag>N</r1SearchableFlag><r1SearchableForAca>Y</r1SearchableForAca><r1SupervisorEditOnlyFlag>N</r1SupervisorEditOnlyFlag><r1TableGroupName>BLD_ROW</r1TableGroupName><recDate>2015-04-16T10:04:37-07:00</recDate><recFulNam>ADMIN</recFulNam><recStatus>A</recStatus><vchDispFlag>Y</vchDispFlag></asiModel><asiModel><r1CheckboxCode>BLD_ROW</r1CheckboxCode><r1CheckboxDesc>Type of Use</r1CheckboxDesc><r1CheckboxGroup>APPLICATION</r1CheckboxGroup><r1CheckboxType>ROW USE INFORMATION</r1CheckboxType><servProvCode>MUNI1</servProvCode><asiDropdownModels><asiDropdownModel><fieldName>Type of Use</fieldName><groupCode>BLD_ROW</groupCode><serviceProviderCode>MUNI1</serviceProviderCode><subGroupCode>ROW USE INFORMATION</subGroupCode><type>APPLICATION</type><value>Driveway</value><appSpecInfoFieldI18NModels/><auditModel><auditDate>2014-10-27T03:08:55-07:00</auditDate><auditID>ADMIN</auditID><auditStatus>A</auditStatus></auditModel></asiDropdownModel><asiDropdownModel><fieldName>Type of Use</fieldName><groupCode>BLD_ROW</groupCode><serviceProviderCode>MUNI1</serviceProviderCode><subGroupCode>ROW USE INFORMATION</subGroupCode><type>APPLICATION</type><value>Excavation/Opening</value><appSpecInfoFieldI18NModels/><auditModel><auditDate>2014-10-27T03:08:55-07:00</auditDate><auditID>ADMIN</auditID><auditStatus>A</auditStatus></auditModel></asiDropdownModel><asiDropdownModel><fieldName>Type of Use</fieldName><groupCode>BLD_ROW</groupCode><serviceProviderCode>MUNI1</serviceProviderCode><subGroupCode>ROW USE INFORMATION</subGroupCode><type>APPLICATION</type><value>Obstruction</value><appSpecInfoFieldI18NModels/><auditModel><auditDate>2014-10-27T03:08:55-07:00</auditDate><auditID>ADMIN</auditID><auditStatus>A</auditStatus></auditModel></asiDropdownModel><asiDropdownModel><fieldName>Type of Use</fieldName><groupCode>BLD_ROW</groupCode><serviceProviderCode>MUNI1</serviceProviderCode><subGroupCode>ROW USE INFORMATION</subGroupCode><type>APPLICATION</type><value>Utility</value><appSpecInfoFieldI18NModels/><auditModel><auditDate>2014-10-27T03:08:55-07:00</auditDate><auditID>ADMIN</auditID><auditStatus>A</auditStatus></auditModel></asiDropdownModel></asiDropdownModels><displayLength>0</displayLength><locationQueryFlag>N</locationQueryFlag><maxLength>0</maxLength><r1AttributeValueReqFlag>Y</r1AttributeValueReqFlag><r1CheckboxInd>5</r1CheckboxInd><r1DisplayOrder>10</r1DisplayOrder><r1GroupDisplayOrder>10</r1GroupDisplayOrder><r1ReqFeeCalc>N</r1ReqFeeCalc><r1SearchableFlag>N</r1SearchableFlag><r1SearchableForAca>Y</r1SearchableForAca><r1SupervisorEditOnlyFlag>N</r1SupervisorEditOnlyFlag><r1TableGroupName>BLD_ROW</r1TableGroupName><recDate>2015-04-16T10:04:37-07:00</recDate><recFulNam>ADMIN</recFulNam><recStatus>A</recStatus><vchDispFlag>Y</vchDispFlag></asiModel></asiModels><asiSecurityModels/><fieldVariableMapping/><isASITSelected>Y</isASITSelected><isSecuritySelected>Y</isSecuritySelected><r1CheckboxType>PERMIT DATES</r1CheckboxType><r1TableGroupName>BLD_ROW</r1TableGroupName><sharedDropDownModels><sharedDropDownModel refId="1@SharedDropDownModel"><sequenceNbr>172</sequenceNbr><serviceProviderCode>MUNI1</serviceProviderCode><auditModel><auditDate>2014-11-17T01:41:43-08:00</auditDate><auditID>ADMIN</auditID><auditStatus>A</auditStatus></auditModel><level1>BLD_ROW</level1><level2>ROW USE INFORMATION</level2><level3>APPLICATION</level3><level4>Total or Partial Closure</level4><relationType>APPLICATION_SPECIFIC_INFO</relationType><standardChoiceName>BLD_ROW_CLOSURE</standardChoiceName></sharedDropDownModel><sharedDropDownModel refId="2@SharedDropDownModel"><sequenceNbr>173</sequenceNbr><serviceProviderCode>MUNI1</serviceProviderCode><auditModel><auditDate>2014-11-17T01:40:53-08:00</auditDate><auditID>ADMIN</auditID><auditStatus>A</auditStatus></auditModel><level1>BLD_ROW</level1><level2>ROW USE INFORMATION</level2><level3>APPLICATION</level3><level4>Type of Use</level4><relationType>APPLICATION_SPECIFIC_INFO</relationType><standardChoiceName>BLD_ROW_USE_TYPE</standardChoiceName></sharedDropDownModel></sharedDropDownModels><templateLayoutConfigModels/></asiGroup>
<asiGroup><appSpecInfoGroupCode>BLD_SIGN_P</appSpecInfoGroupCode><r1CheckboxGroup>APPLICATION</r1CheckboxGroup><serviceProviderCode>MUNI1</serviceProviderCode><asiModels><asiModel><r1CheckboxCode>BLD_SIGN_P</r1CheckboxCode><r1CheckboxDesc>Number of Signs</r1CheckboxDesc><r1CheckboxGroup>APPLICATION</r1CheckboxGroup><r1CheckboxType>PERMANENT SIGN INFORMATION</r1CheckboxType><servProvCode>MUNI1</servProvCode><asiDropdownModels/><displayLength>0</displayLength><locationQueryFlag>N</locationQueryFlag><maxLength>2</maxLength><r1AttributeValueReqFlag>N</r1AttributeValueReqFlag><r1CheckboxDescAlt>Enter the number of signs included in this permit.  You can entered detailed information about each sign in the sign information table below.</r1CheckboxDescAlt><r1CheckboxInd>4</r1CheckboxInd><r1DisplayOrder>20</r1DisplayOrder><r1GroupDisplayOrder>10</r1GroupDisplayOrder><r1ReqFeeCalc>N</r1ReqFeeCalc><r1SearchableFlag>N</r1SearchableFlag><r1SearchableForAca>N</r1SearchableForAca><r1SupervisorEditOnlyFlag>N</r1SupervisorEditOnlyFlag><r1TableGroupName>BLD_SIGN_P</r1TableGroupName><recDate>2015-04-16T10:18:49-07:00</recDate><recFulNam>ADMIN</recFulNam><recStatus>A</recStatus><vchDispFlag>Y</vchDispFlag></asiModel><asiModel><r1CheckboxCode>BLD_SIGN_P</r1CheckboxCode><r1CheckboxDesc>Total Area of Existing Signs (SF)</r1CheckboxDesc><r1CheckboxGroup>APPLICATION</r1CheckboxGroup><r1CheckboxType>PERMANENT SIGN INFORMATION</r1CheckboxType><servProvCode>MUNI1</servProvCode><asiDropdownModels/><displayLength>0</displayLength><locationQueryFlag>N</locationQueryFlag><maxLength>0</maxLength><r1AttributeValueReqFlag>N</r1AttributeValueReqFlag><r1CheckboxInd>4</r1CheckboxInd><r1DisplayOrder>30</r1DisplayOrder><r1GroupDisplayOrder>10</r1GroupDisplayOrder><r1ReqFeeCalc>N</r1ReqFeeCalc><r1SearchableFlag>N</r1SearchableFlag><r1SearchableForAca>N</r1SearchableForAca><r1SupervisorEditOnlyFlag>N</r1SupervisorEditOnlyFlag><r1TableGroupName>BLD_SIGN_P</r1TableGroupName><recDate>2015-04-16T10:18:49-07:00</recDate><recFulNam>ADMIN</recFulNam><recStatus>A</recStatus><vchDispFlag>Y</vchDispFlag></asiModel><asiModel><r1CheckboxCode>BLD_SIGN_P</r1CheckboxCode><r1CheckboxDesc>Type of Permit</r1CheckboxDesc><r1CheckboxGroup>APPLICATION</r1CheckboxGroup><r1CheckboxType>PERMANENT SIGN INFORMATION</r1CheckboxType><servProvCode>MUNI1</servProvCode><asiDropdownModels/><displayLength>0</displayLength><locationQueryFlag>N</locationQueryFlag><maxLength>0</maxLength><r1AttributeValueReqFlag>Y</r1AttributeValueReqFlag><r1CheckboxInd>5</r1CheckboxInd><r1DisplayOrder>10</r1DisplayOrder><r1GroupDisplayOrder>10</r1GroupDisplayOrder><r1ReqFeeCalc>N</r1ReqFeeCalc><r1SearchableFlag>Y</r1SearchableFlag><r1SearchableForAca>Y</r1SearchableForAca><r1SupervisorEditOnlyFlag>N</r1SupervisorEditOnlyFlag><r1TableGroupName>BLD_SIGN_P</r1TableGroupName><recDate>2015-04-16T10:18:49-07:00</recDate><recFulNam>ADMIN</recFulNam><recStatus>A</recStatus><vchDispFlag>Y</vchDispFlag></asiModel><asiModel><r1CheckboxCode>BLD_SIGN_P</r1CheckboxCode><r1CheckboxDesc>Application Expiration Date</r1CheckboxDesc><r1CheckboxGroup>APPLICATION</r1CheckboxGroup><r1CheckboxType>PERMIT DATES</r1CheckboxType><servProvCode>MUNI1</servProvCode><asiDropdownModels/><displayLength>0</displayLength><maxLength>0</maxLength><r1AttributeValueReqFlag>N</r1AttributeValueReqFlag><r1CheckboxInd>2</r1CheckboxInd><r1DisplayOrder>20</r1DisplayOrder><r1GroupDisplayOrder>30</r1GroupDisplayOrder><r1ReqFeeCalc>N</r1ReqFeeCalc><r1SearchableFlag>Y</r1SearchableFlag><r1SearchableForAca>Y</r1SearchableForAca><r1SupervisorEditOnlyFlag>N</r1SupervisorEditOnlyFlag><r1TableGroupName>BLD_SIGN_P</r1TableGroupName><recDate>2015-07-24T09:27:26-07:00</recDate><recFulNam>ADMIN</recFulNam><recStatus>A</recStatus><vchDispFlag>H</vchDispFlag></asiModel><asiModel><r1CheckboxCode>BLD_SIGN_P</r1CheckboxCode><r1CheckboxDesc>Permit Expiration Date</r1CheckboxDesc><r1CheckboxGroup>APPLICATION</r1CheckboxGroup><r1CheckboxType>PERMIT DATES</r1CheckboxType><servProvCode>MUNI1</servProvCode><asiDropdownModels/><displayLength>0</displayLength><maxLength>0</maxLength><r1AttributeValueReqFlag>N</r1AttributeValueReqFlag><r1CheckboxInd>2</r1CheckboxInd><r1DisplayOrder>30</r1DisplayOrder><r1GroupDisplayOrder>30</r1GroupDisplayOrder><r1ReqFeeCalc>N</r1ReqFeeCalc><r1SearchableFlag>Y</r1SearchableFlag><r1SearchableForAca>Y</r1SearchableForAca><r1SupervisorEditOnlyFlag>N</r1SupervisorEditOnlyFlag><r1TableGroupName>BLD_SIGN_P</r1TableGroupName><recDate>2015-07-24T09:27:26-07:00</recDate><recFulNam>ADMIN</recFulNam><recStatus>A</recStatus><vchDispFlag>H</vchDispFlag></asiModel><asiModel><r1CheckboxCode>BLD_SIGN_P</r1CheckboxCode><r1CheckboxDesc>Permit Issued Date</r1CheckboxDesc><r1CheckboxGroup>APPLICATION</r1CheckboxGroup><r1CheckboxType>PERMIT DATES</r1CheckboxType><servProvCode>MUNI1</servProvCode><asiDropdownModels/><displayLength>0</displayLength><maxLength>0</maxLength><r1AttributeValueReqFlag>N</r1AttributeValueReqFlag><r1CheckboxInd>2</r1CheckboxInd><r1DisplayOrder>25</r1DisplayOrder><r1GroupDisplayOrder>30</r1GroupDisplayOrder><r1ReqFeeCalc>N</r1ReqFeeCalc><r1SearchableFlag>Y</r1SearchableFlag><r1SearchableForAca>Y</r1SearchableForAca><r1SupervisorEditOnlyFlag>N</r1SupervisorEditOnlyFlag><r1TableGroupName>BLD_SIGN_P</r1TableGroupName><recDate>2015-07-24T09:27:26-07:00</recDate><recFulNam>ADMIN</recFulNam><recStatus>A</recStatus><vchDispFlag>H</vchDispFlag></asiModel><asiModel><r1CheckboxCode>BLD_SIGN_P</r1CheckboxCode><r1CheckboxDesc>Land Use 1</r1CheckboxDesc><r1CheckboxGroup>APPLICATION</r1CheckboxGroup><r1CheckboxType>ZONING</r1CheckboxType><servProvCode>MUNI1</servProvCode><asiDropdownModels/><displayLength>0</displayLength><locationQueryFlag>N</locationQueryFlag><maxLength>0</maxLength><r1AttributeValueReqFlag>N</r1AttributeValueReqFlag><r1CheckboxInd>1</r1CheckboxInd><r1DisplayOrder>40</r1DisplayOrder><r1GroupDisplayOrder>20</r1GroupDisplayOrder><r1ReqFeeCalc>N</r1ReqFeeCalc><r1SearchableFlag>N</r1SearchableFlag><r1SearchableForAca>N</r1SearchableForAca><r1SupervisorEditOnlyFlag>N</r1SupervisorEditOnlyFlag><r1TableGroupName>BLD_SIGN_P</r1TableGroupName><recDate>2015-04-16T10:18:49-07:00</recDate><recFulNam>ADMIN</recFulNam><recStatus>A</recStatus><vchDispFlag>Y</vchDispFlag></asiModel><asiModel><r1CheckboxCode>BLD_SIGN_P</r1CheckboxCode><r1CheckboxDesc>Land Use 2</r1CheckboxDesc><r1CheckboxGroup>APPLICATION</r1CheckboxGroup><r1CheckboxType>ZONING</r1CheckboxType><servProvCode>MUNI1</servProvCode><asiDropdownModels/><displayLength>0</displayLength><locationQueryFlag>N</locationQueryFlag><maxLength>0</maxLength><r1AttributeValueReqFlag>N</r1AttributeValueReqFlag><r1CheckboxInd>1</r1CheckboxInd><r1DisplayOrder>50</r1DisplayOrder><r1GroupDisplayOrder>20</r1GroupDisplayOrder><r1ReqFeeCalc>N</r1ReqFeeCalc><r1SearchableFlag>N</r1SearchableFlag><r1SearchableForAca>N</r1SearchableForAca><r1SupervisorEditOnlyFlag>N</r1SupervisorEditOnlyFlag><r1TableGroupName>BLD_SIGN_P</r1TableGroupName><recDate>2015-04-16T10:18:49-07:00</recDate><recFulNam>ADMIN</recFulNam><recStatus>A</recStatus><vchDispFlag>Y</vchDispFlag></asiModel><asiModel><r1CheckboxCode>BLD_SIGN_P</r1CheckboxCode><r1CheckboxDesc>Land Use 3</r1CheckboxDesc><r1CheckboxGroup>APPLICATION</r1CheckboxGroup><r1CheckboxType>ZONING</r1CheckboxType><servProvCode>MUNI1</servProvCode><asiDropdownModels/><displayLength>0</displayLength><locationQueryFlag>N</locationQueryFlag><maxLength>0</maxLength><r1AttributeValueReqFlag>N</r1AttributeValueReqFlag><r1CheckboxInd>1</r1CheckboxInd><r1DisplayOrder>60</r1DisplayOrder><r1GroupDisplayOrder>20</r1GroupDisplayOrder><r1ReqFeeCalc>N</r1ReqFeeCalc><r1SearchableFlag>N</r1SearchableFlag><r1SearchableForAca>N</r1SearchableForAca><r1SupervisorEditOnlyFlag>N</r1SupervisorEditOnlyFlag><r1TableGroupName>BLD_SIGN_P</r1TableGroupName><recDate>2015-04-16T10:18:49-07:00</recDate><recFulNam>ADMIN</recFulNam><recStatus>A</recStatus><vchDispFlag>Y</vchDispFlag></asiModel><asiModel><r1CheckboxCode>BLD_SIGN_P</r1CheckboxCode><r1CheckboxDesc>Zoning 1</r1CheckboxDesc><r1CheckboxGroup>APPLICATION</r1CheckboxGroup><r1CheckboxType>ZONING</r1CheckboxType><servProvCode>MUNI1</servProvCode><asiDropdownModels/><displayLength>0</displayLength><locationQueryFlag>N</locationQueryFlag><maxLength>0</maxLength><r1AttributeValueReqFlag>N</r1AttributeValueReqFlag><r1CheckboxInd>1</r1CheckboxInd><r1DisplayOrder>10</r1DisplayOrder><r1GroupDisplayOrder>20</r1GroupDisplayOrder><r1ReqFeeCalc>N</r1ReqFeeCalc><r1SearchableFlag>N</r1SearchableFlag><r1SearchableForAca>N</r1SearchableForAca><r1SupervisorEditOnlyFlag>N</r1SupervisorEditOnlyFlag><r1TableGroupName>BLD_SIGN_P</r1TableGroupName><recDate>2015-04-16T10:18:49-07:00</recDate><recFulNam>ADMIN</recFulNam><recStatus>A</recStatus><vchDispFlag>Y</vchDispFlag></asiModel><asiModel><r1CheckboxCode>BLD_SIGN_P</r1CheckboxCode><r1CheckboxDesc>Zoning 2</r1CheckboxDesc><r1CheckboxGroup>APPLICATION</r1CheckboxGroup><r1CheckboxType>ZONING</r1CheckboxType><servProvCode>MUNI1</servProvCode><asiDropdownModels/><displayLength>0</displayLength><locationQueryFlag>N</locationQueryFlag><maxLength>0</maxLength><r1AttributeValueReqFlag>N</r1AttributeValueReqFlag><r1CheckboxInd>1</r1CheckboxInd><r1DisplayOrder>20</r1DisplayOrder><r1GroupDisplayOrder>20</r1GroupDisplayOrder><r1ReqFeeCalc>N</r1ReqFeeCalc><r1SearchableFlag>N</r1SearchableFlag><r1SearchableForAca>N</r1SearchableForAca><r1SupervisorEditOnlyFlag>N</r1SupervisorEditOnlyFlag><r1TableGroupName>BLD_SIGN_P</r1TableGroupName><recDate>2015-04-16T10:18:49-07:00</recDate><recFulNam>ADMIN</recFulNam><recStatus>A</recStatus><vchDispFlag>Y</vchDispFlag></asiModel><asiModel><r1CheckboxCode>BLD_SIGN_P</r1CheckboxCode><r1CheckboxDesc>Zoning 3</r1CheckboxDesc><r1CheckboxGroup>APPLICATION</r1CheckboxGroup><r1CheckboxType>ZONING</r1CheckboxType><servProvCode>MUNI1</servProvCode><asiDropdownModels/><displayLength>0</displayLength><locationQueryFlag>N</locationQueryFlag><maxLength>0</maxLength><r1AttributeValueReqFlag>N</r1AttributeValueReqFlag><r1CheckboxInd>1</r1CheckboxInd><r1DisplayOrder>30</r1DisplayOrder><r1GroupDisplayOrder>20</r1GroupDisplayOrder><r1ReqFeeCalc>N</r1ReqFeeCalc><r1SearchableFlag>N</r1SearchableFlag><r1SearchableForAca>N</r1SearchableForAca><r1SupervisorEditOnlyFlag>N</r1SupervisorEditOnlyFlag><r1TableGroupName>BLD_SIGN_P</r1TableGroupName><recDate>2015-04-16T10:18:49-07:00</recDate><recFulNam>ADMIN</recFulNam><recStatus>A</recStatus><vchDispFlag>Y</vchDispFlag></asiModel></asiModels><asiSecurityModels/><fieldVariableMapping/><isASITSelected>Y</isASITSelected><isSecuritySelected>Y</isSecuritySelected><r1CheckboxType>PERMANENT SIGN INFORMATION</r1CheckboxType><r1TableGroupName>BLD_SIGN_P</r1TableGroupName><sharedDropDownModels><sharedDropDownModel refId="1@SharedDropDownModel"><sequenceNbr>174</sequenceNbr><serviceProviderCode>MUNI1</serviceProviderCode><auditModel><auditDate>2012-05-21T09:40:14-07:00</auditDate><auditID>ADMIN</auditID><auditStatus>A</auditStatus></auditModel><level1>BLD_SIGN_P</level1><level2>PERMANENT SIGN INFORMATION</level2><level3>APPLICATION</level3><level4>Type of Permit</level4><relationType>APPLICATION_SPECIFIC_INFO</relationType><standardChoiceName>BLD_SIGN_PERMIT_TYPE</standardChoiceName></sharedDropDownModel></sharedDropDownModels><templateLayoutConfigModels/></asiGroup>
<asiGroup><appSpecInfoGroupCode>BLD_SIGN_T</appSpecInfoGroupCode><r1CheckboxGroup>APPLICATION</r1CheckboxGroup><serviceProviderCode>MUNI1</serviceProviderCode><asiModels><asiModel><r1CheckboxCode>BLD_SIGN_T</r1CheckboxCode><r1CheckboxDesc>Application Expiration Date</r1CheckboxDesc><r1CheckboxGroup>APPLICATION</r1CheckboxGroup><r1CheckboxType>PERMIT DATES</r1CheckboxType><servProvCode>MUNI1</servProvCode><asiDropdownModels/><displayLength>0</displayLength><maxLength>0</maxLength><r1AttributeValueReqFlag>N</r1AttributeValueReqFlag><r1CheckboxInd>2</r1CheckboxInd><r1DisplayOrder>20</r1DisplayOrder><r1GroupDisplayOrder>30</r1GroupDisplayOrder><r1ReqFeeCalc>N</r1ReqFeeCalc><r1SearchableFlag>Y</r1SearchableFlag><r1SearchableForAca>Y</r1SearchableForAca><r1SupervisorEditOnlyFlag>N</r1SupervisorEditOnlyFlag><r1TableGroupName>BLD_SIGN_T</r1TableGroupName><recDate>2015-07-24T09:27:26-07:00</recDate><recFulNam>ADMIN</recFulNam><recStatus>A</recStatus><vchDispFlag>H</vchDispFlag></asiModel><asiModel><r1CheckboxCode>BLD_SIGN_T</r1CheckboxCode><r1CheckboxDesc>Permit Expiration Date</r1CheckboxDesc><r1CheckboxGroup>APPLICATION</r1CheckboxGroup><r1CheckboxType>PERMIT DATES</r1CheckboxType><servProvCode>MUNI1</servProvCode><asiDropdownModels/><displayLength>0</displayLength><maxLength>0</maxLength><r1AttributeValueReqFlag>N</r1AttributeValueReqFlag><r1CheckboxInd>2</r1CheckboxInd><r1DisplayOrder>30</r1DisplayOrder><r1GroupDisplayOrder>30</r1GroupDisplayOrder><r1ReqFeeCalc>N</r1ReqFeeCalc><r1SearchableFlag>Y</r1SearchableFlag><r1SearchableForAca>Y</r1SearchableForAca><r1SupervisorEditOnlyFlag>N</r1SupervisorEditOnlyFlag><r1TableGroupName>BLD_SIGN_T</r1TableGroupName><recDate>2015-07-24T09:27:26-07:00</recDate><recFulNam>ADMIN</recFulNam><recStatus>A</recStatus><vchDispFlag>H</vchDispFlag></asiModel><asiModel><r1CheckboxCode>BLD_SIGN_T</r1CheckboxCode><r1CheckboxDesc>Permit Issued Date</r1CheckboxDesc><r1CheckboxGroup>APPLICATION</r1CheckboxGroup><r1CheckboxType>PERMIT DATES</r1CheckboxType><servProvCode>MUNI1</servProvCode><asiDropdownModels/><displayLength>0</displayLength><maxLength>0</maxLength><r1AttributeValueReqFlag>N</r1AttributeValueReqFlag><r1CheckboxInd>2</r1CheckboxInd><r1DisplayOrder>25</r1DisplayOrder><r1GroupDisplayOrder>30</r1GroupDisplayOrder><r1ReqFeeCalc>N</r1ReqFeeCalc><r1SearchableFlag>Y</r1SearchableFlag><r1SearchableForAca>Y</r1SearchableForAca><r1SupervisorEditOnlyFlag>N</r1SupervisorEditOnlyFlag><r1TableGroupName>BLD_SIGN_T</r1TableGroupName><recDate>2015-07-24T09:27:26-07:00</recDate><recFulNam>ADMIN</recFulNam><recStatus>A</recStatus><vchDispFlag>H</vchDispFlag></asiModel><asiModel><r1CheckboxCode>BLD_SIGN_T</r1CheckboxCode><r1CheckboxDesc>Number of Signs</r1CheckboxDesc><r1CheckboxGroup>APPLICATION</r1CheckboxGroup><r1CheckboxType>TEMPORARY SIGN INFORMATION</r1CheckboxType><servProvCode>MUNI1</servProvCode><asiDropdownModels/><displayLength>0</displayLength><locationQueryFlag>N</locationQueryFlag><maxLength>0</maxLength><r1AttributeValueReqFlag>N</r1AttributeValueReqFlag><r1CheckboxInd>4</r1CheckboxInd><r1DisplayOrder>40</r1DisplayOrder><r1GroupDisplayOrder>10</r1GroupDisplayOrder><r1ReqFeeCalc>N</r1ReqFeeCalc><r1SearchableFlag>N</r1SearchableFlag><r1SearchableForAca>N</r1SearchableForAca><r1SupervisorEditOnlyFlag>N</r1SupervisorEditOnlyFlag><r1TableGroupName>BLD_SIGN_T</r1TableGroupName><recDate>2015-04-16T10:19:12-07:00</recDate><recFulNam>ADMIN</recFulNam><recStatus>A</recStatus><vchDispFlag>Y</vchDispFlag></asiModel><asiModel><r1CheckboxCode>BLD_SIGN_T</r1CheckboxCode><r1CheckboxDesc>Proposed Display Date End</r1CheckboxDesc><r1CheckboxGroup>APPLICATION</r1CheckboxGroup><r1CheckboxType>TEMPORARY SIGN INFORMATION</r1CheckboxType><servProvCode>MUNI1</servProvCode><asiDropdownModels/><displayLength>0</displayLength><locationQueryFlag>N</locationQueryFlag><maxLength>0</maxLength><r1AttributeValueReqFlag>N</r1AttributeValueReqFlag><r1CheckboxInd>2</r1CheckboxInd><r1DisplayOrder>30</r1DisplayOrder><r1GroupDisplayOrder>10</r1GroupDisplayOrder><r1ReqFeeCalc>N</r1ReqFeeCalc><r1SearchableFlag>N</r1SearchableFlag><r1SearchableForAca>N</r1SearchableForAca><r1SupervisorEditOnlyFlag>N</r1SupervisorEditOnlyFlag><r1TableGroupName>BLD_SIGN_T</r1TableGroupName><recDate>2015-04-16T10:19:12-07:00</recDate><recFulNam>ADMIN</recFulNam><recStatus>A</recStatus><vchDispFlag>Y</vchDispFlag></asiModel><asiModel><r1CheckboxCode>BLD_SIGN_T</r1CheckboxCode><r1CheckboxDesc>Proposed Display Date Start</r1CheckboxDesc><r1CheckboxGroup>APPLICATION</r1CheckboxGroup><r1CheckboxType>TEMPORARY SIGN INFORMATION</r1CheckboxType><servProvCode>MUNI1</servProvCode><asiDropdownModels/><displayLength>0</displayLength><locationQueryFlag>N</locationQueryFlag><maxLength>0</maxLength><r1AttributeValueReqFlag>N</r1AttributeValueReqFlag><r1CheckboxInd>2</r1CheckboxInd><r1DisplayOrder>20</r1DisplayOrder><r1GroupDisplayOrder>10</r1GroupDisplayOrder><r1ReqFeeCalc>N</r1ReqFeeCalc><r1SearchableFlag>N</r1SearchableFlag><r1SearchableForAca>N</r1SearchableForAca><r1SupervisorEditOnlyFlag>N</r1SupervisorEditOnlyFlag><r1TableGroupName>BLD_SIGN_T</r1TableGroupName><recDate>2015-04-16T10:19:12-07:00</recDate><recFulNam>ADMIN</recFulNam><recStatus>A</recStatus><vchDispFlag>Y</vchDispFlag></asiModel><asiModel><r1CheckboxCode>BLD_SIGN_T</r1CheckboxCode><r1CheckboxDesc>Type of Temporary Sign</r1CheckboxDesc><r1CheckboxGroup>APPLICATION</r1CheckboxGroup><r1CheckboxType>TEMPORARY SIGN INFORMATION</r1CheckboxType><servProvCode>MUNI1</servProvCode><asiDropdownModels/><displayLength>0</displayLength><locationQueryFlag>N</locationQueryFlag><maxLength>0</maxLength><r1AttributeValueReqFlag>N</r1AttributeValueReqFlag><r1CheckboxInd>5</r1CheckboxInd><r1DisplayOrder>10</r1DisplayOrder><r1GroupDisplayOrder>10</r1GroupDisplayOrder><r1ReqFeeCalc>N</r1ReqFeeCalc><r1SearchableFlag>Y</r1SearchableFlag><r1SearchableForAca>Y</r1SearchableForAca><r1SupervisorEditOnlyFlag>N</r1SupervisorEditOnlyFlag><r1TableGroupName>BLD_SIGN_T</r1TableGroupName><recDate>2015-04-16T10:19:12-07:00</recDate><recFulNam>ADMIN</recFulNam><recStatus>A</recStatus><vchDispFlag>Y</vchDispFlag></asiModel><asiModel><r1CheckboxCode>BLD_SIGN_T</r1CheckboxCode><r1CheckboxDesc>Land Use 1</r1CheckboxDesc><r1CheckboxGroup>APPLICATION</r1CheckboxGroup><r1CheckboxType>ZONING</r1CheckboxType><servProvCode>MUNI1</servProvCode><asiDropdownModels/><displayLength>0</displayLength><locationQueryFlag>N</locationQueryFlag><maxLength>0</maxLength><r1AttributeValueReqFlag>N</r1AttributeValueReqFlag><r1CheckboxInd>1</r1CheckboxInd><r1DisplayOrder>40</r1DisplayOrder><r1GroupDisplayOrder>20</r1GroupDisplayOrder><r1ReqFeeCalc>N</r1ReqFeeCalc><r1SearchableFlag>N</r1SearchableFlag><r1SearchableForAca>N</r1SearchableForAca><r1SupervisorEditOnlyFlag>N</r1SupervisorEditOnlyFlag><r1TableGroupName>BLD_SIGN_T</r1TableGroupName><recDate>2015-04-16T10:19:12-07:00</recDate><recFulNam>ADMIN</recFulNam><recStatus>A</recStatus><vchDispFlag>Y</vchDispFlag></asiModel><asiModel><r1CheckboxCode>BLD_SIGN_T</r1CheckboxCode><r1CheckboxDesc>Land Use 2</r1CheckboxDesc><r1CheckboxGroup>APPLICATION</r1CheckboxGroup><r1CheckboxType>ZONING</r1CheckboxType><servProvCode>MUNI1</servProvCode><asiDropdownModels/><displayLength>0</displayLength><locationQueryFlag>N</locationQueryFlag><maxLength>0</maxLength><r1AttributeValueReqFlag>N</r1AttributeValueReqFlag><r1CheckboxInd>1</r1CheckboxInd><r1DisplayOrder>50</r1DisplayOrder><r1GroupDisplayOrder>20</r1GroupDisplayOrder><r1ReqFeeCalc>N</r1ReqFeeCalc><r1SearchableFlag>N</r1SearchableFlag><r1SearchableForAca>N</r1SearchableForAca><r1SupervisorEditOnlyFlag>N</r1SupervisorEditOnlyFlag><r1TableGroupName>BLD_SIGN_T</r1TableGroupName><recDate>2015-04-16T10:19:12-07:00</recDate><recFulNam>ADMIN</recFulNam><recStatus>A</recStatus><vchDispFlag>Y</vchDispFlag></asiModel><asiModel><r1CheckboxCode>BLD_SIGN_T</r1CheckboxCode><r1CheckboxDesc>Land Use 3</r1CheckboxDesc><r1CheckboxGroup>APPLICATION</r1CheckboxGroup><r1CheckboxType>ZONING</r1CheckboxType><servProvCode>MUNI1</servProvCode><asiDropdownModels/><displayLength>0</displayLength><locationQueryFlag>N</locationQueryFlag><maxLength>0</maxLength><r1AttributeValueReqFlag>N</r1AttributeValueReqFlag><r1CheckboxInd>1</r1CheckboxInd><r1DisplayOrder>60</r1DisplayOrder><r1GroupDisplayOrder>20</r1GroupDisplayOrder><r1ReqFeeCalc>N</r1ReqFeeCalc><r1SearchableFlag>N</r1SearchableFlag><r1SearchableForAca>N</r1SearchableForAca><r1SupervisorEditOnlyFlag>N</r1SupervisorEditOnlyFlag><r1TableGroupName>BLD_SIGN_T</r1TableGroupName><recDate>2015-04-16T10:19:12-07:00</recDate><recFulNam>ADMIN</recFulNam><recStatus>A</recStatus><vchDispFlag>Y</vchDispFlag></asiModel><asiModel><r1CheckboxCode>BLD_SIGN_T</r1CheckboxCode><r1CheckboxDesc>Zoning 1</r1CheckboxDesc><r1CheckboxGroup>APPLICATION</r1CheckboxGroup><r1CheckboxType>ZONING</r1CheckboxType><servProvCode>MUNI1</servProvCode><asiDropdownModels/><displayLength>0</displayLength><locationQueryFlag>N</locationQueryFlag><maxLength>0</maxLength><r1AttributeValueReqFlag>N</r1AttributeValueReqFlag><r1CheckboxInd>1</r1CheckboxInd><r1DisplayOrder>10</r1DisplayOrder><r1GroupDisplayOrder>20</r1GroupDisplayOrder><r1ReqFeeCalc>N</r1ReqFeeCalc><r1SearchableFlag>N</r1SearchableFlag><r1SearchableForAca>N</r1SearchableForAca><r1SupervisorEditOnlyFlag>N</r1SupervisorEditOnlyFlag><r1TableGroupName>BLD_SIGN_T</r1TableGroupName><recDate>2015-04-16T10:19:12-07:00</recDate><recFulNam>ADMIN</recFulNam><recStatus>A</recStatus><vchDispFlag>Y</vchDispFlag></asiModel><asiModel><r1CheckboxCode>BLD_SIGN_T</r1CheckboxCode><r1CheckboxDesc>Zoning 2</r1CheckboxDesc><r1CheckboxGroup>APPLICATION</r1CheckboxGroup><r1CheckboxType>ZONING</r1CheckboxType><servProvCode>MUNI1</servProvCode><asiDropdownModels/><displayLength>0</displayLength><locationQueryFlag>N</locationQueryFlag><maxLength>0</maxLength><r1AttributeValueReqFlag>N</r1AttributeValueReqFlag><r1CheckboxInd>1</r1CheckboxInd><r1DisplayOrder>20</r1DisplayOrder><r1GroupDisplayOrder>20</r1GroupDisplayOrder><r1ReqFeeCalc>N</r1ReqFeeCalc><r1SearchableFlag>N</r1SearchableFlag><r1SearchableForAca>N</r1SearchableForAca><r1SupervisorEditOnlyFlag>N</r1SupervisorEditOnlyFlag><r1TableGroupName>BLD_SIGN_T</r1TableGroupName><recDate>2015-04-16T10:19:12-07:00</recDate><recFulNam>ADMIN</recFulNam><recStatus>A</recStatus><vchDispFlag>Y</vchDispFlag></asiModel><asiModel><r1CheckboxCode>BLD_SIGN_T</r1CheckboxCode><r1CheckboxDesc>Zoning 3</r1CheckboxDesc><r1CheckboxGroup>APPLICATION</r1CheckboxGroup><r1CheckboxType>ZONING</r1CheckboxType><servProvCode>MUNI1</servProvCode><asiDropdownModels/><displayLength>0</displayLength><locationQueryFlag>N</locationQueryFlag><maxLength>0</maxLength><r1AttributeValueReqFlag>N</r1AttributeValueReqFlag><r1CheckboxInd>1</r1CheckboxInd><r1DisplayOrder>30</r1DisplayOrder><r1GroupDisplayOrder>20</r1GroupDisplayOrder><r1ReqFeeCalc>N</r1ReqFeeCalc><r1SearchableFlag>N</r1SearchableFlag><r1SearchableForAca>N</r1SearchableForAca><r1SupervisorEditOnlyFlag>N</r1SupervisorEditOnlyFlag><r1TableGroupName>BLD_SIGN_T</r1TableGroupName><recDate>2015-04-16T10:19:12-07:00</recDate><recFulNam>ADMIN</recFulNam><recStatus>A</recStatus><vchDispFlag>Y</vchDispFlag></asiModel></asiModels><asiSecurityModels/><fieldVariableMapping/><isASITSelected>Y</isASITSelected><isSecuritySelected>Y</isSecuritySelected><r1CheckboxType>PERMIT DATES</r1CheckboxType><r1TableGroupName>BLD_SIGN_T</r1TableGroupName><sharedDropDownModels><sharedDropDownModel refId="1@SharedDropDownModel"><sequenceNbr>177</sequenceNbr><serviceProviderCode>MUNI1</serviceProviderCode><auditModel><auditDate>2013-07-08T13:09:00-07:00</auditDate><auditID>ADMIN</auditID><auditStatus>A</auditStatus></auditModel><level1>BLD_SIGN_T</level1><level2>TEMPORARY SIGN INFORMATION</level2><level3>APPLICATION</level3><level4>Type of Temporary Sign</level4><relationType>APPLICATION_SPECIFIC_INFO</relationType><standardChoiceName>BLD_SIGN_TYPE_TEMP</standardChoiceName></sharedDropDownModel></sharedDropDownModels><templateLayoutConfigModels/></asiGroup>
<asiGroup><appSpecInfoGroupCode>BLD_ROW</appSpecInfoGroupCode><r1CheckboxGroup>FEEATTACHEDTABLE</r1CheckboxGroup><serviceProviderCode>MUNI1</serviceProviderCode><asiModels><asiModel><r1CheckboxCode>BLD_ROW</r1CheckboxCode><r1CheckboxDesc>Distance from Curb</r1CheckboxDesc><r1CheckboxGroup>FEEATTACHEDTABLE</r1CheckboxGroup><r1CheckboxType>EXCAVATION DETAIL</r1CheckboxType><servProvCode>MUNI1</servProvCode><asiDropdownModels/><displayLength>0</displayLength><maxLength>240</maxLength><r1AttributeValueReqFlag>N</r1AttributeValueReqFlag><r1CheckboxInd>4</r1CheckboxInd><r1DisplayOrder>40</r1DisplayOrder><r1GroupDisplayOrder>10</r1GroupDisplayOrder><r1ReqFeeCalc>N</r1ReqFeeCalc><r1SearchableFlag>N</r1SearchableFlag><r1SearchableForAca>Y</r1SearchableForAca><r1SupervisorEditOnlyFlag>N</r1SupervisorEditOnlyFlag><recDate>2014-11-20T19:36:39-08:00</recDate><recFulNam>ADMIN</recFulNam><recStatus>A</recStatus><vchDispFlag>Y</vchDispFlag></asiModel><asiModel><r1CheckboxCode>BLD_ROW</r1CheckboxCode><r1CheckboxDesc>Length</r1CheckboxDesc><r1CheckboxGroup>FEEATTACHEDTABLE</r1CheckboxGroup><r1CheckboxType>EXCAVATION DETAIL</r1CheckboxType><servProvCode>MUNI1</servProvCode><asiDropdownModels/><displayLength>0</displayLength><maxLength>240</maxLength><r1AttributeValueReqFlag>N</r1AttributeValueReqFlag><r1CheckboxInd>4</r1CheckboxInd><r1DisplayOrder>20</r1DisplayOrder><r1GroupDisplayOrder>10</r1GroupDisplayOrder><r1ReqFeeCalc>N</r1ReqFeeCalc><r1SearchableFlag>N</r1SearchableFlag><r1SearchableForAca>Y</r1SearchableForAca><r1SupervisorEditOnlyFlag>N</r1SupervisorEditOnlyFlag><recDate>2014-11-20T19:36:39-08:00</recDate><recFulNam>ADMIN</recFulNam><recStatus>A</recStatus><vchDispFlag>Y</vchDispFlag></asiModel><asiModel><r1CheckboxCode>BLD_ROW</r1CheckboxCode><r1CheckboxDesc>Type of Surface</r1CheckboxDesc><r1CheckboxGroup>FEEATTACHEDTABLE</r1CheckboxGroup><r1CheckboxType>EXCAVATION DETAIL</r1CheckboxType><servProvCode>MUNI1</servProvCode><asiDropdownModels><asiDropdownModel><fieldName>Type of Surface</fieldName><groupCode>BLD_ROW</groupCode><serviceProviderCode>MUNI1</serviceProviderCode><subGroupCode>EXCAVATION DETAIL</subGroupCode><type>FEEATTACHEDTABLE</type><value>Non-Pavement</value><appSpecInfoFieldI18NModels/><auditModel><auditDate>2014-10-25T20:15:16-07:00</auditDate><auditID>ADMIN</auditID><auditStatus>A</auditStatus></auditModel></asiDropdownModel><asiDropdownModel><fieldName>Type of Surface</fieldName><groupCode>BLD_ROW</groupCode><serviceProviderCode>MUNI1</serviceProviderCode><subGroupCode>EXCAVATION DETAIL</subGroupCode><type>FEEATTACHEDTABLE</type><value>Pavement</value><appSpecInfoFieldI18NModels/><auditModel><auditDate>2014-10-25T20:15:16-07:00</auditDate><auditID>ADMIN</auditID><auditStatus>A</auditStatus></auditModel></asiDropdownModel></asiDropdownModels><displayLength>0</displayLength><maxLength>240</maxLength><r1AttributeValueReqFlag>Y</r1AttributeValueReqFlag><r1CheckboxInd>5</r1CheckboxInd><r1DisplayOrder>10</r1DisplayOrder><r1GroupDisplayOrder>10</r1GroupDisplayOrder><r1ReqFeeCalc>N</r1ReqFeeCalc><r1SearchableFlag>N</r1SearchableFlag><r1SearchableForAca>Y</r1SearchableForAca><r1SupervisorEditOnlyFlag>N</r1SupervisorEditOnlyFlag><recDate>2014-11-20T19:36:39-08:00</recDate><recFulNam>ADMIN</recFulNam><recStatus>A</recStatus><vchDispFlag>Y</vchDispFlag></asiModel><asiModel><r1CheckboxCode>BLD_ROW</r1CheckboxCode><r1CheckboxDesc>Unit</r1CheckboxDesc><r1CheckboxGroup>FEEATTACHEDTABLE</r1CheckboxGroup><r1CheckboxType>EXCAVATION DETAIL</r1CheckboxType><servProvCode>MUNI1</servProvCode><asiDropdownModels/><displayLength>0</displayLength><maxLength>240</maxLength><r1AttributeValue>Linear Ft</r1AttributeValue><r1AttributeValueReqFlag>N</r1AttributeValueReqFlag><r1CheckboxInd>1</r1CheckboxInd><r1DisplayOrder>50</r1DisplayOrder><r1GroupDisplayOrder>10</r1GroupDisplayOrder><r1ReqFeeCalc>N</r1ReqFeeCalc><r1SearchableFlag>N</r1SearchableFlag><r1SearchableForAca>Y</r1SearchableForAca><r1SupervisorEditOnlyFlag>N</r1SupervisorEditOnlyFlag><recDate>2014-11-20T19:36:39-08:00</recDate><recFulNam>ADMIN</recFulNam><recStatus>A</recStatus><vchDispFlag>Y</vchDispFlag></asiModel><asiModel><r1CheckboxCode>BLD_ROW</r1CheckboxCode><r1CheckboxDesc>Width</r1CheckboxDesc><r1CheckboxGroup>FEEATTACHEDTABLE</r1CheckboxGroup><r1CheckboxType>EXCAVATION DETAIL</r1CheckboxType><servProvCode>MUNI1</servProvCode><asiDropdownModels/><displayLength>0</displayLength><maxLength>240</maxLength><r1AttributeValueReqFlag>N</r1AttributeValueReqFlag><r1CheckboxInd>4</r1CheckboxInd><r1DisplayOrder>30</r1DisplayOrder><r1GroupDisplayOrder>10</r1GroupDisplayOrder><r1ReqFeeCalc>N</r1ReqFeeCalc><r1SearchableFlag>N</r1SearchableFlag><r1SearchableForAca>Y</r1SearchableForAca><r1SupervisorEditOnlyFlag>N</r1SupervisorEditOnlyFlag><recDate>2014-11-20T19:36:39-08:00</recDate><recFulNam>ADMIN</recFulNam><recStatus>A</recStatus><vchDispFlag>Y</vchDispFlag></asiModel><asiModel><r1CheckboxCode>BLD_ROW</r1CheckboxCode><r1CheckboxDesc>Bus Stop ID Number</r1CheckboxDesc><r1CheckboxGroup>FEEATTACHEDTABLE</r1CheckboxGroup><r1CheckboxType>METER-BUS STOP DETAIL</r1CheckboxType><servProvCode>MUNI1</servProvCode><asiDropdownModels/><displayLength>0</displayLength><maxLength>240</maxLength><r1AttributeValueReqFlag>N</r1AttributeValueReqFlag><r1CheckboxInd>1</r1CheckboxInd><r1DisplayOrder>20</r1DisplayOrder><r1GroupDisplayOrder>20</r1GroupDisplayOrder><r1ReqFeeCalc>N</r1ReqFeeCalc><r1SearchableFlag>N</r1SearchableFlag><r1SearchableForAca>Y</r1SearchableForAca><r1SupervisorEditOnlyFlag>N</r1SupervisorEditOnlyFlag><recDate>2014-11-17T01:38:54-08:00</recDate><recFulNam>ADMIN</recFulNam><recStatus>A</recStatus><vchDispFlag>Y</vchDispFlag></asiModel><asiModel><r1CheckboxCode>BLD_ROW</r1CheckboxCode><r1CheckboxDesc>Meter ID Number</r1CheckboxDesc><r1CheckboxGroup>FEEATTACHEDTABLE</r1CheckboxGroup><r1CheckboxType>METER-BUS STOP DETAIL</r1CheckboxType><servProvCode>MUNI1</servProvCode><asiDropdownModels/><displayLength>0</displayLength><maxLength>240</maxLength><r1AttributeValueReqFlag>N</r1AttributeValueReqFlag><r1CheckboxInd>1</r1CheckboxInd><r1DisplayOrder>10</r1DisplayOrder><r1GroupDisplayOrder>20</r1GroupDisplayOrder><r1ReqFeeCalc>N</r1ReqFeeCalc><r1SearchableFlag>N</r1SearchableFlag><r1SearchableForAca>Y</r1SearchableForAca><r1SupervisorEditOnlyFlag>N</r1SupervisorEditOnlyFlag><recDate>2014-11-17T01:38:54-08:00</recDate><recFulNam>ADMIN</recFulNam><recStatus>A</recStatus><vchDispFlag>Y</vchDispFlag></asiModel></asiModels><asiSecurityModels/><fieldVariableMapping/><isASITSelected>Y</isASITSelected><isSecuritySelected>Y</isSecuritySelected><r1CheckboxType>EXCAVATION DETAIL</r1CheckboxType><sharedDropDownModels><sharedDropDownModel refId="1@SharedDropDownModel"><sequenceNbr>182</sequenceNbr><serviceProviderCode>MUNI1</serviceProviderCode><auditModel><auditDate>2014-11-17T01:42:48-08:00</auditDate><auditID>ADMIN</auditID><auditStatus>A</auditStatus></auditModel><level1>BLD_ROW</level1><level2>EXCAVATION DETAIL</level2><level3>FEEATTACHEDTABLE</level3><level4>Type of Surface</level4><relationType>APPLICATION_SPECIFIC_INFO_TABLE</relationType><standardChoiceName>BLD_ROW_SURFACE</standardChoiceName></sharedDropDownModel></sharedDropDownModels><templateLayoutConfigModels/></asiGroup>
<asiGroup><appSpecInfoGroupCode>BLD_SIGN_P</appSpecInfoGroupCode><r1CheckboxGroup>FEEATTACHEDTABLE</r1CheckboxGroup><serviceProviderCode>MUNI1</serviceProviderCode><asiModels><asiModel><r1CheckboxCode>BLD_SIGN_P</r1CheckboxCode><r1CheckboxDesc>Area</r1CheckboxDesc><r1CheckboxGroup>FEEATTACHEDTABLE</r1CheckboxGroup><r1CheckboxType>SIGN INFORMATION</r1CheckboxType><servProvCode>MUNI1</servProvCode><asiDropdownModels/><displayLength>0</displayLength><maxLength>240</maxLength><r1AttributeValueReqFlag>N</r1AttributeValueReqFlag><r1CheckboxInd>4</r1CheckboxInd><r1DisplayOrder>50</r1DisplayOrder><r1GroupDisplayOrder>10</r1GroupDisplayOrder><r1ReqFeeCalc>N</r1ReqFeeCalc><r1SearchableFlag>N</r1SearchableFlag><r1SupervisorEditOnlyFlag>N</r1SupervisorEditOnlyFlag><recDate>2011-12-12T13:04:51-08:00</recDate><recFulNam>ADMIN</recFulNam><recStatus>A</recStatus><vchDispFlag>Y</vchDispFlag></asiModel><asiModel><r1CheckboxCode>BLD_SIGN_P</r1CheckboxCode><r1CheckboxDesc>Height</r1CheckboxDesc><r1CheckboxGroup>FEEATTACHEDTABLE</r1CheckboxGroup><r1CheckboxType>SIGN INFORMATION</r1CheckboxType><servProvCode>MUNI1</servProvCode><asiDropdownModels/><displayLength>0</displayLength><maxLength>240</maxLength><r1AttributeValueReqFlag>N</r1AttributeValueReqFlag><r1CheckboxInd>4</r1CheckboxInd><r1DisplayOrder>30</r1DisplayOrder><r1GroupDisplayOrder>10</r1GroupDisplayOrder><r1ReqFeeCalc>N</r1ReqFeeCalc><r1SearchableFlag>N</r1SearchableFlag><r1SupervisorEditOnlyFlag>N</r1SupervisorEditOnlyFlag><recDate>2011-12-12T13:04:51-08:00</recDate><recFulNam>ADMIN</recFulNam><recStatus>A</recStatus><vchDispFlag>Y</vchDispFlag></asiModel><asiModel><r1CheckboxCode>BLD_SIGN_P</r1CheckboxCode><r1CheckboxDesc>Height Above Grade</r1CheckboxDesc><r1CheckboxGroup>FEEATTACHEDTABLE</r1CheckboxGroup><r1CheckboxType>SIGN INFORMATION</r1CheckboxType><servProvCode>MUNI1</servProvCode><asiDropdownModels/><displayLength>0</displayLength><maxLength>240</maxLength><r1AttributeValueReqFlag>N</r1AttributeValueReqFlag><r1CheckboxInd>4</r1CheckboxInd><r1DisplayOrder>60</r1DisplayOrder><r1GroupDisplayOrder>10</r1GroupDisplayOrder><r1ReqFeeCalc>N</r1ReqFeeCalc><r1SearchableFlag>N</r1SearchableFlag><r1SupervisorEditOnlyFlag>N</r1SupervisorEditOnlyFlag><recDate>2011-12-12T13:04:51-08:00</recDate><recFulNam>ADMIN</recFulNam><recStatus>A</recStatus><vchDispFlag>Y</vchDispFlag></asiModel><asiModel><r1CheckboxCode>BLD_SIGN_P</r1CheckboxCode><r1CheckboxDesc>Illuminated</r1CheckboxDesc><r1CheckboxGroup>FEEATTACHEDTABLE</r1CheckboxGroup><r1CheckboxType>SIGN INFORMATION</r1CheckboxType><servProvCode>MUNI1</servProvCode><asiDropdownModels/><displayLength>0</displayLength><maxLength>240</maxLength><r1AttributeValueReqFlag>N</r1AttributeValueReqFlag><r1CheckboxInd>3</r1CheckboxInd><r1DisplayOrder>20</r1DisplayOrder><r1GroupDisplayOrder>10</r1GroupDisplayOrder><r1ReqFeeCalc>N</r1ReqFeeCalc><r1SearchableFlag>N</r1SearchableFlag><r1SupervisorEditOnlyFlag>N</r1SupervisorEditOnlyFlag><recDate>2011-12-12T13:04:51-08:00</recDate><recFulNam>ADMIN</recFulNam><recStatus>A</recStatus><vchDispFlag>Y</vchDispFlag></asiModel><asiModel><r1CheckboxCode>BLD_SIGN_P</r1CheckboxCode><r1CheckboxDesc>Location</r1CheckboxDesc><r1CheckboxGroup>FEEATTACHEDTABLE</r1CheckboxGroup><r1CheckboxType>SIGN INFORMATION</r1CheckboxType><servProvCode>MUNI1</servProvCode><asiDropdownModels/><displayLength>0</displayLength><maxLength>240</maxLength><r1AttributeValueReqFlag>N</r1AttributeValueReqFlag><r1CheckboxInd>1</r1CheckboxInd><r1DisplayOrder>90</r1DisplayOrder><r1GroupDisplayOrder>10</r1GroupDisplayOrder><r1ReqFeeCalc>N</r1ReqFeeCalc><r1SearchableFlag>N</r1SearchableFlag><r1SupervisorEditOnlyFlag>N</r1SupervisorEditOnlyFlag><recDate>2011-12-12T13:04:51-08:00</recDate><recFulNam>ADMIN</recFulNam><recStatus>A</recStatus><vchDispFlag>Y</vchDispFlag></asiModel><asiModel><r1CheckboxCode>BLD_SIGN_P</r1CheckboxCode><r1CheckboxDesc>Number of Faces</r1CheckboxDesc><r1CheckboxGroup>FEEATTACHEDTABLE</r1CheckboxGroup><r1CheckboxType>SIGN INFORMATION</r1CheckboxType><servProvCode>MUNI1</servProvCode><asiDropdownModels/><displayLength>0</displayLength><maxLength>240</maxLength><r1AttributeValueReqFlag>N</r1AttributeValueReqFlag><r1CheckboxInd>4</r1CheckboxInd><r1DisplayOrder>70</r1DisplayOrder><r1GroupDisplayOrder>10</r1GroupDisplayOrder><r1ReqFeeCalc>N</r1ReqFeeCalc><r1SearchableFlag>N</r1SearchableFlag><r1SupervisorEditOnlyFlag>N</r1SupervisorEditOnlyFlag><recDate>2011-12-12T13:04:51-08:00</recDate><recFulNam>ADMIN</recFulNam><recStatus>A</recStatus><vchDispFlag>Y</vchDispFlag></asiModel><asiModel><r1CheckboxCode>BLD_SIGN_P</r1CheckboxCode><r1CheckboxDesc>Sign Copy</r1CheckboxDesc><r1CheckboxGroup>FEEATTACHEDTABLE</r1CheckboxGroup><r1CheckboxType>SIGN INFORMATION</r1CheckboxType><servProvCode>MUNI1</servProvCode><asiDropdownModels/><displayLength>0</displayLength><maxLength>4000</maxLength><r1AttributeValueReqFlag>N</r1AttributeValueReqFlag><r1CheckboxInd>6</r1CheckboxInd><r1DisplayOrder>80</r1DisplayOrder><r1GroupDisplayOrder>10</r1GroupDisplayOrder><r1ReqFeeCalc>N</r1ReqFeeCalc><r1SearchableFlag>N</r1SearchableFlag><r1SupervisorEditOnlyFlag>N</r1SupervisorEditOnlyFlag><recDate>2011-12-12T13:04:51-08:00</recDate><recFulNam>ADMIN</recFulNam><recStatus>A</recStatus><vchDispFlag>Y</vchDispFlag></asiModel><asiModel><r1CheckboxCode>BLD_SIGN_P</r1CheckboxCode><r1CheckboxDesc>Type of Sign</r1CheckboxDesc><r1CheckboxGroup>FEEATTACHEDTABLE</r1CheckboxGroup><r1CheckboxType>SIGN INFORMATION</r1CheckboxType><servProvCode>MUNI1</servProvCode><asiDropdownModels/><displayLength>0</displayLength><maxLength>240</maxLength><r1AttributeValueReqFlag>N</r1AttributeValueReqFlag><r1CheckboxInd>5</r1CheckboxInd><r1DisplayOrder>10</r1DisplayOrder><r1GroupDisplayOrder>10</r1GroupDisplayOrder><r1ReqFeeCalc>N</r1ReqFeeCalc><r1SearchableFlag>N</r1SearchableFlag><r1SupervisorEditOnlyFlag>N</r1SupervisorEditOnlyFlag><recDate>2011-12-12T13:04:51-08:00</recDate><recFulNam>ADMIN</recFulNam><recStatus>A</recStatus><vchDispFlag>Y</vchDispFlag></asiModel><asiModel><r1CheckboxCode>BLD_SIGN_P</r1CheckboxCode><r1CheckboxDesc>Width</r1CheckboxDesc><r1CheckboxGroup>FEEATTACHEDTABLE</r1CheckboxGroup><r1CheckboxType>SIGN INFORMATION</r1CheckboxType><servProvCode>MUNI1</servProvCode><asiDropdownModels/><displayLength>0</displayLength><maxLength>240</maxLength><r1AttributeValueReqFlag>N</r1AttributeValueReqFlag><r1CheckboxInd>4</r1CheckboxInd><r1DisplayOrder>40</r1DisplayOrder><r1GroupDisplayOrder>10</r1GroupDisplayOrder><r1ReqFeeCalc>N</r1ReqFeeCalc><r1SearchableFlag>N</r1SearchableFlag><r1SupervisorEditOnlyFlag>N</r1SupervisorEditOnlyFlag><recDate>2011-12-12T13:04:51-08:00</recDate><recFulNam>ADMIN</recFulNam><recStatus>A</recStatus><vchDispFlag>Y</vchDispFlag></asiModel></asiModels><asiSecurityModels/><fieldVariableMapping/><isASITSelected>Y</isASITSelected><isSecuritySelected>Y</isSecuritySelected><r1CheckboxType>SIGN INFORMATION</r1CheckboxType><sharedDropDownModels><sharedDropDownModel refId="1@SharedDropDownModel"><sequenceNbr>183</sequenceNbr><serviceProviderCode>MUNI1</serviceProviderCode><auditModel><auditDate>2011-11-03T10:09:46-07:00</auditDate><auditID>ADMIN</auditID><auditStatus>A</auditStatus></auditModel><level1>BLD_SIGN_P</level1><level2>SIGN INFORMATION</level2><level3>FEEATTACHEDTABLE</level3><level4>Type of Sign</level4><relationType>APPLICATION_SPECIFIC_INFO_TABLE</relationType><standardChoiceName>BLD_SIGN_TYPE</standardChoiceName></sharedDropDownModel></sharedDropDownModels><templateLayoutConfigModels/></asiGroup>
<asiGroup><appSpecInfoGroupCode>BLD_SIGN_T</appSpecInfoGroupCode><r1CheckboxGroup>FEEATTACHEDTABLE</r1CheckboxGroup><serviceProviderCode>MUNI1</serviceProviderCode><asiModels><asiModel><r1CheckboxCode>BLD_SIGN_T</r1CheckboxCode><r1CheckboxDesc>Area</r1CheckboxDesc><r1CheckboxGroup>FEEATTACHEDTABLE</r1CheckboxGroup><r1CheckboxType>SIGN INFORMATION</r1CheckboxType><servProvCode>MUNI1</servProvCode><asiDropdownModels/><displayLength>0</displayLength><maxLength>240</maxLength><r1AttributeValueReqFlag>N</r1AttributeValueReqFlag><r1CheckboxInd>4</r1CheckboxInd><r1DisplayOrder>30</r1DisplayOrder><r1GroupDisplayOrder>10</r1GroupDisplayOrder><r1ReqFeeCalc>N</r1ReqFeeCalc><r1SearchableFlag>N</r1SearchableFlag><r1SupervisorEditOnlyFlag>N</r1SupervisorEditOnlyFlag><recDate>2011-11-03T11:51:05-07:00</recDate><recFulNam>ADMIN</recFulNam><recStatus>A</recStatus><vchDispFlag>Y</vchDispFlag></asiModel><asiModel><r1CheckboxCode>BLD_SIGN_T</r1CheckboxCode><r1CheckboxDesc>Length</r1CheckboxDesc><r1CheckboxGroup>FEEATTACHEDTABLE</r1CheckboxGroup><r1CheckboxType>SIGN INFORMATION</r1CheckboxType><servProvCode>MUNI1</servProvCode><asiDropdownModels/><displayLength>0</displayLength><maxLength>240</maxLength><r1AttributeValueReqFlag>N</r1AttributeValueReqFlag><r1CheckboxInd>4</r1CheckboxInd><r1DisplayOrder>10</r1DisplayOrder><r1GroupDisplayOrder>10</r1GroupDisplayOrder><r1ReqFeeCalc>N</r1ReqFeeCalc><r1SearchableFlag>N</r1SearchableFlag><r1SupervisorEditOnlyFlag>N</r1SupervisorEditOnlyFlag><recDate>2011-11-03T11:51:05-07:00</recDate><recFulNam>ADMIN</recFulNam><recStatus>A</recStatus><vchDispFlag>Y</vchDispFlag></asiModel><asiModel><r1CheckboxCode>BLD_SIGN_T</r1CheckboxCode><r1CheckboxDesc>Location</r1CheckboxDesc><r1CheckboxGroup>FEEATTACHEDTABLE</r1CheckboxGroup><r1CheckboxType>SIGN INFORMATION</r1CheckboxType><servProvCode>MUNI1</servProvCode><asiDropdownModels/><displayLength>0</displayLength><maxLength>240</maxLength><r1AttributeValueReqFlag>N</r1AttributeValueReqFlag><r1CheckboxInd>1</r1CheckboxInd><r1DisplayOrder>50</r1DisplayOrder><r1GroupDisplayOrder>10</r1GroupDisplayOrder><r1ReqFeeCalc>N</r1ReqFeeCalc><r1SearchableFlag>N</r1SearchableFlag><r1SupervisorEditOnlyFlag>N</r1SupervisorEditOnlyFlag><recDate>2011-11-03T11:51:05-07:00</recDate><recFulNam>ADMIN</recFulNam><recStatus>A</recStatus><vchDispFlag>Y</vchDispFlag></asiModel><asiModel><r1CheckboxCode>BLD_SIGN_T</r1CheckboxCode><r1CheckboxDesc>Sign Copy</r1CheckboxDesc><r1CheckboxGroup>FEEATTACHEDTABLE</r1CheckboxGroup><r1CheckboxType>SIGN INFORMATION</r1CheckboxType><servProvCode>MUNI1</servProvCode><asiDropdownModels/><displayLength>0</displayLength><maxLength>240</maxLength><r1AttributeValueReqFlag>N</r1AttributeValueReqFlag><r1CheckboxInd>1</r1CheckboxInd><r1DisplayOrder>40</r1DisplayOrder><r1GroupDisplayOrder>10</r1GroupDisplayOrder><r1ReqFeeCalc>N</r1ReqFeeCalc><r1SearchableFlag>N</r1SearchableFlag><r1SupervisorEditOnlyFlag>N</r1SupervisorEditOnlyFlag><recDate>2011-11-03T11:51:05-07:00</recDate><recFulNam>ADMIN</recFulNam><recStatus>A</recStatus><vchDispFlag>Y</vchDispFlag></asiModel><asiModel><r1CheckboxCode>BLD_SIGN_T</r1CheckboxCode><r1CheckboxDesc>Width</r1CheckboxDesc><r1CheckboxGroup>FEEATTACHEDTABLE</r1CheckboxGroup><r1CheckboxType>SIGN INFORMATION</r1CheckboxType><servProvCode>MUNI1</servProvCode><asiDropdownModels/><displayLength>0</displayLength><maxLength>240</maxLength><r1AttributeValueReqFlag>N</r1AttributeValueReqFlag><r1CheckboxInd>4</r1CheckboxInd><r1DisplayOrder>20</r1DisplayOrder><r1GroupDisplayOrder>10</r1GroupDisplayOrder><r1ReqFeeCalc>N</r1ReqFeeCalc><r1SearchableFlag>N</r1SearchableFlag><r1SupervisorEditOnlyFlag>N</r1SupervisorEditOnlyFlag><recDate>2011-11-03T11:51:05-07:00</recDate><recFulNam>ADMIN</recFulNam><recStatus>A</recStatus><vchDispFlag>Y</vchDispFlag></asiModel></asiModels><asiSecurityModels/><fieldVariableMapping/><isASITSelected>Y</isASITSelected><isSecuritySelected>Y</isSecuritySelected><r1CheckboxType>SIGN INFORMATION</r1CheckboxType><sharedDropDownModels/><templateLayoutConfigModels/></asiGroup>
</list>