<?xml version="1.0" encoding="UTF-8" standalone="yes"?>
<list  version="8.0.0" minorVersion="21" exportUser="ADMIN" exportDateTime="07/28/2016 05:28 AM" description="null"><inspectionGroup><inspCode>BLD_FENCE</inspCode><servProvCode>MUNI1</servProvCode><inspGroupName>BLD Fence</inspGroupName><inspectionSec>BLD_FENCE/%</inspectionSec><inspectionTypeModels><inspectionTypeModel><inspSeqNbr>58</inspSeqNbr><servProvCode>MUNI1</servProvCode><allowFailedGuidesheet>Y</allowFailedGuidesheet><allowMultiInspInAca>Y</allowMultiInspInAca><autoAssign>N</autoAssign><displayInAca>Y</displayInAca><flowEnabled>N</flowEnabled><inspCode>BLD_FENCE</inspCode><inspEditable>Y</inspEditable><inspGroupName>BLD Fence</inspGroupName><inspPriority>1</inspPriority><inspRequired>N</inspRequired><inspResultGroup>BLD_STANDARD</inspResultGroup><inspType>Fence Final</inspType><inspectionTypeI18ns/><recDate>2014-05-08T12:21:46-07:00</recDate><recFulNam>ADMIN</recFulNam><recStatus>A</recStatus><totalScoreOption>SUM(list)</totalScoreOption></inspectionTypeModel><inspectionTypeModel><inspSeqNbr>59</inspSeqNbr><servProvCode>MUNI1</servProvCode><allowFailedGuidesheet>Y</allowFailedGuidesheet><allowMultiInspInAca>N</allowMultiInspInAca><autoAssign>N</autoAssign><displayInAca>Y</displayInAca><flowEnabled>N</flowEnabled><inspCode>BLD_FENCE</inspCode><inspEditable>Y</inspEditable><inspGroupName>BLD Fence</inspGroupName><inspPriority>2</inspPriority><inspRequired>N</inspRequired><inspResultGroup>BLD_STANDARD</inspResultGroup><inspType>Progress Check</inspType><inspectionTypeI18ns/><recDate>2014-05-08T12:21:46-07:00</recDate><recFulNam>ADMIN</recFulNam><recStatus>A</recStatus><totalScoreOption>SUM(list)</totalScoreOption></inspectionTypeModel></inspectionTypeModels><inspectionTypeSecurityModels/><isDepartmentSelected>Y</isDepartmentSelected><isGradeGroupSelected>Y</isGradeGroupSelected><isGuideSheetSelected>Y</isGuideSheetSelected><isRelatedInspSelected>Y</isRelatedInspSelected><isResultGroupSelected>Y</isResultGroupSelected><isSecutirySelected>Y</isSecutirySelected></inspectionGroup>
<inspectionGroup><inspCode>BLD_GRADING</inspCode><servProvCode>MUNI1</servProvCode><inspGroupName>BLD Grading</inspGroupName><inspectionSec>BLD_GRADING/%</inspectionSec><inspectionTypeModels><inspectionTypeModel><inspSeqNbr>60</inspSeqNbr><servProvCode>MUNI1</servProvCode><allowFailedGuidesheet>Y</allowFailedGuidesheet><allowMultiInspInAca>N</allowMultiInspInAca><autoAssign>N</autoAssign><displayInAca>Y</displayInAca><flowEnabled>N</flowEnabled><inspCode>BLD_GRADING</inspCode><inspEditable>Y</inspEditable><inspGroupName>BLD Grading</inspGroupName><inspPriority>1</inspPriority><inspRequired>N</inspRequired><inspResultGroup>BLD_STANDARD</inspResultGroup><inspType>Grading Progress Check</inspType><inspectionTypeI18ns/><recDate>2013-03-27T13:04:23-07:00</recDate><recFulNam>ADMIN</recFulNam><recStatus>A</recStatus><totalScoreOption>SUM(list)</totalScoreOption></inspectionTypeModel><inspectionTypeModel><inspSeqNbr>61</inspSeqNbr><servProvCode>MUNI1</servProvCode><allowFailedGuidesheet>Y</allowFailedGuidesheet><allowMultiInspInAca>N</allowMultiInspInAca><autoAssign>N</autoAssign><displayInAca>Y</displayInAca><flowEnabled>N</flowEnabled><inspCode>BLD_GRADING</inspCode><inspEditable>Y</inspEditable><inspGroupName>BLD Grading</inspGroupName><inspPriority>2</inspPriority><inspRequired>N</inspRequired><inspResultGroup>BLD_STANDARD</inspResultGroup><inspType>Grading Final</inspType><inspectionTypeI18ns/><recDate>2013-03-27T13:04:23-07:00</recDate><recFulNam>ADMIN</recFulNam><recStatus>A</recStatus><totalScoreOption>SUM(list)</totalScoreOption></inspectionTypeModel></inspectionTypeModels><inspectionTypeSecurityModels/><isDepartmentSelected>Y</isDepartmentSelected><isGradeGroupSelected>Y</isGradeGroupSelected><isGuideSheetSelected>Y</isGuideSheetSelected><isRelatedInspSelected>Y</isRelatedInspSelected><isResultGroupSelected>Y</isResultGroupSelected><isSecutirySelected>Y</isSecutirySelected></inspectionGroup>
<inspectionGroup><inspCode>BLD_ROW</inspCode><servProvCode>MUNI1</servProvCode><inspGroupName>BLD ROW</inspGroupName><inspectionSec>BLD_ROW/%</inspectionSec><inspectionTypeModels><inspectionTypeModel><inspSeqNbr>110</inspSeqNbr><servProvCode>MUNI1</servProvCode><allowFailedGuidesheet>Y</allowFailedGuidesheet><allowMultiInspInAca>Y</allowMultiInspInAca><autoAssign>N</autoAssign><displayInAca>Y</displayInAca><flowEnabled>N</flowEnabled><inspCode>BLD_ROW</inspCode><inspEditable>Y</inspEditable><inspGroupName>BLD ROW</inspGroupName><inspPriority>2</inspPriority><inspRequired>N</inspRequired><inspResultGroup>BLD_STANDARD</inspResultGroup><inspType>Progress Check</inspType><inspectionTypeI18ns/><recDate>2014-10-14T10:53:21-07:00</recDate><recFulNam>ADMIN</recFulNam><recStatus>A</recStatus><totalScoreOption>SUM(list)</totalScoreOption></inspectionTypeModel><inspectionTypeModel><inspSeqNbr>111</inspSeqNbr><servProvCode>MUNI1</servProvCode><allowFailedGuidesheet>Y</allowFailedGuidesheet><allowMultiInspInAca>Y</allowMultiInspInAca><autoAssign>N</autoAssign><displayInAca>Y</displayInAca><flowEnabled>N</flowEnabled><inspCode>BLD_ROW</inspCode><inspEditable>Y</inspEditable><inspGroupName>BLD ROW</inspGroupName><inspPriority>1</inspPriority><inspRequired>N</inspRequired><inspResultGroup>BLD_STANDARD</inspResultGroup><inspType>ROW Final</inspType><inspectionTypeI18ns/><recDate>2014-10-14T10:53:21-07:00</recDate><recFulNam>ADMIN</recFulNam><recStatus>A</recStatus><totalScoreOption>SUM(list)</totalScoreOption></inspectionTypeModel></inspectionTypeModels><inspectionTypeSecurityModels/><isDepartmentSelected>Y</isDepartmentSelected><isGradeGroupSelected>Y</isGradeGroupSelected><isGuideSheetSelected>Y</isGuideSheetSelected><isRelatedInspSelected>Y</isRelatedInspSelected><isResultGroupSelected>Y</isResultGroupSelected><isSecutirySelected>Y</isSecutirySelected></inspectionGroup>
<inspectionGroup><inspCode>BLD_SIGN</inspCode><servProvCode>MUNI1</servProvCode><inspGroupName>BLD Sign</inspGroupName><inspectionSec>BLD_SIGN/%</inspectionSec><inspectionTypeModels><inspectionTypeModel><inspSeqNbr>112</inspSeqNbr><servProvCode>MUNI1</servProvCode><allowFailedGuidesheet>Y</allowFailedGuidesheet><allowMultiInspInAca>Y</allowMultiInspInAca><autoAssign>N</autoAssign><displayInAca>Y</displayInAca><flowEnabled>N</flowEnabled><inspCode>BLD_SIGN</inspCode><inspEditable>Y</inspEditable><inspGroupName>BLD Sign</inspGroupName><inspPriority>1</inspPriority><inspRequired>N</inspRequired><inspResultGroup>BLD_STANDARD</inspResultGroup><inspType>Sign Final</inspType><inspectionTypeI18ns/><recDate>2014-05-19T13:13:48-07:00</recDate><recFulNam>ADMIN</recFulNam><recStatus>A</recStatus><totalScoreOption>SUM(list)</totalScoreOption></inspectionTypeModel><inspectionTypeModel><inspSeqNbr>113</inspSeqNbr><servProvCode>MUNI1</servProvCode><allowFailedGuidesheet>Y</allowFailedGuidesheet><allowMultiInspInAca>Y</allowMultiInspInAca><autoAssign>N</autoAssign><displayInAca>Y</displayInAca><flowEnabled>N</flowEnabled><inspCode>BLD_SIGN</inspCode><inspEditable>Y</inspEditable><inspGroupName>BLD Sign</inspGroupName><inspPriority>2</inspPriority><inspRequired>N</inspRequired><inspResultGroup>BLD_STANDARD</inspResultGroup><inspType>Electrical Sign Final</inspType><inspectionTypeI18ns/><recDate>2014-05-19T13:13:48-07:00</recDate><recFulNam>ADMIN</recFulNam><recStatus>A</recStatus><totalScoreOption>SUM(list)</totalScoreOption></inspectionTypeModel><inspectionTypeModel><inspSeqNbr>114</inspSeqNbr><servProvCode>MUNI1</servProvCode><allowFailedGuidesheet>Y</allowFailedGuidesheet><allowMultiInspInAca>Y</allowMultiInspInAca><autoAssign>N</autoAssign><displayInAca>Y</displayInAca><flowEnabled>N</flowEnabled><inspCode>BLD_SIGN</inspCode><inspEditable>Y</inspEditable><inspGroupName>BLD Sign</inspGroupName><inspPriority>3</inspPriority><inspRequired>N</inspRequired><inspResultGroup>BLD_STANDARD</inspResultGroup><inspType>Progress Check</inspType><inspectionTypeI18ns/><recDate>2014-05-19T13:13:48-07:00</recDate><recFulNam>ADMIN</recFulNam><recStatus>A</recStatus><totalScoreOption>SUM(list)</totalScoreOption></inspectionTypeModel></inspectionTypeModels><inspectionTypeSecurityModels/><isDepartmentSelected>Y</isDepartmentSelected><isGradeGroupSelected>Y</isGradeGroupSelected><isGuideSheetSelected>Y</isGuideSheetSelected><isRelatedInspSelected>Y</isRelatedInspSelected><isResultGroupSelected>Y</isResultGroupSelected><isSecutirySelected>Y</isSecutirySelected></inspectionGroup>
</list>