<?xml version="1.0" encoding="UTF-8" standalone="yes"?>
<list  version="8.0.0" minorVersion="21" exportUser="ADMIN" exportDateTime="07/28/2016 05:28 AM" description="null"><sharedDropDownListModel><name>BLD_FENCE_MATERIAL</name><serviceProviderCode>MUNI1</serviceProviderCode><auditModel><auditDate>2014-06-10T09:43:09-07:00</auditDate><auditID>ADMIN</auditID><auditStatus>A</auditStatus></auditModel><description>Fence material for fence permit</description><sharedDropDownList><sharedDropDownValue><bdvSeqNbr>2601</bdvSeqNbr><servProvCode>MUNI1</servProvCode><auditModel><auditDate>2014-05-20T09:08:50-07:00</auditDate><auditID>ADMIN</auditID><auditStatus>A</auditStatus></auditModel><bizdomain>BLD_FENCE_MATERIAL</bizdomain><bizdomainValue>Aluminum</bizdomainValue><resId>14559</resId><sortOrder>10</sortOrder><standardChoiceValueI18NModels/></sharedDropDownValue><sharedDropDownValue><bdvSeqNbr>2602</bdvSeqNbr><servProvCode>MUNI1</servProvCode><auditModel><auditDate>2014-05-20T09:08:50-07:00</auditDate><auditID>ADMIN</auditID><auditStatus>A</auditStatus></auditModel><bizdomain>BLD_FENCE_MATERIAL</bizdomain><bizdomainValue>Brick</bizdomainValue><sortOrder>20</sortOrder><standardChoiceValueI18NModels/></sharedDropDownValue><sharedDropDownValue><bdvSeqNbr>2603</bdvSeqNbr><servProvCode>MUNI1</servProvCode><auditModel><auditDate>2014-05-20T09:08:50-07:00</auditDate><auditID>ADMIN</auditID><auditStatus>A</auditStatus></auditModel><bizdomain>BLD_FENCE_MATERIAL</bizdomain><bizdomainValue>Chain Link</bizdomainValue><resId>14560</resId><sortOrder>30</sortOrder><standardChoiceValueI18NModels/></sharedDropDownValue><sharedDropDownValue><bdvSeqNbr>2604</bdvSeqNbr><servProvCode>MUNI1</servProvCode><auditModel><auditDate>2014-05-20T09:08:50-07:00</auditDate><auditID>ADMIN</auditID><auditStatus>A</auditStatus></auditModel><bizdomain>BLD_FENCE_MATERIAL</bizdomain><bizdomainValue>Concrete</bizdomainValue><resId>14561</resId><sortOrder>40</sortOrder><standardChoiceValueI18NModels/></sharedDropDownValue><sharedDropDownValue><bdvSeqNbr>2605</bdvSeqNbr><servProvCode>MUNI1</servProvCode><auditModel><auditDate>2014-05-20T09:08:50-07:00</auditDate><auditID>ADMIN</auditID><auditStatus>A</auditStatus></auditModel><bizdomain>BLD_FENCE_MATERIAL</bizdomain><bizdomainValue>Concrete Block</bizdomainValue><resId>14562</resId><sortOrder>50</sortOrder><standardChoiceValueI18NModels/></sharedDropDownValue><sharedDropDownValue><bdvSeqNbr>2606</bdvSeqNbr><servProvCode>MUNI1</servProvCode><auditModel><auditDate>2014-05-20T09:08:50-07:00</auditDate><auditID>ADMIN</auditID><auditStatus>A</auditStatus></auditModel><bizdomain>BLD_FENCE_MATERIAL</bizdomain><bizdomainValue>Other</bizdomainValue><sortOrder>100</sortOrder><standardChoiceValueI18NModels/></sharedDropDownValue><sharedDropDownValue><bdvSeqNbr>2607</bdvSeqNbr><servProvCode>MUNI1</servProvCode><auditModel><auditDate>2014-05-20T09:08:50-07:00</auditDate><auditID>ADMIN</auditID><auditStatus>A</auditStatus></auditModel><bizdomain>BLD_FENCE_MATERIAL</bizdomain><bizdomainValue>PVC Vinyl Fencing</bizdomainValue><resId>14564</resId><sortOrder>60</sortOrder><standardChoiceValueI18NModels/></sharedDropDownValue><sharedDropDownValue><bdvSeqNbr>2608</bdvSeqNbr><servProvCode>MUNI1</servProvCode><auditModel><auditDate>2014-05-20T09:08:50-07:00</auditDate><auditID>ADMIN</auditID><auditStatus>A</auditStatus></auditModel><bizdomain>BLD_FENCE_MATERIAL</bizdomain><bizdomainValue>Rock</bizdomainValue><resId>14565</resId><sortOrder>70</sortOrder><standardChoiceValueI18NModels/></sharedDropDownValue><sharedDropDownValue><bdvSeqNbr>2609</bdvSeqNbr><servProvCode>MUNI1</servProvCode><auditModel><auditDate>2014-05-20T09:08:50-07:00</auditDate><auditID>ADMIN</auditID><auditStatus>A</auditStatus></auditModel><bizdomain>BLD_FENCE_MATERIAL</bizdomain><bizdomainValue>Wood</bizdomainValue><resId>14567</resId><sortOrder>80</sortOrder><standardChoiceValueI18NModels/></sharedDropDownValue><sharedDropDownValue><bdvSeqNbr>2610</bdvSeqNbr><servProvCode>MUNI1</servProvCode><auditModel><auditDate>2014-05-20T09:08:50-07:00</auditDate><auditID>ADMIN</auditID><auditStatus>A</auditStatus></auditModel><bizdomain>BLD_FENCE_MATERIAL</bizdomain><bizdomainValue>Wrought Iron</bizdomainValue><sortOrder>90</sortOrder><standardChoiceValueI18NModels/></sharedDropDownValue></sharedDropDownList><type>ShareDropDown</type></sharedDropDownListModel>
<sharedDropDownListModel><name>BLD_FENCE_TYPE</name><serviceProviderCode>MUNI1</serviceProviderCode><auditModel><auditDate>2014-06-10T09:40:30-07:00</auditDate><auditID>ADMIN</auditID><auditStatus>A</auditStatus></auditModel><description>Type of fence for fence permit</description><sharedDropDownList><sharedDropDownValue><bdvSeqNbr>2611</bdvSeqNbr><servProvCode>MUNI1</servProvCode><auditModel><auditDate>2014-06-10T09:41:08-07:00</auditDate><auditID>ADMIN</auditID><auditStatus>A</auditStatus></auditModel><bizdomain>BLD_FENCE_TYPE</bizdomain><bizdomainValue>Lattice</bizdomainValue><sortOrder>10</sortOrder><standardChoiceValueI18NModels/></sharedDropDownValue><sharedDropDownValue><bdvSeqNbr>2612</bdvSeqNbr><servProvCode>MUNI1</servProvCode><auditModel><auditDate>2014-06-10T09:41:25-07:00</auditDate><auditID>ADMIN</auditID><auditStatus>A</auditStatus></auditModel><bizdomain>BLD_FENCE_TYPE</bizdomain><bizdomainValue>Open</bizdomainValue><sortOrder>20</sortOrder><standardChoiceValueI18NModels/></sharedDropDownValue><sharedDropDownValue><bdvSeqNbr>2613</bdvSeqNbr><servProvCode>MUNI1</servProvCode><auditModel><auditDate>2014-06-10T09:42:29-07:00</auditDate><auditID>ADMIN</auditID><auditStatus>A</auditStatus></auditModel><bizdomain>BLD_FENCE_TYPE</bizdomain><bizdomainValue>Other</bizdomainValue><sortOrder>60</sortOrder><standardChoiceValueI18NModels/></sharedDropDownValue><sharedDropDownValue><bdvSeqNbr>2614</bdvSeqNbr><servProvCode>MUNI1</servProvCode><auditModel><auditDate>2014-06-10T09:41:42-07:00</auditDate><auditID>ADMIN</auditID><auditStatus>A</auditStatus></auditModel><bizdomain>BLD_FENCE_TYPE</bizdomain><bizdomainValue>Picket</bizdomainValue><sortOrder>30</sortOrder><standardChoiceValueI18NModels/></sharedDropDownValue><sharedDropDownValue><bdvSeqNbr>2615</bdvSeqNbr><servProvCode>MUNI1</servProvCode><auditModel><auditDate>2014-06-10T09:41:55-07:00</auditDate><auditID>ADMIN</auditID><auditStatus>A</auditStatus></auditModel><bizdomain>BLD_FENCE_TYPE</bizdomain><bizdomainValue>Solid</bizdomainValue><sortOrder>40</sortOrder><standardChoiceValueI18NModels/></sharedDropDownValue><sharedDropDownValue><bdvSeqNbr>2616</bdvSeqNbr><servProvCode>MUNI1</servProvCode><auditModel><auditDate>2014-06-10T09:42:16-07:00</auditDate><auditID>ADMIN</auditID><auditStatus>A</auditStatus></auditModel><bizdomain>BLD_FENCE_TYPE</bizdomain><bizdomainValue>Stockade</bizdomainValue><sortOrder>50</sortOrder><standardChoiceValueI18NModels/></sharedDropDownValue></sharedDropDownList><type>ShareDropDown</type></sharedDropDownListModel>
<sharedDropDownListModel><name>BLD_TRADE_USE</name><serviceProviderCode>MUNI1</serviceProviderCode><auditModel><auditDate>2013-06-18T11:07:10-07:00</auditDate><auditID>ADMIN</auditID><auditStatus>A</auditStatus></auditModel><description>Use type for electrical, mechanical and plumbing permits</description><sharedDropDownList><sharedDropDownValue><bdvSeqNbr>2590</bdvSeqNbr><servProvCode>MUNI1</servProvCode><auditModel><auditDate>2013-06-18T11:08:16-07:00</auditDate><auditID>ADMIN</auditID><auditStatus>A</auditStatus></auditModel><bizdomain>BLD_TRADE_USE</bizdomain><bizdomainValue>1 - 2 Family Dwelling</bizdomainValue><sortOrder>10</sortOrder><standardChoiceValueI18NModels/></sharedDropDownValue><sharedDropDownValue><bdvSeqNbr>2591</bdvSeqNbr><servProvCode>MUNI1</servProvCode><auditModel><auditDate>2013-06-18T11:09:10-07:00</auditDate><auditID>ADMIN</auditID><auditStatus>A</auditStatus></auditModel><bizdomain>BLD_TRADE_USE</bizdomain><bizdomainValue>Accessory Building</bizdomainValue><sortOrder>40</sortOrder><standardChoiceValueI18NModels/></sharedDropDownValue><sharedDropDownValue><bdvSeqNbr>2592</bdvSeqNbr><servProvCode>MUNI1</servProvCode><auditModel><auditDate>2013-06-18T11:08:54-07:00</auditDate><auditID>ADMIN</auditID><auditStatus>A</auditStatus></auditModel><bizdomain>BLD_TRADE_USE</bizdomain><bizdomainValue>Commercial/Industrial</bizdomainValue><sortOrder>30</sortOrder><standardChoiceValueI18NModels/></sharedDropDownValue><sharedDropDownValue><bdvSeqNbr>2593</bdvSeqNbr><servProvCode>MUNI1</servProvCode><auditModel><auditDate>2013-06-18T11:08:35-07:00</auditDate><auditID>ADMIN</auditID><auditStatus>A</auditStatus></auditModel><bizdomain>BLD_TRADE_USE</bizdomain><bizdomainValue>Multi-Family Dwelling</bizdomainValue><sortOrder>20</sortOrder><standardChoiceValueI18NModels/></sharedDropDownValue><sharedDropDownValue><bdvSeqNbr>2594</bdvSeqNbr><servProvCode>MUNI1</servProvCode><auditModel><auditDate>2013-06-18T11:09:22-07:00</auditDate><auditID>ADMIN</auditID><auditStatus>A</auditStatus></auditModel><bizdomain>BLD_TRADE_USE</bizdomain><bizdomainValue>Other</bizdomainValue><sortOrder>50</sortOrder><standardChoiceValueI18NModels/></sharedDropDownValue></sharedDropDownList><type>ShareDropDown</type></sharedDropDownListModel>
<sharedDropDownListModel><name>BLD_FENCE_JOB_TYPE</name><serviceProviderCode>MUNI1</serviceProviderCode><auditModel><auditDate>2014-06-10T09:39:21-07:00</auditDate><auditID>ADMIN</auditID><auditStatus>A</auditStatus></auditModel><description>Type of job for fence permits</description><sharedDropDownList><sharedDropDownValue><bdvSeqNbr>2617</bdvSeqNbr><servProvCode>MUNI1</servProvCode><auditModel><auditDate>2014-06-10T09:39:41-07:00</auditDate><auditID>ADMIN</auditID><auditStatus>A</auditStatus></auditModel><bizdomain>BLD_FENCE_JOB_TYPE</bizdomain><bizdomainValue>New</bizdomainValue><sortOrder>10</sortOrder><standardChoiceValueI18NModels/></sharedDropDownValue><sharedDropDownValue><bdvSeqNbr>2618</bdvSeqNbr><servProvCode>MUNI1</servProvCode><auditModel><auditDate>2014-06-10T09:39:56-07:00</auditDate><auditID>ADMIN</auditID><auditStatus>A</auditStatus></auditModel><bizdomain>BLD_FENCE_JOB_TYPE</bizdomain><bizdomainValue>Replace Existing</bizdomainValue><sortOrder>20</sortOrder><standardChoiceValueI18NModels/></sharedDropDownValue></sharedDropDownList><type>ShareDropDown</type></sharedDropDownListModel>
<sharedDropDownListModel><name>BLD_GRADING_PROJECT</name><serviceProviderCode>MUNI1</serviceProviderCode><auditModel><auditDate>2013-03-27T12:55:36-07:00</auditDate><auditID>ADMIN</auditID><auditStatus>A</auditStatus></auditModel><description>Grading Permit project type</description><sharedDropDownList><sharedDropDownValue><bdvSeqNbr>2619</bdvSeqNbr><servProvCode>MUNI1</servProvCode><auditModel><auditDate>2013-03-27T12:56:41-07:00</auditDate><auditID>ADMIN</auditID><auditStatus>A</auditStatus></auditModel><bizdomain>BLD_GRADING_PROJECT</bizdomain><bizdomainValue>Commercial</bizdomainValue><sortOrder>3</sortOrder><standardChoiceValueI18NModels/></sharedDropDownValue><sharedDropDownValue><bdvSeqNbr>2620</bdvSeqNbr><servProvCode>MUNI1</servProvCode><auditModel><auditDate>2013-03-27T12:56:41-07:00</auditDate><auditID>ADMIN</auditID><auditStatus>A</auditStatus></auditModel><bizdomain>BLD_GRADING_PROJECT</bizdomain><bizdomainValue>Multi-Family Home</bizdomainValue><sortOrder>2</sortOrder><standardChoiceValueI18NModels/></sharedDropDownValue><sharedDropDownValue><bdvSeqNbr>2621</bdvSeqNbr><servProvCode>MUNI1</servProvCode><auditModel><auditDate>2013-03-27T12:56:41-07:00</auditDate><auditID>ADMIN</auditID><auditStatus>A</auditStatus></auditModel><bizdomain>BLD_GRADING_PROJECT</bizdomain><bizdomainValue>Single Family Home</bizdomainValue><sortOrder>1</sortOrder><standardChoiceValueI18NModels/></sharedDropDownValue></sharedDropDownList><type>ShareDropDown</type></sharedDropDownListModel>
<sharedDropDownListModel><name>BLD_ROW_CLOSURE</name><serviceProviderCode>MUNI1</serviceProviderCode><auditModel><auditDate>2014-11-17T01:32:14-08:00</auditDate><auditID>ADMIN</auditID><auditStatus>A</auditStatus></auditModel><sharedDropDownList><sharedDropDownValue><bdvSeqNbr>2629</bdvSeqNbr><servProvCode>MUNI1</servProvCode><auditModel><auditDate>2014-11-17T01:32:34-08:00</auditDate><auditID>ADMIN</auditID><auditStatus>A</auditStatus></auditModel><bizdomain>BLD_ROW_CLOSURE</bizdomain><bizdomainValue>Partial</bizdomainValue><sortOrder>20</sortOrder><standardChoiceValueI18NModels/></sharedDropDownValue><sharedDropDownValue><bdvSeqNbr>2630</bdvSeqNbr><servProvCode>MUNI1</servProvCode><auditModel><auditDate>2014-11-17T01:32:25-08:00</auditDate><auditID>ADMIN</auditID><auditStatus>A</auditStatus></auditModel><bizdomain>BLD_ROW_CLOSURE</bizdomain><bizdomainValue>Total</bizdomainValue><sortOrder>10</sortOrder><standardChoiceValueI18NModels/></sharedDropDownValue></sharedDropDownList><type>ShareDropDown</type></sharedDropDownListModel>
<sharedDropDownListModel><name>BLD_ROW_USE_TYPE</name><serviceProviderCode>MUNI1</serviceProviderCode><auditModel><auditDate>2014-11-17T01:31:06-08:00</auditDate><auditID>ADMIN</auditID><auditStatus>A</auditStatus></auditModel><sharedDropDownList><sharedDropDownValue><bdvSeqNbr>2631</bdvSeqNbr><servProvCode>MUNI1</servProvCode><auditModel><auditDate>2014-11-17T01:31:55-08:00</auditDate><auditID>ADMIN</auditID><auditStatus>A</auditStatus></auditModel><bizdomain>BLD_ROW_USE_TYPE</bizdomain><bizdomainValue>Driveway</bizdomainValue><sortOrder>40</sortOrder><standardChoiceValueI18NModels/></sharedDropDownValue><sharedDropDownValue><bdvSeqNbr>2632</bdvSeqNbr><servProvCode>MUNI1</servProvCode><auditModel><auditDate>2014-11-17T01:31:36-08:00</auditDate><auditID>ADMIN</auditID><auditStatus>A</auditStatus></auditModel><bizdomain>BLD_ROW_USE_TYPE</bizdomain><bizdomainValue>Excavation/Opening</bizdomainValue><sortOrder>20</sortOrder><standardChoiceValueI18NModels/></sharedDropDownValue><sharedDropDownValue><bdvSeqNbr>2633</bdvSeqNbr><servProvCode>MUNI1</servProvCode><auditModel><auditDate>2014-11-17T01:31:19-08:00</auditDate><auditID>ADMIN</auditID><auditStatus>A</auditStatus></auditModel><bizdomain>BLD_ROW_USE_TYPE</bizdomain><bizdomainValue>Obstruction</bizdomainValue><sortOrder>10</sortOrder><standardChoiceValueI18NModels/></sharedDropDownValue><sharedDropDownValue><bdvSeqNbr>2634</bdvSeqNbr><servProvCode>MUNI1</servProvCode><auditModel><auditDate>2014-11-17T01:31:45-08:00</auditDate><auditID>ADMIN</auditID><auditStatus>A</auditStatus></auditModel><bizdomain>BLD_ROW_USE_TYPE</bizdomain><bizdomainValue>Utility</bizdomainValue><sortOrder>30</sortOrder><standardChoiceValueI18NModels/></sharedDropDownValue></sharedDropDownList><type>ShareDropDown</type></sharedDropDownListModel>
<sharedDropDownListModel><name>BLD_SIGN_PERMIT_TYPE</name><serviceProviderCode>MUNI1</serviceProviderCode><auditModel><auditDate>2011-11-02T16:55:21-07:00</auditDate><auditID>ADMIN</auditID><auditStatus>A</auditStatus></auditModel><sharedDropDownList><sharedDropDownValue><bdvSeqNbr>2635</bdvSeqNbr><servProvCode>MUNI1</servProvCode><auditModel><auditDate>2011-11-01T23:00:00-07:00</auditDate><auditID>ADMIN</auditID><auditStatus>A</auditStatus></auditModel><bizdomain>BLD_SIGN_PERMIT_TYPE</bizdomain><bizdomainValue>New Sign</bizdomainValue><sortOrder>1</sortOrder><standardChoiceValueI18NModels/></sharedDropDownValue><sharedDropDownValue><bdvSeqNbr>2636</bdvSeqNbr><servProvCode>MUNI1</servProvCode><auditModel><auditDate>2011-11-02T23:00:00-07:00</auditDate><auditID>ADMIN</auditID><auditStatus>A</auditStatus></auditModel><bizdomain>BLD_SIGN_PERMIT_TYPE</bizdomain><bizdomainValue>Relocate Sign</bizdomainValue><sortOrder>3</sortOrder><standardChoiceValueI18NModels/></sharedDropDownValue><sharedDropDownValue><bdvSeqNbr>2637</bdvSeqNbr><servProvCode>MUNI1</servProvCode><auditModel><auditDate>2011-11-02T23:00:00-07:00</auditDate><auditID>ADMIN</auditID><auditStatus>A</auditStatus></auditModel><bizdomain>BLD_SIGN_PERMIT_TYPE</bizdomain><bizdomainValue>Remove Sign</bizdomainValue><sortOrder>2</sortOrder><standardChoiceValueI18NModels/></sharedDropDownValue><sharedDropDownValue><bdvSeqNbr>2638</bdvSeqNbr><servProvCode>MUNI1</servProvCode><auditModel><auditDate>2011-11-02T23:00:00-07:00</auditDate><auditID>ADMIN</auditID><auditStatus>A</auditStatus></auditModel><bizdomain>BLD_SIGN_PERMIT_TYPE</bizdomain><bizdomainValue>Repair/Remodel Sign</bizdomainValue><sortOrder>4</sortOrder><standardChoiceValueI18NModels/></sharedDropDownValue></sharedDropDownList><type>ShareDropDown</type></sharedDropDownListModel>
<sharedDropDownListModel><name>BLD_SIGN_TYPE_TEMP</name><serviceProviderCode>MUNI1</serviceProviderCode><auditModel><auditDate>2011-11-03T11:42:10-07:00</auditDate><auditID>ADMIN</auditID><auditStatus>A</auditStatus></auditModel><sharedDropDownList><sharedDropDownValue><bdvSeqNbr>2641</bdvSeqNbr><servProvCode>MUNI1</servProvCode><auditModel><auditDate>2011-11-02T23:00:00-07:00</auditDate><auditID>ADMIN</auditID><auditStatus>A</auditStatus></auditModel><bizdomain>BLD_SIGN_TYPE_TEMP</bizdomain><bizdomainValue>Banner</bizdomainValue><sortOrder>1</sortOrder><standardChoiceValueI18NModels/></sharedDropDownValue><sharedDropDownValue><bdvSeqNbr>2642</bdvSeqNbr><servProvCode>MUNI1</servProvCode><auditModel><auditDate>2013-07-08T13:07:04-07:00</auditDate><auditID>ADMIN</auditID><auditStatus>A</auditStatus></auditModel><bizdomain>BLD_SIGN_TYPE_TEMP</bizdomain><bizdomainValue>Freestanding (A-Frame)</bizdomainValue><sortOrder>3</sortOrder><standardChoiceValueI18NModels/></sharedDropDownValue><sharedDropDownValue><bdvSeqNbr>2643</bdvSeqNbr><servProvCode>MUNI1</servProvCode><auditModel><auditDate>2013-07-08T13:07:16-07:00</auditDate><auditID>ADMIN</auditID><auditStatus>A</auditStatus></auditModel><bizdomain>BLD_SIGN_TYPE_TEMP</bizdomain><bizdomainValue>Other</bizdomainValue><sortOrder>4</sortOrder><standardChoiceValueI18NModels/></sharedDropDownValue><sharedDropDownValue><bdvSeqNbr>2644</bdvSeqNbr><servProvCode>MUNI1</servProvCode><auditModel><auditDate>2013-07-08T13:06:31-07:00</auditDate><auditID>ADMIN</auditID><auditStatus>A</auditStatus></auditModel><bizdomain>BLD_SIGN_TYPE_TEMP</bizdomain><bizdomainValue>Window</bizdomainValue><sortOrder>2</sortOrder><standardChoiceValueI18NModels/></sharedDropDownValue></sharedDropDownList><type>ShareDropDown</type></sharedDropDownListModel>
<sharedDropDownListModel><name>BLD_ROW_SURFACE</name><serviceProviderCode>MUNI1</serviceProviderCode><auditModel><auditDate>2014-11-17T01:32:59-08:00</auditDate><auditID>ADMIN</auditID><auditStatus>A</auditStatus></auditModel><sharedDropDownList><sharedDropDownValue><bdvSeqNbr>2669</bdvSeqNbr><servProvCode>MUNI1</servProvCode><auditModel><auditDate>2014-11-17T01:33:22-08:00</auditDate><auditID>ADMIN</auditID><auditStatus>A</auditStatus></auditModel><bizdomain>BLD_ROW_SURFACE</bizdomain><bizdomainValue>Non-Pavement</bizdomainValue><sortOrder>20</sortOrder><standardChoiceValueI18NModels/></sharedDropDownValue><sharedDropDownValue><bdvSeqNbr>2670</bdvSeqNbr><servProvCode>MUNI1</servProvCode><auditModel><auditDate>2014-11-17T01:33:10-08:00</auditDate><auditID>ADMIN</auditID><auditStatus>A</auditStatus></auditModel><bizdomain>BLD_ROW_SURFACE</bizdomain><bizdomainValue>Pavement</bizdomainValue><sortOrder>10</sortOrder><standardChoiceValueI18NModels/></sharedDropDownValue></sharedDropDownList><type>ShareDropDown</type></sharedDropDownListModel>
<sharedDropDownListModel><name>BLD_SIGN_TYPE</name><serviceProviderCode>MUNI1</serviceProviderCode><auditModel><auditDate>2011-11-03T10:06:14-07:00</auditDate><auditID>ADMIN</auditID><auditStatus>A</auditStatus></auditModel><sharedDropDownList><sharedDropDownValue><bdvSeqNbr>2671</bdvSeqNbr><servProvCode>MUNI1</servProvCode><auditModel><auditDate>2011-11-02T23:00:00-07:00</auditDate><auditID>ADMIN</auditID><auditStatus>A</auditStatus></auditModel><bizdomain>BLD_SIGN_TYPE</bizdomain><bizdomainValue>Attached Canopy</bizdomainValue><sortOrder>1</sortOrder><standardChoiceValueI18NModels/></sharedDropDownValue><sharedDropDownValue><bdvSeqNbr>2672</bdvSeqNbr><servProvCode>MUNI1</servProvCode><auditModel><auditDate>2011-11-02T23:00:00-07:00</auditDate><auditID>ADMIN</auditID><auditStatus>A</auditStatus></auditModel><bizdomain>BLD_SIGN_TYPE</bizdomain><bizdomainValue>Attached Roof</bizdomainValue><sortOrder>2</sortOrder><standardChoiceValueI18NModels/></sharedDropDownValue><sharedDropDownValue><bdvSeqNbr>2673</bdvSeqNbr><servProvCode>MUNI1</servProvCode><auditModel><auditDate>2011-11-02T23:00:00-07:00</auditDate><auditID>ADMIN</auditID><auditStatus>A</auditStatus></auditModel><bizdomain>BLD_SIGN_TYPE</bizdomain><bizdomainValue>Attached Wall</bizdomainValue><sortOrder>3</sortOrder><standardChoiceValueI18NModels/></sharedDropDownValue><sharedDropDownValue><bdvSeqNbr>2674</bdvSeqNbr><servProvCode>MUNI1</servProvCode><auditModel><auditDate>2011-11-02T23:00:00-07:00</auditDate><auditID>ADMIN</auditID><auditStatus>A</auditStatus></auditModel><bizdomain>BLD_SIGN_TYPE</bizdomain><bizdomainValue>Freestanding Monument</bizdomainValue><sortOrder>4</sortOrder><standardChoiceValueI18NModels/></sharedDropDownValue><sharedDropDownValue><bdvSeqNbr>2675</bdvSeqNbr><servProvCode>MUNI1</servProvCode><auditModel><auditDate>2011-11-02T23:00:00-07:00</auditDate><auditID>ADMIN</auditID><auditStatus>A</auditStatus></auditModel><bizdomain>BLD_SIGN_TYPE</bizdomain><bizdomainValue>Freestanding Pylon</bizdomainValue><sortOrder>5</sortOrder><standardChoiceValueI18NModels/></sharedDropDownValue><sharedDropDownValue><bdvSeqNbr>2676</bdvSeqNbr><servProvCode>MUNI1</servProvCode><auditModel><auditDate>2011-11-02T23:00:00-07:00</auditDate><auditID>ADMIN</auditID><auditStatus>A</auditStatus></auditModel><bizdomain>BLD_SIGN_TYPE</bizdomain><bizdomainValue>Other</bizdomainValue><sortOrder>6</sortOrder><standardChoiceValueI18NModels/></sharedDropDownValue></sharedDropDownList><type>ShareDropDown</type></sharedDropDownListModel>
</list>