<?xml version="1.0" encoding="UTF-8" standalone="yes"?>
<list  version="8.0.0" minorVersion="21" exportUser="ADMIN" exportDateTime="07/28/2016 05:28 AM" description="null"><workflow><parentProcessID>0</parentProcessID><serviceProviderCode>MUNI1</serviceProviderCode><stepNumber>0</stepNumber><workflowName>NONE</workflowName><isSubProcessSelected>Y</isSubProcessSelected><processCode>NONE</processCode><refProcessRelationI18NModels/><recDate>2011-12-12T17:33:09-08:00</recDate><recFulNam>ADMIN</recFulNam><recStatus>A</recStatus><relationSeqId>27</relationSeqId><subProcessModels/></workflow>
<workflow><parentProcessID>0</parentProcessID><serviceProviderCode>MUNI1</serviceProviderCode><stepNumber>0</stepNumber><workflowName>BLD_OTC</workflowName><isSubProcessSelected>Y</isSubProcessSelected><processCode>BLD_COUNTER</processCode><refProcessRelationI18NModels/><recDate>2014-05-27T15:55:40-07:00</recDate><recFulNam>Accela Administrator</recFulNam><recStatus>A</recStatus><relationSeqId>50</relationSeqId><subProcessModels/></workflow>
<workflow><parentProcessID>0</parentProcessID><serviceProviderCode>MUNI1</serviceProviderCode><stepNumber>0</stepNumber><workflowName>BLD_GRADING</workflowName><isSubProcessSelected>Y</isSubProcessSelected><processCode>BLD_GRADING</processCode><refProcessRelationI18NModels/><recDate>2014-05-27T16:03:10-07:00</recDate><recFulNam>Accela Administrator</recFulNam><recStatus>A</recStatus><relationSeqId>51</relationSeqId><resId>182</resId><subProcessModels/></workflow>
<workflow><parentProcessID>0</parentProcessID><serviceProviderCode>MUNI1</serviceProviderCode><stepNumber>0</stepNumber><workflowName>BLD_SIGN</workflowName><isSubProcessSelected>Y</isSubProcessSelected><processCode>BLD_SIGN</processCode><refProcessRelationI18NModels/><recDate>2014-05-27T16:10:44-07:00</recDate><recFulNam>Accela Administrator</recFulNam><recStatus>A</recStatus><relationSeqId>53</relationSeqId><subProcessModels/><taskActivation>A</taskActivation></workflow>
</list>