<?xml version="1.0" encoding="UTF-8" standalone="yes"?>
<list  version="8.0.0" minorVersion="15" exportUser="ADMIN" exportDateTime="03/30/2016 08:01 PM" description="null"><menuTemplate refId="1@MenuTemplateModel"><policySeq>2910</policySeq><serviceProviderCode>BPTDEV</serviceProviderCode><auditModel><auditDate>2013-05-15T14:55:19-06:00</auditDate><auditID>ADMIN</auditID><auditStatus>A</auditStatus></auditModel><data1>cap_tabbar</data1><data2>AMS Module Menu</data2><levelData>AMS</levelData><levelType>Module</levelType><menuLevel>1</menuLevel><policyI18NModels/><policyName>Menu</policyName><rightGranted>Y</rightGranted><status>Y</status><menuModels><menu refId="2@MenuModel"><policySeq>2911</policySeq><serviceProviderCode>BPTDEV</serviceProviderCode><auditModel><auditDate>2013-05-15T14:55:19-06:00</auditDate><auditID>ADMIN</auditID><auditStatus>A</auditStatus></auditModel><data1>cap_tabbar</data1><data2>AMS Module Menu/[0]Record Data</data2><levelData>AMS</levelData><levelType>Module</levelType><menuLevel>2</menuLevel><policyI18NModels/><policyName>Menu</policyName><rightGranted>Y</rightGranted><status>Y</status><menuItemModels><menuItem refId="3@MenuItemModel"><policySeq>4945</policySeq><serviceProviderCode>BPTDEV</serviceProviderCode><auditModel><auditDate>2014-09-16T10:02:09-06:00</auditDate><auditID>ADMIN</auditID><auditStatus>A</auditStatus></auditModel><data1>cap_tabbar</data1><data2>AMS Module Menu/[0]Record Data/[10]RecordActivityReport[][B]</data2><levelData>AMS</levelData><levelType>Module</levelType><menuLevel>3</menuLevel><policyI18NModels/><policyName>Menu</policyName><rightGranted>Y</rightGranted><status>Y</status></menuItem><menuItem refId="4@MenuItemModel"><policySeq>2912</policySeq><serviceProviderCode>BPTDEV</serviceProviderCode><auditModel><auditDate>2014-09-16T10:02:09-06:00</auditDate><auditID>ADMIN</auditID><auditStatus>A</auditStatus></auditModel><data1>cap_tabbar</data1><data2>AMS Module Menu/[0]Record Data/[0]CapTabSummary[][B]</data2><levelData>AMS</levelData><levelType>Module</levelType><menuLevel>3</menuLevel><policyI18NModels/><policyName>Menu</policyName><rightGranted>Y</rightGranted><status>Y</status></menuItem><menuItem refId="5@MenuItemModel"><policySeq>2913</policySeq><serviceProviderCode>BPTDEV</serviceProviderCode><auditModel><auditDate>2014-09-16T10:02:09-06:00</auditDate><auditID>ADMIN</auditID><auditStatus>A</auditStatus></auditModel><data1>cap_tabbar</data1><data2>AMS Module Menu/[0]Record Data/[1]CapDetail[][B]</data2><levelData>AMS</levelData><levelType>Module</levelType><menuLevel>3</menuLevel><policyI18NModels/><policyName>Menu</policyName><rightGranted>Y</rightGranted><status>Y</status></menuItem><menuItem refId="6@MenuItemModel"><policySeq>2914</policySeq><serviceProviderCode>BPTDEV</serviceProviderCode><auditModel><auditDate>2014-09-16T10:02:09-06:00</auditDate><auditID>ADMIN</auditID><auditStatus>A</auditStatus></auditModel><data1>cap_tabbar</data1><data2>AMS Module Menu/[0]Record Data/[4]Activity[][B]</data2><levelData>AMS</levelData><levelType>Module</levelType><menuLevel>3</menuLevel><policyI18NModels/><policyName>Menu</policyName><rightGranted>Y</rightGranted><status>Y</status></menuItem><menuItem refId="7@MenuItemModel"><policySeq>2915</policySeq><serviceProviderCode>BPTDEV</serviceProviderCode><auditModel><auditDate>2014-09-16T10:02:09-06:00</auditDate><auditID>ADMIN</auditID><auditStatus>A</auditStatus></auditModel><data1>cap_tabbar</data1><data2>AMS Module Menu/[0]Record Data/[5]Comments[][B]</data2><levelData>AMS</levelData><levelType>Module</levelType><menuLevel>3</menuLevel><policyI18NModels/><policyName>Menu</policyName><rightGranted>Y</rightGranted><status>Y</status></menuItem><menuItem refId="8@MenuItemModel"><policySeq>2916</policySeq><serviceProviderCode>BPTDEV</serviceProviderCode><auditModel><auditDate>2014-09-16T10:02:09-06:00</auditDate><auditID>ADMIN</auditID><auditStatus>A</auditStatus></auditModel><data1>cap_tabbar</data1><data2>AMS Module Menu/[0]Record Data/[6]Conditions[][B]</data2><levelData>AMS</levelData><levelType>Module</levelType><menuLevel>3</menuLevel><policyI18NModels/><policyName>Menu</policyName><rightGranted>Y</rightGranted><status>Y</status></menuItem><menuItem refId="9@MenuItemModel"><policySeq>2919</policySeq><serviceProviderCode>BPTDEV</serviceProviderCode><auditModel><auditDate>2014-09-16T10:02:09-06:00</auditDate><auditID>ADMIN</auditID><auditStatus>A</auditStatus></auditModel><data1>cap_tabbar</data1><data2>AMS Module Menu/[0]Record Data/[7]Document[][B]</data2><levelData>AMS</levelData><levelType>Module</levelType><menuLevel>3</menuLevel><policyI18NModels/><policyName>Menu</policyName><rightGranted>Y</rightGranted><status>Y</status></menuItem><menuItem refId="10@MenuItemModel"><policySeq>2920</policySeq><serviceProviderCode>BPTDEV</serviceProviderCode><auditModel><auditDate>2014-09-16T10:02:09-06:00</auditDate><auditID>ADMIN</auditID><auditStatus>A</auditStatus></auditModel><data1>cap_tabbar</data1><data2>AMS Module Menu/[0]Record Data/[8]XRefCap[][B]</data2><levelData>AMS</levelData><levelType>Module</levelType><menuLevel>3</menuLevel><policyI18NModels/><policyName>Menu</policyName><rightGranted>Y</rightGranted><status>Y</status></menuItem><menuItem refId="11@MenuItemModel"><policySeq>2921</policySeq><serviceProviderCode>BPTDEV</serviceProviderCode><auditModel><auditDate>2014-09-16T10:02:09-06:00</auditDate><auditID>ADMIN</auditID><auditStatus>A</auditStatus></auditModel><data1>cap_tabbar</data1><data2>AMS Module Menu/[0]Record Data/[2]Status[][B]</data2><levelData>AMS</levelData><levelType>Module</levelType><menuLevel>3</menuLevel><policyI18NModels/><policyName>Menu</policyName><rightGranted>Y</rightGranted><status>Y</status></menuItem><menuItem refId="12@MenuItemModel"><policySeq>2922</policySeq><serviceProviderCode>BPTDEV</serviceProviderCode><auditModel><auditDate>2014-09-16T10:02:09-06:00</auditDate><auditID>ADMIN</auditID><auditStatus>A</auditStatus></auditModel><data1>cap_tabbar</data1><data2>AMS Module Menu/[0]Record Data/[9]StatusHistory[][B]</data2><levelData>AMS</levelData><levelType>Module</levelType><menuLevel>3</menuLevel><policyI18NModels/><policyName>Menu</policyName><rightGranted>Y</rightGranted><status>Y</status></menuItem><menuItem refId="13@MenuItemModel"><policySeq>4068</policySeq><serviceProviderCode>BPTDEV</serviceProviderCode><auditModel><auditDate>2014-09-16T10:02:09-06:00</auditDate><auditID>ADMIN</auditID><auditStatus>A</auditStatus></auditModel><data1>cap_tabbar</data1><data2>AMS Module Menu/[0]Record Data/[3]WorkOrderAsset[][B]</data2><levelData>AMS</levelData><levelType>Module</levelType><menuLevel>3</menuLevel><policyI18NModels/><policyName>Menu</policyName><rightGranted>Y</rightGranted><status>Y</status></menuItem></menuItemModels><menuName>AMS Module Menu/[0]Record Data%</menuName></menu><menu refId="14@MenuModel"><policySeq>2925</policySeq><serviceProviderCode>BPTDEV</serviceProviderCode><auditModel><auditDate>2013-05-15T14:55:19-06:00</auditDate><auditID>ADMIN</auditID><auditStatus>A</auditStatus></auditModel><data1>cap_tabbar</data1><data2>AMS Module Menu/[1]Tasks</data2><levelData>AMS</levelData><levelType>Module</levelType><menuLevel>2</menuLevel><policyI18NModels/><policyName>Menu</policyName><rightGranted>Y</rightGranted><status>Y</status><menuItemModels><menuItem refId="15@MenuItemModel"><policySeq>2926</policySeq><serviceProviderCode>BPTDEV</serviceProviderCode><auditModel><auditDate>2013-05-15T14:55:19-06:00</auditDate><auditID>ADMIN</auditID><auditStatus>A</auditStatus></auditModel><data1>cap_tabbar</data1><data2>AMS Module Menu/[1]Tasks/[0]WorkOrderTask[][B]</data2><levelData>AMS</levelData><levelType>Module</levelType><menuLevel>3</menuLevel><policyI18NModels/><policyName>Menu</policyName><rightGranted>Y</rightGranted><status>Y</status></menuItem><menuItem refId="16@MenuItemModel"><policySeq>2927</policySeq><serviceProviderCode>BPTDEV</serviceProviderCode><auditModel><auditDate>2013-05-15T14:55:19-06:00</auditDate><auditID>ADMIN</auditID><auditStatus>A</auditStatus></auditModel><data1>cap_tabbar</data1><data2>AMS Module Menu/[1]Tasks/[1]Costing[][B]</data2><levelData>AMS</levelData><levelType>Module</levelType><menuLevel>3</menuLevel><policyI18NModels/><policyName>Menu</policyName><rightGranted>Y</rightGranted><status>Y</status></menuItem></menuItemModels><menuName>AMS Module Menu/[1]Tasks%</menuName></menu><menu refId="17@MenuModel"><policySeq>2928</policySeq><serviceProviderCode>BPTDEV</serviceProviderCode><auditModel><auditDate>2013-05-15T14:55:19-06:00</auditDate><auditID>ADMIN</auditID><auditStatus>A</auditStatus></auditModel><data1>cap_tabbar</data1><data2>AMS Module Menu/[2]People</data2><levelData>AMS</levelData><levelType>Module</levelType><menuLevel>2</menuLevel><policyI18NModels/><policyName>Menu</policyName><rightGranted>Y</rightGranted><status>Y</status><menuItemModels><menuItem refId="18@MenuItemModel"><policySeq>2929</policySeq><serviceProviderCode>BPTDEV</serviceProviderCode><auditModel><auditDate>2013-05-15T14:55:19-06:00</auditDate><auditID>ADMIN</auditID><auditStatus>A</auditStatus></auditModel><data1>cap_tabbar</data1><data2>AMS Module Menu/[2]People/[0]Contact[][B]</data2><levelData>AMS</levelData><levelType>Module</levelType><menuLevel>3</menuLevel><policyI18NModels/><policyName>Menu</policyName><rightGranted>Y</rightGranted><status>Y</status></menuItem><menuItem refId="19@MenuItemModel"><policySeq>2930</policySeq><serviceProviderCode>BPTDEV</serviceProviderCode><auditModel><auditDate>2013-05-15T14:55:19-06:00</auditDate><auditID>ADMIN</auditID><auditStatus>A</auditStatus></auditModel><data1>cap_tabbar</data1><data2>AMS Module Menu/[2]People/[1]Professionals[][B]</data2><levelData>AMS</levelData><levelType>Module</levelType><menuLevel>3</menuLevel><policyI18NModels/><policyName>Menu</policyName><rightGranted>Y</rightGranted><status>Y</status></menuItem></menuItemModels><menuName>AMS Module Menu/[2]People%</menuName></menu><menu refId="20@MenuModel"><policySeq>2931</policySeq><serviceProviderCode>BPTDEV</serviceProviderCode><auditModel><auditDate>2013-05-15T14:55:19-06:00</auditDate><auditID>ADMIN</auditID><auditStatus>A</auditStatus></auditModel><data1>cap_tabbar</data1><data2>AMS Module Menu/[3]Property</data2><levelData>AMS</levelData><levelType>Module</levelType><menuLevel>2</menuLevel><policyI18NModels/><policyName>Menu</policyName><rightGranted>Y</rightGranted><status>Y</status><menuItemModels><menuItem refId="21@MenuItemModel"><policySeq>2932</policySeq><serviceProviderCode>BPTDEV</serviceProviderCode><auditModel><auditDate>2013-05-15T14:55:19-06:00</auditDate><auditID>ADMIN</auditID><auditStatus>A</auditStatus></auditModel><data1>cap_tabbar</data1><data2>AMS Module Menu/[3]Property/[0]Address[][B]</data2><levelData>AMS</levelData><levelType>Module</levelType><menuLevel>3</menuLevel><policyI18NModels/><policyName>Menu</policyName><rightGranted>Y</rightGranted><status>Y</status></menuItem><menuItem refId="22@MenuItemModel"><policySeq>2933</policySeq><serviceProviderCode>BPTDEV</serviceProviderCode><auditModel><auditDate>2013-05-15T14:55:19-06:00</auditDate><auditID>ADMIN</auditID><auditStatus>A</auditStatus></auditModel><data1>cap_tabbar</data1><data2>AMS Module Menu/[3]Property/[1]Parcel[][B]</data2><levelData>AMS</levelData><levelType>Module</levelType><menuLevel>3</menuLevel><policyI18NModels/><policyName>Menu</policyName><rightGranted>Y</rightGranted><status>Y</status></menuItem><menuItem refId="23@MenuItemModel"><policySeq>2934</policySeq><serviceProviderCode>BPTDEV</serviceProviderCode><auditModel><auditDate>2013-05-15T14:55:19-06:00</auditDate><auditID>ADMIN</auditID><auditStatus>A</auditStatus></auditModel><data1>cap_tabbar</data1><data2>AMS Module Menu/[3]Property/[2]Owner[][B]</data2><levelData>AMS</levelData><levelType>Module</levelType><menuLevel>3</menuLevel><policyI18NModels/><policyName>Menu</policyName><rightGranted>Y</rightGranted><status>Y</status></menuItem></menuItemModels><menuName>AMS Module Menu/[3]Property%</menuName></menu><menu refId="24@MenuModel"><policySeq>2935</policySeq><serviceProviderCode>BPTDEV</serviceProviderCode><auditModel><auditDate>2014-08-27T14:51:47-06:00</auditDate><auditID>ADMIN</auditID><auditStatus>A</auditStatus></auditModel><data1>cap_tabbar</data1><data2>AMS Module Menu/[5]Tab</data2><levelData>AMS</levelData><levelType>Module</levelType><menuLevel>2</menuLevel><policyI18NModels/><policyName>Menu</policyName><rightGranted>Y</rightGranted><status>Y</status><menuItemModels><menuItem refId="25@MenuItemModel"><policySeq>3886</policySeq><serviceProviderCode>BPTDEV</serviceProviderCode><auditModel><auditDate>2015-12-02T16:35:16-07:00</auditDate><auditID>ADMIN</auditID><auditStatus>A</auditStatus></auditModel><data1>cap_tabbar</data1><data2>AMS Module Menu/[5]Tab/[1]CapDetail[][B]</data2><levelData>AMS</levelData><levelType>Module</levelType><menuLevel>3</menuLevel><policyI18NModels/><policyName>Menu</policyName><rightGranted>Y</rightGranted><status>Y</status></menuItem><menuItem refId="26@MenuItemModel"><policySeq>4015</policySeq><serviceProviderCode>BPTDEV</serviceProviderCode><auditModel><auditDate>2015-12-02T16:35:16-07:00</auditDate><auditID>ADMIN</auditID><auditStatus>A</auditStatus></auditModel><data1>cap_tabbar</data1><data2>AMS Module Menu/[5]Tab/[10]XRefCap[][B]</data2><levelData>AMS</levelData><levelType>Module</levelType><menuLevel>3</menuLevel><policyI18NModels/><policyName>Menu</policyName><rightGranted>Y</rightGranted><status>Y</status></menuItem><menuItem refId="27@MenuItemModel"><policySeq>4932</policySeq><serviceProviderCode>BPTDEV</serviceProviderCode><auditModel><auditDate>2015-12-02T16:35:16-07:00</auditDate><auditID>ADMIN</auditID><auditStatus>A</auditStatus></auditModel><data1>cap_tabbar</data1><data2>AMS Module Menu/[5]Tab/[2]Status[][B]</data2><levelData>AMS</levelData><levelType>Module</levelType><menuLevel>3</menuLevel><policyI18NModels/><policyName>Menu</policyName><rightGranted>Y</rightGranted><status>Y</status></menuItem><menuItem refId="28@MenuItemModel"><policySeq>2937</policySeq><serviceProviderCode>BPTDEV</serviceProviderCode><auditModel><auditDate>2015-12-02T16:35:16-07:00</auditDate><auditID>ADMIN</auditID><auditStatus>A</auditStatus></auditModel><data1>cap_tabbar</data1><data2>AMS Module Menu/[5]Tab/[8]Part[][B]</data2><levelData>AMS</levelData><levelType>Module</levelType><menuLevel>3</menuLevel><policyI18NModels/><policyName>Menu</policyName><rightGranted>Y</rightGranted><status>Y</status></menuItem><menuItem refId="29@MenuItemModel"><policySeq>2938</policySeq><serviceProviderCode>BPTDEV</serviceProviderCode><auditModel><auditDate>2015-12-02T16:35:16-07:00</auditDate><auditID>ADMIN</auditID><auditStatus>A</auditStatus></auditModel><data1>cap_tabbar</data1><data2>AMS Module Menu/[5]Tab/[5]Costing[][B]</data2><levelData>AMS</levelData><levelType>Module</levelType><menuLevel>3</menuLevel><policyI18NModels/><policyName>Menu</policyName><rightGranted>Y</rightGranted><status>Y</status></menuItem><menuItem refId="30@MenuItemModel"><policySeq>2939</policySeq><serviceProviderCode>BPTDEV</serviceProviderCode><auditModel><auditDate>2015-12-02T16:35:16-07:00</auditDate><auditID>ADMIN</auditID><auditStatus>A</auditStatus></auditModel><data1>cap_tabbar</data1><data2>AMS Module Menu/[5]Tab/[9]PMScheduleEditByWO[][B]</data2><levelData>AMS</levelData><levelType>Module</levelType><menuLevel>3</menuLevel><policyI18NModels/><policyName>Menu</policyName><rightGranted>Y</rightGranted><status>Y</status></menuItem><menuItem refId="31@MenuItemModel"><policySeq>3093</policySeq><serviceProviderCode>BPTDEV</serviceProviderCode><auditModel><auditDate>2015-12-02T16:35:16-07:00</auditDate><auditID>ADMIN</auditID><auditStatus>A</auditStatus></auditModel><data1>cap_tabbar</data1><data2>AMS Module Menu/[5]Tab/[4]WorkOrderAsset[][B]</data2><levelData>AMS</levelData><levelType>Module</levelType><menuLevel>3</menuLevel><policyI18NModels/><policyName>Menu</policyName><rightGranted>Y</rightGranted><status>Y</status></menuItem><menuItem refId="32@MenuItemModel"><policySeq>3615</policySeq><serviceProviderCode>BPTDEV</serviceProviderCode><auditModel><auditDate>2015-12-02T16:35:16-07:00</auditDate><auditID>ADMIN</auditID><auditStatus>A</auditStatus></auditModel><data1>cap_tabbar</data1><data2>AMS Module Menu/[5]Tab/[0]CapTabSummary[][B]</data2><levelData>AMS</levelData><levelType>Module</levelType><menuLevel>3</menuLevel><policyI18NModels/><policyName>Menu</policyName><rightGranted>Y</rightGranted><status>Y</status></menuItem><menuItem refId="33@MenuItemModel"><policySeq>3616</policySeq><serviceProviderCode>BPTDEV</serviceProviderCode><auditModel><auditDate>2015-12-02T16:35:16-07:00</auditDate><auditID>ADMIN</auditID><auditStatus>A</auditStatus></auditModel><data1>cap_tabbar</data1><data2>AMS Module Menu/[5]Tab/[3]Address[][B]</data2><levelData>AMS</levelData><levelType>Module</levelType><menuLevel>3</menuLevel><policyI18NModels/><policyName>Menu</policyName><rightGranted>Y</rightGranted><status>Y</status></menuItem><menuItem refId="34@MenuItemModel"><policySeq>3617</policySeq><serviceProviderCode>BPTDEV</serviceProviderCode><auditModel><auditDate>2015-12-02T16:35:16-07:00</auditDate><auditID>ADMIN</auditID><auditStatus>A</auditStatus></auditModel><data1>cap_tabbar</data1><data2>AMS Module Menu/[5]Tab/[7]Document[][B]</data2><levelData>AMS</levelData><levelType>Module</levelType><menuLevel>3</menuLevel><policyI18NModels/><policyName>Menu</policyName><rightGranted>Y</rightGranted><status>Y</status></menuItem><menuItem refId="35@MenuItemModel"><policySeq>311544</policySeq><serviceProviderCode>BPTDEV</serviceProviderCode><auditModel><auditDate>2015-12-02T16:35:16-07:00</auditDate><auditID>ADMIN</auditID><auditStatus>A</auditStatus></auditModel><data1>cap_tabbar</data1><data2>AMS Module Menu/[5]Tab/[6]WorkOrderTask[][B]</data2><levelData>AMS</levelData><levelType>Module</levelType><menuLevel>3</menuLevel><policyI18NModels/><policyName>Menu</policyName><rightGranted>Y</rightGranted><status>Y</status></menuItem></menuItemModels><menuName>AMS Module Menu/[5]Tab%</menuName></menu><menu refId="36@MenuModel"><policySeq>4069</policySeq><serviceProviderCode>BPTDEV</serviceProviderCode><auditModel><auditDate>2014-08-27T14:51:47-06:00</auditDate><auditID>ADMIN</auditID><auditStatus>A</auditStatus></auditModel><data1>cap_tabbar</data1><data2>AMS Module Menu/[4]Resource Costing</data2><levelData>AMS</levelData><levelType>Module</levelType><menuLevel>2</menuLevel><policyI18NModels/><policyName>Menu</policyName><rightGranted>Y</rightGranted><status>Y</status><menuItemModels><menuItem refId="37@MenuItemModel"><policySeq>4070</policySeq><serviceProviderCode>BPTDEV</serviceProviderCode><auditModel><auditDate>2014-08-27T14:52:16-06:00</auditDate><auditID>ADMIN</auditID><auditStatus>A</auditStatus></auditModel><data1>cap_tabbar</data1><data2>AMS Module Menu/[4]Resource Costing/[0]Costing[][B]</data2><levelData>AMS</levelData><levelType>Module</levelType><menuLevel>3</menuLevel><policyI18NModels/><policyName>Menu</policyName><rightGranted>Y</rightGranted><status>Y</status></menuItem><menuItem refId="38@MenuItemModel"><policySeq>4071</policySeq><serviceProviderCode>BPTDEV</serviceProviderCode><auditModel><auditDate>2014-08-27T14:52:16-06:00</auditDate><auditID>ADMIN</auditID><auditStatus>A</auditStatus></auditModel><data1>cap_tabbar</data1><data2>AMS Module Menu/[4]Resource Costing/[1]Part[][B]</data2><levelData>AMS</levelData><levelType>Module</levelType><menuLevel>3</menuLevel><policyI18NModels/><policyName>Menu</policyName><rightGranted>Y</rightGranted><status>Y</status></menuItem><menuItem refId="39@MenuItemModel"><policySeq>4072</policySeq><serviceProviderCode>BPTDEV</serviceProviderCode><auditModel><auditDate>2014-08-27T14:52:16-06:00</auditDate><auditID>ADMIN</auditID><auditStatus>A</auditStatus></auditModel><data1>cap_tabbar</data1><data2>AMS Module Menu/[4]Resource Costing/[2]DistributionHistory[][B]</data2><levelData>AMS</levelData><levelType>Module</levelType><menuLevel>3</menuLevel><policyI18NModels/><policyName>Menu</policyName><rightGranted>Y</rightGranted><status>Y</status></menuItem></menuItemModels><menuName>AMS Module Menu/[4]Resource Costing%</menuName></menu></menuModels><menuName>AMS Module Menu%</menuName><upperMenuLevel refId="40@MenuLevelVirtualModel"><data1>cap_tabbar</data1><levelData>AMS</levelData><levelType>Module</levelType><menuLevel>1</menuLevel><MenuLevelModels><MenuLevelModel refId="41@MenuLevelModel"><policySeq>2160</policySeq><serviceProviderCode>BPTDEV</serviceProviderCode><auditModel><auditDate>2011-11-04T10:12:13-06:00</auditDate><auditID>ADMIN</auditID><auditStatus>A</auditStatus></auditModel><data1>cap_tabbar</data1><data4>Default agency menu</data4><levelData>BPTDEV</levelData><levelType>Agency</levelType><menuLevel>1</menuLevel><policyI18NModels/><policyName>Menu</policyName><rightGranted>Y</rightGranted><status>Y</status></MenuLevelModel></MenuLevelModels><moduleName> </moduleName><policyName>Menu</policyName><serviceProviderCode>BPTDEV</serviceProviderCode></upperMenuLevel></menuTemplate>
</list>