<?xml version="1.0" encoding="UTF-8" standalone="yes"?>
<list  version="8.0.0" minorVersion="15" exportUser="ADMIN" exportDateTime="03/30/2016 08:01 PM" description="null"><myNavigation><serviceProviderCode>BPTDEV</serviceProviderCode><xportletId>67</xportletId><auditModel><auditDate>2014-01-14T16:25:46-07:00</auditDate><auditID>Accela Administrator</auditID><auditStatus>A</auditStatus></auditModel><flowRecipients><flowRecipient><serviceProviderCode>BPTDEV</serviceProviderCode><portletID>67</portletID><recipientType>module</recipientType><recipientKey>AMS</recipientKey><auditModel><auditDate>2013-10-10T15:55:42-06:00</auditDate><auditID>AAMADMIN</auditID><auditStatus>A</auditStatus></auditModel></flowRecipient></flowRecipients><refLinksPortletI18NS/><portletComments>Asset Management</portletComments><portletId>1</portletId><portletName>My Nav - Asset Management</portletName><portletType>FLOW_DIAGRAM</portletType><refQuickLinks><refQuickLink><serviceProviderCode>BPTDEV</serviceProviderCode><linkId>312</linkId><auditModel><auditDate>2014-09-16T10:00:12-06:00</auditDate><auditID>ADMIN</auditID><auditStatus>A</auditStatus></auditModel><linkAlt>Update Record Status</linkAlt><linkDescription>Work Order Status</linkDescription><linkOrder>10</linkOrder><linkTarget>capForm</linkTarget><linkType>PORTLET</linkType><linkUrl>258</linkUrl><refPortletModel><serviceProviderCode>BPTDEV</serviceProviderCode><portletId>258</portletId><auditModel><auditDate>2014-05-08T16:15:31-06:00</auditDate><auditID>ADMIN</auditID><auditStatus>A</auditStatus></auditModel><fid>8132</fid><portalPageId>NA</portalPageId><portletDes>My Nav - Status</portletDes><portletIcon>/portlets/images/icons/status.gif</portletIcon><portletUrl>/portlets/cap/capStatusView.do?</portletUrl><refPortletI18NS/></refPortletModel><refPortletI18NS/><xportletId>67</xportletId></refQuickLink><refQuickLink><serviceProviderCode>BPTDEV</serviceProviderCode><linkId>355</linkId><auditModel><auditDate>2014-09-16T10:00:12-06:00</auditDate><auditID>ADMIN</auditID><auditStatus>A</auditStatus></auditModel><linkDescription>Comments</linkDescription><linkOrder>30</linkOrder><linkTarget>capForm</linkTarget><linkType>PORTLET</linkType><linkUrl>214</linkUrl><refPortletModel><serviceProviderCode>BPTDEV</serviceProviderCode><portletId>214</portletId><auditModel><auditDate>2011-06-08T17:05:50-06:00</auditDate><auditID>ADMIN</auditID><auditStatus>A</auditStatus></auditModel><fid>8132</fid><portalPageId>NA</portalPageId><portletDes>My Nav - Comments</portletDes><portletIcon>/portlets/images/icons/diag_enter_activity.gif</portletIcon><portletUrl>/portlets/cap/capCommentList.do?mode=view</portletUrl><refPortletI18NS/></refPortletModel><refPortletI18NS/><xportletId>67</xportletId></refQuickLink><refQuickLink><serviceProviderCode>BPTDEV</serviceProviderCode><linkId>356</linkId><auditModel><auditDate>2014-09-16T10:00:12-06:00</auditDate><auditID>ADMIN</auditID><auditStatus>A</auditStatus></auditModel><linkDescription>Flags</linkDescription><linkOrder>40</linkOrder><linkTarget>capForm</linkTarget><linkType>PORTLET</linkType><linkUrl>218</linkUrl><refPortletModel><serviceProviderCode>BPTDEV</serviceProviderCode><portletId>218</portletId><auditModel><auditDate>2012-10-03T10:27:00-06:00</auditDate><auditID>ADMIN</auditID><auditStatus>A</auditStatus></auditModel><fid>8132</fid><portalPageId>NA</portalPageId><portletDes>My Nav - Conditions</portletDes><portletIcon>/portlets/images/icons/status.gif</portletIcon><portletUrl>/portlets/condition/capConditionList.do?mode=list</portletUrl><refPortletI18NS/></refPortletModel><refPortletI18NS/><xportletId>67</xportletId></refQuickLink><refQuickLink><serviceProviderCode>BPTDEV</serviceProviderCode><linkId>357</linkId><auditModel><auditDate>2014-09-16T10:00:12-06:00</auditDate><auditID>ADMIN</auditID><auditStatus>A</auditStatus></auditModel><linkDescription>Contacts</linkDescription><linkOrder>50</linkOrder><linkTarget>capForm</linkTarget><linkType>PORTLET</linkType><linkUrl>223</linkUrl><refPortletModel><serviceProviderCode>BPTDEV</serviceProviderCode><portletId>223</portletId><auditModel><auditDate>2011-06-08T17:06:28-06:00</auditDate><auditID>ADMIN</auditID><auditStatus>A</auditStatus></auditModel><fid>8132</fid><portalPageId>NA</portalPageId><portletDes>My Nav - Contacts</portletDes><portletIcon>/portlets/images/icons/diag_enter_activity.gif</portletIcon><portletUrl>/portlets/contact/contactList.do?mode=list</portletUrl><refPortletI18NS/></refPortletModel><refPortletI18NS/><xportletId>67</xportletId></refQuickLink><refQuickLink><serviceProviderCode>BPTDEV</serviceProviderCode><linkId>358</linkId><auditModel><auditDate>2014-09-16T10:00:12-06:00</auditDate><auditID>ADMIN</auditID><auditStatus>A</auditStatus></auditModel><linkDescription>Documents</linkDescription><linkOrder>60</linkOrder><linkTarget>capForm</linkTarget><linkType>PORTLET</linkType><linkUrl>222</linkUrl><refPortletModel><serviceProviderCode>BPTDEV</serviceProviderCode><portletId>222</portletId><auditModel><auditDate>2011-06-08T17:05:45-06:00</auditDate><auditID>ADMIN</auditID><auditStatus>A</auditStatus></auditModel><fid>8132</fid><portalPageId>NA</portalPageId><portletDes>My Nav - Attached Documents</portletDes><portletIcon>/portlets/images/icons/diag_reports.gif</portletIcon><portletUrl>/portlets/document/documentList.do?mode=list&amp;entityType=CAP&amp;entry=yes</portletUrl><refPortletI18NS/></refPortletModel><refPortletI18NS/><xportletId>67</xportletId></refQuickLink><refQuickLink><serviceProviderCode>BPTDEV</serviceProviderCode><linkId>359</linkId><auditModel><auditDate>2014-09-16T10:00:12-06:00</auditDate><auditID>ADMIN</auditID><auditStatus>A</auditStatus></auditModel><linkDescription>Related Records</linkDescription><linkOrder>70</linkOrder><linkTarget>capForm</linkTarget><linkType>PORTLET</linkType><linkUrl>221</linkUrl><refPortletModel><serviceProviderCode>BPTDEV</serviceProviderCode><portletId>221</portletId><auditModel><auditDate>2011-06-08T17:07:33-06:00</auditDate><auditID>ADMIN</auditID><auditStatus>A</auditStatus></auditModel><fid>8132</fid><portalPageId>NA</portalPageId><portletDes>My Nav - Related Records</portletDes><portletIcon>/portlets/images/icons/diag_update_workflow.gif</portletIcon><portletUrl>/portlets/xrefcap/crossReferenceXRefCapList.do?mode=doQuickQueryList</portletUrl><refPortletI18NS/></refPortletModel><refPortletI18NS/><xportletId>67</xportletId></refQuickLink><refQuickLink><serviceProviderCode>BPTDEV</serviceProviderCode><linkId>360</linkId><auditModel><auditDate>2014-09-16T10:00:12-06:00</auditDate><auditID>ADMIN</auditID><auditStatus>A</auditStatus></auditModel><linkDescription>Record Summary</linkDescription><linkOrder>20</linkOrder><linkTarget>capForm</linkTarget><linkType>PORTLET</linkType><linkUrl>217</linkUrl><refPortletModel><serviceProviderCode>BPTDEV</serviceProviderCode><portletId>217</portletId><auditModel><auditDate>2011-06-08T17:07:47-06:00</auditDate><auditID>ADMIN</auditID><auditStatus>A</auditStatus></auditModel><fid>8132</fid><portalPageId>NA</portalPageId><portletDes>My Nav - Record Summary</portletDes><portletIcon>/portlets/images/icons/diag_enter_permit.gif</portletIcon><portletUrl>/portlets/cap/capsummary/CapTabSummary.do?mode=tabSummary&amp;isRedirect=false</portletUrl><refPortletI18NS/></refPortletModel><refPortletI18NS/><xportletId>67</xportletId></refQuickLink></refQuickLinks><systemName>FlowDiagram</systemName></myNavigation>
</list>