<?xml version="1.0" encoding="UTF-8" standalone="yes"?>
<list  version="8.0.0" minorVersion="15" exportUser="ADMIN" exportDateTime="03/30/2016 08:01 PM" description="null"><refLinksPortlet><serviceProviderCode>BPTDEV</serviceProviderCode><xportletId>38</xportletId><auditModel><auditDate>2013-04-03T14:42:51-06:00</auditDate><auditID>ADMIN</auditID><auditStatus>A</auditStatus></auditModel><portletDesc>For Accela Admin page</portletDesc><portletId>20</portletId><portletName>QuickLinks3-Accela Admin</portletName><portletType>LIST_PORTLET</portletType><refLinksPortletI18NS/><refQuickLinks><refQuickLink><serviceProviderCode>BPTDEV</serviceProviderCode><linkId>33</linkId><auditModel><auditDate>2016-03-10T19:12:53-07:00</auditDate><auditID>SCRIPT</auditID><auditStatus>A</auditStatus></auditModel><linkDescription>AA Classic</linkDescription><linkType>URL</linkType><linkUrl>https://aastd.accela.com</linkUrl><refPortletI18NS/><xportletId>38</xportletId></refQuickLink><refQuickLink><serviceProviderCode>BPTDEV</serviceProviderCode><linkId>32</linkId><auditModel><auditDate>2016-03-10T19:22:24-07:00</auditDate><auditID>SCRIPT</auditID><auditStatus>A</auditStatus></auditModel><linkDescription>Clear Cache</linkDescription><linkType>URL</linkType><linkUrl>https://avstd.accela.com/portlets/cache/cacheList.do</linkUrl><refPortletI18NS/><xportletId>38</xportletId></refQuickLink></refQuickLinks><systemName>QuickLinks3</systemName></refLinksPortlet>
<refLinksPortlet><serviceProviderCode>BPTDEV</serviceProviderCode><xportletId>36</xportletId><auditModel><auditDate>2011-07-26T15:27:23-06:00</auditDate><auditID>ADMIN</auditID><auditStatus>A</auditStatus></auditModel><portletDesc>Generic link portlet with Clear Cache link</portletDesc><portletId>20</portletId><portletName>QuickLinks1</portletName><portletType>LIST_PORTLET</portletType><refLinksPortletI18NS/><refQuickLinks><refQuickLink><serviceProviderCode>BPTDEV</serviceProviderCode><linkId>22</linkId><auditModel><auditDate>2016-03-10T19:22:24-07:00</auditDate><auditID>SCRIPT</auditID><auditStatus>A</auditStatus></auditModel><linkDescription>Clear Cache</linkDescription><linkType>URL</linkType><linkUrl>https://avstd.accela.com/portlets/cache/cacheList.do</linkUrl><refPortletI18NS/><xportletId>36</xportletId></refQuickLink></refQuickLinks><systemName>QuickLinks1</systemName></refLinksPortlet>
<refLinksPortlet><serviceProviderCode>BPTDEV</serviceProviderCode><xportletId>57</xportletId><auditModel><auditDate>2013-04-04T14:12:29-06:00</auditDate><auditID>ADMIN</auditID><auditStatus>A</auditStatus></auditModel><portletDesc>For the Agency Admin console</portletDesc><portletId>20</portletId><portletName>QuickLinks4-Agency Admin</portletName><portletType>LIST_PORTLET</portletType><refLinksPortletI18NS/><refQuickLinks><refQuickLink><serviceProviderCode>BPTDEV</serviceProviderCode><linkId>272</linkId><auditModel><auditDate>2016-03-10T19:22:24-07:00</auditDate><auditID>SCRIPT</auditID><auditStatus>A</auditStatus></auditModel><linkDescription>Standard Comments Maintenance</linkDescription><linkType>URL</linkType><linkUrl>https://avstd.accela.com/portlets/standardComment/comment.do</linkUrl><refPortletI18NS/><xportletId>57</xportletId></refQuickLink><refQuickLink><serviceProviderCode>BPTDEV</serviceProviderCode><linkId>273</linkId><auditModel><auditDate>2016-03-10T19:22:24-07:00</auditDate><auditID>SCRIPT</auditID><auditStatus>A</auditStatus></auditModel><linkDescription>ASI Maintenance</linkDescription><linkType>URL</linkType><linkUrl>https://avstd.accela.com/admin/index.cfm?fuseaction=R2ChckBoxSearchV30&amp;barsel=6b&amp;tagsel=4&amp;menusel=a</linkUrl><refPortletI18NS/><xportletId>57</xportletId></refQuickLink><refQuickLink><serviceProviderCode>BPTDEV</serviceProviderCode><linkId>275</linkId><auditModel><auditDate>2016-03-10T19:22:24-07:00</auditDate><auditID>SCRIPT</auditID><auditStatus>A</auditStatus></auditModel><linkDescription>ASIT Maintenance</linkDescription><linkType>URL</linkType><linkUrl>https://avstd.accela.com/admin/index.cfm?fuseaction=FeeAttachedTableSearch&amp;barsel=6b&amp;tagsel=4&amp;menusel=m</linkUrl><refPortletI18NS/><xportletId>57</xportletId></refQuickLink><refQuickLink><serviceProviderCode>BPTDEV</serviceProviderCode><linkId>277</linkId><auditModel><auditDate>2016-03-10T19:22:24-07:00</auditDate><auditID>SCRIPT</auditID><auditStatus>A</auditStatus></auditModel><linkDescription>Email Messages</linkDescription><linkType>URL</linkType><linkUrl>https://avstd.accela.com/admin/index.cfm?fuseaction=SContNoteSearch&amp;barsel=6b&amp;tagsel=14&amp;menusel=f</linkUrl><refPortletI18NS/><xportletId>57</xportletId></refQuickLink><refQuickLink><serviceProviderCode>BPTDEV</serviceProviderCode><linkId>270</linkId><auditModel><auditDate>2016-03-10T19:22:24-07:00</auditDate><auditID>SCRIPT</auditID><auditStatus>A</auditStatus></auditModel><linkDescription>User Maintenance</linkDescription><linkType>URL</linkType><linkUrl>https://avstd.accela.com/admin/index.cfm?fuseaction=UserMnSearch&amp;barsel=6b&amp;tagsel=2&amp;menusel=b</linkUrl><refPortletI18NS/><xportletId>57</xportletId></refQuickLink><refQuickLink><serviceProviderCode>BPTDEV</serviceProviderCode><linkId>271</linkId><auditModel><auditDate>2016-03-10T19:22:24-07:00</auditDate><auditID>SCRIPT</auditID><auditStatus>A</auditStatus></auditModel><linkDescription>Fee Maintenance</linkDescription><linkType>URL</linkType><linkUrl>https://avstd.accela.com/admin/index.cfm?fuseaction=RFeeScheduleSearch641&amp;barsel=6b&amp;tagsel=8&amp;menusel=f</linkUrl><refPortletI18NS/><xportletId>57</xportletId></refQuickLink><refQuickLink><serviceProviderCode>BPTDEV</serviceProviderCode><linkId>297</linkId><auditModel><auditDate>2016-03-10T19:22:24-07:00</auditDate><auditID>SCRIPT</auditID><auditStatus>A</auditStatus></auditModel><linkDescription>Clear Cache</linkDescription><linkType>URL</linkType><linkUrl>https://avstd.accela.com/portlets/cache/cacheList.do</linkUrl><refPortletI18NS/><xportletId>57</xportletId></refQuickLink><refQuickLink><serviceProviderCode>BPTDEV</serviceProviderCode><linkId>298</linkId><auditModel><auditDate>2016-03-10T19:22:24-07:00</auditDate><auditID>SCRIPT</auditID><auditStatus>A</auditStatus></auditModel><linkDescription>Condition Maintenance</linkDescription><linkType>URL</linkType><linkUrl>https://avstd.accela.com/portlets/commons/standardcondition/stdConditionsSetup.jsp</linkUrl><refPortletI18NS/><xportletId>57</xportletId></refQuickLink></refQuickLinks><systemName>QuickLinks4</systemName></refLinksPortlet>
<refLinksPortlet><serviceProviderCode>BPTDEV</serviceProviderCode><xportletId>69</xportletId><auditModel><auditDate>2014-01-14T16:08:47-07:00</auditDate><auditID>ADMIN</auditID><auditStatus>A</auditStatus></auditModel><portletId>20</portletId><portletName>AAM Administrator</portletName><portletType>LIST_PORTLET</portletType><refLinksPortletI18NS/><refQuickLinks><refQuickLink><serviceProviderCode>BPTDEV</serviceProviderCode><linkId>342</linkId><auditModel><auditDate>2016-03-10T19:22:24-07:00</auditDate><auditID>SCRIPT</auditID><auditStatus>A</auditStatus></auditModel><linkDescription>Asset Attribute</linkDescription><linkType>URL</linkType><linkUrl>https://avstd.accela.com/portlets/ams/attribute/attributePortlet.do</linkUrl><refPortletI18NS/><xportletId>69</xportletId></refQuickLink><refQuickLink><serviceProviderCode>BPTDEV</serviceProviderCode><linkId>343</linkId><auditModel><auditDate>2016-03-10T19:22:24-07:00</auditDate><auditID>SCRIPT</auditID><auditStatus>A</auditStatus></auditModel><linkDescription>Asset Attribute Table</linkDescription><linkType>URL</linkType><linkUrl>https://avstd.accela.com/portlets/ams/attribute/attributeTablePortlet.jsp</linkUrl><refPortletI18NS/><xportletId>69</xportletId></refQuickLink><refQuickLink><serviceProviderCode>BPTDEV</serviceProviderCode><linkId>344</linkId><auditModel><auditDate>2016-03-10T19:22:24-07:00</auditDate><auditID>SCRIPT</auditID><auditStatus>A</auditStatus></auditModel><linkDescription>Asset Attribute Template</linkDescription><linkType>URL</linkType><linkUrl>https://avstd.accela.com/portlets/ams/attribute/templatePortlet.do</linkUrl><refPortletI18NS/><xportletId>69</xportletId></refQuickLink><refQuickLink><serviceProviderCode>BPTDEV</serviceProviderCode><linkId>352</linkId><auditModel><auditDate>2016-03-10T19:22:24-07:00</auditDate><auditID>SCRIPT</auditID><auditStatus>A</auditStatus></auditModel><linkDescription>Work Order Cost Item</linkDescription><linkType>URL</linkType><linkUrl>https://avstd.accela.com/portlets/ams/costitem/costItemPortlet.do</linkUrl><refPortletI18NS/><xportletId>69</xportletId></refQuickLink><refQuickLink><serviceProviderCode>BPTDEV</serviceProviderCode><linkId>353</linkId><auditModel><auditDate>2016-03-10T19:22:24-07:00</auditDate><auditID>SCRIPT</auditID><auditStatus>A</auditStatus></auditModel><linkDescription>Work Order Task</linkDescription><linkType>URL</linkType><linkUrl>https://avstd.accela.com/portlets/ams/workordertask/workordertaskPortlet.do</linkUrl><refPortletI18NS/><xportletId>69</xportletId></refQuickLink><refQuickLink><serviceProviderCode>BPTDEV</serviceProviderCode><linkId>354</linkId><auditModel><auditDate>2016-03-10T19:22:24-07:00</auditDate><auditID>SCRIPT</auditID><auditStatus>A</auditStatus></auditModel><linkDescription>Work Order Template</linkDescription><linkType>URL</linkType><linkUrl>https://avstd.accela.com/portlets/ams/workordertemplate/woTemplatePortlet.do</linkUrl><refPortletI18NS/><xportletId>69</xportletId></refQuickLink><refQuickLink><serviceProviderCode>BPTDEV</serviceProviderCode><linkId>345</linkId><auditModel><auditDate>2016-03-10T19:22:24-07:00</auditDate><auditID>SCRIPT</auditID><auditStatus>A</auditStatus></auditModel><linkDescription>Asset Condition Assessment</linkDescription><linkType>URL</linkType><linkUrl>https://avstd.accela.com/portlets/ams/conditionassessment/conditionAssessmentPortlet.do</linkUrl><refPortletI18NS/><xportletId>69</xportletId></refQuickLink><refQuickLink><serviceProviderCode>BPTDEV</serviceProviderCode><linkId>346</linkId><auditModel><auditDate>2016-03-10T19:22:24-07:00</auditDate><auditID>SCRIPT</auditID><auditStatus>A</auditStatus></auditModel><linkDescription>Asset Rating Type</linkDescription><linkType>URL</linkType><linkUrl>https://avstd.accela.com/portlets/ams/rating/ratingTypePortlet.do</linkUrl><refPortletI18NS/><xportletId>69</xportletId></refQuickLink><refQuickLink><serviceProviderCode>BPTDEV</serviceProviderCode><linkId>347</linkId><auditModel><auditDate>2016-03-10T19:22:24-07:00</auditDate><auditID>SCRIPT</auditID><auditStatus>A</auditStatus></auditModel><linkDescription>Asset Security</linkDescription><linkType>URL</linkType><linkUrl>https://avstd.accela.com/portlets/commons/policy/assetTypeSecuritySetup.jsp</linkUrl><refPortletI18NS/><xportletId>69</xportletId></refQuickLink><refQuickLink><serviceProviderCode>BPTDEV</serviceProviderCode><linkId>348</linkId><auditModel><auditDate>2016-03-10T19:22:24-07:00</auditDate><auditID>SCRIPT</auditID><auditStatus>A</auditStatus></auditModel><linkDescription>Asset Type</linkDescription><linkType>URL</linkType><linkUrl>https://avstd.accela.com/portlets/ams/asset/assetRefPortlet.do</linkUrl><refPortletI18NS/><xportletId>69</xportletId></refQuickLink><refQuickLink><serviceProviderCode>BPTDEV</serviceProviderCode><linkId>349</linkId><auditModel><auditDate>2016-03-10T19:22:24-07:00</auditDate><auditID>SCRIPT</auditID><auditStatus>A</auditStatus></auditModel><linkDescription>Part Contact</linkDescription><linkType>URL</linkType><linkUrl>https://avstd.accela.com/portlets/ams/part/partContactPortlet.do</linkUrl><refPortletI18NS/><xportletId>69</xportletId></refQuickLink><refQuickLink><serviceProviderCode>BPTDEV</serviceProviderCode><linkId>350</linkId><auditModel><auditDate>2016-03-10T19:22:24-07:00</auditDate><auditID>SCRIPT</auditID><auditStatus>A</auditStatus></auditModel><linkDescription>Part Location</linkDescription><linkType>URL</linkType><linkUrl>https://avstd.accela.com/portlets/ams/part/partLocationPortlet.do</linkUrl><refPortletI18NS/><xportletId>69</xportletId></refQuickLink><refQuickLink><serviceProviderCode>BPTDEV</serviceProviderCode><linkId>351</linkId><auditModel><auditDate>2016-03-10T19:22:24-07:00</auditDate><auditID>SCRIPT</auditID><auditStatus>A</auditStatus></auditModel><linkDescription>Work Order Cost Group</linkDescription><linkType>URL</linkType><linkUrl>https://avstd.accela.com/portlets/ams/costgroup/costGroupPortlet.do</linkUrl><refPortletI18NS/><xportletId>69</xportletId></refQuickLink></refQuickLinks><systemName>QuickLinks2</systemName></refLinksPortlet>
</list>