<?xml version="1.0" encoding="UTF-8" standalone="yes"?>
<list  version="8.0.0" minorVersion="15" exportUser="ADMIN" exportDateTime="03/30/2016 08:45 PM" description="null"><menuTemplate refId="1@MenuTemplateModel"><policySeq>2396</policySeq><serviceProviderCode>BPTDEV</serviceProviderCode><auditModel><auditDate>2013-03-19T16:41:30-06:00</auditDate><auditID>ADMIN</auditID><auditStatus>A</auditStatus></auditModel><data1>cap_tabbar</data1><data2>Enforcement Module Menu</data2><levelData>Enforcement</levelData><levelType>Module</levelType><menuLevel>1</menuLevel><policyI18NModels/><policyName>Menu</policyName><rightGranted>Y</rightGranted><status>Y</status><menuModels><menu refId="2@MenuModel"><policySeq>2413</policySeq><serviceProviderCode>BPTDEV</serviceProviderCode><auditModel><auditDate>2014-04-23T11:42:27-06:00</auditDate><auditID>ADMIN</auditID><auditStatus>A</auditStatus></auditModel><data1>cap_tabbar</data1><data2>Enforcement Module Menu/[3]Fines and Payments</data2><levelData>Enforcement</levelData><levelType>Module</levelType><menuLevel>2</menuLevel><policyI18NModels/><policyName>Menu</policyName><rightGranted>Y</rightGranted><status>Y</status><menuItemModels><menuItem refId="3@MenuItemModel"><policySeq>2414</policySeq><serviceProviderCode>BPTDEV</serviceProviderCode><auditModel><auditDate>2014-04-23T11:42:27-06:00</auditDate><auditID>ADMIN</auditID><auditStatus>A</auditStatus></auditModel><data1>cap_tabbar</data1><data2>Enforcement Module Menu/[3]Fines and Payments/[0]Fees[Fees-Fines][B]</data2><levelData>Enforcement</levelData><levelType>Module</levelType><menuLevel>3</menuLevel><policyI18NModels/><policyName>Menu</policyName><rightGranted>Y</rightGranted><status>Y</status></menuItem><menuItem refId="4@MenuItemModel"><policySeq>2415</policySeq><serviceProviderCode>BPTDEV</serviceProviderCode><auditModel><auditDate>2014-04-23T11:42:27-06:00</auditDate><auditID>ADMIN</auditID><auditStatus>A</auditStatus></auditModel><data1>cap_tabbar</data1><data2>Enforcement Module Menu/[3]Fines and Payments/[1]AssessFeeHistory[Fee-Fine History][B]</data2><levelData>Enforcement</levelData><levelType>Module</levelType><menuLevel>3</menuLevel><policyI18NModels/><policyName>Menu</policyName><rightGranted>Y</rightGranted><status>Y</status></menuItem><menuItem refId="5@MenuItemModel"><policySeq>2416</policySeq><serviceProviderCode>BPTDEV</serviceProviderCode><auditModel><auditDate>2014-04-23T11:42:27-06:00</auditDate><auditID>ADMIN</auditID><auditStatus>A</auditStatus></auditModel><data1>cap_tabbar</data1><data2>Enforcement Module Menu/[3]Fines and Payments/[2]Payments[][B]</data2><levelData>Enforcement</levelData><levelType>Module</levelType><menuLevel>3</menuLevel><policyI18NModels/><policyName>Menu</policyName><rightGranted>Y</rightGranted><status>Y</status></menuItem><menuItem refId="6@MenuItemModel"><policySeq>2417</policySeq><serviceProviderCode>BPTDEV</serviceProviderCode><auditModel><auditDate>2014-04-23T11:42:27-06:00</auditDate><auditID>ADMIN</auditID><auditStatus>A</auditStatus></auditModel><data1>cap_tabbar</data1><data2>Enforcement Module Menu/[3]Fines and Payments/[3]PaymentHistory[][B]</data2><levelData>Enforcement</levelData><levelType>Module</levelType><menuLevel>3</menuLevel><policyI18NModels/><policyName>Menu</policyName><rightGranted>Y</rightGranted><status>Y</status></menuItem></menuItemModels><menuName>Enforcement Module Menu/[3]Fines and Payments%</menuName></menu><menu refId="7@MenuModel"><policySeq>2418</policySeq><serviceProviderCode>BPTDEV</serviceProviderCode><auditModel><auditDate>2014-04-23T11:42:27-06:00</auditDate><auditID>ADMIN</auditID><auditStatus>A</auditStatus></auditModel><data1>cap_tabbar</data1><data2>Enforcement Module Menu/[4]Workflow</data2><levelData>Enforcement</levelData><levelType>Module</levelType><menuLevel>2</menuLevel><policyI18NModels/><policyName>Menu</policyName><rightGranted>Y</rightGranted><status>Y</status><menuItemModels><menuItem refId="8@MenuItemModel"><policySeq>2419</policySeq><serviceProviderCode>BPTDEV</serviceProviderCode><auditModel><auditDate>2014-04-23T11:42:27-06:00</auditDate><auditID>ADMIN</auditID><auditStatus>A</auditStatus></auditModel><data1>cap_tabbar</data1><data2>Enforcement Module Menu/[4]Workflow/[0]Workflow[][B]</data2><levelData>Enforcement</levelData><levelType>Module</levelType><menuLevel>3</menuLevel><policyI18NModels/><policyName>Menu</policyName><rightGranted>Y</rightGranted><status>Y</status></menuItem><menuItem refId="9@MenuItemModel"><policySeq>2420</policySeq><serviceProviderCode>BPTDEV</serviceProviderCode><auditModel><auditDate>2014-04-23T11:42:27-06:00</auditDate><auditID>ADMIN</auditID><auditStatus>A</auditStatus></auditModel><data1>cap_tabbar</data1><data2>Enforcement Module Menu/[4]Workflow/[1]History[][B]</data2><levelData>Enforcement</levelData><levelType>Module</levelType><menuLevel>3</menuLevel><policyI18NModels/><policyName>Menu</policyName><rightGranted>Y</rightGranted><status>Y</status></menuItem><menuItem refId="10@MenuItemModel"><policySeq>2421</policySeq><serviceProviderCode>BPTDEV</serviceProviderCode><auditModel><auditDate>2014-04-23T11:42:27-06:00</auditDate><auditID>ADMIN</auditID><auditStatus>A</auditStatus></auditModel><data1>cap_tabbar</data1><data2>Enforcement Module Menu/[4]Workflow/[2]Activity[][B]</data2><levelData>Enforcement</levelData><levelType>Module</levelType><menuLevel>3</menuLevel><policyI18NModels/><policyName>Menu</policyName><rightGranted>Y</rightGranted><status>Y</status></menuItem><menuItem refId="11@MenuItemModel"><policySeq>2422</policySeq><serviceProviderCode>BPTDEV</serviceProviderCode><auditModel><auditDate>2014-04-23T11:42:27-06:00</auditDate><auditID>ADMIN</auditID><auditStatus>A</auditStatus></auditModel><data1>cap_tabbar</data1><data2>Enforcement Module Menu/[4]Workflow/[3]Activity Summary[][B]</data2><levelData>Enforcement</levelData><levelType>Module</levelType><menuLevel>3</menuLevel><policyI18NModels/><policyName>Menu</policyName><rightGranted>Y</rightGranted><status>Y</status></menuItem></menuItemModels><menuName>Enforcement Module Menu/[4]Workflow%</menuName></menu><menu refId="12@MenuModel"><policySeq>2423</policySeq><serviceProviderCode>BPTDEV</serviceProviderCode><auditModel><auditDate>2014-04-23T11:42:27-06:00</auditDate><auditID>ADMIN</auditID><auditStatus>A</auditStatus></auditModel><data1>cap_tabbar</data1><data2>Enforcement Module Menu/[5]Inspections</data2><levelData>Enforcement</levelData><levelType>Module</levelType><menuLevel>2</menuLevel><policyI18NModels/><policyName>Menu</policyName><rightGranted>Y</rightGranted><status>Y</status><menuItemModels><menuItem refId="13@MenuItemModel"><policySeq>2424</policySeq><serviceProviderCode>BPTDEV</serviceProviderCode><auditModel><auditDate>2014-04-23T11:42:27-06:00</auditDate><auditID>ADMIN</auditID><auditStatus>A</auditStatus></auditModel><data1>cap_tabbar</data1><data2>Enforcement Module Menu/[5]Inspections/[0]Inspections[][B]</data2><levelData>Enforcement</levelData><levelType>Module</levelType><menuLevel>3</menuLevel><policyI18NModels/><policyName>Menu</policyName><rightGranted>Y</rightGranted><status>Y</status></menuItem></menuItemModels><menuName>Enforcement Module Menu/[5]Inspections%</menuName></menu><menu refId="14@MenuModel"><policySeq>2425</policySeq><serviceProviderCode>BPTDEV</serviceProviderCode><auditModel><auditDate>2014-04-23T11:42:27-06:00</auditDate><auditID>ADMIN</auditID><auditStatus>A</auditStatus></auditModel><data1>cap_tabbar</data1><data2>Enforcement Module Menu/[6]Tab</data2><levelData>Enforcement</levelData><levelType>Module</levelType><menuLevel>2</menuLevel><policyI18NModels/><policyName>Menu</policyName><rightGranted>Y</rightGranted><status>Y</status><menuItemModels><menuItem refId="15@MenuItemModel"><policySeq>2426</policySeq><serviceProviderCode>BPTDEV</serviceProviderCode><auditModel><auditDate>2014-09-15T11:52:47-06:00</auditDate><auditID>ADMIN</auditID><auditStatus>A</auditStatus></auditModel><data1>cap_tabbar</data1><data2>Enforcement Module Menu/[6]Tab/[0]CapTabSummary[][B]</data2><levelData>Enforcement</levelData><levelType>Module</levelType><menuLevel>3</menuLevel><policyI18NModels/><policyName>Menu</policyName><rightGranted>Y</rightGranted><status>Y</status></menuItem><menuItem refId="16@MenuItemModel"><policySeq>4936</policySeq><serviceProviderCode>BPTDEV</serviceProviderCode><auditModel><auditDate>2014-09-15T11:52:47-06:00</auditDate><auditID>ADMIN</auditID><auditStatus>A</auditStatus></auditModel><data1>cap_tabbar</data1><data2>Enforcement Module Menu/[6]Tab/[11]Communications[][B]</data2><levelData>Enforcement</levelData><levelType>Module</levelType><menuLevel>3</menuLevel><policyI18NModels/><policyName>Menu</policyName><rightGranted>Y</rightGranted><status>Y</status></menuItem><menuItem refId="17@MenuItemModel"><policySeq>4937</policySeq><serviceProviderCode>BPTDEV</serviceProviderCode><auditModel><auditDate>2014-09-15T11:52:47-06:00</auditDate><auditID>ADMIN</auditID><auditStatus>A</auditStatus></auditModel><data1>cap_tabbar</data1><data2>Enforcement Module Menu/[6]Tab/[12]RecordActivityReport[][B]</data2><levelData>Enforcement</levelData><levelType>Module</levelType><menuLevel>3</menuLevel><policyI18NModels/><policyName>Menu</policyName><rightGranted>Y</rightGranted><status>Y</status></menuItem><menuItem refId="18@MenuItemModel"><policySeq>2427</policySeq><serviceProviderCode>BPTDEV</serviceProviderCode><auditModel><auditDate>2014-09-15T11:52:47-06:00</auditDate><auditID>ADMIN</auditID><auditStatus>A</auditStatus></auditModel><data1>cap_tabbar</data1><data2>Enforcement Module Menu/[6]Tab/[1]CapDetail[][B]</data2><levelData>Enforcement</levelData><levelType>Module</levelType><menuLevel>3</menuLevel><policyI18NModels/><policyName>Menu</policyName><rightGranted>Y</rightGranted><status>Y</status></menuItem><menuItem refId="19@MenuItemModel"><policySeq>2432</policySeq><serviceProviderCode>BPTDEV</serviceProviderCode><auditModel><auditDate>2014-09-15T11:52:47-06:00</auditDate><auditID>ADMIN</auditID><auditStatus>A</auditStatus></auditModel><data1>cap_tabbar</data1><data2>Enforcement Module Menu/[6]Tab/[6]AppSpecInfoTable[Data Tables][B]</data2><levelData>Enforcement</levelData><levelType>Module</levelType><menuLevel>3</menuLevel><policyI18NModels/><policyName>Menu</policyName><rightGranted>Y</rightGranted><status>Y</status></menuItem><menuItem refId="20@MenuItemModel"><policySeq>2433</policySeq><serviceProviderCode>BPTDEV</serviceProviderCode><auditModel><auditDate>2014-09-15T11:52:47-06:00</auditDate><auditID>ADMIN</auditID><auditStatus>A</auditStatus></auditModel><data1>cap_tabbar</data1><data2>Enforcement Module Menu/[6]Tab/[7]Calendar[][B]</data2><levelData>Enforcement</levelData><levelType>Module</levelType><menuLevel>3</menuLevel><policyI18NModels/><policyName>Menu</policyName><rightGranted>Y</rightGranted><status>Y</status></menuItem><menuItem refId="21@MenuItemModel"><policySeq>2434</policySeq><serviceProviderCode>BPTDEV</serviceProviderCode><auditModel><auditDate>2014-09-15T11:52:47-06:00</auditDate><auditID>ADMIN</auditID><auditStatus>A</auditStatus></auditModel><data1>cap_tabbar</data1><data2>Enforcement Module Menu/[6]Tab/[8]Comments[][B]</data2><levelData>Enforcement</levelData><levelType>Module</levelType><menuLevel>3</menuLevel><policyI18NModels/><policyName>Menu</policyName><rightGranted>Y</rightGranted><status>Y</status></menuItem><menuItem refId="22@MenuItemModel"><policySeq>2435</policySeq><serviceProviderCode>BPTDEV</serviceProviderCode><auditModel><auditDate>2014-09-15T11:52:47-06:00</auditDate><auditID>ADMIN</auditID><auditStatus>A</auditStatus></auditModel><data1>cap_tabbar</data1><data2>Enforcement Module Menu/[6]Tab/[9]Conditions[Flags][B]</data2><levelData>Enforcement</levelData><levelType>Module</levelType><menuLevel>3</menuLevel><policyI18NModels/><policyName>Menu</policyName><rightGranted>Y</rightGranted><status>Y</status></menuItem><menuItem refId="23@MenuItemModel"><policySeq>2436</policySeq><serviceProviderCode>BPTDEV</serviceProviderCode><auditModel><auditDate>2014-09-15T11:52:47-06:00</auditDate><auditID>ADMIN</auditID><auditStatus>A</auditStatus></auditModel><data1>cap_tabbar</data1><data2>Enforcement Module Menu/[6]Tab/[10]Contact[][B]</data2><levelData>Enforcement</levelData><levelType>Module</levelType><menuLevel>3</menuLevel><policyI18NModels/><policyName>Menu</policyName><rightGranted>Y</rightGranted><status>Y</status></menuItem><menuItem refId="24@MenuItemModel"><policySeq>2437</policySeq><serviceProviderCode>BPTDEV</serviceProviderCode><auditModel><auditDate>2014-09-15T11:52:47-06:00</auditDate><auditID>ADMIN</auditID><auditStatus>A</auditStatus></auditModel><data1>cap_tabbar</data1><data2>Enforcement Module Menu/[6]Tab/[13]Document[][B]</data2><levelData>Enforcement</levelData><levelType>Module</levelType><menuLevel>3</menuLevel><policyI18NModels/><policyName>Menu</policyName><rightGranted>Y</rightGranted><status>Y</status></menuItem><menuItem refId="25@MenuItemModel"><policySeq>2438</policySeq><serviceProviderCode>BPTDEV</serviceProviderCode><auditModel><auditDate>2014-09-15T11:52:47-06:00</auditDate><auditID>ADMIN</auditID><auditStatus>A</auditStatus></auditModel><data1>cap_tabbar</data1><data2>Enforcement Module Menu/[6]Tab/[14]Fees[Fees-Fines][B]</data2><levelData>Enforcement</levelData><levelType>Module</levelType><menuLevel>3</menuLevel><policyI18NModels/><policyName>Menu</policyName><rightGranted>Y</rightGranted><status>Y</status></menuItem><menuItem refId="26@MenuItemModel"><policySeq>2439</policySeq><serviceProviderCode>BPTDEV</serviceProviderCode><auditModel><auditDate>2014-09-15T11:52:47-06:00</auditDate><auditID>ADMIN</auditID><auditStatus>A</auditStatus></auditModel><data1>cap_tabbar</data1><data2>Enforcement Module Menu/[6]Tab/[15]AssessFeeHistory[Fee-Fine History][B]</data2><levelData>Enforcement</levelData><levelType>Module</levelType><menuLevel>3</menuLevel><policyI18NModels/><policyName>Menu</policyName><rightGranted>Y</rightGranted><status>Y</status></menuItem><menuItem refId="27@MenuItemModel"><policySeq>2440</policySeq><serviceProviderCode>BPTDEV</serviceProviderCode><auditModel><auditDate>2014-09-15T11:52:47-06:00</auditDate><auditID>ADMIN</auditID><auditStatus>A</auditStatus></auditModel><data1>cap_tabbar</data1><data2>Enforcement Module Menu/[6]Tab/[16]Inspections[][B]</data2><levelData>Enforcement</levelData><levelType>Module</levelType><menuLevel>3</menuLevel><policyI18NModels/><policyName>Menu</policyName><rightGranted>Y</rightGranted><status>Y</status></menuItem><menuItem refId="28@MenuItemModel"><policySeq>2441</policySeq><serviceProviderCode>BPTDEV</serviceProviderCode><auditModel><auditDate>2014-09-15T11:52:47-06:00</auditDate><auditID>ADMIN</auditID><auditStatus>A</auditStatus></auditModel><data1>cap_tabbar</data1><data2>Enforcement Module Menu/[6]Tab/[17]Owner[][B]</data2><levelData>Enforcement</levelData><levelType>Module</levelType><menuLevel>3</menuLevel><policyI18NModels/><policyName>Menu</policyName><rightGranted>Y</rightGranted><status>Y</status></menuItem><menuItem refId="29@MenuItemModel"><policySeq>2442</policySeq><serviceProviderCode>BPTDEV</serviceProviderCode><auditModel><auditDate>2014-09-15T11:52:47-06:00</auditDate><auditID>ADMIN</auditID><auditStatus>A</auditStatus></auditModel><data1>cap_tabbar</data1><data2>Enforcement Module Menu/[6]Tab/[18]Parcel[][B]</data2><levelData>Enforcement</levelData><levelType>Module</levelType><menuLevel>3</menuLevel><policyI18NModels/><policyName>Menu</policyName><rightGranted>Y</rightGranted><status>Y</status></menuItem><menuItem refId="30@MenuItemModel"><policySeq>2443</policySeq><serviceProviderCode>BPTDEV</serviceProviderCode><auditModel><auditDate>2014-09-15T11:52:47-06:00</auditDate><auditID>ADMIN</auditID><auditStatus>A</auditStatus></auditModel><data1>cap_tabbar</data1><data2>Enforcement Module Menu/[6]Tab/[19]Payments[][B]</data2><levelData>Enforcement</levelData><levelType>Module</levelType><menuLevel>3</menuLevel><policyI18NModels/><policyName>Menu</policyName><rightGranted>Y</rightGranted><status>Y</status></menuItem><menuItem refId="31@MenuItemModel"><policySeq>2444</policySeq><serviceProviderCode>BPTDEV</serviceProviderCode><auditModel><auditDate>2014-09-15T11:52:47-06:00</auditDate><auditID>ADMIN</auditID><auditStatus>A</auditStatus></auditModel><data1>cap_tabbar</data1><data2>Enforcement Module Menu/[6]Tab/[20]PaymentHistory[][B]</data2><levelData>Enforcement</levelData><levelType>Module</levelType><menuLevel>3</menuLevel><policyI18NModels/><policyName>Menu</policyName><rightGranted>Y</rightGranted><status>Y</status></menuItem><menuItem refId="32@MenuItemModel"><policySeq>2445</policySeq><serviceProviderCode>BPTDEV</serviceProviderCode><auditModel><auditDate>2014-09-15T11:52:47-06:00</auditDate><auditID>ADMIN</auditID><auditStatus>A</auditStatus></auditModel><data1>cap_tabbar</data1><data2>Enforcement Module Menu/[6]Tab/[21]Professionals[][B]</data2><levelData>Enforcement</levelData><levelType>Module</levelType><menuLevel>3</menuLevel><policyI18NModels/><policyName>Menu</policyName><rightGranted>Y</rightGranted><status>Y</status></menuItem><menuItem refId="33@MenuItemModel"><policySeq>2446</policySeq><serviceProviderCode>BPTDEV</serviceProviderCode><auditModel><auditDate>2014-09-15T11:52:47-06:00</auditDate><auditID>ADMIN</auditID><auditStatus>A</auditStatus></auditModel><data1>cap_tabbar</data1><data2>Enforcement Module Menu/[6]Tab/[22]XRefCap[][B]</data2><levelData>Enforcement</levelData><levelType>Module</levelType><menuLevel>3</menuLevel><policyI18NModels/><policyName>Menu</policyName><rightGranted>Y</rightGranted><status>Y</status></menuItem><menuItem refId="34@MenuItemModel"><policySeq>2447</policySeq><serviceProviderCode>BPTDEV</serviceProviderCode><auditModel><auditDate>2014-09-15T11:52:47-06:00</auditDate><auditID>ADMIN</auditID><auditStatus>A</auditStatus></auditModel><data1>cap_tabbar</data1><data2>Enforcement Module Menu/[6]Tab/[23]Status[][B]</data2><levelData>Enforcement</levelData><levelType>Module</levelType><menuLevel>3</menuLevel><policyI18NModels/><policyName>Menu</policyName><rightGranted>Y</rightGranted><status>Y</status></menuItem><menuItem refId="35@MenuItemModel"><policySeq>2448</policySeq><serviceProviderCode>BPTDEV</serviceProviderCode><auditModel><auditDate>2014-09-15T11:52:47-06:00</auditDate><auditID>ADMIN</auditID><auditStatus>A</auditStatus></auditModel><data1>cap_tabbar</data1><data2>Enforcement Module Menu/[6]Tab/[24]StatusHistory[][B]</data2><levelData>Enforcement</levelData><levelType>Module</levelType><menuLevel>3</menuLevel><policyI18NModels/><policyName>Menu</policyName><rightGranted>Y</rightGranted><status>Y</status></menuItem><menuItem refId="36@MenuItemModel"><policySeq>2449</policySeq><serviceProviderCode>BPTDEV</serviceProviderCode><auditModel><auditDate>2014-09-15T11:52:47-06:00</auditDate><auditID>ADMIN</auditID><auditStatus>A</auditStatus></auditModel><data1>cap_tabbar</data1><data2>Enforcement Module Menu/[6]Tab/[25]Workflow[][B]</data2><levelData>Enforcement</levelData><levelType>Module</levelType><menuLevel>3</menuLevel><policyI18NModels/><policyName>Menu</policyName><rightGranted>Y</rightGranted><status>Y</status></menuItem><menuItem refId="37@MenuItemModel"><policySeq>2450</policySeq><serviceProviderCode>BPTDEV</serviceProviderCode><auditModel><auditDate>2014-09-15T11:52:47-06:00</auditDate><auditID>ADMIN</auditID><auditStatus>A</auditStatus></auditModel><data1>cap_tabbar</data1><data2>Enforcement Module Menu/[6]Tab/[26]History[][B]</data2><levelData>Enforcement</levelData><levelType>Module</levelType><menuLevel>3</menuLevel><policyI18NModels/><policyName>Menu</policyName><rightGranted>Y</rightGranted><status>Y</status></menuItem><menuItem refId="38@MenuItemModel"><policySeq>2428</policySeq><serviceProviderCode>BPTDEV</serviceProviderCode><auditModel><auditDate>2014-09-15T11:52:47-06:00</auditDate><auditID>ADMIN</auditID><auditStatus>A</auditStatus></auditModel><data1>cap_tabbar</data1><data2>Enforcement Module Menu/[6]Tab/[2]Activity[][B]</data2><levelData>Enforcement</levelData><levelType>Module</levelType><menuLevel>3</menuLevel><policyI18NModels/><policyName>Menu</policyName><rightGranted>Y</rightGranted><status>Y</status></menuItem><menuItem refId="39@MenuItemModel"><policySeq>2429</policySeq><serviceProviderCode>BPTDEV</serviceProviderCode><auditModel><auditDate>2014-09-15T11:52:47-06:00</auditDate><auditID>ADMIN</auditID><auditStatus>A</auditStatus></auditModel><data1>cap_tabbar</data1><data2>Enforcement Module Menu/[6]Tab/[3]Activity Summary[][B]</data2><levelData>Enforcement</levelData><levelType>Module</levelType><menuLevel>3</menuLevel><policyI18NModels/><policyName>Menu</policyName><rightGranted>Y</rightGranted><status>Y</status></menuItem><menuItem refId="40@MenuItemModel"><policySeq>2430</policySeq><serviceProviderCode>BPTDEV</serviceProviderCode><auditModel><auditDate>2014-09-15T11:52:47-06:00</auditDate><auditID>ADMIN</auditID><auditStatus>A</auditStatus></auditModel><data1>cap_tabbar</data1><data2>Enforcement Module Menu/[6]Tab/[4]Address[][B]</data2><levelData>Enforcement</levelData><levelType>Module</levelType><menuLevel>3</menuLevel><policyI18NModels/><policyName>Menu</policyName><rightGranted>Y</rightGranted><status>Y</status></menuItem><menuItem refId="41@MenuItemModel"><policySeq>2431</policySeq><serviceProviderCode>BPTDEV</serviceProviderCode><auditModel><auditDate>2014-09-15T11:52:47-06:00</auditDate><auditID>ADMIN</auditID><auditStatus>A</auditStatus></auditModel><data1>cap_tabbar</data1><data2>Enforcement Module Menu/[6]Tab/[5]AppSpecInfo[Data Fields][B]</data2><levelData>Enforcement</levelData><levelType>Module</levelType><menuLevel>3</menuLevel><policyI18NModels/><policyName>Menu</policyName><rightGranted>Y</rightGranted><status>Y</status></menuItem></menuItemModels><menuName>Enforcement Module Menu/[6]Tab%</menuName></menu><menu refId="42@MenuModel"><policySeq>2397</policySeq><serviceProviderCode>BPTDEV</serviceProviderCode><auditModel><auditDate>2013-03-19T17:35:41-06:00</auditDate><auditID>ADMIN</auditID><auditStatus>A</auditStatus></auditModel><data1>cap_tabbar</data1><data2>Enforcement Module Menu/[0]Record Data</data2><levelData>Enforcement</levelData><levelType>Module</levelType><menuLevel>2</menuLevel><policyI18NModels/><policyName>Menu</policyName><rightGranted>Y</rightGranted><status>Y</status><menuItemModels><menuItem refId="43@MenuItemModel"><policySeq>2409</policySeq><serviceProviderCode>BPTDEV</serviceProviderCode><auditModel><auditDate>2013-03-19T17:35:41-06:00</auditDate><auditID>ADMIN</auditID><auditStatus>A</auditStatus></auditModel><data1>cap_tabbar</data1><data2>Enforcement Module Menu/[0]Record Data/[11]StatusHistory[Status History][B]</data2><levelData>Enforcement</levelData><levelType>Module</levelType><menuLevel>3</menuLevel><policyI18NModels/><policyName>Menu</policyName><rightGranted>Y</rightGranted><status>Y</status></menuItem><menuItem refId="44@MenuItemModel"><policySeq>2398</policySeq><serviceProviderCode>BPTDEV</serviceProviderCode><auditModel><auditDate>2013-03-19T17:35:41-06:00</auditDate><auditID>ADMIN</auditID><auditStatus>A</auditStatus></auditModel><data1>cap_tabbar</data1><data2>Enforcement Module Menu/[0]Record Data/[0]CapTabSummary[][B]</data2><levelData>Enforcement</levelData><levelType>Module</levelType><menuLevel>3</menuLevel><policyI18NModels/><policyName>Menu</policyName><rightGranted>Y</rightGranted><status>Y</status></menuItem><menuItem refId="45@MenuItemModel"><policySeq>2399</policySeq><serviceProviderCode>BPTDEV</serviceProviderCode><auditModel><auditDate>2013-03-19T17:35:41-06:00</auditDate><auditID>ADMIN</auditID><auditStatus>A</auditStatus></auditModel><data1>cap_tabbar</data1><data2>Enforcement Module Menu/[0]Record Data/[1]CapDetail[][B]</data2><levelData>Enforcement</levelData><levelType>Module</levelType><menuLevel>3</menuLevel><policyI18NModels/><policyName>Menu</policyName><rightGranted>Y</rightGranted><status>Y</status></menuItem><menuItem refId="46@MenuItemModel"><policySeq>2400</policySeq><serviceProviderCode>BPTDEV</serviceProviderCode><auditModel><auditDate>2013-03-19T17:35:41-06:00</auditDate><auditID>ADMIN</auditID><auditStatus>A</auditStatus></auditModel><data1>cap_tabbar</data1><data2>Enforcement Module Menu/[0]Record Data/[2]Activity[][B]</data2><levelData>Enforcement</levelData><levelType>Module</levelType><menuLevel>3</menuLevel><policyI18NModels/><policyName>Menu</policyName><rightGranted>Y</rightGranted><status>Y</status></menuItem><menuItem refId="47@MenuItemModel"><policySeq>2401</policySeq><serviceProviderCode>BPTDEV</serviceProviderCode><auditModel><auditDate>2013-03-19T17:35:41-06:00</auditDate><auditID>ADMIN</auditID><auditStatus>A</auditStatus></auditModel><data1>cap_tabbar</data1><data2>Enforcement Module Menu/[0]Record Data/[3]Comments[][B]</data2><levelData>Enforcement</levelData><levelType>Module</levelType><menuLevel>3</menuLevel><policyI18NModels/><policyName>Menu</policyName><rightGranted>Y</rightGranted><status>Y</status></menuItem><menuItem refId="48@MenuItemModel"><policySeq>2402</policySeq><serviceProviderCode>BPTDEV</serviceProviderCode><auditModel><auditDate>2013-03-19T17:52:32-06:00</auditDate><auditID>ADMIN</auditID><auditStatus>A</auditStatus></auditModel><data1>cap_tabbar</data1><data2>Enforcement Module Menu/[0]Record Data/[4]Conditions[Flags][B]</data2><levelData>Enforcement</levelData><levelType>Module</levelType><menuLevel>3</menuLevel><policyI18NModels/><policyName>Menu</policyName><rightGranted>Y</rightGranted><status>Y</status></menuItem><menuItem refId="49@MenuItemModel"><policySeq>2403</policySeq><serviceProviderCode>BPTDEV</serviceProviderCode><auditModel><auditDate>2013-03-19T17:35:41-06:00</auditDate><auditID>ADMIN</auditID><auditStatus>A</auditStatus></auditModel><data1>cap_tabbar</data1><data2>Enforcement Module Menu/[0]Record Data/[5]Calendar[][B]</data2><levelData>Enforcement</levelData><levelType>Module</levelType><menuLevel>3</menuLevel><policyI18NModels/><policyName>Menu</policyName><rightGranted>Y</rightGranted><status>Y</status></menuItem><menuItem refId="50@MenuItemModel"><policySeq>2404</policySeq><serviceProviderCode>BPTDEV</serviceProviderCode><auditModel><auditDate>2014-05-07T14:14:38-06:00</auditDate><auditID>ADMIN</auditID><auditStatus>A</auditStatus></auditModel><data1>cap_tabbar</data1><data2>Enforcement Module Menu/[0]Record Data/[6]AppSpecInfo[Data Fields][B]</data2><levelData>Enforcement</levelData><levelType>Module</levelType><menuLevel>3</menuLevel><policyI18NModels/><policyName>Menu</policyName><rightGranted>Y</rightGranted><status>Y</status></menuItem><menuItem refId="51@MenuItemModel"><policySeq>2405</policySeq><serviceProviderCode>BPTDEV</serviceProviderCode><auditModel><auditDate>2014-05-07T14:14:49-06:00</auditDate><auditID>ADMIN</auditID><auditStatus>A</auditStatus></auditModel><data1>cap_tabbar</data1><data2>Enforcement Module Menu/[0]Record Data/[7]AppSpecInfoTable[Data Tables][B]</data2><levelData>Enforcement</levelData><levelType>Module</levelType><menuLevel>3</menuLevel><policyI18NModels/><policyName>Menu</policyName><rightGranted>Y</rightGranted><status>Y</status></menuItem><menuItem refId="52@MenuItemModel"><policySeq>2406</policySeq><serviceProviderCode>BPTDEV</serviceProviderCode><auditModel><auditDate>2013-03-19T17:35:41-06:00</auditDate><auditID>ADMIN</auditID><auditStatus>A</auditStatus></auditModel><data1>cap_tabbar</data1><data2>Enforcement Module Menu/[0]Record Data/[8]Document[][B]</data2><levelData>Enforcement</levelData><levelType>Module</levelType><menuLevel>3</menuLevel><policyI18NModels/><policyName>Menu</policyName><rightGranted>Y</rightGranted><status>Y</status></menuItem><menuItem refId="53@MenuItemModel"><policySeq>2407</policySeq><serviceProviderCode>BPTDEV</serviceProviderCode><auditModel><auditDate>2013-03-19T17:35:41-06:00</auditDate><auditID>ADMIN</auditID><auditStatus>A</auditStatus></auditModel><data1>cap_tabbar</data1><data2>Enforcement Module Menu/[0]Record Data/[9]XRefCap[][B]</data2><levelData>Enforcement</levelData><levelType>Module</levelType><menuLevel>3</menuLevel><policyI18NModels/><policyName>Menu</policyName><rightGranted>Y</rightGranted><status>Y</status></menuItem><menuItem refId="54@MenuItemModel"><policySeq>2408</policySeq><serviceProviderCode>BPTDEV</serviceProviderCode><auditModel><auditDate>2013-03-19T17:35:41-06:00</auditDate><auditID>ADMIN</auditID><auditStatus>A</auditStatus></auditModel><data1>cap_tabbar</data1><data2>Enforcement Module Menu/[0]Record Data/[10]Status[][B]</data2><levelData>Enforcement</levelData><levelType>Module</levelType><menuLevel>3</menuLevel><policyI18NModels/><policyName>Menu</policyName><rightGranted>Y</rightGranted><status>Y</status></menuItem></menuItemModels><menuName>Enforcement Module Menu/[0]Record Data%</menuName></menu><menu refId="55@MenuModel"><policySeq>2410</policySeq><serviceProviderCode>BPTDEV</serviceProviderCode><auditModel><auditDate>2014-04-23T11:42:27-06:00</auditDate><auditID>ADMIN</auditID><auditStatus>A</auditStatus></auditModel><data1>cap_tabbar</data1><data2>Enforcement Module Menu/[2]Property</data2><levelData>Enforcement</levelData><levelType>Module</levelType><menuLevel>2</menuLevel><policyI18NModels/><policyName>Menu</policyName><rightGranted>Y</rightGranted><status>Y</status><menuItemModels><menuItem refId="56@MenuItemModel"><policySeq>2411</policySeq><serviceProviderCode>BPTDEV</serviceProviderCode><auditModel><auditDate>2014-04-23T11:42:27-06:00</auditDate><auditID>ADMIN</auditID><auditStatus>A</auditStatus></auditModel><data1>cap_tabbar</data1><data2>Enforcement Module Menu/[2]Property/[0]Address[][B]</data2><levelData>Enforcement</levelData><levelType>Module</levelType><menuLevel>3</menuLevel><policyI18NModels/><policyName>Menu</policyName><rightGranted>Y</rightGranted><status>Y</status></menuItem><menuItem refId="57@MenuItemModel"><policySeq>2412</policySeq><serviceProviderCode>BPTDEV</serviceProviderCode><auditModel><auditDate>2014-04-23T11:42:27-06:00</auditDate><auditID>ADMIN</auditID><auditStatus>A</auditStatus></auditModel><data1>cap_tabbar</data1><data2>Enforcement Module Menu/[2]Property/[1]Parcel[][B]</data2><levelData>Enforcement</levelData><levelType>Module</levelType><menuLevel>3</menuLevel><policyI18NModels/><policyName>Menu</policyName><rightGranted>Y</rightGranted><status>Y</status></menuItem></menuItemModels><menuName>Enforcement Module Menu/[2]Property%</menuName></menu><menu refId="58@MenuModel"><policySeq>3883</policySeq><serviceProviderCode>BPTDEV</serviceProviderCode><auditModel><auditDate>2014-04-23T11:42:52-06:00</auditDate><auditID>ADMIN</auditID><auditStatus>A</auditStatus></auditModel><data1>cap_tabbar</data1><data2>Enforcement Module Menu/[1]People</data2><levelData>Enforcement</levelData><levelType>Module</levelType><menuLevel>2</menuLevel><policyI18NModels/><policyName>Menu</policyName><rightGranted>Y</rightGranted><status>Y</status><menuItemModels><menuItem refId="59@MenuItemModel"><policySeq>3884</policySeq><serviceProviderCode>BPTDEV</serviceProviderCode><auditModel><auditDate>2014-04-23T11:42:52-06:00</auditDate><auditID>ADMIN</auditID><auditStatus>A</auditStatus></auditModel><data1>cap_tabbar</data1><data2>Enforcement Module Menu/[1]People/[0]Contact[][B]</data2><levelData>Enforcement</levelData><levelType>Module</levelType><menuLevel>3</menuLevel><policyI18NModels/><policyName>Menu</policyName><rightGranted>Y</rightGranted><status>Y</status></menuItem><menuItem refId="60@MenuItemModel"><policySeq>3885</policySeq><serviceProviderCode>BPTDEV</serviceProviderCode><auditModel><auditDate>2014-04-23T11:42:52-06:00</auditDate><auditID>ADMIN</auditID><auditStatus>A</auditStatus></auditModel><data1>cap_tabbar</data1><data2>Enforcement Module Menu/[1]People/[1]Owner[][B]</data2><levelData>Enforcement</levelData><levelType>Module</levelType><menuLevel>3</menuLevel><policyI18NModels/><policyName>Menu</policyName><rightGranted>Y</rightGranted><status>Y</status></menuItem></menuItemModels><menuName>Enforcement Module Menu/[1]People%</menuName></menu></menuModels><menuName>Enforcement Module Menu%</menuName><upperMenuLevel refId="61@MenuLevelVirtualModel"><data1>cap_tabbar</data1><levelData>Enforcement</levelData><levelType>Module</levelType><menuLevel>1</menuLevel><MenuLevelModels><MenuLevelModel refId="62@MenuLevelModel"><policySeq>2160</policySeq><serviceProviderCode>BPTDEV</serviceProviderCode><auditModel><auditDate>2011-11-04T10:12:13-06:00</auditDate><auditID>ADMIN</auditID><auditStatus>A</auditStatus></auditModel><data1>cap_tabbar</data1><data4>Default agency menu</data4><levelData>BPTDEV</levelData><levelType>Agency</levelType><menuLevel>1</menuLevel><policyI18NModels/><policyName>Menu</policyName><rightGranted>Y</rightGranted><status>Y</status></MenuLevelModel></MenuLevelModels><moduleName> </moduleName><policyName>Menu</policyName><serviceProviderCode>BPTDEV</serviceProviderCode></upperMenuLevel></menuTemplate>
</list>