<?xml version="1.0" encoding="UTF-8" standalone="yes"?>
<list  version="8.0.0" minorVersion="15" exportUser="ADMIN" exportDateTime="03/30/2016 09:45 PM" description="null"><customizeProfile><userName>BPTDEV.2932.CONSOLE</userName><console><consoleNbr>2932</consoleNbr><serviceProviderCode>BPTDEV</serviceProviderCode><auditModel><auditDate>2015-06-23T20:12:53-06:00</auditDate><auditID>ADMIN</auditID><auditStatus>A</auditStatus></auditModel><consoleDesc>Accela Administrator Console</consoleDesc><consoleName>Accela Admin</consoleName></console><mediaType>html</mediaType><page>default.psml</page><profile>&lt;?xml version="1.0" encoding="UTF-8"?&gt;
&lt;portlets id="P-fca38cd76a-10001"&gt;&lt;skin name="V360 Default Skin"/&gt;&lt;control name="V360TabControl"/&gt;&lt;controller name="V360TabController"/&gt;&lt;portlets id="P-14e2384b1cf-10166"&gt;&lt;metainfo&gt;&lt;title&gt;Home&lt;/title&gt;&lt;/metainfo&gt;&lt;security-ref parent="owner-only"/&gt;&lt;layout position="0" size="-1"/&gt;&lt;controller name="V360TwoColumns"/&gt;&lt;entry id="P-14e23864402-1018b" parent="V360 My Navigation Portlet"&gt;&lt;layout position="-1" size="-1"&gt;&lt;property name="column" value="0"/&gt;&lt;property name="row" value="1"/&gt;&lt;/layout&gt;&lt;/entry&gt;&lt;entry id="P-14e2386797e-1018c" parent="V360 User Info Portlet"&gt;&lt;layout position="-1" size="-1"&gt;&lt;property name="column" value="0"/&gt;&lt;property name="row" value="0"/&gt;&lt;/layout&gt;&lt;/entry&gt;&lt;entry id="P-14e2386b842-1018d" parent="V360 General CAP Portlet"&gt;&lt;layout position="-1" size="-1"&gt;&lt;property name="column" value="1"/&gt;&lt;property name="row" value="0"/&gt;&lt;/layout&gt;&lt;/entry&gt;&lt;entry id="P-14e23a02f38-101bc" parent="Reports Portlet"&gt;&lt;layout position="-1" size="-1"&gt;&lt;property name="column" value="0"/&gt;&lt;property name="row" value="2"/&gt;&lt;/layout&gt;&lt;/entry&gt;&lt;/portlets&gt;&lt;portlets id="P-14e23870f63-1018e"&gt;&lt;metainfo&gt;&lt;title&gt;My Tasks&lt;/title&gt;&lt;/metainfo&gt;&lt;security-ref parent="owner-only"/&gt;&lt;layout position="1" size="-1"/&gt;&lt;entry id="P-14e238a40a7-1019e" parent="V360 My Tasks Portlet"&gt;&lt;layout position="-1" size="-1"&gt;&lt;property name="column" value="0"/&gt;&lt;property name="row" value="0"/&gt;&lt;/layout&gt;&lt;/entry&gt;&lt;/portlets&gt;&lt;portlets id="P-14e23872a87-1018f"&gt;&lt;metainfo&gt;&lt;title&gt;Property&lt;/title&gt;&lt;/metainfo&gt;&lt;security-ref parent="owner-only"/&gt;&lt;layout position="2" size="-1"/&gt;&lt;entry id="P-14e238a6aea-1019f" parent="V360 Addresses Portlet"&gt;&lt;layout position="-1" size="-1"&gt;&lt;property name="column" value="0"/&gt;&lt;property name="row" value="0"/&gt;&lt;/layout&gt;&lt;/entry&gt;&lt;entry id="P-14e238a8a9d-101a0" parent="V360 Parcels Portlet"&gt;&lt;layout position="-1" size="-1"&gt;&lt;property name="column" value="0"/&gt;&lt;property name="row" value="1"/&gt;&lt;/layout&gt;&lt;/entry&gt;&lt;entry id="P-14e238a8a9d-101a1" parent="V360 Owners Portlet"&gt;&lt;layout position="-1" size="-1"&gt;&lt;property name="column" value="0"/&gt;&lt;property name="row" value="2"/&gt;&lt;/layout&gt;&lt;/entry&gt;&lt;/portlets&gt;&lt;portlets id="P-14e238742bc-10190"&gt;&lt;metainfo&gt;&lt;title&gt;Contacts&lt;/title&gt;&lt;/metainfo&gt;&lt;security-ref parent="owner-only"/&gt;&lt;layout position="3" size="-1"/&gt;&lt;entry id="P-14e238abcb0-101a2" parent="V360 Contacts Portlet"&gt;&lt;layout position="-1" size="-1"&gt;&lt;property name="column" value="0"/&gt;&lt;property name="row" value="0"/&gt;&lt;/layout&gt;&lt;/entry&gt;&lt;/portlets&gt;&lt;portlets id="P-14e23876fe2-10191"&gt;&lt;metainfo&gt;&lt;title&gt;Licensed Professionals&lt;/title&gt;&lt;/metainfo&gt;&lt;security-ref parent="owner-only"/&gt;&lt;layout position="4" size="-1"/&gt;&lt;entry id="P-14e238aef71-101a3" parent="V360 Professionals Portlet"&gt;&lt;layout position="-1" size="-1"&gt;&lt;property name="column" value="0"/&gt;&lt;property name="row" value="0"/&gt;&lt;/layout&gt;&lt;/entry&gt;&lt;/portlets&gt;&lt;portlets id="P-14e23878d55-10192"&gt;&lt;metainfo&gt;&lt;title&gt;Calendars&lt;/title&gt;&lt;/metainfo&gt;&lt;security-ref parent="owner-only"/&gt;&lt;layout position="5" size="-1"/&gt;&lt;entry id="P-14e238b2609-101a4" parent="V360 Calendar Inspections Portlet"&gt;&lt;layout position="-1" size="-1"&gt;&lt;property name="column" value="0"/&gt;&lt;property name="row" value="0"/&gt;&lt;/layout&gt;&lt;/entry&gt;&lt;/portlets&gt;&lt;portlets id="P-14e2387af26-10193"&gt;&lt;metainfo&gt;&lt;title&gt;Inspections&lt;/title&gt;&lt;/metainfo&gt;&lt;security-ref parent="owner-only"/&gt;&lt;layout position="6" size="-1"/&gt;&lt;entry id="P-14e238b55bc-101a5" parent="V360 Inspections Portlet"&gt;&lt;layout position="-1" size="-1"&gt;&lt;property name="column" value="0"/&gt;&lt;property name="row" value="0"/&gt;&lt;/layout&gt;&lt;/entry&gt;&lt;/portlets&gt;&lt;portlets id="P-14e2387ce68-10194"&gt;&lt;metainfo&gt;&lt;title&gt;Set Processing&lt;/title&gt;&lt;/metainfo&gt;&lt;security-ref parent="owner-only"/&gt;&lt;layout position="7" size="-1"/&gt;&lt;entry id="P-14e238b81c7-101a6" parent="V360 Set Portlet"&gt;&lt;layout position="-1" size="-1"&gt;&lt;property name="column" value="0"/&gt;&lt;property name="row" value="0"/&gt;&lt;/layout&gt;&lt;/entry&gt;&lt;/portlets&gt;&lt;portlets id="P-14e2387f245-10195"&gt;&lt;metainfo&gt;&lt;title&gt;Payment Processing&lt;/title&gt;&lt;/metainfo&gt;&lt;security-ref parent="owner-only"/&gt;&lt;layout position="8" size="-1"/&gt;&lt;entry id="P-14e238bd76e-101a7" parent="V360 Payment Processing Portlet"&gt;&lt;layout position="-1" size="-1"&gt;&lt;property name="column" value="0"/&gt;&lt;property name="row" value="0"/&gt;&lt;/layout&gt;&lt;/entry&gt;&lt;/portlets&gt;&lt;portlets id="P-14e23881414-10196"&gt;&lt;metainfo&gt;&lt;title&gt;AV Admin&lt;/title&gt;&lt;/metainfo&gt;&lt;security-ref parent="owner-only"/&gt;&lt;layout position="9" size="-1"/&gt;&lt;controller name="V360TwoColumns"/&gt;&lt;entry id="P-14e238c140f-101a8" parent="V360 Administration Portlet"&gt;&lt;layout position="-1" size="-1"&gt;&lt;property name="column" value="1"/&gt;&lt;property name="row" value="0"/&gt;&lt;/layout&gt;&lt;/entry&gt;&lt;entry id="P-14e239ba947-101b7" parent="V360 Setup Portlet"&gt;&lt;layout position="-1" size="-1"&gt;&lt;property name="column" value="0"/&gt;&lt;property name="row" value="0"/&gt;&lt;/layout&gt;&lt;/entry&gt;&lt;entry id="P-14e239bc911-101b8" parent="V360 Quicklinks Portlet (3)"&gt;&lt;layout position="-1" size="-1"&gt;&lt;property name="column" value="0"/&gt;&lt;property name="row" value="1"/&gt;&lt;/layout&gt;&lt;/entry&gt;&lt;entry id="P-14e50a0efa6-10003" parent="Reports Portlet 2"&gt;&lt;layout position="-1" size="-1"&gt;&lt;property name="column" value="0"/&gt;&lt;property name="row" value="2"/&gt;&lt;/layout&gt;&lt;/entry&gt;&lt;/portlets&gt;&lt;portlets id="P-14e238830d0-10197"&gt;&lt;metainfo&gt;&lt;title&gt;AA Classic&lt;/title&gt;&lt;/metainfo&gt;&lt;security-ref parent="owner-only"/&gt;&lt;layout position="10" size="-1"/&gt;&lt;entry id="P-14e238c4ba1-101a9" parent="V360 AA Classic"&gt;&lt;layout position="-1" size="-1"&gt;&lt;property name="column" value="0"/&gt;&lt;property name="row" value="0"/&gt;&lt;/layout&gt;&lt;/entry&gt;&lt;/portlets&gt;&lt;portlets id="P-14e238846c5-10198"&gt;&lt;metainfo&gt;&lt;title&gt;Assets&lt;/title&gt;&lt;/metainfo&gt;&lt;security-ref parent="owner-only"/&gt;&lt;layout position="11" size="-1"/&gt;&lt;entry id="P-14e238c740e-101aa" parent="V360 Asset Management Portlet"&gt;&lt;layout position="-1" size="-1"&gt;&lt;property name="column" value="0"/&gt;&lt;property name="row" value="0"/&gt;&lt;/layout&gt;&lt;/entry&gt;&lt;/portlets&gt;&lt;portlets id="P-14e23887427-10199"&gt;&lt;metainfo&gt;&lt;title&gt;Preventive Maintenance&lt;/title&gt;&lt;/metainfo&gt;&lt;security-ref parent="owner-only"/&gt;&lt;layout position="12" size="-1"/&gt;&lt;entry id="P-14e238cdcba-101ab" parent="PM Schedule Portlet"&gt;&lt;layout position="-1" size="-1"&gt;&lt;property name="column" value="0"/&gt;&lt;property name="row" value="0"/&gt;&lt;/layout&gt;&lt;/entry&gt;&lt;/portlets&gt;&lt;portlets id="P-14e23889851-1019a"&gt;&lt;metainfo&gt;&lt;title&gt;Parts Inventory&lt;/title&gt;&lt;/metainfo&gt;&lt;security-ref parent="owner-only"/&gt;&lt;layout position="13" size="-1"/&gt;&lt;entry id="P-14e238d1900-101ac" parent="Part Inventory Portlet"&gt;&lt;layout position="-1" size="-1"&gt;&lt;property name="column" value="0"/&gt;&lt;property name="row" value="0"/&gt;&lt;/layout&gt;&lt;/entry&gt;&lt;/portlets&gt;&lt;portlets id="P-14e2388b06a-1019b"&gt;&lt;metainfo&gt;&lt;title&gt;Preference&lt;/title&gt;&lt;/metainfo&gt;&lt;security-ref parent="owner-only"/&gt;&lt;layout position="14" size="-1"/&gt;&lt;entry id="P-14e238d5035-101ad" parent="V360 Preference Management Portlet"&gt;&lt;layout position="-1" size="-1"&gt;&lt;property name="column" value="0"/&gt;&lt;property name="row" value="0"/&gt;&lt;/layout&gt;&lt;/entry&gt;&lt;/portlets&gt;&lt;portlets id="P-14e2388dd0e-1019c"&gt;&lt;metainfo&gt;&lt;title&gt;Ad hoc Reports&lt;/title&gt;&lt;/metainfo&gt;&lt;security-ref parent="owner-only"/&gt;&lt;layout position="15" size="-1"/&gt;&lt;entry id="P-14e238d7340-101ae" parent="V360 Ad hoc Report"&gt;&lt;layout position="-1" size="-1"&gt;&lt;property name="column" value="0"/&gt;&lt;property name="row" value="0"/&gt;&lt;/layout&gt;&lt;/entry&gt;&lt;/portlets&gt;&lt;portlets id="P-14e238903b2-1019d"&gt;&lt;metainfo&gt;&lt;title&gt;Batch Jobs&lt;/title&gt;&lt;/metainfo&gt;&lt;security-ref parent="owner-only"/&gt;&lt;layout position="16" size="-1"/&gt;&lt;entry id="P-14e238d969a-101af" parent="V360 Batch Jobs Portlet"&gt;&lt;layout position="-1" size="-1"&gt;&lt;property name="column" value="0"/&gt;&lt;property name="row" value="0"/&gt;&lt;/layout&gt;&lt;/entry&gt;&lt;/portlets&gt;&lt;/portlets&gt;</profile><psmlId>1000736</psmlId><turbineUser><loginName>BPTDEV.2932.CONSOLE</loginName><confirmValue>CONFIRMED</confirmValue><created>2015-06-23T00:00:00-06:00</created><disabled>F</disabled><firstName>tempFirstName</firstName><lastLogin>2015-06-23T00:00:00-06:00</lastLogin><lastName>tempLastName</lastName><objectData>rO0ABXNyABNqYXZhLnV0aWwuSGFzaHRhYmxlE7sPJSFK5LgDAAJGAApsb2FkRmFjdG9ySQAJdGhyZXNob2xkeHA/QAAAAAAAAHcIAAAAAQAAAAB4</objectData><password>ignored</password><passwordChanged>2015-06-23T00:00:00-06:00</passwordChanged><userId>1000842</userId></turbineUser></customizeProfile>
<customizeProfile><userName>BPTDEV.2931.CONSOLE</userName><console><consoleNbr>2931</consoleNbr><serviceProviderCode>BPTDEV</serviceProviderCode><auditModel><auditDate>2015-06-23T21:35:30-06:00</auditDate><auditID>ADMIN</auditID><auditStatus>A</auditStatus></auditModel><consoleDesc>Agency Administrator Console</consoleDesc><consoleName>Agency Admin</consoleName></console><mediaType>html</mediaType><page>default.psml</page><profile>&lt;?xml version="1.0" encoding="UTF-8"?&gt;
&lt;portlets id="P-fca38cd76a-10001"&gt;&lt;skin name="V360 Default Skin"/&gt;&lt;control name="V360TabControl"/&gt;&lt;controller name="V360TabController"/&gt;&lt;portlets id="P-14e237d6ab1-10126"&gt;&lt;metainfo&gt;&lt;title&gt;Home&lt;/title&gt;&lt;/metainfo&gt;&lt;security-ref parent="owner-only"/&gt;&lt;layout position="0" size="-1"/&gt;&lt;controller name="V360TwoColumns"/&gt;&lt;entry id="P-14e23808257-10154" parent="V360 General CAP Portlet"&gt;&lt;layout position="-1" size="-1"&gt;&lt;property name="column" value="1"/&gt;&lt;property name="row" value="0"/&gt;&lt;/layout&gt;&lt;/entry&gt;&lt;entry id="P-14e2380b855-10155" parent="V360 My Navigation Portlet"&gt;&lt;layout position="-1" size="-1"&gt;&lt;property name="column" value="0"/&gt;&lt;property name="row" value="1"/&gt;&lt;/layout&gt;&lt;/entry&gt;&lt;entry id="P-14e2381500e-10157" parent="V360 User Info Portlet"&gt;&lt;layout position="-1" size="-1"&gt;&lt;property name="column" value="0"/&gt;&lt;property name="row" value="0"/&gt;&lt;/layout&gt;&lt;/entry&gt;&lt;entry id="P-14e2385891b-1018a" parent="Reports Portlet"&gt;&lt;layout position="-1" size="-1"&gt;&lt;property name="column" value="0"/&gt;&lt;property name="row" value="2"/&gt;&lt;/layout&gt;&lt;/entry&gt;&lt;/portlets&gt;&lt;portlets id="P-14e237f37d5-1014a"&gt;&lt;metainfo&gt;&lt;title&gt;Property&lt;/title&gt;&lt;/metainfo&gt;&lt;security-ref parent="owner-only"/&gt;&lt;layout position="1" size="-1"/&gt;&lt;entry id="P-14e2381a609-10158" parent="V360 Addresses Portlet"&gt;&lt;layout position="-1" size="-1"&gt;&lt;property name="column" value="0"/&gt;&lt;property name="row" value="0"/&gt;&lt;/layout&gt;&lt;/entry&gt;&lt;entry id="P-14e2381c60f-1015a" parent="V360 Parcels Portlet"&gt;&lt;layout position="-1" size="-1"&gt;&lt;property name="column" value="0"/&gt;&lt;property name="row" value="1"/&gt;&lt;/layout&gt;&lt;/entry&gt;&lt;entry id="P-14e2381c60f-1015b" parent="V360 Owners Portlet"&gt;&lt;layout position="-1" size="-1"&gt;&lt;property name="column" value="0"/&gt;&lt;property name="row" value="2"/&gt;&lt;/layout&gt;&lt;/entry&gt;&lt;/portlets&gt;&lt;portlets id="P-14e237f5520-1014b"&gt;&lt;metainfo&gt;&lt;title&gt;Contacts&lt;/title&gt;&lt;/metainfo&gt;&lt;security-ref parent="owner-only"/&gt;&lt;layout position="2" size="-1"/&gt;&lt;entry id="P-14e2382014d-1015c" parent="V360 Contacts Portlet"&gt;&lt;layout position="-1" size="-1"&gt;&lt;property name="column" value="0"/&gt;&lt;property name="row" value="0"/&gt;&lt;/layout&gt;&lt;/entry&gt;&lt;/portlets&gt;&lt;portlets id="P-14e237f789a-1014c"&gt;&lt;metainfo&gt;&lt;title&gt;Licensed Professionals&lt;/title&gt;&lt;/metainfo&gt;&lt;security-ref parent="owner-only"/&gt;&lt;layout position="3" size="-1"/&gt;&lt;entry id="P-14e238230e0-1015d" parent="V360 Professionals Portlet"&gt;&lt;layout position="-1" size="-1"&gt;&lt;property name="column" value="0"/&gt;&lt;property name="row" value="0"/&gt;&lt;/layout&gt;&lt;/entry&gt;&lt;/portlets&gt;&lt;portlets id="P-14e237f9284-1014d"&gt;&lt;metainfo&gt;&lt;title&gt;Inspections&lt;/title&gt;&lt;/metainfo&gt;&lt;security-ref parent="owner-only"/&gt;&lt;layout position="4" size="-1"/&gt;&lt;entry id="P-14e238260de-1015e" parent="V360 Inspections Portlet"&gt;&lt;layout position="-1" size="-1"&gt;&lt;property name="column" value="0"/&gt;&lt;property name="row" value="0"/&gt;&lt;/layout&gt;&lt;/entry&gt;&lt;/portlets&gt;&lt;portlets id="P-14e237faf73-1014e"&gt;&lt;metainfo&gt;&lt;title&gt;Ad Hoc Reports&lt;/title&gt;&lt;/metainfo&gt;&lt;security-ref parent="owner-only"/&gt;&lt;layout position="5" size="-1"/&gt;&lt;entry id="P-14e2382861d-10160" parent="V360 Ad hoc Report"&gt;&lt;layout position="-1" size="-1"&gt;&lt;property name="column" value="0"/&gt;&lt;property name="row" value="0"/&gt;&lt;/layout&gt;&lt;/entry&gt;&lt;/portlets&gt;&lt;portlets id="P-14e237fcbec-1014f"&gt;&lt;metainfo&gt;&lt;title&gt;Report Manager&lt;/title&gt;&lt;/metainfo&gt;&lt;security-ref parent="owner-only"/&gt;&lt;layout position="6" size="-1"/&gt;&lt;entry id="P-14e2382b48e-10161" parent="V360 Report Manager Portlet"&gt;&lt;layout position="-1" size="-1"&gt;&lt;property name="column" value="0"/&gt;&lt;property name="row" value="0"/&gt;&lt;/layout&gt;&lt;/entry&gt;&lt;/portlets&gt;&lt;portlets id="P-14e237fea82-10150"&gt;&lt;metainfo&gt;&lt;title&gt;AV Admin&lt;/title&gt;&lt;/metainfo&gt;&lt;security-ref parent="owner-only"/&gt;&lt;layout position="7" size="-1"/&gt;&lt;controller name="V360TwoColumns"/&gt;&lt;entry id="P-14e2382ea21-10162" parent="V360 Administration Portlet"&gt;&lt;layout position="-1" size="-1"&gt;&lt;property name="column" value="1"/&gt;&lt;property name="row" value="0"/&gt;&lt;/layout&gt;&lt;/entry&gt;&lt;entry id="P-14e239cbaed-101ba" parent="V360 Setup Portlet"&gt;&lt;layout position="-1" size="-1"&gt;&lt;property name="column" value="0"/&gt;&lt;property name="row" value="0"/&gt;&lt;/layout&gt;&lt;/entry&gt;&lt;/portlets&gt;&lt;portlets id="P-14e238021aa-10153"&gt;&lt;metainfo&gt;&lt;title&gt;Preference&lt;/title&gt;&lt;/metainfo&gt;&lt;security-ref parent="owner-only"/&gt;&lt;layout position="8" size="-1"/&gt;&lt;entry id="P-14e2383937b-10164" parent="V360 Preference Management Portlet"&gt;&lt;layout position="-1" size="-1"&gt;&lt;property name="column" value="0"/&gt;&lt;property name="row" value="0"/&gt;&lt;/layout&gt;&lt;/entry&gt;&lt;/portlets&gt;&lt;/portlets&gt;</profile><psmlId>1000734</psmlId><turbineUser><loginName>BPTDEV.2931.CONSOLE</loginName><confirmValue>CONFIRMED</confirmValue><created>2015-06-23T00:00:00-06:00</created><disabled>F</disabled><firstName>tempFirstName</firstName><lastLogin>2015-06-23T00:00:00-06:00</lastLogin><lastName>tempLastName</lastName><objectData>rO0ABXNyABNqYXZhLnV0aWwuSGFzaHRhYmxlE7sPJSFK5LgDAAJGAApsb2FkRmFjdG9ySQAJdGhyZXNob2xkeHA/QAAAAAAAAHcIAAAAAQAAAAB4</objectData><password>ignored</password><passwordChanged>2015-06-23T00:00:00-06:00</passwordChanged><userId>1000840</userId></turbineUser></customizeProfile>
</list>