<?xml version="1.0" encoding="UTF-8" standalone="yes"?>
<list  version="8.0.0" minorVersion="15" exportUser="ADMIN" exportDateTime="03/30/2016 09:45 PM" description="null"><menuTemplate refId="1@MenuTemplateModel"><policySeq>1206</policySeq><serviceProviderCode>BPTDEV</serviceProviderCode><auditModel><auditDate>2012-06-29T16:07:27-06:00</auditDate><auditID>ADMIN</auditID><auditStatus>A</auditStatus></auditModel><data1>cap_tabbar</data1><data2>Service Request Menu</data2><levelData>ServiceRequest</levelData><levelType>Module</levelType><menuLevel>1</menuLevel><policyI18NModels/><policyName>Menu</policyName><rightGranted>Y</rightGranted><status>Y</status><menuModels><menu refId="2@MenuModel"><policySeq>1207</policySeq><serviceProviderCode>BPTDEV</serviceProviderCode><auditModel><auditDate>2012-06-29T16:07:27-06:00</auditDate><auditID>ADMIN</auditID><auditStatus>A</auditStatus></auditModel><data1>cap_tabbar</data1><data2>Service Request Menu/[0]Record Data</data2><levelData>ServiceRequest</levelData><levelType>Module</levelType><menuLevel>2</menuLevel><policyI18NModels/><policyName>Menu</policyName><rightGranted>Y</rightGranted><status>N</status><menuItemModels><menuItem refId="3@MenuItemModel"><policySeq>1211</policySeq><serviceProviderCode>BPTDEV</serviceProviderCode><auditModel><auditDate>2013-11-07T16:53:01-07:00</auditDate><auditID>ADMIN</auditID><auditStatus>A</auditStatus></auditModel><data1>cap_tabbar</data1><data2>Service Request Menu/[0]Record Data/[4]Comments[][B]</data2><levelData>ServiceRequest</levelData><levelType>Module</levelType><menuLevel>3</menuLevel><policyI18NModels/><policyName>Menu</policyName><rightGranted>Y</rightGranted><status>N</status></menuItem><menuItem refId="4@MenuItemModel"><policySeq>1212</policySeq><serviceProviderCode>BPTDEV</serviceProviderCode><auditModel><auditDate>2013-11-07T16:53:01-07:00</auditDate><auditID>ADMIN</auditID><auditStatus>A</auditStatus></auditModel><data1>cap_tabbar</data1><data2>Service Request Menu/[0]Record Data/[5]Conditions[Flags][B]</data2><levelData>ServiceRequest</levelData><levelType>Module</levelType><menuLevel>3</menuLevel><policyI18NModels/><policyName>Menu</policyName><rightGranted>Y</rightGranted><status>N</status></menuItem><menuItem refId="5@MenuItemModel"><policySeq>1215</policySeq><serviceProviderCode>BPTDEV</serviceProviderCode><auditModel><auditDate>2013-11-07T16:53:01-07:00</auditDate><auditID>ADMIN</auditID><auditStatus>A</auditStatus></auditModel><data1>cap_tabbar</data1><data2>Service Request Menu/[0]Record Data/[8]XRefCap[][B]</data2><levelData>ServiceRequest</levelData><levelType>Module</levelType><menuLevel>3</menuLevel><policyI18NModels/><policyName>Menu</policyName><rightGranted>Y</rightGranted><status>N</status></menuItem><menuItem refId="6@MenuItemModel"><policySeq>1216</policySeq><serviceProviderCode>BPTDEV</serviceProviderCode><auditModel><auditDate>2013-11-07T16:53:01-07:00</auditDate><auditID>ADMIN</auditID><auditStatus>A</auditStatus></auditModel><data1>cap_tabbar</data1><data2>Service Request Menu/[0]Record Data/[9]Status[][B]</data2><levelData>ServiceRequest</levelData><levelType>Module</levelType><menuLevel>3</menuLevel><policyI18NModels/><policyName>Menu</policyName><rightGranted>Y</rightGranted><status>N</status></menuItem><menuItem refId="7@MenuItemModel"><policySeq>1241</policySeq><serviceProviderCode>BPTDEV</serviceProviderCode><auditModel><auditDate>2013-11-07T16:53:01-07:00</auditDate><auditID>ADMIN</auditID><auditStatus>A</auditStatus></auditModel><data1>cap_tabbar</data1><data2>Service Request Menu/[0]Record Data/[3]Activity Summary[][B]</data2><levelData>ServiceRequest</levelData><levelType>Module</levelType><menuLevel>3</menuLevel><policyI18NModels/><policyName>Menu</policyName><rightGranted>Y</rightGranted><status>N</status></menuItem><menuItem refId="8@MenuItemModel"><policySeq>1242</policySeq><serviceProviderCode>BPTDEV</serviceProviderCode><auditModel><auditDate>2013-11-07T16:53:01-07:00</auditDate><auditID>ADMIN</auditID><auditStatus>A</auditStatus></auditModel><data1>cap_tabbar</data1><data2>Service Request Menu/[0]Record Data/[6]Document[][B]</data2><levelData>ServiceRequest</levelData><levelType>Module</levelType><menuLevel>3</menuLevel><policyI18NModels/><policyName>Menu</policyName><rightGranted>Y</rightGranted><status>N</status></menuItem><menuItem refId="9@MenuItemModel"><policySeq>1208</policySeq><serviceProviderCode>BPTDEV</serviceProviderCode><auditModel><auditDate>2013-11-07T16:53:01-07:00</auditDate><auditID>ADMIN</auditID><auditStatus>A</auditStatus></auditModel><data1>cap_tabbar</data1><data2>Service Request Menu/[0]Record Data/[0]CapTabSummary[][B]</data2><levelData>ServiceRequest</levelData><levelType>Module</levelType><menuLevel>3</menuLevel><policyI18NModels/><policyName>Menu</policyName><rightGranted>Y</rightGranted><status>N</status></menuItem><menuItem refId="10@MenuItemModel"><policySeq>1209</policySeq><serviceProviderCode>BPTDEV</serviceProviderCode><auditModel><auditDate>2013-11-07T16:53:01-07:00</auditDate><auditID>ADMIN</auditID><auditStatus>A</auditStatus></auditModel><data1>cap_tabbar</data1><data2>Service Request Menu/[0]Record Data/[1]CapDetail[][B]</data2><levelData>ServiceRequest</levelData><levelType>Module</levelType><menuLevel>3</menuLevel><policyI18NModels/><policyName>Menu</policyName><rightGranted>Y</rightGranted><status>N</status></menuItem><menuItem refId="11@MenuItemModel"><policySeq>1210</policySeq><serviceProviderCode>BPTDEV</serviceProviderCode><auditModel><auditDate>2013-11-07T16:53:01-07:00</auditDate><auditID>ADMIN</auditID><auditStatus>A</auditStatus></auditModel><data1>cap_tabbar</data1><data2>Service Request Menu/[0]Record Data/[2]Activity[][B]</data2><levelData>ServiceRequest</levelData><levelType>Module</levelType><menuLevel>3</menuLevel><policyI18NModels/><policyName>Menu</policyName><rightGranted>Y</rightGranted><status>N</status></menuItem><menuItem refId="12@MenuItemModel"><policySeq>2153</policySeq><serviceProviderCode>BPTDEV</serviceProviderCode><auditModel><auditDate>2014-05-07T14:16:11-06:00</auditDate><auditID>ADMIN</auditID><auditStatus>A</auditStatus></auditModel><data1>cap_tabbar</data1><data2>Service Request Menu/[0]Record Data/[7]AppSpecInfo[Data Fields][B]</data2><levelData>ServiceRequest</levelData><levelType>Module</levelType><menuLevel>3</menuLevel><policyI18NModels/><policyName>Menu</policyName><rightGranted>Y</rightGranted><status>N</status></menuItem><menuItem refId="13@MenuItemModel"><policySeq>3075</policySeq><serviceProviderCode>BPTDEV</serviceProviderCode><auditModel><auditDate>2013-11-07T16:53:01-07:00</auditDate><auditID>ADMIN</auditID><auditStatus>A</auditStatus></auditModel><data1>cap_tabbar</data1><data2>Service Request Menu/[0]Record Data/[11]StatusHistory[][B]</data2><levelData>ServiceRequest</levelData><levelType>Module</levelType><menuLevel>3</menuLevel><policyI18NModels/><policyName>Menu</policyName><rightGranted>Y</rightGranted><status>N</status></menuItem><menuItem refId="14@MenuItemModel"><policySeq>3108</policySeq><serviceProviderCode>BPTDEV</serviceProviderCode><auditModel><auditDate>2013-11-07T16:53:01-07:00</auditDate><auditID>ADMIN</auditID><auditStatus>A</auditStatus></auditModel><data1>cap_tabbar</data1><data2>Service Request Menu/[0]Record Data/[10]Communications[][B]</data2><levelData>ServiceRequest</levelData><levelType>Module</levelType><menuLevel>3</menuLevel><policyI18NModels/><policyName>Menu</policyName><rightGranted>Y</rightGranted><status>N</status></menuItem></menuItemModels><menuName>Service Request Menu/[0]Record Data%</menuName></menu><menu refId="15@MenuModel"><policySeq>4946</policySeq><serviceProviderCode>BPTDEV</serviceProviderCode><auditModel><auditDate>2014-09-29T12:04:30-06:00</auditDate><auditID>ADMIN</auditID><auditStatus>A</auditStatus></auditModel><data1>cap_tabbar</data1><data2>Service Request Menu/[6]Resource Costing</data2><data4>For work order costing</data4><levelData>ServiceRequest</levelData><levelType>Module</levelType><menuLevel>2</menuLevel><policyI18NModels/><policyName>Menu</policyName><rightGranted>Y</rightGranted><status>Y</status><menuItemModels><menuItem refId="16@MenuItemModel"><policySeq>4947</policySeq><serviceProviderCode>BPTDEV</serviceProviderCode><auditModel><auditDate>2014-09-29T12:04:47-06:00</auditDate><auditID>ADMIN</auditID><auditStatus>A</auditStatus></auditModel><data1>cap_tabbar</data1><data2>Service Request Menu/[6]Resource Costing/[0]Costing[][B]</data2><levelData>ServiceRequest</levelData><levelType>Module</levelType><menuLevel>3</menuLevel><policyI18NModels/><policyName>Menu</policyName><rightGranted>Y</rightGranted><status>Y</status></menuItem></menuItemModels><menuName>Service Request Menu/[6]Resource Costing%</menuName></menu><menu refId="17@MenuModel"><policySeq>1221</policySeq><serviceProviderCode>BPTDEV</serviceProviderCode><auditModel><auditDate>2012-06-29T16:07:27-06:00</auditDate><auditID>ADMIN</auditID><auditStatus>A</auditStatus></auditModel><data1>cap_tabbar</data1><data2>Service Request Menu/[2]People</data2><levelData>ServiceRequest</levelData><levelType>Module</levelType><menuLevel>2</menuLevel><policyI18NModels/><policyName>Menu</policyName><rightGranted>Y</rightGranted><status>N</status><menuItemModels><menuItem refId="18@MenuItemModel"><policySeq>1222</policySeq><serviceProviderCode>BPTDEV</serviceProviderCode><auditModel><auditDate>2012-06-29T16:07:27-06:00</auditDate><auditID>ADMIN</auditID><auditStatus>A</auditStatus></auditModel><data1>cap_tabbar</data1><data2>Service Request Menu/[2]People/[0]Contact[][B]</data2><levelData>ServiceRequest</levelData><levelType>Module</levelType><menuLevel>3</menuLevel><policyI18NModels/><policyName>Menu</policyName><rightGranted>Y</rightGranted><status>N</status></menuItem><menuItem refId="19@MenuItemModel"><policySeq>1223</policySeq><serviceProviderCode>BPTDEV</serviceProviderCode><auditModel><auditDate>2012-06-29T16:07:27-06:00</auditDate><auditID>ADMIN</auditID><auditStatus>A</auditStatus></auditModel><data1>cap_tabbar</data1><data2>Service Request Menu/[2]People/[1]Owner[][B]</data2><levelData>ServiceRequest</levelData><levelType>Module</levelType><menuLevel>3</menuLevel><policyI18NModels/><policyName>Menu</policyName><rightGranted>Y</rightGranted><status>N</status></menuItem></menuItemModels><menuName>Service Request Menu/[2]People%</menuName></menu><menu refId="20@MenuModel"><policySeq>1217</policySeq><serviceProviderCode>BPTDEV</serviceProviderCode><auditModel><auditDate>2012-06-29T16:07:27-06:00</auditDate><auditID>ADMIN</auditID><auditStatus>A</auditStatus></auditModel><data1>cap_tabbar</data1><data2>Service Request Menu/[1]Property</data2><levelData>ServiceRequest</levelData><levelType>Module</levelType><menuLevel>2</menuLevel><policyI18NModels/><policyName>Menu</policyName><rightGranted>Y</rightGranted><status>N</status><menuItemModels><menuItem refId="21@MenuItemModel"><policySeq>1219</policySeq><serviceProviderCode>BPTDEV</serviceProviderCode><auditModel><auditDate>2012-06-29T16:07:27-06:00</auditDate><auditID>ADMIN</auditID><auditStatus>A</auditStatus></auditModel><data1>cap_tabbar</data1><data2>Service Request Menu/[1]Property/[1]Parcel[][B]</data2><levelData>ServiceRequest</levelData><levelType>Module</levelType><menuLevel>3</menuLevel><policyI18NModels/><policyName>Menu</policyName><rightGranted>Y</rightGranted><status>N</status></menuItem><menuItem refId="22@MenuItemModel"><policySeq>1220</policySeq><serviceProviderCode>BPTDEV</serviceProviderCode><auditModel><auditDate>2012-06-29T16:07:27-06:00</auditDate><auditID>ADMIN</auditID><auditStatus>A</auditStatus></auditModel><data1>cap_tabbar</data1><data2>Service Request Menu/[1]Property/[2]Owner[][B]</data2><levelData>ServiceRequest</levelData><levelType>Module</levelType><menuLevel>3</menuLevel><policyI18NModels/><policyName>Menu</policyName><rightGranted>Y</rightGranted><status>N</status></menuItem><menuItem refId="23@MenuItemModel"><policySeq>1218</policySeq><serviceProviderCode>BPTDEV</serviceProviderCode><auditModel><auditDate>2012-06-29T16:07:27-06:00</auditDate><auditID>ADMIN</auditID><auditStatus>A</auditStatus></auditModel><data1>cap_tabbar</data1><data2>Service Request Menu/[1]Property/[0]Address[][B]</data2><levelData>ServiceRequest</levelData><levelType>Module</levelType><menuLevel>3</menuLevel><policyI18NModels/><policyName>Menu</policyName><rightGranted>Y</rightGranted><status>N</status></menuItem></menuItemModels><menuName>Service Request Menu/[1]Property%</menuName></menu><menu refId="24@MenuModel"><policySeq>1224</policySeq><serviceProviderCode>BPTDEV</serviceProviderCode><auditModel><auditDate>2012-06-29T16:07:27-06:00</auditDate><auditID>ADMIN</auditID><auditStatus>A</auditStatus></auditModel><data1>cap_tabbar</data1><data2>Service Request Menu/[3]Workflow</data2><levelData>ServiceRequest</levelData><levelType>Module</levelType><menuLevel>2</menuLevel><policyI18NModels/><policyName>Menu</policyName><rightGranted>Y</rightGranted><status>N</status><menuItemModels><menuItem refId="25@MenuItemModel"><policySeq>1225</policySeq><serviceProviderCode>BPTDEV</serviceProviderCode><auditModel><auditDate>2012-06-29T16:07:27-06:00</auditDate><auditID>ADMIN</auditID><auditStatus>A</auditStatus></auditModel><data1>cap_tabbar</data1><data2>Service Request Menu/[3]Workflow/[0]Workflow[][B]</data2><levelData>ServiceRequest</levelData><levelType>Module</levelType><menuLevel>3</menuLevel><policyI18NModels/><policyName>Menu</policyName><rightGranted>Y</rightGranted><status>N</status></menuItem><menuItem refId="26@MenuItemModel"><policySeq>1226</policySeq><serviceProviderCode>BPTDEV</serviceProviderCode><auditModel><auditDate>2012-06-29T16:07:27-06:00</auditDate><auditID>ADMIN</auditID><auditStatus>A</auditStatus></auditModel><data1>cap_tabbar</data1><data2>Service Request Menu/[3]Workflow/[1]History[][B]</data2><levelData>ServiceRequest</levelData><levelType>Module</levelType><menuLevel>3</menuLevel><policyI18NModels/><policyName>Menu</policyName><rightGranted>Y</rightGranted><status>N</status></menuItem><menuItem refId="27@MenuItemModel"><policySeq>1227</policySeq><serviceProviderCode>BPTDEV</serviceProviderCode><auditModel><auditDate>2012-06-29T16:07:27-06:00</auditDate><auditID>ADMIN</auditID><auditStatus>A</auditStatus></auditModel><data1>cap_tabbar</data1><data2>Service Request Menu/[3]Workflow/[2]Activity[][B]</data2><levelData>ServiceRequest</levelData><levelType>Module</levelType><menuLevel>3</menuLevel><policyI18NModels/><policyName>Menu</policyName><rightGranted>Y</rightGranted><status>N</status></menuItem><menuItem refId="28@MenuItemModel"><policySeq>1228</policySeq><serviceProviderCode>BPTDEV</serviceProviderCode><auditModel><auditDate>2012-06-29T16:07:27-06:00</auditDate><auditID>ADMIN</auditID><auditStatus>A</auditStatus></auditModel><data1>cap_tabbar</data1><data2>Service Request Menu/[3]Workflow/[3]Activity Summary[][B]</data2><levelData>ServiceRequest</levelData><levelType>Module</levelType><menuLevel>3</menuLevel><policyI18NModels/><policyName>Menu</policyName><rightGranted>Y</rightGranted><status>N</status></menuItem></menuItemModels><menuName>Service Request Menu/[3]Workflow%</menuName></menu><menu refId="29@MenuModel"><policySeq>1229</policySeq><serviceProviderCode>BPTDEV</serviceProviderCode><auditModel><auditDate>2012-06-29T16:10:11-06:00</auditDate><auditID>ADMIN</auditID><auditStatus>A</auditStatus></auditModel><data1>cap_tabbar</data1><data2>Service Request Menu/[4]Investigations</data2><levelData>ServiceRequest</levelData><levelType>Module</levelType><menuLevel>2</menuLevel><policyI18NModels/><policyName>Menu</policyName><rightGranted>Y</rightGranted><status>Y</status><menuItemModels><menuItem refId="30@MenuItemModel"><policySeq>1230</policySeq><serviceProviderCode>BPTDEV</serviceProviderCode><auditModel><auditDate>2012-06-29T16:10:11-06:00</auditDate><auditID>ADMIN</auditID><auditStatus>A</auditStatus></auditModel><data1>cap_tabbar</data1><data2>Service Request Menu/[4]Investigations/[0]Inspections[][B]</data2><levelData>ServiceRequest</levelData><levelType>Module</levelType><menuLevel>3</menuLevel><policyI18NModels/><policyName>Menu</policyName><rightGranted>Y</rightGranted><status>N</status></menuItem></menuItemModels><menuName>Service Request Menu/[4]Investigations%</menuName></menu><menu refId="31@MenuModel"><policySeq>1231</policySeq><serviceProviderCode>BPTDEV</serviceProviderCode><auditModel><auditDate>2012-06-29T16:07:27-06:00</auditDate><auditID>ADMIN</auditID><auditStatus>A</auditStatus></auditModel><data1>cap_tabbar</data1><data2>Service Request Menu/[5]Tab</data2><levelData>ServiceRequest</levelData><levelType>Module</levelType><menuLevel>2</menuLevel><policyI18NModels/><policyName>Menu</policyName><rightGranted>Y</rightGranted><status>N</status><menuItemModels><menuItem refId="32@MenuItemModel"><policySeq>1232</policySeq><serviceProviderCode>BPTDEV</serviceProviderCode><auditModel><auditDate>2015-08-12T15:27:35-06:00</auditDate><auditID>ADMIN</auditID><auditStatus>A</auditStatus></auditModel><data1>cap_tabbar</data1><data2>Service Request Menu/[5]Tab/[1]CapDetail[][B]</data2><levelData>ServiceRequest</levelData><levelType>Module</levelType><menuLevel>3</menuLevel><policyI18NModels/><policyName>Menu</policyName><rightGranted>Y</rightGranted><status>N</status></menuItem><menuItem refId="33@MenuItemModel"><policySeq>1233</policySeq><serviceProviderCode>BPTDEV</serviceProviderCode><auditModel><auditDate>2015-08-12T15:27:35-06:00</auditDate><auditID>ADMIN</auditID><auditStatus>A</auditStatus></auditModel><data1>cap_tabbar</data1><data2>Service Request Menu/[5]Tab/[0]CapTabSummary[][B]</data2><levelData>ServiceRequest</levelData><levelType>Module</levelType><menuLevel>3</menuLevel><policyI18NModels/><policyName>Menu</policyName><rightGranted>Y</rightGranted><status>N</status></menuItem><menuItem refId="34@MenuItemModel"><policySeq>1235</policySeq><serviceProviderCode>BPTDEV</serviceProviderCode><auditModel><auditDate>2015-08-12T15:27:35-06:00</auditDate><auditID>ADMIN</auditID><auditStatus>A</auditStatus></auditModel><data1>cap_tabbar</data1><data2>Service Request Menu/[5]Tab/[3]Contact[][B]</data2><levelData>ServiceRequest</levelData><levelType>Module</levelType><menuLevel>3</menuLevel><policyI18NModels/><policyName>Menu</policyName><rightGranted>Y</rightGranted><status>N</status></menuItem><menuItem refId="35@MenuItemModel"><policySeq>1236</policySeq><serviceProviderCode>BPTDEV</serviceProviderCode><auditModel><auditDate>2015-08-12T15:27:35-06:00</auditDate><auditID>ADMIN</auditID><auditStatus>A</auditStatus></auditModel><data1>cap_tabbar</data1><data2>Service Request Menu/[5]Tab/[4]Address[][B]</data2><levelData>ServiceRequest</levelData><levelType>Module</levelType><menuLevel>3</menuLevel><policyI18NModels/><policyName>Menu</policyName><rightGranted>Y</rightGranted><status>N</status></menuItem><menuItem refId="36@MenuItemModel"><policySeq>2154</policySeq><serviceProviderCode>BPTDEV</serviceProviderCode><auditModel><auditDate>2015-08-12T15:27:35-06:00</auditDate><auditID>ADMIN</auditID><auditStatus>A</auditStatus></auditModel><data1>cap_tabbar</data1><data2>Service Request Menu/[5]Tab/[9]Comments[][B]</data2><levelData>ServiceRequest</levelData><levelType>Module</levelType><menuLevel>3</menuLevel><policyI18NModels/><policyName>Menu</policyName><rightGranted>Y</rightGranted><status>N</status></menuItem><menuItem refId="37@MenuItemModel"><policySeq>2155</policySeq><serviceProviderCode>BPTDEV</serviceProviderCode><auditModel><auditDate>2015-08-12T15:27:35-06:00</auditDate><auditID>ADMIN</auditID><auditStatus>A</auditStatus></auditModel><data1>cap_tabbar</data1><data2>Service Request Menu/[5]Tab/[2]AppSpecInfo[Data Fields][B]</data2><levelData>ServiceRequest</levelData><levelType>Module</levelType><menuLevel>3</menuLevel><policyI18NModels/><policyName>Menu</policyName><rightGranted>Y</rightGranted><status>N</status></menuItem><menuItem refId="38@MenuItemModel"><policySeq>2156</policySeq><serviceProviderCode>BPTDEV</serviceProviderCode><auditModel><auditDate>2015-08-12T15:27:35-06:00</auditDate><auditID>ADMIN</auditID><auditStatus>A</auditStatus></auditModel><data1>cap_tabbar</data1><data2>Service Request Menu/[5]Tab/[6]Inspections[Investigations][B]</data2><levelData>ServiceRequest</levelData><levelType>Module</levelType><menuLevel>3</menuLevel><policyI18NModels/><policyName>Menu</policyName><rightGranted>Y</rightGranted><status>N</status></menuItem><menuItem refId="39@MenuItemModel"><policySeq>2157</policySeq><serviceProviderCode>BPTDEV</serviceProviderCode><auditModel><auditDate>2015-08-12T15:27:35-06:00</auditDate><auditID>ADMIN</auditID><auditStatus>A</auditStatus></auditModel><data1>cap_tabbar</data1><data2>Service Request Menu/[5]Tab/[7]Workflow[][B]</data2><levelData>ServiceRequest</levelData><levelType>Module</levelType><menuLevel>3</menuLevel><policyI18NModels/><policyName>Menu</policyName><rightGranted>Y</rightGranted><status>N</status></menuItem><menuItem refId="40@MenuItemModel"><policySeq>2158</policySeq><serviceProviderCode>BPTDEV</serviceProviderCode><auditModel><auditDate>2015-08-12T15:27:35-06:00</auditDate><auditID>ADMIN</auditID><auditStatus>A</auditStatus></auditModel><data1>cap_tabbar</data1><data2>Service Request Menu/[5]Tab/[10]Conditions[Flags][B]</data2><levelData>ServiceRequest</levelData><levelType>Module</levelType><menuLevel>3</menuLevel><policyI18NModels/><policyName>Menu</policyName><rightGranted>Y</rightGranted><status>N</status></menuItem><menuItem refId="41@MenuItemModel"><policySeq>2159</policySeq><serviceProviderCode>BPTDEV</serviceProviderCode><auditModel><auditDate>2015-08-12T15:27:35-06:00</auditDate><auditID>ADMIN</auditID><auditStatus>A</auditStatus></auditModel><data1>cap_tabbar</data1><data2>Service Request Menu/[5]Tab/[5]Document[][B]</data2><levelData>ServiceRequest</levelData><levelType>Module</levelType><menuLevel>3</menuLevel><policyI18NModels/><policyName>Menu</policyName><rightGranted>Y</rightGranted><status>N</status></menuItem><menuItem refId="42@MenuItemModel"><policySeq>4014</policySeq><serviceProviderCode>BPTDEV</serviceProviderCode><auditModel><auditDate>2015-08-12T15:27:35-06:00</auditDate><auditID>ADMIN</auditID><auditStatus>A</auditStatus></auditModel><data1>cap_tabbar</data1><data2>Service Request Menu/[5]Tab/[8]XRefCap[][B]</data2><levelData>ServiceRequest</levelData><levelType>Module</levelType><menuLevel>3</menuLevel><policyI18NModels/><policyName>Menu</policyName><rightGranted>Y</rightGranted><status>N</status></menuItem><menuItem refId="43@MenuItemModel"><policySeq>288127</policySeq><serviceProviderCode>BPTDEV</serviceProviderCode><auditModel><auditDate>2015-08-12T15:27:35-06:00</auditDate><auditID>ADMIN</auditID><auditStatus>A</auditStatus></auditModel><data1>cap_tabbar</data1><data2>Service Request Menu/[5]Tab/[11]Status[][B]</data2><levelData>ServiceRequest</levelData><levelType>Module</levelType><menuLevel>3</menuLevel><policyI18NModels/><policyName>Menu</policyName><rightGranted>Y</rightGranted><status>N</status></menuItem><menuItem refId="44@MenuItemModel"><policySeq>3076</policySeq><serviceProviderCode>BPTDEV</serviceProviderCode><auditModel><auditDate>2015-08-12T15:27:35-06:00</auditDate><auditID>ADMIN</auditID><auditStatus>A</auditStatus></auditModel><data1>cap_tabbar</data1><data2>Service Request Menu/[5]Tab/[12]StatusHistory[Status History][B]</data2><levelData>ServiceRequest</levelData><levelType>Module</levelType><menuLevel>3</menuLevel><policyI18NModels/><policyName>Menu</policyName><rightGranted>Y</rightGranted><status>N</status></menuItem></menuItemModels><menuName>Service Request Menu/[5]Tab%</menuName></menu></menuModels><menuName>Service Request Menu%</menuName><upperMenuLevel refId="45@MenuLevelVirtualModel"><data1>cap_tabbar</data1><levelData>ServiceRequest</levelData><levelType>Module</levelType><menuLevel>1</menuLevel><MenuLevelModels><MenuLevelModel refId="46@MenuLevelModel"><policySeq>2160</policySeq><serviceProviderCode>BPTDEV</serviceProviderCode><auditModel><auditDate>2011-11-04T10:12:13-06:00</auditDate><auditID>ADMIN</auditID><auditStatus>A</auditStatus></auditModel><data1>cap_tabbar</data1><data4>Default agency menu</data4><levelData>BPTDEV</levelData><levelType>Agency</levelType><menuLevel>1</menuLevel><policyI18NModels/><policyName>Menu</policyName><rightGranted>Y</rightGranted><status>Y</status></MenuLevelModel></MenuLevelModels><moduleName> </moduleName><policyName>Menu</policyName><serviceProviderCode>BPTDEV</serviceProviderCode></upperMenuLevel></menuTemplate>
</list>