<?xml version="1.0" encoding="UTF-8" standalone="yes"?>
<list  version="8.0.0" minorVersion="15" exportUser="ADMIN" exportDateTime="03/30/2016 09:15 PM" description="null"><menuTemplate refId="1@MenuTemplateModel"><policySeq>725</policySeq><serviceProviderCode>BPTDEV</serviceProviderCode><auditModel><auditDate>2012-02-10T16:08:46-07:00</auditDate><auditID>ADMIN</auditID><auditStatus>A</auditStatus></auditModel><data1>cap_tabbar</data1><data2>Licenses Module Menu</data2><data4>Go To menu for Licenses module</data4><levelData>Licenses</levelData><levelType>Module</levelType><menuLevel>1</menuLevel><policyI18NModels/><policyName>Menu</policyName><rightGranted>Y</rightGranted><status>Y</status><menuModels><menu refId="2@MenuModel"><policySeq>737</policySeq><serviceProviderCode>BPTDEV</serviceProviderCode><auditModel><auditDate>2012-02-10T16:11:16-07:00</auditDate><auditID>ADMIN</auditID><auditStatus>A</auditStatus></auditModel><data1>cap_tabbar</data1><data2>Licenses Module Menu/[1]Property</data2><levelData>Licenses</levelData><levelType>Module</levelType><menuLevel>2</menuLevel><policyI18NModels/><policyName>Menu</policyName><rightGranted>Y</rightGranted><status>Y</status><menuItemModels><menuItem refId="3@MenuItemModel"><policySeq>738</policySeq><serviceProviderCode>BPTDEV</serviceProviderCode><auditModel><auditDate>2012-02-10T16:11:31-07:00</auditDate><auditID>ADMIN</auditID><auditStatus>A</auditStatus></auditModel><data1>cap_tabbar</data1><data2>Licenses Module Menu/[1]Property/[0]Address[][B]</data2><levelData>Licenses</levelData><levelType>Module</levelType><menuLevel>3</menuLevel><policyI18NModels/><policyName>Menu</policyName><rightGranted>Y</rightGranted><status>Y</status></menuItem><menuItem refId="4@MenuItemModel"><policySeq>739</policySeq><serviceProviderCode>BPTDEV</serviceProviderCode><auditModel><auditDate>2012-02-10T16:11:31-07:00</auditDate><auditID>ADMIN</auditID><auditStatus>A</auditStatus></auditModel><data1>cap_tabbar</data1><data2>Licenses Module Menu/[1]Property/[1]Parcel[][B]</data2><levelData>Licenses</levelData><levelType>Module</levelType><menuLevel>3</menuLevel><policyI18NModels/><policyName>Menu</policyName><rightGranted>Y</rightGranted><status>Y</status></menuItem></menuItemModels><menuName>Licenses Module Menu/[1]Property%</menuName></menu><menu refId="5@MenuModel"><policySeq>740</policySeq><serviceProviderCode>BPTDEV</serviceProviderCode><auditModel><auditDate>2012-02-10T16:11:54-07:00</auditDate><auditID>ADMIN</auditID><auditStatus>A</auditStatus></auditModel><data1>cap_tabbar</data1><data2>Licenses Module Menu/[2]Fees and Payments</data2><levelData>Licenses</levelData><levelType>Module</levelType><menuLevel>2</menuLevel><policyI18NModels/><policyName>Menu</policyName><rightGranted>Y</rightGranted><status>Y</status><menuItemModels><menuItem refId="6@MenuItemModel"><policySeq>741</policySeq><serviceProviderCode>BPTDEV</serviceProviderCode><auditModel><auditDate>2012-02-10T16:13:07-07:00</auditDate><auditID>ADMIN</auditID><auditStatus>A</auditStatus></auditModel><data1>cap_tabbar</data1><data2>Licenses Module Menu/[2]Fees and Payments/[0]Fees[][B]</data2><levelData>Licenses</levelData><levelType>Module</levelType><menuLevel>3</menuLevel><policyI18NModels/><policyName>Menu</policyName><rightGranted>Y</rightGranted><status>Y</status></menuItem><menuItem refId="7@MenuItemModel"><policySeq>742</policySeq><serviceProviderCode>BPTDEV</serviceProviderCode><auditModel><auditDate>2012-02-10T16:13:07-07:00</auditDate><auditID>ADMIN</auditID><auditStatus>A</auditStatus></auditModel><data1>cap_tabbar</data1><data2>Licenses Module Menu/[2]Fees and Payments/[1]AssessFeeHistory[][B]</data2><levelData>Licenses</levelData><levelType>Module</levelType><menuLevel>3</menuLevel><policyI18NModels/><policyName>Menu</policyName><rightGranted>Y</rightGranted><status>Y</status></menuItem><menuItem refId="8@MenuItemModel"><policySeq>744</policySeq><serviceProviderCode>BPTDEV</serviceProviderCode><auditModel><auditDate>2012-02-10T16:13:07-07:00</auditDate><auditID>ADMIN</auditID><auditStatus>A</auditStatus></auditModel><data1>cap_tabbar</data1><data2>Licenses Module Menu/[2]Fees and Payments/[3]PaymentHistory[][B]</data2><levelData>Licenses</levelData><levelType>Module</levelType><menuLevel>3</menuLevel><policyI18NModels/><policyName>Menu</policyName><rightGranted>Y</rightGranted><status>Y</status></menuItem><menuItem refId="9@MenuItemModel"><policySeq>743</policySeq><serviceProviderCode>BPTDEV</serviceProviderCode><auditModel><auditDate>2012-02-10T16:13:07-07:00</auditDate><auditID>ADMIN</auditID><auditStatus>A</auditStatus></auditModel><data1>cap_tabbar</data1><data2>Licenses Module Menu/[2]Fees and Payments/[2]Payments[][B]</data2><levelData>Licenses</levelData><levelType>Module</levelType><menuLevel>3</menuLevel><policyI18NModels/><policyName>Menu</policyName><rightGranted>Y</rightGranted><status>Y</status></menuItem></menuItemModels><menuName>Licenses Module Menu/[2]Fees and Payments%</menuName></menu><menu refId="10@MenuModel"><policySeq>726</policySeq><serviceProviderCode>BPTDEV</serviceProviderCode><auditModel><auditDate>2012-02-10T16:09:02-07:00</auditDate><auditID>ADMIN</auditID><auditStatus>A</auditStatus></auditModel><data1>cap_tabbar</data1><data2>Licenses Module Menu/[0]Record Data</data2><levelData>Licenses</levelData><levelType>Module</levelType><menuLevel>2</menuLevel><policyI18NModels/><policyName>Menu</policyName><rightGranted>Y</rightGranted><status>Y</status><menuItemModels><menuItem refId="11@MenuItemModel"><policySeq>736</policySeq><serviceProviderCode>BPTDEV</serviceProviderCode><auditModel><auditDate>2014-09-15T11:58:57-06:00</auditDate><auditID>ADMIN</auditID><auditStatus>A</auditStatus></auditModel><data1>cap_tabbar</data1><data2>Licenses Module Menu/[0]Record Data/[11]Status[][B]</data2><levelData>Licenses</levelData><levelType>Module</levelType><menuLevel>3</menuLevel><policyI18NModels/><policyName>Menu</policyName><rightGranted>Y</rightGranted><status>Y</status></menuItem><menuItem refId="12@MenuItemModel"><policySeq>727</policySeq><serviceProviderCode>BPTDEV</serviceProviderCode><auditModel><auditDate>2014-09-15T11:58:56-06:00</auditDate><auditID>ADMIN</auditID><auditStatus>A</auditStatus></auditModel><data1>cap_tabbar</data1><data2>Licenses Module Menu/[0]Record Data/[0]CapTabSummary[][B]</data2><levelData>Licenses</levelData><levelType>Module</levelType><menuLevel>3</menuLevel><policyI18NModels/><policyName>Menu</policyName><rightGranted>Y</rightGranted><status>Y</status></menuItem><menuItem refId="13@MenuItemModel"><policySeq>728</policySeq><serviceProviderCode>BPTDEV</serviceProviderCode><auditModel><auditDate>2014-09-15T11:58:56-06:00</auditDate><auditID>ADMIN</auditID><auditStatus>A</auditStatus></auditModel><data1>cap_tabbar</data1><data2>Licenses Module Menu/[0]Record Data/[1]CapDetail[][B]</data2><levelData>Licenses</levelData><levelType>Module</levelType><menuLevel>3</menuLevel><policyI18NModels/><policyName>Menu</policyName><rightGranted>Y</rightGranted><status>Y</status></menuItem><menuItem refId="14@MenuItemModel"><policySeq>729</policySeq><serviceProviderCode>BPTDEV</serviceProviderCode><auditModel><auditDate>2014-09-15T11:58:56-06:00</auditDate><auditID>ADMIN</auditID><auditStatus>A</auditStatus></auditModel><data1>cap_tabbar</data1><data2>Licenses Module Menu/[0]Record Data/[2]Activity[][B]</data2><levelData>Licenses</levelData><levelType>Module</levelType><menuLevel>3</menuLevel><policyI18NModels/><policyName>Menu</policyName><rightGranted>Y</rightGranted><status>Y</status></menuItem><menuItem refId="15@MenuItemModel"><policySeq>730</policySeq><serviceProviderCode>BPTDEV</serviceProviderCode><auditModel><auditDate>2014-09-15T11:58:56-06:00</auditDate><auditID>ADMIN</auditID><auditStatus>A</auditStatus></auditModel><data1>cap_tabbar</data1><data2>Licenses Module Menu/[0]Record Data/[3]Comments[][B]</data2><levelData>Licenses</levelData><levelType>Module</levelType><menuLevel>3</menuLevel><policyI18NModels/><policyName>Menu</policyName><rightGranted>Y</rightGranted><status>Y</status></menuItem><menuItem refId="16@MenuItemModel"><policySeq>731</policySeq><serviceProviderCode>BPTDEV</serviceProviderCode><auditModel><auditDate>2014-09-15T11:58:56-06:00</auditDate><auditID>ADMIN</auditID><auditStatus>A</auditStatus></auditModel><data1>cap_tabbar</data1><data2>Licenses Module Menu/[0]Record Data/[4]Conditions[][B]</data2><levelData>Licenses</levelData><levelType>Module</levelType><menuLevel>3</menuLevel><policyI18NModels/><policyName>Menu</policyName><rightGranted>Y</rightGranted><status>Y</status></menuItem><menuItem refId="17@MenuItemModel"><policySeq>732</policySeq><serviceProviderCode>BPTDEV</serviceProviderCode><auditModel><auditDate>2014-09-15T11:58:56-06:00</auditDate><auditID>ADMIN</auditID><auditStatus>A</auditStatus></auditModel><data1>cap_tabbar</data1><data2>Licenses Module Menu/[0]Record Data/[7]AppSpecInfo[Data Fields][B]</data2><levelData>Licenses</levelData><levelType>Module</levelType><menuLevel>3</menuLevel><policyI18NModels/><policyName>Menu</policyName><rightGranted>Y</rightGranted><status>Y</status></menuItem><menuItem refId="18@MenuItemModel"><policySeq>733</policySeq><serviceProviderCode>BPTDEV</serviceProviderCode><auditModel><auditDate>2014-09-15T11:58:56-06:00</auditDate><auditID>ADMIN</auditID><auditStatus>A</auditStatus></auditModel><data1>cap_tabbar</data1><data2>Licenses Module Menu/[0]Record Data/[8]AppSpecInfoTable[Data Tables][B]</data2><levelData>Licenses</levelData><levelType>Module</levelType><menuLevel>3</menuLevel><policyI18NModels/><policyName>Menu</policyName><rightGranted>Y</rightGranted><status>Y</status></menuItem><menuItem refId="19@MenuItemModel"><policySeq>734</policySeq><serviceProviderCode>BPTDEV</serviceProviderCode><auditModel><auditDate>2014-09-15T11:58:57-06:00</auditDate><auditID>ADMIN</auditID><auditStatus>A</auditStatus></auditModel><data1>cap_tabbar</data1><data2>Licenses Module Menu/[0]Record Data/[9]Document[][B]</data2><levelData>Licenses</levelData><levelType>Module</levelType><menuLevel>3</menuLevel><policyI18NModels/><policyName>Menu</policyName><rightGranted>Y</rightGranted><status>Y</status></menuItem><menuItem refId="20@MenuItemModel"><policySeq>735</policySeq><serviceProviderCode>BPTDEV</serviceProviderCode><auditModel><auditDate>2014-09-15T11:58:57-06:00</auditDate><auditID>ADMIN</auditID><auditStatus>A</auditStatus></auditModel><data1>cap_tabbar</data1><data2>Licenses Module Menu/[0]Record Data/[10]XRefCap[][B]</data2><levelData>Licenses</levelData><levelType>Module</levelType><menuLevel>3</menuLevel><policyI18NModels/><policyName>Menu</policyName><rightGranted>Y</rightGranted><status>Y</status></menuItem><menuItem refId="21@MenuItemModel"><policySeq>1273</policySeq><serviceProviderCode>BPTDEV</serviceProviderCode><auditModel><auditDate>2014-09-15T11:58:57-06:00</auditDate><auditID>ADMIN</auditID><auditStatus>A</auditStatus></auditModel><data1>cap_tabbar</data1><data2>Licenses Module Menu/[0]Record Data/[13]ConditionsOfApproval[][B]</data2><levelData>Licenses</levelData><levelType>Module</levelType><menuLevel>3</menuLevel><policyI18NModels/><policyName>Menu</policyName><rightGranted>Y</rightGranted><status>Y</status></menuItem><menuItem refId="22@MenuItemModel"><policySeq>4943</policySeq><serviceProviderCode>BPTDEV</serviceProviderCode><auditModel><auditDate>2014-09-15T11:58:56-06:00</auditDate><auditID>ADMIN</auditID><auditStatus>A</auditStatus></auditModel><data1>cap_tabbar</data1><data2>Licenses Module Menu/[0]Record Data/[5]Communications[][B]</data2><levelData>Licenses</levelData><levelType>Module</levelType><menuLevel>3</menuLevel><policyI18NModels/><policyName>Menu</policyName><rightGranted>Y</rightGranted><status>Y</status></menuItem><menuItem refId="23@MenuItemModel"><policySeq>4944</policySeq><serviceProviderCode>BPTDEV</serviceProviderCode><auditModel><auditDate>2014-09-15T11:58:56-06:00</auditDate><auditID>ADMIN</auditID><auditStatus>A</auditStatus></auditModel><data1>cap_tabbar</data1><data2>Licenses Module Menu/[0]Record Data/[6]RecordActivityReport[][B]</data2><levelData>Licenses</levelData><levelType>Module</levelType><menuLevel>3</menuLevel><policyI18NModels/><policyName>Menu</policyName><rightGranted>Y</rightGranted><status>Y</status></menuItem><menuItem refId="24@MenuItemModel"><policySeq>3504</policySeq><serviceProviderCode>BPTDEV</serviceProviderCode><auditModel><auditDate>2014-09-15T11:58:57-06:00</auditDate><auditID>ADMIN</auditID><auditStatus>A</auditStatus></auditModel><data1>cap_tabbar</data1><data2>Licenses Module Menu/[0]Record Data/[12]Set[][B]</data2><levelData>Licenses</levelData><levelType>Module</levelType><menuLevel>3</menuLevel><policyI18NModels/><policyName>Menu</policyName><rightGranted>Y</rightGranted><status>Y</status></menuItem></menuItemModels><menuName>Licenses Module Menu/[0]Record Data%</menuName></menu><menu refId="25@MenuModel"><policySeq>745</policySeq><serviceProviderCode>BPTDEV</serviceProviderCode><auditModel><auditDate>2012-02-10T16:13:18-07:00</auditDate><auditID>ADMIN</auditID><auditStatus>A</auditStatus></auditModel><data1>cap_tabbar</data1><data2>Licenses Module Menu/[3]People</data2><levelData>Licenses</levelData><levelType>Module</levelType><menuLevel>2</menuLevel><policyI18NModels/><policyName>Menu</policyName><rightGranted>Y</rightGranted><status>Y</status><menuItemModels><menuItem refId="26@MenuItemModel"><policySeq>746</policySeq><serviceProviderCode>BPTDEV</serviceProviderCode><auditModel><auditDate>2014-04-16T14:21:20-06:00</auditDate><auditID>ADMIN</auditID><auditStatus>A</auditStatus></auditModel><data1>cap_tabbar</data1><data2>Licenses Module Menu/[3]People/[0]Contact[][B]</data2><levelData>Licenses</levelData><levelType>Module</levelType><menuLevel>3</menuLevel><policyI18NModels/><policyName>Menu</policyName><rightGranted>Y</rightGranted><status>Y</status></menuItem><menuItem refId="27@MenuItemModel"><policySeq>3696</policySeq><serviceProviderCode>BPTDEV</serviceProviderCode><auditModel><auditDate>2014-04-16T14:21:20-06:00</auditDate><auditID>ADMIN</auditID><auditStatus>A</auditStatus></auditModel><data1>cap_tabbar</data1><data2>Licenses Module Menu/[3]People/[1]Owner[][B]</data2><levelData>Licenses</levelData><levelType>Module</levelType><menuLevel>3</menuLevel><policyI18NModels/><policyName>Menu</policyName><rightGranted>Y</rightGranted><status>Y</status></menuItem></menuItemModels><menuName>Licenses Module Menu/[3]People%</menuName></menu><menu refId="28@MenuModel"><policySeq>747</policySeq><serviceProviderCode>BPTDEV</serviceProviderCode><auditModel><auditDate>2012-02-10T16:14:06-07:00</auditDate><auditID>ADMIN</auditID><auditStatus>A</auditStatus></auditModel><data1>cap_tabbar</data1><data2>Licenses Module Menu/[4]Renewals</data2><levelData>Licenses</levelData><levelType>Module</levelType><menuLevel>2</menuLevel><policyI18NModels/><policyName>Menu</policyName><rightGranted>Y</rightGranted><status>Y</status><menuItemModels><menuItem refId="29@MenuItemModel"><policySeq>748</policySeq><serviceProviderCode>BPTDEV</serviceProviderCode><auditModel><auditDate>2012-02-10T16:14:20-07:00</auditDate><auditID>ADMIN</auditID><auditStatus>A</auditStatus></auditModel><data1>cap_tabbar</data1><data2>Licenses Module Menu/[4]Renewals/[0]Renewal[][B]</data2><levelData>Licenses</levelData><levelType>Module</levelType><menuLevel>3</menuLevel><policyI18NModels/><policyName>Menu</policyName><rightGranted>Y</rightGranted><status>Y</status></menuItem><menuItem refId="30@MenuItemModel"><policySeq>749</policySeq><serviceProviderCode>BPTDEV</serviceProviderCode><auditModel><auditDate>2012-02-10T16:14:20-07:00</auditDate><auditID>ADMIN</auditID><auditStatus>A</auditStatus></auditModel><data1>cap_tabbar</data1><data2>Licenses Module Menu/[4]Renewals/[1]RenewalInfo[][B]</data2><levelData>Licenses</levelData><levelType>Module</levelType><menuLevel>3</menuLevel><policyI18NModels/><policyName>Menu</policyName><rightGranted>Y</rightGranted><status>Y</status></menuItem></menuItemModels><menuName>Licenses Module Menu/[4]Renewals%</menuName></menu><menu refId="31@MenuModel"><policySeq>754</policySeq><serviceProviderCode>BPTDEV</serviceProviderCode><auditModel><auditDate>2012-02-10T16:14:59-07:00</auditDate><auditID>ADMIN</auditID><auditStatus>A</auditStatus></auditModel><data1>cap_tabbar</data1><data2>Licenses Module Menu/[6]Workflow</data2><levelData>Licenses</levelData><levelType>Module</levelType><menuLevel>2</menuLevel><policyI18NModels/><policyName>Menu</policyName><rightGranted>Y</rightGranted><status>Y</status><menuItemModels><menuItem refId="32@MenuItemModel"><policySeq>755</policySeq><serviceProviderCode>BPTDEV</serviceProviderCode><auditModel><auditDate>2012-02-10T16:15:34-07:00</auditDate><auditID>ADMIN</auditID><auditStatus>A</auditStatus></auditModel><data1>cap_tabbar</data1><data2>Licenses Module Menu/[6]Workflow/[0]Workflow[][B]</data2><levelData>Licenses</levelData><levelType>Module</levelType><menuLevel>3</menuLevel><policyI18NModels/><policyName>Menu</policyName><rightGranted>Y</rightGranted><status>Y</status></menuItem><menuItem refId="33@MenuItemModel"><policySeq>756</policySeq><serviceProviderCode>BPTDEV</serviceProviderCode><auditModel><auditDate>2012-02-10T16:15:34-07:00</auditDate><auditID>ADMIN</auditID><auditStatus>A</auditStatus></auditModel><data1>cap_tabbar</data1><data2>Licenses Module Menu/[6]Workflow/[1]History[][B]</data2><levelData>Licenses</levelData><levelType>Module</levelType><menuLevel>3</menuLevel><policyI18NModels/><policyName>Menu</policyName><rightGranted>Y</rightGranted><status>Y</status></menuItem><menuItem refId="34@MenuItemModel"><policySeq>757</policySeq><serviceProviderCode>BPTDEV</serviceProviderCode><auditModel><auditDate>2012-02-10T16:15:34-07:00</auditDate><auditID>ADMIN</auditID><auditStatus>A</auditStatus></auditModel><data1>cap_tabbar</data1><data2>Licenses Module Menu/[6]Workflow/[2]Activity[][B]</data2><levelData>Licenses</levelData><levelType>Module</levelType><menuLevel>3</menuLevel><policyI18NModels/><policyName>Menu</policyName><rightGranted>Y</rightGranted><status>Y</status></menuItem><menuItem refId="35@MenuItemModel"><policySeq>758</policySeq><serviceProviderCode>BPTDEV</serviceProviderCode><auditModel><auditDate>2012-02-10T16:15:34-07:00</auditDate><auditID>ADMIN</auditID><auditStatus>A</auditStatus></auditModel><data1>cap_tabbar</data1><data2>Licenses Module Menu/[6]Workflow/[3]Activity Summary[][B]</data2><levelData>Licenses</levelData><levelType>Module</levelType><menuLevel>3</menuLevel><policyI18NModels/><policyName>Menu</policyName><rightGranted>Y</rightGranted><status>Y</status></menuItem></menuItemModels><menuName>Licenses Module Menu/[6]Workflow%</menuName></menu><menu refId="36@MenuModel"><policySeq>759</policySeq><serviceProviderCode>BPTDEV</serviceProviderCode><auditModel><auditDate>2012-02-10T16:15:52-07:00</auditDate><auditID>ADMIN</auditID><auditStatus>A</auditStatus></auditModel><data1>cap_tabbar</data1><data2>Licenses Module Menu/[7]Inspections</data2><levelData>Licenses</levelData><levelType>Module</levelType><menuLevel>2</menuLevel><policyI18NModels/><policyName>Menu</policyName><rightGranted>Y</rightGranted><status>Y</status><menuItemModels><menuItem refId="37@MenuItemModel"><policySeq>760</policySeq><serviceProviderCode>BPTDEV</serviceProviderCode><auditModel><auditDate>2012-02-10T16:16:07-07:00</auditDate><auditID>ADMIN</auditID><auditStatus>A</auditStatus></auditModel><data1>cap_tabbar</data1><data2>Licenses Module Menu/[7]Inspections/[0]Inspections[][B]</data2><levelData>Licenses</levelData><levelType>Module</levelType><menuLevel>3</menuLevel><policyI18NModels/><policyName>Menu</policyName><rightGranted>Y</rightGranted><status>Y</status></menuItem></menuItemModels><menuName>Licenses Module Menu/[7]Inspections%</menuName></menu><menu refId="38@MenuModel"><policySeq>3112</policySeq><serviceProviderCode>BPTDEV</serviceProviderCode><auditModel><auditDate>2013-12-06T10:42:52-07:00</auditDate><auditID>ADMIN</auditID><auditStatus>A</auditStatus></auditModel><data1>cap_tabbar</data1><data2>Licenses Module Menu/[8]Tab</data2><levelData>Licenses</levelData><levelType>Module</levelType><menuLevel>2</menuLevel><policyI18NModels/><policyName>Menu</policyName><rightGranted>Y</rightGranted><status>Y</status><menuItemModels><menuItem refId="39@MenuItemModel"><policySeq>4942</policySeq><serviceProviderCode>BPTDEV</serviceProviderCode><auditModel><auditDate>2014-09-15T11:58:05-06:00</auditDate><auditID>ADMIN</auditID><auditStatus>A</auditStatus></auditModel><data1>cap_tabbar</data1><data2>Licenses Module Menu/[8]Tab/[12]Communications[][B]</data2><levelData>Licenses</levelData><levelType>Module</levelType><menuLevel>3</menuLevel><policyI18NModels/><policyName>Menu</policyName><rightGranted>Y</rightGranted><status>Y</status></menuItem><menuItem refId="40@MenuItemModel"><policySeq>3505</policySeq><serviceProviderCode>BPTDEV</serviceProviderCode><auditModel><auditDate>2014-09-15T11:58:06-06:00</auditDate><auditID>ADMIN</auditID><auditStatus>A</auditStatus></auditModel><data1>cap_tabbar</data1><data2>Licenses Module Menu/[8]Tab/[26]Set[][B]</data2><levelData>Licenses</levelData><levelType>Module</levelType><menuLevel>3</menuLevel><policyI18NModels/><policyName>Menu</policyName><rightGranted>Y</rightGranted><status>Y</status></menuItem><menuItem refId="41@MenuItemModel"><policySeq>3113</policySeq><serviceProviderCode>BPTDEV</serviceProviderCode><auditModel><auditDate>2014-09-15T11:58:05-06:00</auditDate><auditID>ADMIN</auditID><auditStatus>A</auditStatus></auditModel><data1>cap_tabbar</data1><data2>Licenses Module Menu/[8]Tab/[0]CapTabSummary[][B]</data2><levelData>Licenses</levelData><levelType>Module</levelType><menuLevel>3</menuLevel><policyI18NModels/><policyName>Menu</policyName><rightGranted>Y</rightGranted><status>Y</status></menuItem><menuItem refId="42@MenuItemModel"><policySeq>3114</policySeq><serviceProviderCode>BPTDEV</serviceProviderCode><auditModel><auditDate>2014-09-15T11:58:05-06:00</auditDate><auditID>ADMIN</auditID><auditStatus>A</auditStatus></auditModel><data1>cap_tabbar</data1><data2>Licenses Module Menu/[8]Tab/[1]CapDetail[][B]</data2><levelData>Licenses</levelData><levelType>Module</levelType><menuLevel>3</menuLevel><policyI18NModels/><policyName>Menu</policyName><rightGranted>Y</rightGranted><status>Y</status></menuItem><menuItem refId="43@MenuItemModel"><policySeq>3115</policySeq><serviceProviderCode>BPTDEV</serviceProviderCode><auditModel><auditDate>2014-09-15T11:58:05-06:00</auditDate><auditID>ADMIN</auditID><auditStatus>A</auditStatus></auditModel><data1>cap_tabbar</data1><data2>Licenses Module Menu/[8]Tab/[2]Activity[][B]</data2><levelData>Licenses</levelData><levelType>Module</levelType><menuLevel>3</menuLevel><policyI18NModels/><policyName>Menu</policyName><rightGranted>Y</rightGranted><status>Y</status></menuItem><menuItem refId="44@MenuItemModel"><policySeq>3116</policySeq><serviceProviderCode>BPTDEV</serviceProviderCode><auditModel><auditDate>2014-09-15T11:58:05-06:00</auditDate><auditID>ADMIN</auditID><auditStatus>A</auditStatus></auditModel><data1>cap_tabbar</data1><data2>Licenses Module Menu/[8]Tab/[3]Activity Summary[][B]</data2><levelData>Licenses</levelData><levelType>Module</levelType><menuLevel>3</menuLevel><policyI18NModels/><policyName>Menu</policyName><rightGranted>Y</rightGranted><status>Y</status></menuItem><menuItem refId="45@MenuItemModel"><policySeq>3117</policySeq><serviceProviderCode>BPTDEV</serviceProviderCode><auditModel><auditDate>2014-09-15T11:58:05-06:00</auditDate><auditID>ADMIN</auditID><auditStatus>A</auditStatus></auditModel><data1>cap_tabbar</data1><data2>Licenses Module Menu/[8]Tab/[4]Address[][B]</data2><levelData>Licenses</levelData><levelType>Module</levelType><menuLevel>3</menuLevel><policyI18NModels/><policyName>Menu</policyName><rightGranted>Y</rightGranted><status>Y</status></menuItem><menuItem refId="46@MenuItemModel"><policySeq>3118</policySeq><serviceProviderCode>BPTDEV</serviceProviderCode><auditModel><auditDate>2014-09-15T11:58:05-06:00</auditDate><auditID>ADMIN</auditID><auditStatus>A</auditStatus></auditModel><data1>cap_tabbar</data1><data2>Licenses Module Menu/[8]Tab/[5]AppSpecInfo[Data Fields][B]</data2><levelData>Licenses</levelData><levelType>Module</levelType><menuLevel>3</menuLevel><policyI18NModels/><policyName>Menu</policyName><rightGranted>Y</rightGranted><status>Y</status></menuItem><menuItem refId="47@MenuItemModel"><policySeq>3119</policySeq><serviceProviderCode>BPTDEV</serviceProviderCode><auditModel><auditDate>2014-09-15T11:58:05-06:00</auditDate><auditID>ADMIN</auditID><auditStatus>A</auditStatus></auditModel><data1>cap_tabbar</data1><data2>Licenses Module Menu/[8]Tab/[6]AppSpecInfoTable[Data Tables][B]</data2><levelData>Licenses</levelData><levelType>Module</levelType><menuLevel>3</menuLevel><policyI18NModels/><policyName>Menu</policyName><rightGranted>Y</rightGranted><status>Y</status></menuItem><menuItem refId="48@MenuItemModel"><policySeq>3120</policySeq><serviceProviderCode>BPTDEV</serviceProviderCode><auditModel><auditDate>2014-09-15T11:58:05-06:00</auditDate><auditID>ADMIN</auditID><auditStatus>A</auditStatus></auditModel><data1>cap_tabbar</data1><data2>Licenses Module Menu/[8]Tab/[7]Calendar[][B]</data2><levelData>Licenses</levelData><levelType>Module</levelType><menuLevel>3</menuLevel><policyI18NModels/><policyName>Menu</policyName><rightGranted>Y</rightGranted><status>Y</status></menuItem><menuItem refId="49@MenuItemModel"><policySeq>3121</policySeq><serviceProviderCode>BPTDEV</serviceProviderCode><auditModel><auditDate>2014-09-15T11:58:05-06:00</auditDate><auditID>ADMIN</auditID><auditStatus>A</auditStatus></auditModel><data1>cap_tabbar</data1><data2>Licenses Module Menu/[8]Tab/[8]Comments[][B]</data2><levelData>Licenses</levelData><levelType>Module</levelType><menuLevel>3</menuLevel><policyI18NModels/><policyName>Menu</policyName><rightGranted>Y</rightGranted><status>Y</status></menuItem><menuItem refId="50@MenuItemModel"><policySeq>3122</policySeq><serviceProviderCode>BPTDEV</serviceProviderCode><auditModel><auditDate>2014-09-15T11:58:05-06:00</auditDate><auditID>ADMIN</auditID><auditStatus>A</auditStatus></auditModel><data1>cap_tabbar</data1><data2>Licenses Module Menu/[8]Tab/[9]Conditions[Flags][B]</data2><levelData>Licenses</levelData><levelType>Module</levelType><menuLevel>3</menuLevel><policyI18NModels/><policyName>Menu</policyName><rightGranted>Y</rightGranted><status>Y</status></menuItem><menuItem refId="51@MenuItemModel"><policySeq>3123</policySeq><serviceProviderCode>BPTDEV</serviceProviderCode><auditModel><auditDate>2014-09-15T11:58:05-06:00</auditDate><auditID>ADMIN</auditID><auditStatus>A</auditStatus></auditModel><data1>cap_tabbar</data1><data2>Licenses Module Menu/[8]Tab/[10]ConditionsOfApproval[Requirements][B]</data2><levelData>Licenses</levelData><levelType>Module</levelType><menuLevel>3</menuLevel><policyI18NModels/><policyName>Menu</policyName><rightGranted>Y</rightGranted><status>Y</status></menuItem><menuItem refId="52@MenuItemModel"><policySeq>3124</policySeq><serviceProviderCode>BPTDEV</serviceProviderCode><auditModel><auditDate>2014-09-15T11:58:05-06:00</auditDate><auditID>ADMIN</auditID><auditStatus>A</auditStatus></auditModel><data1>cap_tabbar</data1><data2>Licenses Module Menu/[8]Tab/[13]RecordActivityReport[][B]</data2><levelData>Licenses</levelData><levelType>Module</levelType><menuLevel>3</menuLevel><policyI18NModels/><policyName>Menu</policyName><rightGranted>Y</rightGranted><status>Y</status></menuItem><menuItem refId="53@MenuItemModel"><policySeq>3125</policySeq><serviceProviderCode>BPTDEV</serviceProviderCode><auditModel><auditDate>2014-09-15T11:58:05-06:00</auditDate><auditID>ADMIN</auditID><auditStatus>A</auditStatus></auditModel><data1>cap_tabbar</data1><data2>Licenses Module Menu/[8]Tab/[11]Contact[][B]</data2><levelData>Licenses</levelData><levelType>Module</levelType><menuLevel>3</menuLevel><policyI18NModels/><policyName>Menu</policyName><rightGranted>Y</rightGranted><status>Y</status></menuItem><menuItem refId="54@MenuItemModel"><policySeq>3126</policySeq><serviceProviderCode>BPTDEV</serviceProviderCode><auditModel><auditDate>2014-09-15T11:58:05-06:00</auditDate><auditID>ADMIN</auditID><auditStatus>A</auditStatus></auditModel><data1>cap_tabbar</data1><data2>Licenses Module Menu/[8]Tab/[14]Document[][B]</data2><levelData>Licenses</levelData><levelType>Module</levelType><menuLevel>3</menuLevel><policyI18NModels/><policyName>Menu</policyName><rightGranted>Y</rightGranted><status>Y</status></menuItem><menuItem refId="55@MenuItemModel"><policySeq>3127</policySeq><serviceProviderCode>BPTDEV</serviceProviderCode><auditModel><auditDate>2014-09-15T11:58:05-06:00</auditDate><auditID>ADMIN</auditID><auditStatus>A</auditStatus></auditModel><data1>cap_tabbar</data1><data2>Licenses Module Menu/[8]Tab/[15]Fees[][B]</data2><levelData>Licenses</levelData><levelType>Module</levelType><menuLevel>3</menuLevel><policyI18NModels/><policyName>Menu</policyName><rightGranted>Y</rightGranted><status>Y</status></menuItem><menuItem refId="56@MenuItemModel"><policySeq>3128</policySeq><serviceProviderCode>BPTDEV</serviceProviderCode><auditModel><auditDate>2014-09-15T11:58:06-06:00</auditDate><auditID>ADMIN</auditID><auditStatus>A</auditStatus></auditModel><data1>cap_tabbar</data1><data2>Licenses Module Menu/[8]Tab/[16]AssessFeeHistory[Fee History][B]</data2><levelData>Licenses</levelData><levelType>Module</levelType><menuLevel>3</menuLevel><policyI18NModels/><policyName>Menu</policyName><rightGranted>Y</rightGranted><status>Y</status></menuItem><menuItem refId="57@MenuItemModel"><policySeq>3129</policySeq><serviceProviderCode>BPTDEV</serviceProviderCode><auditModel><auditDate>2014-09-15T11:58:06-06:00</auditDate><auditID>ADMIN</auditID><auditStatus>A</auditStatus></auditModel><data1>cap_tabbar</data1><data2>Licenses Module Menu/[8]Tab/[17]Inspections[][B]</data2><levelData>Licenses</levelData><levelType>Module</levelType><menuLevel>3</menuLevel><policyI18NModels/><policyName>Menu</policyName><rightGranted>Y</rightGranted><status>Y</status></menuItem><menuItem refId="58@MenuItemModel"><policySeq>3130</policySeq><serviceProviderCode>BPTDEV</serviceProviderCode><auditModel><auditDate>2014-09-15T11:58:06-06:00</auditDate><auditID>ADMIN</auditID><auditStatus>A</auditStatus></auditModel><data1>cap_tabbar</data1><data2>Licenses Module Menu/[8]Tab/[18]Owner[][B]</data2><levelData>Licenses</levelData><levelType>Module</levelType><menuLevel>3</menuLevel><policyI18NModels/><policyName>Menu</policyName><rightGranted>Y</rightGranted><status>Y</status></menuItem><menuItem refId="59@MenuItemModel"><policySeq>3131</policySeq><serviceProviderCode>BPTDEV</serviceProviderCode><auditModel><auditDate>2014-09-15T11:58:06-06:00</auditDate><auditID>ADMIN</auditID><auditStatus>A</auditStatus></auditModel><data1>cap_tabbar</data1><data2>Licenses Module Menu/[8]Tab/[19]Parcel[][B]</data2><levelData>Licenses</levelData><levelType>Module</levelType><menuLevel>3</menuLevel><policyI18NModels/><policyName>Menu</policyName><rightGranted>Y</rightGranted><status>Y</status></menuItem><menuItem refId="60@MenuItemModel"><policySeq>3132</policySeq><serviceProviderCode>BPTDEV</serviceProviderCode><auditModel><auditDate>2014-09-15T11:58:06-06:00</auditDate><auditID>ADMIN</auditID><auditStatus>A</auditStatus></auditModel><data1>cap_tabbar</data1><data2>Licenses Module Menu/[8]Tab/[20]Payments[][B]</data2><levelData>Licenses</levelData><levelType>Module</levelType><menuLevel>3</menuLevel><policyI18NModels/><policyName>Menu</policyName><rightGranted>Y</rightGranted><status>Y</status></menuItem><menuItem refId="61@MenuItemModel"><policySeq>3133</policySeq><serviceProviderCode>BPTDEV</serviceProviderCode><auditModel><auditDate>2014-09-15T11:58:06-06:00</auditDate><auditID>ADMIN</auditID><auditStatus>A</auditStatus></auditModel><data1>cap_tabbar</data1><data2>Licenses Module Menu/[8]Tab/[21]PaymentHistory[][B]</data2><levelData>Licenses</levelData><levelType>Module</levelType><menuLevel>3</menuLevel><policyI18NModels/><policyName>Menu</policyName><rightGranted>Y</rightGranted><status>Y</status></menuItem><menuItem refId="62@MenuItemModel"><policySeq>3135</policySeq><serviceProviderCode>BPTDEV</serviceProviderCode><auditModel><auditDate>2014-09-15T11:58:06-06:00</auditDate><auditID>ADMIN</auditID><auditStatus>A</auditStatus></auditModel><data1>cap_tabbar</data1><data2>Licenses Module Menu/[8]Tab/[22]XRefCap[][B]</data2><levelData>Licenses</levelData><levelType>Module</levelType><menuLevel>3</menuLevel><policyI18NModels/><policyName>Menu</policyName><rightGranted>Y</rightGranted><status>Y</status></menuItem><menuItem refId="63@MenuItemModel"><policySeq>3136</policySeq><serviceProviderCode>BPTDEV</serviceProviderCode><auditModel><auditDate>2014-09-15T11:58:06-06:00</auditDate><auditID>ADMIN</auditID><auditStatus>A</auditStatus></auditModel><data1>cap_tabbar</data1><data2>Licenses Module Menu/[8]Tab/[23]Renewal[][B]</data2><levelData>Licenses</levelData><levelType>Module</levelType><menuLevel>3</menuLevel><policyI18NModels/><policyName>Menu</policyName><rightGranted>Y</rightGranted><status>Y</status></menuItem><menuItem refId="64@MenuItemModel"><policySeq>3137</policySeq><serviceProviderCode>BPTDEV</serviceProviderCode><auditModel><auditDate>2014-09-15T11:58:06-06:00</auditDate><auditID>ADMIN</auditID><auditStatus>A</auditStatus></auditModel><data1>cap_tabbar</data1><data2>Licenses Module Menu/[8]Tab/[24]RenewalInfo[][B]</data2><levelData>Licenses</levelData><levelType>Module</levelType><menuLevel>3</menuLevel><policyI18NModels/><policyName>Menu</policyName><rightGranted>Y</rightGranted><status>Y</status></menuItem><menuItem refId="65@MenuItemModel"><policySeq>3138</policySeq><serviceProviderCode>BPTDEV</serviceProviderCode><auditModel><auditDate>2014-09-15T11:58:06-06:00</auditDate><auditID>ADMIN</auditID><auditStatus>A</auditStatus></auditModel><data1>cap_tabbar</data1><data2>Licenses Module Menu/[8]Tab/[25]Status[][B]</data2><levelData>Licenses</levelData><levelType>Module</levelType><menuLevel>3</menuLevel><policyI18NModels/><policyName>Menu</policyName><rightGranted>Y</rightGranted><status>Y</status></menuItem><menuItem refId="66@MenuItemModel"><policySeq>3140</policySeq><serviceProviderCode>BPTDEV</serviceProviderCode><auditModel><auditDate>2014-09-15T11:58:06-06:00</auditDate><auditID>ADMIN</auditID><auditStatus>A</auditStatus></auditModel><data1>cap_tabbar</data1><data2>Licenses Module Menu/[8]Tab/[28]Workflow[][B]</data2><levelData>Licenses</levelData><levelType>Module</levelType><menuLevel>3</menuLevel><policyI18NModels/><policyName>Menu</policyName><rightGranted>Y</rightGranted><status>Y</status></menuItem><menuItem refId="67@MenuItemModel"><policySeq>3141</policySeq><serviceProviderCode>BPTDEV</serviceProviderCode><auditModel><auditDate>2014-09-15T11:58:06-06:00</auditDate><auditID>ADMIN</auditID><auditStatus>A</auditStatus></auditModel><data1>cap_tabbar</data1><data2>Licenses Module Menu/[8]Tab/[29]History[][B]</data2><levelData>Licenses</levelData><levelType>Module</levelType><menuLevel>3</menuLevel><policyI18NModels/><policyName>Menu</policyName><rightGranted>Y</rightGranted><status>Y</status></menuItem><menuItem refId="68@MenuItemModel"><policySeq>3142</policySeq><serviceProviderCode>BPTDEV</serviceProviderCode><auditModel><auditDate>2014-09-15T11:58:06-06:00</auditDate><auditID>ADMIN</auditID><auditStatus>A</auditStatus></auditModel><data1>cap_tabbar</data1><data2>Licenses Module Menu/[8]Tab/[27]StatusHistory[Status History][B]</data2><levelData>Licenses</levelData><levelType>Module</levelType><menuLevel>3</menuLevel><policyI18NModels/><policyName>Menu</policyName><rightGranted>Y</rightGranted><status>Y</status></menuItem></menuItemModels><menuName>Licenses Module Menu/[8]Tab%</menuName></menu></menuModels><menuName>Licenses Module Menu%</menuName><upperMenuLevel refId="69@MenuLevelVirtualModel"><data1>cap_tabbar</data1><levelData>Licenses</levelData><levelType>Module</levelType><menuLevel>1</menuLevel><MenuLevelModels><MenuLevelModel refId="70@MenuLevelModel"><policySeq>2160</policySeq><serviceProviderCode>BPTDEV</serviceProviderCode><auditModel><auditDate>2011-11-04T10:12:13-06:00</auditDate><auditID>ADMIN</auditID><auditStatus>A</auditStatus></auditModel><data1>cap_tabbar</data1><data4>Default agency menu</data4><levelData>BPTDEV</levelData><levelType>Agency</levelType><menuLevel>1</menuLevel><policyI18NModels/><policyName>Menu</policyName><rightGranted>Y</rightGranted><status>Y</status></MenuLevelModel></MenuLevelModels><moduleName> </moduleName><policyName>Menu</policyName><serviceProviderCode>BPTDEV</serviceProviderCode></upperMenuLevel></menuTemplate>
</list>