<?xml version="1.0" encoding="UTF-8" standalone="yes"?>
<list  version="8.0.0" minorVersion="15" exportUser="ADMIN" exportDateTime="03/30/2016 09:15 PM" description="null"><sharedDropDownListModel><name>LIC_BUS_TYPE</name><serviceProviderCode>BPTDEV</serviceProviderCode><auditModel><auditDate>2012-02-27T18:36:21-07:00</auditDate><auditID>ADMIN</auditID><auditStatus>A</auditStatus></auditModel><description>Business Ownership Type</description><sharedDropDownList><sharedDropDownValue><bdvSeqNbr>4656</bdvSeqNbr><servProvCode>BPTDEV</servProvCode><auditModel><auditDate>2011-11-02T15:36:25-06:00</auditDate><auditID>ADMIN</auditID><auditStatus>A</auditStatus></auditModel><bizdomain>LIC_BUS_TYPE</bizdomain><bizdomainValue>Corporation</bizdomainValue><sortOrder>0</sortOrder><standardChoiceValueI18NModels/></sharedDropDownValue><sharedDropDownValue><bdvSeqNbr>4653</bdvSeqNbr><servProvCode>BPTDEV</servProvCode><auditModel><auditDate>2011-11-02T15:36:03-06:00</auditDate><auditID>ADMIN</auditID><auditStatus>A</auditStatus></auditModel><bizdomain>LIC_BUS_TYPE</bizdomain><bizdomainValue>Individual</bizdomainValue><sortOrder>0</sortOrder><standardChoiceValueI18NModels/></sharedDropDownValue><sharedDropDownValue><bdvSeqNbr>4655</bdvSeqNbr><servProvCode>BPTDEV</servProvCode><auditModel><auditDate>2011-11-02T15:36:17-06:00</auditDate><auditID>ADMIN</auditID><auditStatus>A</auditStatus></auditModel><bizdomain>LIC_BUS_TYPE</bizdomain><bizdomainValue>Limited Liability Company</bizdomainValue><sortOrder>0</sortOrder><standardChoiceValueI18NModels/></sharedDropDownValue><sharedDropDownValue><bdvSeqNbr>4654</bdvSeqNbr><servProvCode>BPTDEV</servProvCode><auditModel><auditDate>2011-11-02T15:36:09-06:00</auditDate><auditID>ADMIN</auditID><auditStatus>A</auditStatus></auditModel><bizdomain>LIC_BUS_TYPE</bizdomain><bizdomainValue>Partnership</bizdomainValue><sortOrder>0</sortOrder><standardChoiceValueI18NModels/></sharedDropDownValue><sharedDropDownValue><bdvSeqNbr>4657</bdvSeqNbr><servProvCode>BPTDEV</servProvCode><auditModel><auditDate>2011-11-02T15:36:29-06:00</auditDate><auditID>ADMIN</auditID><auditStatus>A</auditStatus></auditModel><bizdomain>LIC_BUS_TYPE</bizdomain><bizdomainValue>Trust</bizdomainValue><sortOrder>0</sortOrder><standardChoiceValueI18NModels/></sharedDropDownValue></sharedDropDownList><type>ShareDropDown</type></sharedDropDownListModel>
<sharedDropDownListModel><name>LIC_CONTRACTOR_MECH_TYPE</name><serviceProviderCode>BPTDEV</serviceProviderCode><auditModel><auditDate>2014-05-01T11:09:31-06:00</auditDate><auditID>ADMIN</auditID><auditStatus>A</auditStatus></auditModel><description>Contractor type for mechanical contractor license and LP type</description><sharedDropDownList><sharedDropDownValue><bdvSeqNbr>104594806</bdvSeqNbr><servProvCode>BPTDEV</servProvCode><auditModel><auditDate>2014-05-01T11:10:05-06:00</auditDate><auditID>ADMIN</auditID><auditStatus>A</auditStatus></auditModel><bizdomain>LIC_CONTRACTOR_MECH_TYPE</bizdomain><bizdomainValue>Mechanical</bizdomainValue><sortOrder>10</sortOrder><standardChoiceValueI18NModels/></sharedDropDownValue></sharedDropDownList><type>ShareDropDown</type></sharedDropDownListModel>
<sharedDropDownListModel><name>LIC_MJ_APPLICANT_LAWFUL_PRESENCE</name><serviceProviderCode>BPTDEV</serviceProviderCode><auditModel><auditDate>2015-12-11T11:50:19-07:00</auditDate><auditID>ADMIN</auditID><auditStatus>A</auditStatus></auditModel><description>Share ddl for all Marijuana Medical Record types custom field "Applicant Lawful Presence"</description><sharedDropDownList><sharedDropDownValue><bdvSeqNbr>105210310</bdvSeqNbr><servProvCode>BPTDEV</servProvCode><auditModel><auditDate>2015-12-11T11:50:35-07:00</auditDate><auditID>ADMIN</auditID><auditStatus>A</auditStatus></auditModel><bizdomain>LIC_MJ_APPLICANT_LAWFUL_PRESENCE</bizdomain><bizdomainValue>Lawfully Present in the United States Pursuant Federal Law</bizdomainValue><sortOrder>1</sortOrder><standardChoiceValueI18NModels/></sharedDropDownValue><sharedDropDownValue><bdvSeqNbr>105210311</bdvSeqNbr><servProvCode>BPTDEV</servProvCode><auditModel><auditDate>2015-12-11T11:50:46-07:00</auditDate><auditID>ADMIN</auditID><auditStatus>A</auditStatus></auditModel><bizdomain>LIC_MJ_APPLICANT_LAWFUL_PRESENCE</bizdomain><bizdomainValue>Permanent Resident of the United States</bizdomainValue><sortOrder>2</sortOrder><standardChoiceValueI18NModels/></sharedDropDownValue><sharedDropDownValue><bdvSeqNbr>105210312</bdvSeqNbr><servProvCode>BPTDEV</servProvCode><auditModel><auditDate>2015-12-11T11:50:58-07:00</auditDate><auditID>ADMIN</auditID><auditStatus>A</auditStatus></auditModel><bizdomain>LIC_MJ_APPLICANT_LAWFUL_PRESENCE</bizdomain><bizdomainValue>United States Citizen</bizdomainValue><sortOrder>3</sortOrder><standardChoiceValueI18NModels/></sharedDropDownValue></sharedDropDownList><type>ShareDropDown</type></sharedDropDownListModel>
<sharedDropDownListModel><name>LIC_MARIJUANA_TYPE_OF_OWNERSHIP</name><serviceProviderCode>BPTDEV</serviceProviderCode><auditModel><auditDate>2015-12-11T11:42:38-07:00</auditDate><auditID>ADMIN</auditID><auditStatus>A</auditStatus></auditModel><description>Share drop down for all Marijuana Medical record types custom list field "Type of Ownership"</description><sharedDropDownList><sharedDropDownValue><bdvSeqNbr>105210301</bdvSeqNbr><servProvCode>BPTDEV</servProvCode><auditModel><auditDate>2015-12-11T11:44:19-07:00</auditDate><auditID>ADMIN</auditID><auditStatus>A</auditStatus></auditModel><bizdomain>LIC_MARIJUANA_TYPE_OF_OWNERSHIP</bizdomain><bizdomainValue>Corporation</bizdomainValue><sortOrder>1</sortOrder><standardChoiceValueI18NModels/></sharedDropDownValue><sharedDropDownValue><bdvSeqNbr>105210302</bdvSeqNbr><servProvCode>BPTDEV</servProvCode><auditModel><auditDate>2015-12-11T11:44:19-07:00</auditDate><auditID>ADMIN</auditID><auditStatus>A</auditStatus></auditModel><bizdomain>LIC_MARIJUANA_TYPE_OF_OWNERSHIP</bizdomain><bizdomainValue>Individual</bizdomainValue><sortOrder>2</sortOrder><standardChoiceValueI18NModels/></sharedDropDownValue><sharedDropDownValue><bdvSeqNbr>105210303</bdvSeqNbr><servProvCode>BPTDEV</servProvCode><auditModel><auditDate>2015-12-11T11:44:19-07:00</auditDate><auditID>ADMIN</auditID><auditStatus>A</auditStatus></auditModel><bizdomain>LIC_MARIJUANA_TYPE_OF_OWNERSHIP</bizdomain><bizdomainValue>LLC</bizdomainValue><sortOrder>3</sortOrder><standardChoiceValueI18NModels/></sharedDropDownValue><sharedDropDownValue><bdvSeqNbr>105210304</bdvSeqNbr><servProvCode>BPTDEV</servProvCode><auditModel><auditDate>2015-12-11T11:44:19-07:00</auditDate><auditID>ADMIN</auditID><auditStatus>A</auditStatus></auditModel><bizdomain>LIC_MARIJUANA_TYPE_OF_OWNERSHIP</bizdomain><bizdomainValue>Nonprofit</bizdomainValue><sortOrder>4</sortOrder><standardChoiceValueI18NModels/></sharedDropDownValue><sharedDropDownValue><bdvSeqNbr>105210305</bdvSeqNbr><servProvCode>BPTDEV</servProvCode><auditModel><auditDate>2015-12-11T11:44:19-07:00</auditDate><auditID>ADMIN</auditID><auditStatus>A</auditStatus></auditModel><bizdomain>LIC_MARIJUANA_TYPE_OF_OWNERSHIP</bizdomain><bizdomainValue>Partnership</bizdomainValue><sortOrder>5</sortOrder><standardChoiceValueI18NModels/></sharedDropDownValue><sharedDropDownValue><bdvSeqNbr>105210306</bdvSeqNbr><servProvCode>BPTDEV</servProvCode><auditModel><auditDate>2015-12-11T11:44:19-07:00</auditDate><auditID>ADMIN</auditID><auditStatus>A</auditStatus></auditModel><bizdomain>LIC_MARIJUANA_TYPE_OF_OWNERSHIP</bizdomain><bizdomainValue>Sole Proprietor</bizdomainValue><sortOrder>6</sortOrder><standardChoiceValueI18NModels/></sharedDropDownValue></sharedDropDownList><type>ShareDropDown</type></sharedDropDownListModel>
<sharedDropDownListModel><name>LIC_PET_GENDER</name><serviceProviderCode>BPTDEV</serviceProviderCode><auditModel><auditDate>2013-12-12T12:04:38-07:00</auditDate><auditID>ADMIN</auditID><auditStatus>A</auditStatus></auditModel><description>Pet Gender - Male or Female</description><sharedDropDownList><sharedDropDownValue><bdvSeqNbr>104593101</bdvSeqNbr><servProvCode>BPTDEV</servProvCode><auditModel><auditDate>2013-11-19T16:22:09-07:00</auditDate><auditID>ADMIN</auditID><auditStatus>A</auditStatus></auditModel><bizdomain>LIC_PET_GENDER</bizdomain><bizdomainValue>Female</bizdomainValue><sortOrder>10</sortOrder><standardChoiceValueI18NModels/></sharedDropDownValue><sharedDropDownValue><bdvSeqNbr>104593102</bdvSeqNbr><servProvCode>BPTDEV</servProvCode><auditModel><auditDate>2013-11-19T16:22:21-07:00</auditDate><auditID>ADMIN</auditID><auditStatus>A</auditStatus></auditModel><bizdomain>LIC_PET_GENDER</bizdomain><bizdomainValue>Male</bizdomainValue><sortOrder>20</sortOrder><standardChoiceValueI18NModels/></sharedDropDownValue></sharedDropDownList><type>ShareDropDown</type></sharedDropDownListModel>
<sharedDropDownListModel><name>LIC_DURATION_OF_PET_LICENSE</name><serviceProviderCode>BPTDEV</serviceProviderCode><auditModel><auditDate>2014-01-13T15:33:52-07:00</auditDate><auditID>ADMIN</auditID><auditStatus>A</auditStatus></auditModel><description>Duration of Pet License Application</description><sharedDropDownList><sharedDropDownValue><bdvSeqNbr>104594343</bdvSeqNbr><servProvCode>BPTDEV</servProvCode><auditModel><auditDate>2014-01-13T15:36:27-07:00</auditDate><auditID>ADMIN</auditID><auditStatus>A</auditStatus></auditModel><bizdomain>LIC_DURATION_OF_PET_LICENSE</bizdomain><bizdomainValue>1</bizdomainValue><sortOrder>1</sortOrder><standardChoiceValueI18NModels/></sharedDropDownValue><sharedDropDownValue><bdvSeqNbr>104594344</bdvSeqNbr><servProvCode>BPTDEV</servProvCode><auditModel><auditDate>2014-01-13T15:36:33-07:00</auditDate><auditID>ADMIN</auditID><auditStatus>A</auditStatus></auditModel><bizdomain>LIC_DURATION_OF_PET_LICENSE</bizdomain><bizdomainValue>2</bizdomainValue><sortOrder>2</sortOrder><standardChoiceValueI18NModels/></sharedDropDownValue><sharedDropDownValue><bdvSeqNbr>104594345</bdvSeqNbr><servProvCode>BPTDEV</servProvCode><auditModel><auditDate>2014-01-13T15:36:39-07:00</auditDate><auditID>ADMIN</auditID><auditStatus>A</auditStatus></auditModel><bizdomain>LIC_DURATION_OF_PET_LICENSE</bizdomain><bizdomainValue>3</bizdomainValue><sortOrder>3</sortOrder><standardChoiceValueI18NModels/></sharedDropDownValue></sharedDropDownList><type>ShareDropDown</type></sharedDropDownListModel>
<sharedDropDownListModel><name>LIC_PET_DANGER_LEVEL</name><serviceProviderCode>BPTDEV</serviceProviderCode><auditModel><auditDate>2013-12-12T12:04:25-07:00</auditDate><auditID>ADMIN</auditID><auditStatus>A</auditStatus></auditModel><description>Pet Danger Level</description><sharedDropDownList><sharedDropDownValue><bdvSeqNbr>104593106</bdvSeqNbr><servProvCode>BPTDEV</servProvCode><auditModel><auditDate>2013-11-20T15:25:50-07:00</auditDate><auditID>ADMIN</auditID><auditStatus>A</auditStatus></auditModel><bizdomain>LIC_PET_DANGER_LEVEL</bizdomain><bizdomainValue>None</bizdomainValue><sortOrder>10</sortOrder><standardChoiceValueI18NModels/></sharedDropDownValue><sharedDropDownValue><bdvSeqNbr>104593107</bdvSeqNbr><servProvCode>BPTDEV</servProvCode><auditModel><auditDate>2013-11-20T15:25:50-07:00</auditDate><auditID>ADMIN</auditID><auditStatus>A</auditStatus></auditModel><bizdomain>LIC_PET_DANGER_LEVEL</bizdomain><bizdomainValue>Potentially Dangerous</bizdomainValue><sortOrder>20</sortOrder><standardChoiceValueI18NModels/><valueDesc>dog has attacked or attempted to attack a human on two separate occasions during an 18-month period</valueDesc></sharedDropDownValue><sharedDropDownValue><bdvSeqNbr>104593108</bdvSeqNbr><servProvCode>BPTDEV</servProvCode><auditModel><auditDate>2013-11-20T15:25:50-07:00</auditDate><auditID>ADMIN</auditID><auditStatus>A</auditStatus></auditModel><bizdomain>LIC_PET_DANGER_LEVEL</bizdomain><bizdomainValue>Vicious</bizdomainValue><sortOrder>30</sortOrder><standardChoiceValueI18NModels/><valueDesc>dog has seriously maimed or killed someone</valueDesc></sharedDropDownValue></sharedDropDownList><type>ShareDropDown</type></sharedDropDownListModel>
<sharedDropDownListModel><name>LIC_PET_REASONS_NON_RENEWAL</name><serviceProviderCode>BPTDEV</serviceProviderCode><auditModel><auditDate>2013-11-19T16:27:55-07:00</auditDate><auditID>ADMIN</auditID><auditStatus>A</auditStatus></auditModel><description>Reasons for non-renewal on pet license renewal record</description><sharedDropDownList><sharedDropDownValue><bdvSeqNbr>104593104</bdvSeqNbr><servProvCode>BPTDEV</servProvCode><auditModel><auditDate>2013-11-19T16:29:56-07:00</auditDate><auditID>ADMIN</auditID><auditStatus>A</auditStatus></auditModel><bizdomain>LIC_PET_REASONS_NON_RENEWAL</bizdomain><bizdomainValue>Deceased</bizdomainValue><sortOrder>10</sortOrder><standardChoiceValueI18NModels/></sharedDropDownValue><sharedDropDownValue><bdvSeqNbr>104593103</bdvSeqNbr><servProvCode>BPTDEV</servProvCode><auditModel><auditDate>2013-11-19T16:29:56-07:00</auditDate><auditID>ADMIN</auditID><auditStatus>A</auditStatus></auditModel><bizdomain>LIC_PET_REASONS_NON_RENEWAL</bizdomain><bizdomainValue>No longer own pet</bizdomainValue><sortOrder>20</sortOrder><standardChoiceValueI18NModels/></sharedDropDownValue><sharedDropDownValue><bdvSeqNbr>104593105</bdvSeqNbr><servProvCode>BPTDEV</servProvCode><auditModel><auditDate>2013-11-19T16:29:56-07:00</auditDate><auditID>ADMIN</auditID><auditStatus>A</auditStatus></auditModel><bizdomain>LIC_PET_REASONS_NON_RENEWAL</bizdomain><bizdomainValue>Transferred ownership</bizdomainValue><sortOrder>30</sortOrder><standardChoiceValueI18NModels/></sharedDropDownValue></sharedDropDownList><type>ShareDropDown</type></sharedDropDownListModel>
<sharedDropDownListModel><name>LIC_CONTRACTOR_PLMB_TYPE</name><serviceProviderCode>BPTDEV</serviceProviderCode><auditModel><auditDate>2014-05-01T11:11:35-06:00</auditDate><auditID>ADMIN</auditID><auditStatus>A</auditStatus></auditModel><description>Contractor type for plumb ing contractor license and LP type</description><sharedDropDownList><sharedDropDownValue><bdvSeqNbr>104594808</bdvSeqNbr><servProvCode>BPTDEV</servProvCode><auditModel><auditDate>2014-05-01T11:11:56-06:00</auditDate><auditID>ADMIN</auditID><auditStatus>A</auditStatus></auditModel><bizdomain>LIC_CONTRACTOR_PLMB_TYPE</bizdomain><bizdomainValue>Plumbing</bizdomainValue><sortOrder>10</sortOrder><standardChoiceValueI18NModels/></sharedDropDownValue></sharedDropDownList><type>ShareDropDown</type></sharedDropDownListModel>
<sharedDropDownListModel><name>LIC_BOND_STATUS</name><serviceProviderCode>BPTDEV</serviceProviderCode><auditModel><auditDate>2012-02-27T18:38:19-07:00</auditDate><auditID>ADMIN</auditID><auditStatus>A</auditStatus></auditModel><description>For Bond ASIT</description><sharedDropDownList><sharedDropDownValue><bdvSeqNbr>104580399</bdvSeqNbr><servProvCode>BPTDEV</servProvCode><auditModel><auditDate>2011-12-14T13:47:32-07:00</auditDate><auditID>ADMIN</auditID><auditStatus>A</auditStatus></auditModel><bizdomain>LIC_BOND_STATUS</bizdomain><bizdomainValue>Active</bizdomainValue><sortOrder>10</sortOrder><standardChoiceValueI18NModels/></sharedDropDownValue><sharedDropDownValue><bdvSeqNbr>104580400</bdvSeqNbr><servProvCode>BPTDEV</servProvCode><auditModel><auditDate>2011-12-14T13:47:41-07:00</auditDate><auditID>ADMIN</auditID><auditStatus>A</auditStatus></auditModel><bizdomain>LIC_BOND_STATUS</bizdomain><bizdomainValue>Inactive</bizdomainValue><sortOrder>20</sortOrder><standardChoiceValueI18NModels/></sharedDropDownValue></sharedDropDownList><type>ShareDropDown</type></sharedDropDownListModel>
<sharedDropDownListModel><name>LIC_BOND_TYPE</name><serviceProviderCode>BPTDEV</serviceProviderCode><auditModel><auditDate>2012-02-27T18:38:02-07:00</auditDate><auditID>ADMIN</auditID><auditStatus>A</auditStatus></auditModel><description>For Bond ASIT</description><sharedDropDownList><sharedDropDownValue><bdvSeqNbr>104580398</bdvSeqNbr><servProvCode>BPTDEV</servProvCode><auditModel><auditDate>2011-12-14T13:46:38-07:00</auditDate><auditID>ADMIN</auditID><auditStatus>A</auditStatus></auditModel><bizdomain>LIC_BOND_TYPE</bizdomain><bizdomainValue>Secondary</bizdomainValue><sortOrder>20</sortOrder><standardChoiceValueI18NModels/></sharedDropDownValue><sharedDropDownValue><bdvSeqNbr>104580397</bdvSeqNbr><servProvCode>BPTDEV</servProvCode><auditModel><auditDate>2011-12-14T13:46:29-07:00</auditDate><auditID>ADMIN</auditID><auditStatus>A</auditStatus></auditModel><bizdomain>LIC_BOND_TYPE</bizdomain><bizdomainValue>Surety</bizdomainValue><sortOrder>10</sortOrder><standardChoiceValueI18NModels/></sharedDropDownValue></sharedDropDownList><type>ShareDropDown</type></sharedDropDownListModel>
<sharedDropDownListModel><name>LIC_DURATION_OF_SALE</name><serviceProviderCode>BPTDEV</serviceProviderCode><auditModel><auditDate>2013-11-20T15:51:44-07:00</auditDate><auditID>ADMIN</auditID><auditStatus>A</auditStatus></auditModel><description>Duration of garage/yard sale in days</description><sharedDropDownList><sharedDropDownValue><bdvSeqNbr>104593112</bdvSeqNbr><servProvCode>BPTDEV</servProvCode><auditModel><auditDate>2013-11-20T15:52:17-07:00</auditDate><auditID>ADMIN</auditID><auditStatus>A</auditStatus></auditModel><bizdomain>LIC_DURATION_OF_SALE</bizdomain><bizdomainValue>1</bizdomainValue><sortOrder>10</sortOrder><standardChoiceValueI18NModels/></sharedDropDownValue><sharedDropDownValue><bdvSeqNbr>104593113</bdvSeqNbr><servProvCode>BPTDEV</servProvCode><auditModel><auditDate>2013-11-20T15:52:17-07:00</auditDate><auditID>ADMIN</auditID><auditStatus>A</auditStatus></auditModel><bizdomain>LIC_DURATION_OF_SALE</bizdomain><bizdomainValue>2</bizdomainValue><sortOrder>20</sortOrder><standardChoiceValueI18NModels/></sharedDropDownValue><sharedDropDownValue><bdvSeqNbr>104593114</bdvSeqNbr><servProvCode>BPTDEV</servProvCode><auditModel><auditDate>2013-11-20T15:52:17-07:00</auditDate><auditID>ADMIN</auditID><auditStatus>A</auditStatus></auditModel><bizdomain>LIC_DURATION_OF_SALE</bizdomain><bizdomainValue>3</bizdomainValue><sortOrder>30</sortOrder><standardChoiceValueI18NModels/></sharedDropDownValue></sharedDropDownList><type>ShareDropDown</type></sharedDropDownListModel>
<sharedDropDownListModel><name>LIC_HOME_OCC_WORK_TYPE</name><serviceProviderCode>BPTDEV</serviceProviderCode><auditModel><auditDate>2013-12-12T12:04:12-07:00</auditDate><auditID>ADMIN</auditID><auditStatus>A</auditStatus></auditModel><description>Home Occupancy Work Types</description><sharedDropDownList><sharedDropDownValue><bdvSeqNbr>104594266</bdvSeqNbr><servProvCode>BPTDEV</servProvCode><auditModel><auditDate>2013-12-12T17:48:32-07:00</auditDate><auditID>ADMIN</auditID><auditStatus>A</auditStatus></auditModel><bizdomain>LIC_HOME_OCC_WORK_TYPE</bizdomain><bizdomainValue>Administrative</bizdomainValue><sortOrder>10</sortOrder><standardChoiceValueI18NModels/></sharedDropDownValue><sharedDropDownValue><bdvSeqNbr>104594279</bdvSeqNbr><servProvCode>BPTDEV</servProvCode><auditModel><auditDate>2013-12-12T17:48:32-07:00</auditDate><auditID>ADMIN</auditID><auditStatus>A</auditStatus></auditModel><bizdomain>LIC_HOME_OCC_WORK_TYPE</bizdomain><bizdomainValue>Bookkeeping</bizdomainValue><sortOrder>20</sortOrder><standardChoiceValueI18NModels/></sharedDropDownValue><sharedDropDownValue><bdvSeqNbr>104594278</bdvSeqNbr><servProvCode>BPTDEV</servProvCode><auditModel><auditDate>2013-12-12T17:48:32-07:00</auditDate><auditID>ADMIN</auditID><auditStatus>A</auditStatus></auditModel><bizdomain>LIC_HOME_OCC_WORK_TYPE</bizdomain><bizdomainValue>Consulting</bizdomainValue><sortOrder>30</sortOrder><standardChoiceValueI18NModels/></sharedDropDownValue><sharedDropDownValue><bdvSeqNbr>104594267</bdvSeqNbr><servProvCode>BPTDEV</servProvCode><auditModel><auditDate>2013-12-12T17:48:32-07:00</auditDate><auditID>ADMIN</auditID><auditStatus>A</auditStatus></auditModel><bizdomain>LIC_HOME_OCC_WORK_TYPE</bizdomain><bizdomainValue>Educational Services</bizdomainValue><sortOrder>40</sortOrder><standardChoiceValueI18NModels/></sharedDropDownValue><sharedDropDownValue><bdvSeqNbr>104594270</bdvSeqNbr><servProvCode>BPTDEV</servProvCode><auditModel><auditDate>2013-12-12T17:48:32-07:00</auditDate><auditID>ADMIN</auditID><auditStatus>A</auditStatus></auditModel><bizdomain>LIC_HOME_OCC_WORK_TYPE</bizdomain><bizdomainValue>Other</bizdomainValue><sortOrder>70</sortOrder><standardChoiceValueI18NModels/></sharedDropDownValue><sharedDropDownValue><bdvSeqNbr>104594268</bdvSeqNbr><servProvCode>BPTDEV</servProvCode><auditModel><auditDate>2013-12-12T17:48:32-07:00</auditDate><auditID>ADMIN</auditID><auditStatus>A</auditStatus></auditModel><bizdomain>LIC_HOME_OCC_WORK_TYPE</bizdomain><bizdomainValue>Processing of Goods</bizdomainValue><sortOrder>50</sortOrder><standardChoiceValueI18NModels/></sharedDropDownValue><sharedDropDownValue><bdvSeqNbr>104594269</bdvSeqNbr><servProvCode>BPTDEV</servProvCode><auditModel><auditDate>2013-12-12T17:48:32-07:00</auditDate><auditID>ADMIN</auditID><auditStatus>A</auditStatus></auditModel><bizdomain>LIC_HOME_OCC_WORK_TYPE</bizdomain><bizdomainValue>Telephoning</bizdomainValue><sortOrder>60</sortOrder><standardChoiceValueI18NModels/></sharedDropDownValue></sharedDropDownList><type>ShareDropDown</type></sharedDropDownListModel>
<sharedDropDownListModel><name>LIC_GENERAL BUSINESS TYPES</name><serviceProviderCode>BPTDEV</serviceProviderCode><auditModel><auditDate>2014-01-29T08:08:56-07:00</auditDate><auditID>ADMIN</auditID><auditStatus>A</auditStatus></auditModel><description>List of Business Types for the General Business License option</description><sharedDropDownList><sharedDropDownValue><bdvSeqNbr>104594436</bdvSeqNbr><servProvCode>BPTDEV</servProvCode><auditModel><auditDate>2014-01-29T08:13:30-07:00</auditDate><auditID>ADMIN</auditID><auditStatus>A</auditStatus></auditModel><bizdomain>LIC_GENERAL BUSINESS TYPES</bizdomain><bizdomainValue>Amusement</bizdomainValue><sortOrder>10</sortOrder><standardChoiceValueI18NModels/></sharedDropDownValue><sharedDropDownValue><bdvSeqNbr>104594437</bdvSeqNbr><servProvCode>BPTDEV</servProvCode><auditModel><auditDate>2014-01-29T08:13:30-07:00</auditDate><auditID>ADMIN</auditID><auditStatus>A</auditStatus></auditModel><bizdomain>LIC_GENERAL BUSINESS TYPES</bizdomain><bizdomainValue>Entertainment</bizdomainValue><sortOrder>20</sortOrder><standardChoiceValueI18NModels/></sharedDropDownValue><sharedDropDownValue><bdvSeqNbr>104594438</bdvSeqNbr><servProvCode>BPTDEV</servProvCode><auditModel><auditDate>2014-01-29T08:13:30-07:00</auditDate><auditID>ADMIN</auditID><auditStatus>A</auditStatus></auditModel><bizdomain>LIC_GENERAL BUSINESS TYPES</bizdomain><bizdomainValue>Home Occupation</bizdomainValue><sortOrder>30</sortOrder><standardChoiceValueI18NModels/></sharedDropDownValue><sharedDropDownValue><bdvSeqNbr>104594361</bdvSeqNbr><servProvCode>BPTDEV</servProvCode><auditModel><auditDate>2014-01-29T08:13:30-07:00</auditDate><auditID>ADMIN</auditID><auditStatus>A</auditStatus></auditModel><bizdomain>LIC_GENERAL BUSINESS TYPES</bizdomain><bizdomainValue>Hotel-Motel-Lodging</bizdomainValue><sortOrder>40</sortOrder><standardChoiceValueI18NModels/></sharedDropDownValue><sharedDropDownValue><bdvSeqNbr>104594439</bdvSeqNbr><servProvCode>BPTDEV</servProvCode><auditModel><auditDate>2014-01-29T08:13:30-07:00</auditDate><auditID>ADMIN</auditID><auditStatus>A</auditStatus></auditModel><bizdomain>LIC_GENERAL BUSINESS TYPES</bizdomain><bizdomainValue>Manufacturer</bizdomainValue><sortOrder>50</sortOrder><standardChoiceValueI18NModels/></sharedDropDownValue><sharedDropDownValue><bdvSeqNbr>104594359</bdvSeqNbr><servProvCode>BPTDEV</servProvCode><auditModel><auditDate>2014-01-29T08:13:30-07:00</auditDate><auditID>ADMIN</auditID><auditStatus>A</auditStatus></auditModel><bizdomain>LIC_GENERAL BUSINESS TYPES</bizdomain><bizdomainValue>Nightclub-Bar</bizdomainValue><sortOrder>60</sortOrder><standardChoiceValueI18NModels/></sharedDropDownValue><sharedDropDownValue><bdvSeqNbr>104594360</bdvSeqNbr><servProvCode>BPTDEV</servProvCode><auditModel><auditDate>2014-01-29T08:13:30-07:00</auditDate><auditID>ADMIN</auditID><auditStatus>A</auditStatus></auditModel><bizdomain>LIC_GENERAL BUSINESS TYPES</bizdomain><bizdomainValue>Professional</bizdomainValue><sortOrder>70</sortOrder><standardChoiceValueI18NModels/></sharedDropDownValue><sharedDropDownValue><bdvSeqNbr>104594358</bdvSeqNbr><servProvCode>BPTDEV</servProvCode><auditModel><auditDate>2014-01-29T08:13:15-07:00</auditDate><auditID>ADMIN</auditID><auditStatus>A</auditStatus></auditModel><bizdomain>LIC_GENERAL BUSINESS TYPES</bizdomain><bizdomainValue>Restaurant</bizdomainValue><sortOrder>80</sortOrder><standardChoiceValueI18NModels/></sharedDropDownValue><sharedDropDownValue><bdvSeqNbr>104594357</bdvSeqNbr><servProvCode>BPTDEV</servProvCode><auditModel><auditDate>2014-01-29T08:13:15-07:00</auditDate><auditID>ADMIN</auditID><auditStatus>A</auditStatus></auditModel><bizdomain>LIC_GENERAL BUSINESS TYPES</bizdomain><bizdomainValue>Retail</bizdomainValue><sortOrder>90</sortOrder><standardChoiceValueI18NModels/></sharedDropDownValue><sharedDropDownValue><bdvSeqNbr>104594440</bdvSeqNbr><servProvCode>BPTDEV</servProvCode><auditModel><auditDate>2014-01-29T08:13:15-07:00</auditDate><auditID>ADMIN</auditID><auditStatus>A</auditStatus></auditModel><bizdomain>LIC_GENERAL BUSINESS TYPES</bizdomain><bizdomainValue>Service</bizdomainValue><sortOrder>100</sortOrder><standardChoiceValueI18NModels/></sharedDropDownValue><sharedDropDownValue><bdvSeqNbr>104594441</bdvSeqNbr><servProvCode>BPTDEV</servProvCode><auditModel><auditDate>2014-01-29T08:13:30-07:00</auditDate><auditID>ADMIN</auditID><auditStatus>A</auditStatus></auditModel><bizdomain>LIC_GENERAL BUSINESS TYPES</bizdomain><bizdomainValue>Street Vendor</bizdomainValue><sortOrder>110</sortOrder><standardChoiceValueI18NModels/></sharedDropDownValue><sharedDropDownValue><bdvSeqNbr>104594442</bdvSeqNbr><servProvCode>BPTDEV</servProvCode><auditModel><auditDate>2014-01-29T08:13:30-07:00</auditDate><auditID>ADMIN</auditID><auditStatus>A</auditStatus></auditModel><bizdomain>LIC_GENERAL BUSINESS TYPES</bizdomain><bizdomainValue>Vehicle for Hire</bizdomainValue><sortOrder>120</sortOrder><standardChoiceValueI18NModels/></sharedDropDownValue><sharedDropDownValue><bdvSeqNbr>104594443</bdvSeqNbr><servProvCode>BPTDEV</servProvCode><auditModel><auditDate>2014-01-29T08:13:30-07:00</auditDate><auditID>ADMIN</auditID><auditStatus>A</auditStatus></auditModel><bizdomain>LIC_GENERAL BUSINESS TYPES</bizdomain><bizdomainValue>Wholesaler</bizdomainValue><sortOrder>130</sortOrder><standardChoiceValueI18NModels/></sharedDropDownValue></sharedDropDownList><type>ShareDropDown</type></sharedDropDownListModel>
<sharedDropDownListModel><name>LIC_CONTRACTOR_ELEC_TYPE</name><serviceProviderCode>BPTDEV</serviceProviderCode><auditModel><auditDate>2014-05-01T11:10:41-06:00</auditDate><auditID>ADMIN</auditID><auditStatus>A</auditStatus></auditModel><description>Contractor type for electrical contractor license and LP type</description><sharedDropDownList><sharedDropDownValue><bdvSeqNbr>104594807</bdvSeqNbr><servProvCode>BPTDEV</servProvCode><auditModel><auditDate>2014-05-01T11:11:02-06:00</auditDate><auditID>ADMIN</auditID><auditStatus>A</auditStatus></auditModel><bizdomain>LIC_CONTRACTOR_ELEC_TYPE</bizdomain><bizdomainValue>Electrical</bizdomainValue><sortOrder>0</sortOrder><standardChoiceValueI18NModels/></sharedDropDownValue></sharedDropDownList><type>ShareDropDown</type></sharedDropDownListModel>
<sharedDropDownListModel><name>LIC_CONTRACTOR_TYPE</name><serviceProviderCode>BPTDEV</serviceProviderCode><auditModel><auditDate>2014-05-01T11:08:32-06:00</auditDate><auditID>ADMIN</auditID><auditStatus>A</auditStatus></auditModel><description>Contractor Type for general contractor license and LP type</description><sharedDropDownList><sharedDropDownValue><bdvSeqNbr>104581480</bdvSeqNbr><servProvCode>BPTDEV</servProvCode><auditModel><auditDate>2012-02-28T10:37:37-07:00</auditDate><auditID>ADMIN</auditID><auditStatus>A</auditStatus></auditModel><bizdomain>LIC_CONTRACTOR_TYPE</bizdomain><bizdomainValue>Contractor</bizdomainValue><sortOrder>0</sortOrder><standardChoiceValueI18NModels/></sharedDropDownValue></sharedDropDownList><type>ShareDropDown</type></sharedDropDownListModel>
<sharedDropDownListModel><name>LIC_DAYS_OF_THE_WEEK</name><serviceProviderCode>BPTDEV</serviceProviderCode><auditModel><auditDate>2013-12-12T16:54:33-07:00</auditDate><auditID>ADMIN</auditID><auditStatus>A</auditStatus></auditModel><description>Days of the Week</description><sharedDropDownList><sharedDropDownValue><bdvSeqNbr>104594276</bdvSeqNbr><servProvCode>BPTDEV</servProvCode><auditModel><auditDate>2014-01-24T12:43:58-07:00</auditDate><auditID>ADMIN</auditID><auditStatus>A</auditStatus></auditModel><bizdomain>LIC_DAYS_OF_THE_WEEK</bizdomain><bizdomainValue>Friday</bizdomainValue><sortOrder>50</sortOrder><standardChoiceValueI18NModels/></sharedDropDownValue><sharedDropDownValue><bdvSeqNbr>104594272</bdvSeqNbr><servProvCode>BPTDEV</servProvCode><auditModel><auditDate>2014-01-24T12:43:58-07:00</auditDate><auditID>ADMIN</auditID><auditStatus>A</auditStatus></auditModel><bizdomain>LIC_DAYS_OF_THE_WEEK</bizdomain><bizdomainValue>Monday</bizdomainValue><sortOrder>10</sortOrder><standardChoiceValueI18NModels/></sharedDropDownValue><sharedDropDownValue><bdvSeqNbr>104594277</bdvSeqNbr><servProvCode>BPTDEV</servProvCode><auditModel><auditDate>2014-01-24T12:43:58-07:00</auditDate><auditID>ADMIN</auditID><auditStatus>A</auditStatus></auditModel><bizdomain>LIC_DAYS_OF_THE_WEEK</bizdomain><bizdomainValue>Saturday</bizdomainValue><sortOrder>60</sortOrder><standardChoiceValueI18NModels/></sharedDropDownValue><sharedDropDownValue><bdvSeqNbr>104594271</bdvSeqNbr><servProvCode>BPTDEV</servProvCode><auditModel><auditDate>2014-01-24T12:43:58-07:00</auditDate><auditID>ADMIN</auditID><auditStatus>A</auditStatus></auditModel><bizdomain>LIC_DAYS_OF_THE_WEEK</bizdomain><bizdomainValue>Sunday</bizdomainValue><sortOrder>70</sortOrder><standardChoiceValueI18NModels/></sharedDropDownValue><sharedDropDownValue><bdvSeqNbr>104594275</bdvSeqNbr><servProvCode>BPTDEV</servProvCode><auditModel><auditDate>2014-01-24T12:43:58-07:00</auditDate><auditID>ADMIN</auditID><auditStatus>A</auditStatus></auditModel><bizdomain>LIC_DAYS_OF_THE_WEEK</bizdomain><bizdomainValue>Thursday</bizdomainValue><sortOrder>40</sortOrder><standardChoiceValueI18NModels/></sharedDropDownValue><sharedDropDownValue><bdvSeqNbr>104594273</bdvSeqNbr><servProvCode>BPTDEV</servProvCode><auditModel><auditDate>2014-01-24T12:43:58-07:00</auditDate><auditID>ADMIN</auditID><auditStatus>A</auditStatus></auditModel><bizdomain>LIC_DAYS_OF_THE_WEEK</bizdomain><bizdomainValue>Tuesday</bizdomainValue><sortOrder>20</sortOrder><standardChoiceValueI18NModels/></sharedDropDownValue><sharedDropDownValue><bdvSeqNbr>104594274</bdvSeqNbr><servProvCode>BPTDEV</servProvCode><auditModel><auditDate>2014-01-24T12:43:58-07:00</auditDate><auditID>ADMIN</auditID><auditStatus>A</auditStatus></auditModel><bizdomain>LIC_DAYS_OF_THE_WEEK</bizdomain><bizdomainValue>Wednesday</bizdomainValue><sortOrder>30</sortOrder><standardChoiceValueI18NModels/></sharedDropDownValue></sharedDropDownList><type>ShareDropDown</type></sharedDropDownListModel>
<sharedDropDownListModel><name>LIC_EVENT_VENDOR</name><serviceProviderCode>BPTDEV</serviceProviderCode><auditModel><auditDate>2013-12-12T12:05:05-07:00</auditDate><auditID>ADMIN</auditID><auditStatus>A</auditStatus></auditModel><description>Special Event Vendor Types</description><sharedDropDownList><sharedDropDownValue><bdvSeqNbr>104594262</bdvSeqNbr><servProvCode>BPTDEV</servProvCode><auditModel><auditDate>2013-12-04T13:39:35-07:00</auditDate><auditID>ADMIN</auditID><auditStatus>A</auditStatus></auditModel><bizdomain>LIC_EVENT_VENDOR</bizdomain><bizdomainValue>Alcohol</bizdomainValue><sortOrder>0</sortOrder><standardChoiceValueI18NModels/></sharedDropDownValue><sharedDropDownValue><bdvSeqNbr>104594249</bdvSeqNbr><servProvCode>BPTDEV</servProvCode><auditModel><auditDate>2013-12-04T13:36:12-07:00</auditDate><auditID>ADMIN</auditID><auditStatus>A</auditStatus></auditModel><bizdomain>LIC_EVENT_VENDOR</bizdomain><bizdomainValue>Bleachers</bizdomainValue><sortOrder>0</sortOrder><standardChoiceValueI18NModels/></sharedDropDownValue><sharedDropDownValue><bdvSeqNbr>104594250</bdvSeqNbr><servProvCode>BPTDEV</servProvCode><auditModel><auditDate>2013-12-04T13:36:21-07:00</auditDate><auditID>ADMIN</auditID><auditStatus>A</auditStatus></auditModel><bizdomain>LIC_EVENT_VENDOR</bizdomain><bizdomainValue>Bounce House</bizdomainValue><sortOrder>0</sortOrder><standardChoiceValueI18NModels/></sharedDropDownValue><sharedDropDownValue><bdvSeqNbr>104594251</bdvSeqNbr><servProvCode>BPTDEV</servProvCode><auditModel><auditDate>2013-12-04T13:36:29-07:00</auditDate><auditID>ADMIN</auditID><auditStatus>A</auditStatus></auditModel><bizdomain>LIC_EVENT_VENDOR</bizdomain><bizdomainValue>Caterers</bizdomainValue><sortOrder>0</sortOrder><standardChoiceValueI18NModels/></sharedDropDownValue><sharedDropDownValue><bdvSeqNbr>104594248</bdvSeqNbr><servProvCode>BPTDEV</servProvCode><auditModel><auditDate>2013-12-04T13:40:51-07:00</auditDate><auditID>ADMIN</auditID><auditStatus>A</auditStatus></auditModel><bizdomain>LIC_EVENT_VENDOR</bizdomain><bizdomainValue>Electrical/Generator</bizdomainValue><sortOrder>0</sortOrder><standardChoiceValueI18NModels/></sharedDropDownValue><sharedDropDownValue><bdvSeqNbr>104594246</bdvSeqNbr><servProvCode>BPTDEV</servProvCode><auditModel><auditDate>2013-12-04T13:35:26-07:00</auditDate><auditID>ADMIN</auditID><auditStatus>A</auditStatus></auditModel><bizdomain>LIC_EVENT_VENDOR</bizdomain><bizdomainValue>Entertainment</bizdomainValue><sortOrder>0</sortOrder><standardChoiceValueI18NModels/></sharedDropDownValue><sharedDropDownValue><bdvSeqNbr>104594247</bdvSeqNbr><servProvCode>BPTDEV</servProvCode><auditModel><auditDate>2013-12-04T13:39:51-07:00</auditDate><auditID>ADMIN</auditID><auditStatus>A</auditStatus></auditModel><bizdomain>LIC_EVENT_VENDOR</bizdomain><bizdomainValue>Equipment Rentals</bizdomainValue><sortOrder>0</sortOrder><standardChoiceValueI18NModels/></sharedDropDownValue><sharedDropDownValue><bdvSeqNbr>104594259</bdvSeqNbr><servProvCode>BPTDEV</servProvCode><auditModel><auditDate>2013-12-04T13:38:10-07:00</auditDate><auditID>ADMIN</auditID><auditStatus>A</auditStatus></auditModel><bizdomain>LIC_EVENT_VENDOR</bizdomain><bizdomainValue>Food</bizdomainValue><sortOrder>0</sortOrder><standardChoiceValueI18NModels/></sharedDropDownValue><sharedDropDownValue><bdvSeqNbr>104594252</bdvSeqNbr><servProvCode>BPTDEV</servProvCode><auditModel><auditDate>2013-12-04T13:36:41-07:00</auditDate><auditID>ADMIN</auditID><auditStatus>A</auditStatus></auditModel><bizdomain>LIC_EVENT_VENDOR</bizdomain><bizdomainValue>Janitorial</bizdomainValue><sortOrder>0</sortOrder><standardChoiceValueI18NModels/></sharedDropDownValue><sharedDropDownValue><bdvSeqNbr>104594263</bdvSeqNbr><servProvCode>BPTDEV</servProvCode><auditModel><auditDate>2013-12-04T13:43:29-07:00</auditDate><auditID>ADMIN</auditID><auditStatus>A</auditStatus></auditModel><bizdomain>LIC_EVENT_VENDOR</bizdomain><bizdomainValue>Merchandise</bizdomainValue><sortOrder>0</sortOrder><standardChoiceValueI18NModels/></sharedDropDownValue><sharedDropDownValue><bdvSeqNbr>104594261</bdvSeqNbr><servProvCode>BPTDEV</servProvCode><auditModel><auditDate>2013-12-04T13:39:18-07:00</auditDate><auditID>ADMIN</auditID><auditStatus>A</auditStatus></auditModel><bizdomain>LIC_EVENT_VENDOR</bizdomain><bizdomainValue>Mobile Ice Services</bizdomainValue><sortOrder>0</sortOrder><standardChoiceValueI18NModels/></sharedDropDownValue><sharedDropDownValue><bdvSeqNbr>104594253</bdvSeqNbr><servProvCode>BPTDEV</servProvCode><auditModel><auditDate>2013-12-04T13:37:05-07:00</auditDate><auditID>ADMIN</auditID><auditStatus>A</auditStatus></auditModel><bizdomain>LIC_EVENT_VENDOR</bizdomain><bizdomainValue>Photographers</bizdomainValue><sortOrder>0</sortOrder><standardChoiceValueI18NModels/></sharedDropDownValue><sharedDropDownValue><bdvSeqNbr>104594254</bdvSeqNbr><servProvCode>BPTDEV</servProvCode><auditModel><auditDate>2013-12-04T13:37:30-07:00</auditDate><auditID>ADMIN</auditID><auditStatus>A</auditStatus></auditModel><bizdomain>LIC_EVENT_VENDOR</bizdomain><bizdomainValue>Portable Restroom Facilities</bizdomainValue><sortOrder>0</sortOrder><standardChoiceValueI18NModels/></sharedDropDownValue><sharedDropDownValue><bdvSeqNbr>104594255</bdvSeqNbr><servProvCode>BPTDEV</servProvCode><auditModel><auditDate>2013-12-04T13:37:39-07:00</auditDate><auditID>ADMIN</auditID><auditStatus>A</auditStatus></auditModel><bizdomain>LIC_EVENT_VENDOR</bizdomain><bizdomainValue>Security</bizdomainValue><sortOrder>0</sortOrder><standardChoiceValueI18NModels/></sharedDropDownValue><sharedDropDownValue><bdvSeqNbr>104594256</bdvSeqNbr><servProvCode>BPTDEV</servProvCode><auditModel><auditDate>2013-12-04T13:37:47-07:00</auditDate><auditID>ADMIN</auditID><auditStatus>A</auditStatus></auditModel><bizdomain>LIC_EVENT_VENDOR</bizdomain><bizdomainValue>Stages</bizdomainValue><sortOrder>0</sortOrder><standardChoiceValueI18NModels/></sharedDropDownValue><sharedDropDownValue><bdvSeqNbr>104594257</bdvSeqNbr><servProvCode>BPTDEV</servProvCode><auditModel><auditDate>2013-12-04T13:40:24-07:00</auditDate><auditID>ADMIN</auditID><auditStatus>A</auditStatus></auditModel><bizdomain>LIC_EVENT_VENDOR</bizdomain><bizdomainValue>Tents/Canopies</bizdomainValue><sortOrder>0</sortOrder><standardChoiceValueI18NModels/></sharedDropDownValue><sharedDropDownValue><bdvSeqNbr>104594258</bdvSeqNbr><servProvCode>BPTDEV</servProvCode><auditModel><auditDate>2013-12-04T13:38:03-07:00</auditDate><auditID>ADMIN</auditID><auditStatus>A</auditStatus></auditModel><bizdomain>LIC_EVENT_VENDOR</bizdomain><bizdomainValue>Traffic Control</bizdomainValue><sortOrder>0</sortOrder><standardChoiceValueI18NModels/></sharedDropDownValue><sharedDropDownValue><bdvSeqNbr>104594260</bdvSeqNbr><servProvCode>BPTDEV</servProvCode><auditModel><auditDate>2013-12-04T13:38:42-07:00</auditDate><auditID>ADMIN</auditID><auditStatus>A</auditStatus></auditModel><bizdomain>LIC_EVENT_VENDOR</bizdomain><bizdomainValue>Valet Parking</bizdomainValue><sortOrder>0</sortOrder><standardChoiceValueI18NModels/></sharedDropDownValue></sharedDropDownList><type>ShareDropDown</type></sharedDropDownListModel>
</list>