<?xml version="1.0" encoding="UTF-8" standalone="yes"?>
<list  version="8.0.0" minorVersion="12" exportUser="ADMIN" exportDateTime="06/14/2016 12:30 PM" description="null"><menuTemplate refId="1@MenuTemplateModel"><policySeq>311639</policySeq><serviceProviderCode>ATOM</serviceProviderCode><auditModel><auditDate>2016-06-06T11:56:53-07:00</auditDate><auditID>AARON</auditID><auditStatus>A</auditStatus></auditModel><data1>cap_tabbar</data1><data2>Module Menu</data2><levelData>N/A</levelData><levelType>Agency</levelType><menuLevel>1</menuLevel><policyI18NModels/><policyName>Menu</policyName><rightGranted>up</rightGranted><status>Y</status><menuModels><menu refId="2@MenuModel"><policySeq>311918</policySeq><serviceProviderCode>ATOM</serviceProviderCode><auditModel><auditDate>2016-06-06T12:14:23-07:00</auditDate><auditID>LUCRETIA</auditID><auditStatus>A</auditStatus></auditModel><data1>cap_tabbar</data1><data2>Module Menu/[7]Inspections</data2><levelData>N/A</levelData><levelType>Agency</levelType><menuLevel>2</menuLevel><policyI18NModels/><policyName>Menu</policyName><rightGranted>up</rightGranted><status>Y</status><menuItemModels><menuItem refId="3@MenuItemModel"><policySeq>311919</policySeq><serviceProviderCode>ATOM</serviceProviderCode><auditModel><auditDate>2016-06-06T12:14:37-07:00</auditDate><auditID>LUCRETIA</auditID><auditStatus>A</auditStatus></auditModel><data1>cap_tabbar</data1><data2>Module Menu/[7]Inspections/[0]Inspections[][B]</data2><levelData>N/A</levelData><levelType>Agency</levelType><menuLevel>3</menuLevel><policyI18NModels/><policyName>Menu</policyName><rightGranted>up</rightGranted><status>Y</status></menuItem></menuItemModels><menuName>Module Menu/[7]Inspections%</menuName></menu><menu refId="4@MenuModel"><policySeq>311906</policySeq><serviceProviderCode>ATOM</serviceProviderCode><auditModel><auditDate>2016-06-06T12:11:19-07:00</auditDate><auditID>LUCRETIA</auditID><auditStatus>A</auditStatus></auditModel><data1>cap_tabbar</data1><data2>Module Menu/[4]People</data2><levelData>N/A</levelData><levelType>Agency</levelType><menuLevel>2</menuLevel><policyI18NModels/><policyName>Menu</policyName><rightGranted>up</rightGranted><status>Y</status><menuItemModels><menuItem refId="5@MenuItemModel"><policySeq>311907</policySeq><serviceProviderCode>ATOM</serviceProviderCode><auditModel><auditDate>2016-06-06T12:11:34-07:00</auditDate><auditID>LUCRETIA</auditID><auditStatus>A</auditStatus></auditModel><data1>cap_tabbar</data1><data2>Module Menu/[4]People/[0]Contact[][B]</data2><levelData>N/A</levelData><levelType>Agency</levelType><menuLevel>3</menuLevel><policyI18NModels/><policyName>Menu</policyName><rightGranted>up</rightGranted><status>Y</status></menuItem><menuItem refId="6@MenuItemModel"><policySeq>311908</policySeq><serviceProviderCode>ATOM</serviceProviderCode><auditModel><auditDate>2016-06-06T12:11:34-07:00</auditDate><auditID>LUCRETIA</auditID><auditStatus>A</auditStatus></auditModel><data1>cap_tabbar</data1><data2>Module Menu/[4]People/[1]Professionals[][B]</data2><levelData>N/A</levelData><levelType>Agency</levelType><menuLevel>3</menuLevel><policyI18NModels/><policyName>Menu</policyName><rightGranted>up</rightGranted><status>Y</status></menuItem></menuItemModels><menuName>Module Menu/[4]People%</menuName></menu><menu refId="7@MenuModel"><policySeq>311909</policySeq><serviceProviderCode>ATOM</serviceProviderCode><auditModel><auditDate>2016-06-06T12:11:56-07:00</auditDate><auditID>LUCRETIA</auditID><auditStatus>A</auditStatus></auditModel><data1>cap_tabbar</data1><data2>Module Menu/[5]Renewals</data2><levelData>N/A</levelData><levelType>Agency</levelType><menuLevel>2</menuLevel><policyI18NModels/><policyName>Menu</policyName><rightGranted>up</rightGranted><status>Y</status><menuItemModels><menuItem refId="8@MenuItemModel"><policySeq>311910</policySeq><serviceProviderCode>ATOM</serviceProviderCode><auditModel><auditDate>2016-06-06T12:12:06-07:00</auditDate><auditID>LUCRETIA</auditID><auditStatus>A</auditStatus></auditModel><data1>cap_tabbar</data1><data2>Module Menu/[5]Renewals/[0]Renewal[][B]</data2><levelData>N/A</levelData><levelType>Agency</levelType><menuLevel>3</menuLevel><policyI18NModels/><policyName>Menu</policyName><rightGranted>up</rightGranted><status>Y</status></menuItem><menuItem refId="9@MenuItemModel"><policySeq>311911</policySeq><serviceProviderCode>ATOM</serviceProviderCode><auditModel><auditDate>2016-06-06T12:12:06-07:00</auditDate><auditID>LUCRETIA</auditID><auditStatus>A</auditStatus></auditModel><data1>cap_tabbar</data1><data2>Module Menu/[5]Renewals/[1]RenewalInfo[][B]</data2><levelData>N/A</levelData><levelType>Agency</levelType><menuLevel>3</menuLevel><policyI18NModels/><policyName>Menu</policyName><rightGranted>up</rightGranted><status>Y</status></menuItem></menuItemModels><menuName>Module Menu/[5]Renewals%</menuName></menu><menu refId="10@MenuModel"><policySeq>311912</policySeq><serviceProviderCode>ATOM</serviceProviderCode><auditModel><auditDate>2016-06-06T12:12:42-07:00</auditDate><auditID>LUCRETIA</auditID><auditStatus>A</auditStatus></auditModel><data1>cap_tabbar</data1><data2>Module Menu/[6]Workflow and Activities</data2><levelData>N/A</levelData><levelType>Agency</levelType><menuLevel>2</menuLevel><policyI18NModels/><policyName>Menu</policyName><rightGranted>up</rightGranted><status>Y</status><menuItemModels><menuItem refId="11@MenuItemModel"><policySeq>311913</policySeq><serviceProviderCode>ATOM</serviceProviderCode><auditModel><auditDate>2016-06-06T12:13:26-07:00</auditDate><auditID>LUCRETIA</auditID><auditStatus>A</auditStatus></auditModel><data1>cap_tabbar</data1><data2>Module Menu/[6]Workflow and Activities/[0]RecordActivityReport[][B]</data2><levelData>N/A</levelData><levelType>Agency</levelType><menuLevel>3</menuLevel><policyI18NModels/><policyName>Menu</policyName><rightGranted>up</rightGranted><status>Y</status></menuItem><menuItem refId="12@MenuItemModel"><policySeq>311914</policySeq><serviceProviderCode>ATOM</serviceProviderCode><auditModel><auditDate>2016-06-06T12:13:26-07:00</auditDate><auditID>LUCRETIA</auditID><auditStatus>A</auditStatus></auditModel><data1>cap_tabbar</data1><data2>Module Menu/[6]Workflow and Activities/[1]Activity[][B]</data2><levelData>N/A</levelData><levelType>Agency</levelType><menuLevel>3</menuLevel><policyI18NModels/><policyName>Menu</policyName><rightGranted>up</rightGranted><status>Y</status></menuItem><menuItem refId="13@MenuItemModel"><policySeq>311915</policySeq><serviceProviderCode>ATOM</serviceProviderCode><auditModel><auditDate>2016-06-06T12:13:26-07:00</auditDate><auditID>LUCRETIA</auditID><auditStatus>A</auditStatus></auditModel><data1>cap_tabbar</data1><data2>Module Menu/[6]Workflow and Activities/[2]Activity Summary[][B]</data2><levelData>N/A</levelData><levelType>Agency</levelType><menuLevel>3</menuLevel><policyI18NModels/><policyName>Menu</policyName><rightGranted>up</rightGranted><status>Y</status></menuItem><menuItem refId="14@MenuItemModel"><policySeq>311916</policySeq><serviceProviderCode>ATOM</serviceProviderCode><auditModel><auditDate>2016-06-06T12:13:26-07:00</auditDate><auditID>LUCRETIA</auditID><auditStatus>A</auditStatus></auditModel><data1>cap_tabbar</data1><data2>Module Menu/[6]Workflow and Activities/[3]Workflow[][B]</data2><levelData>N/A</levelData><levelType>Agency</levelType><menuLevel>3</menuLevel><policyI18NModels/><policyName>Menu</policyName><rightGranted>up</rightGranted><status>Y</status></menuItem><menuItem refId="15@MenuItemModel"><policySeq>311917</policySeq><serviceProviderCode>ATOM</serviceProviderCode><auditModel><auditDate>2016-06-06T12:13:26-07:00</auditDate><auditID>LUCRETIA</auditID><auditStatus>A</auditStatus></auditModel><data1>cap_tabbar</data1><data2>Module Menu/[6]Workflow and Activities/[4]History[][B]</data2><levelData>N/A</levelData><levelType>Agency</levelType><menuLevel>3</menuLevel><policyI18NModels/><policyName>Menu</policyName><rightGranted>up</rightGranted><status>Y</status></menuItem></menuItemModels><menuName>Module Menu/[6]Workflow and Activities%</menuName></menu><menu refId="16@MenuModel"><policySeq>311835</policySeq><serviceProviderCode>ATOM</serviceProviderCode><auditModel><auditDate>2016-06-06T12:03:17-07:00</auditDate><auditID>LUCRETIA</auditID><auditStatus>A</auditStatus></auditModel><data1>cap_tabbar</data1><data2>Module Menu/[1]Record Data</data2><levelData>N/A</levelData><levelType>Agency</levelType><menuLevel>2</menuLevel><policyI18NModels/><policyName>Menu</policyName><rightGranted>up</rightGranted><status>Y</status><menuItemModels><menuItem refId="17@MenuItemModel"><policySeq>311836</policySeq><serviceProviderCode>ATOM</serviceProviderCode><auditModel><auditDate>2016-06-06T12:04:43-07:00</auditDate><auditID>LUCRETIA</auditID><auditStatus>A</auditStatus></auditModel><data1>cap_tabbar</data1><data2>Module Menu/[1]Record Data/[0]CapTabSummary[][B]</data2><levelData>N/A</levelData><levelType>Agency</levelType><menuLevel>3</menuLevel><policyI18NModels/><policyName>Menu</policyName><rightGranted>up</rightGranted><status>Y</status></menuItem><menuItem refId="18@MenuItemModel"><policySeq>311837</policySeq><serviceProviderCode>ATOM</serviceProviderCode><auditModel><auditDate>2016-06-06T12:04:43-07:00</auditDate><auditID>LUCRETIA</auditID><auditStatus>A</auditStatus></auditModel><data1>cap_tabbar</data1><data2>Module Menu/[1]Record Data/[1]CapDetail[][B]</data2><levelData>N/A</levelData><levelType>Agency</levelType><menuLevel>3</menuLevel><policyI18NModels/><policyName>Menu</policyName><rightGranted>up</rightGranted><status>Y</status></menuItem><menuItem refId="19@MenuItemModel"><policySeq>311838</policySeq><serviceProviderCode>ATOM</serviceProviderCode><auditModel><auditDate>2016-06-06T12:04:43-07:00</auditDate><auditID>LUCRETIA</auditID><auditStatus>A</auditStatus></auditModel><data1>cap_tabbar</data1><data2>Module Menu/[1]Record Data/[2]Activity[][B]</data2><levelData>N/A</levelData><levelType>Agency</levelType><menuLevel>3</menuLevel><policyI18NModels/><policyName>Menu</policyName><rightGranted>up</rightGranted><status>Y</status></menuItem><menuItem refId="20@MenuItemModel"><policySeq>311839</policySeq><serviceProviderCode>ATOM</serviceProviderCode><auditModel><auditDate>2016-06-06T12:04:43-07:00</auditDate><auditID>LUCRETIA</auditID><auditStatus>A</auditStatus></auditModel><data1>cap_tabbar</data1><data2>Module Menu/[1]Record Data/[3]Comments[][B]</data2><levelData>N/A</levelData><levelType>Agency</levelType><menuLevel>3</menuLevel><policyI18NModels/><policyName>Menu</policyName><rightGranted>up</rightGranted><status>Y</status></menuItem><menuItem refId="21@MenuItemModel"><policySeq>311840</policySeq><serviceProviderCode>ATOM</serviceProviderCode><auditModel><auditDate>2016-06-06T12:04:43-07:00</auditDate><auditID>LUCRETIA</auditID><auditStatus>A</auditStatus></auditModel><data1>cap_tabbar</data1><data2>Module Menu/[1]Record Data/[4]Conditions[][B]</data2><levelData>N/A</levelData><levelType>Agency</levelType><menuLevel>3</menuLevel><policyI18NModels/><policyName>Menu</policyName><rightGranted>up</rightGranted><status>Y</status></menuItem><menuItem refId="22@MenuItemModel"><policySeq>311841</policySeq><serviceProviderCode>ATOM</serviceProviderCode><auditModel><auditDate>2016-06-06T12:04:43-07:00</auditDate><auditID>LUCRETIA</auditID><auditStatus>A</auditStatus></auditModel><data1>cap_tabbar</data1><data2>Module Menu/[1]Record Data/[5]ConditionsOfApproval[][B]</data2><levelData>N/A</levelData><levelType>Agency</levelType><menuLevel>3</menuLevel><policyI18NModels/><policyName>Menu</policyName><rightGranted>up</rightGranted><status>Y</status></menuItem><menuItem refId="23@MenuItemModel"><policySeq>311842</policySeq><serviceProviderCode>ATOM</serviceProviderCode><auditModel><auditDate>2016-06-06T12:04:43-07:00</auditDate><auditID>LUCRETIA</auditID><auditStatus>A</auditStatus></auditModel><data1>cap_tabbar</data1><data2>Module Menu/[1]Record Data/[6]AppSpecInfo[][B]</data2><levelData>N/A</levelData><levelType>Agency</levelType><menuLevel>3</menuLevel><policyI18NModels/><policyName>Menu</policyName><rightGranted>up</rightGranted><status>Y</status></menuItem><menuItem refId="24@MenuItemModel"><policySeq>311843</policySeq><serviceProviderCode>ATOM</serviceProviderCode><auditModel><auditDate>2016-06-06T12:04:43-07:00</auditDate><auditID>LUCRETIA</auditID><auditStatus>A</auditStatus></auditModel><data1>cap_tabbar</data1><data2>Module Menu/[1]Record Data/[7]AppSpecInfoTable[][B]</data2><levelData>N/A</levelData><levelType>Agency</levelType><menuLevel>3</menuLevel><policyI18NModels/><policyName>Menu</policyName><rightGranted>up</rightGranted><status>Y</status></menuItem><menuItem refId="25@MenuItemModel"><policySeq>311844</policySeq><serviceProviderCode>ATOM</serviceProviderCode><auditModel><auditDate>2016-06-06T12:04:43-07:00</auditDate><auditID>LUCRETIA</auditID><auditStatus>A</auditStatus></auditModel><data1>cap_tabbar</data1><data2>Module Menu/[1]Record Data/[8]Document[][B]</data2><levelData>N/A</levelData><levelType>Agency</levelType><menuLevel>3</menuLevel><policyI18NModels/><policyName>Menu</policyName><rightGranted>up</rightGranted><status>Y</status></menuItem><menuItem refId="26@MenuItemModel"><policySeq>311845</policySeq><serviceProviderCode>ATOM</serviceProviderCode><auditModel><auditDate>2016-06-06T12:04:43-07:00</auditDate><auditID>LUCRETIA</auditID><auditStatus>A</auditStatus></auditModel><data1>cap_tabbar</data1><data2>Module Menu/[1]Record Data/[9]XRefCap[][B]</data2><levelData>N/A</levelData><levelType>Agency</levelType><menuLevel>3</menuLevel><policyI18NModels/><policyName>Menu</policyName><rightGranted>up</rightGranted><status>Y</status></menuItem><menuItem refId="27@MenuItemModel"><policySeq>311846</policySeq><serviceProviderCode>ATOM</serviceProviderCode><auditModel><auditDate>2016-06-06T12:04:43-07:00</auditDate><auditID>LUCRETIA</auditID><auditStatus>A</auditStatus></auditModel><data1>cap_tabbar</data1><data2>Module Menu/[1]Record Data/[10]Status[][B]</data2><levelData>N/A</levelData><levelType>Agency</levelType><menuLevel>3</menuLevel><policyI18NModels/><policyName>Menu</policyName><rightGranted>up</rightGranted><status>Y</status></menuItem><menuItem refId="28@MenuItemModel"><policySeq>311847</policySeq><serviceProviderCode>ATOM</serviceProviderCode><auditModel><auditDate>2016-06-06T12:04:43-07:00</auditDate><auditID>LUCRETIA</auditID><auditStatus>A</auditStatus></auditModel><data1>cap_tabbar</data1><data2>Module Menu/[1]Record Data/[11]Set[][B]</data2><levelData>N/A</levelData><levelType>Agency</levelType><menuLevel>3</menuLevel><policyI18NModels/><policyName>Menu</policyName><rightGranted>up</rightGranted><status>Y</status></menuItem></menuItemModels><menuName>Module Menu/[1]Record Data%</menuName></menu><menu refId="29@MenuModel"><policySeq>311899</policySeq><serviceProviderCode>ATOM</serviceProviderCode><auditModel><auditDate>2016-06-06T12:09:41-07:00</auditDate><auditID>LUCRETIA</auditID><auditStatus>A</auditStatus></auditModel><data1>cap_tabbar</data1><data2>Module Menu/[2]Property</data2><levelData>N/A</levelData><levelType>Agency</levelType><menuLevel>2</menuLevel><policyI18NModels/><policyName>Menu</policyName><rightGranted>up</rightGranted><status>Y</status><menuItemModels><menuItem refId="30@MenuItemModel"><policySeq>311900</policySeq><serviceProviderCode>ATOM</serviceProviderCode><auditModel><auditDate>2016-06-06T12:10:02-07:00</auditDate><auditID>LUCRETIA</auditID><auditStatus>A</auditStatus></auditModel><data1>cap_tabbar</data1><data2>Module Menu/[2]Property/[0]Address[][B]</data2><levelData>N/A</levelData><levelType>Agency</levelType><menuLevel>3</menuLevel><policyI18NModels/><policyName>Menu</policyName><rightGranted>up</rightGranted><status>Y</status></menuItem><menuItem refId="31@MenuItemModel"><policySeq>311901</policySeq><serviceProviderCode>ATOM</serviceProviderCode><auditModel><auditDate>2016-06-06T12:10:02-07:00</auditDate><auditID>LUCRETIA</auditID><auditStatus>A</auditStatus></auditModel><data1>cap_tabbar</data1><data2>Module Menu/[2]Property/[1]Parcel[][B]</data2><levelData>N/A</levelData><levelType>Agency</levelType><menuLevel>3</menuLevel><policyI18NModels/><policyName>Menu</policyName><rightGranted>up</rightGranted><status>Y</status></menuItem><menuItem refId="32@MenuItemModel"><policySeq>311902</policySeq><serviceProviderCode>ATOM</serviceProviderCode><auditModel><auditDate>2016-06-06T12:10:02-07:00</auditDate><auditID>LUCRETIA</auditID><auditStatus>A</auditStatus></auditModel><data1>cap_tabbar</data1><data2>Module Menu/[2]Property/[2]Owner[][B]</data2><levelData>N/A</levelData><levelType>Agency</levelType><menuLevel>3</menuLevel><policyI18NModels/><policyName>Menu</policyName><rightGranted>up</rightGranted><status>Y</status></menuItem></menuItemModels><menuName>Module Menu/[2]Property%</menuName></menu><menu refId="33@MenuModel"><policySeq>311903</policySeq><serviceProviderCode>ATOM</serviceProviderCode><auditModel><auditDate>2016-06-06T12:10:23-07:00</auditDate><auditID>LUCRETIA</auditID><auditStatus>A</auditStatus></auditModel><data1>cap_tabbar</data1><data2>Module Menu/[3]Fees and Payments</data2><levelData>N/A</levelData><levelType>Agency</levelType><menuLevel>2</menuLevel><policyI18NModels/><policyName>Menu</policyName><rightGranted>up</rightGranted><status>Y</status><menuItemModels><menuItem refId="34@MenuItemModel"><policySeq>311904</policySeq><serviceProviderCode>ATOM</serviceProviderCode><auditModel><auditDate>2016-06-06T12:10:39-07:00</auditDate><auditID>LUCRETIA</auditID><auditStatus>A</auditStatus></auditModel><data1>cap_tabbar</data1><data2>Module Menu/[3]Fees and Payments/[0]Fees[][B]</data2><levelData>N/A</levelData><levelType>Agency</levelType><menuLevel>3</menuLevel><policyI18NModels/><policyName>Menu</policyName><rightGranted>up</rightGranted><status>Y</status></menuItem><menuItem refId="35@MenuItemModel"><policySeq>311905</policySeq><serviceProviderCode>ATOM</serviceProviderCode><auditModel><auditDate>2016-06-06T12:10:39-07:00</auditDate><auditID>LUCRETIA</auditID><auditStatus>A</auditStatus></auditModel><data1>cap_tabbar</data1><data2>Module Menu/[3]Fees and Payments/[1]Payments[][B]</data2><levelData>N/A</levelData><levelType>Agency</levelType><menuLevel>3</menuLevel><policyI18NModels/><policyName>Menu</policyName><rightGranted>up</rightGranted><status>Y</status></menuItem></menuItemModels><menuName>Module Menu/[3]Fees and Payments%</menuName></menu><menu refId="36@MenuModel"><policySeq>311834</policySeq><serviceProviderCode>ATOM</serviceProviderCode><auditModel><auditDate>2016-06-06T11:54:33-07:00</auditDate><auditID>LUCRETIA</auditID><auditStatus>A</auditStatus></auditModel><data1>cap_tabbar</data1><data2>Module Menu/[0]Tab</data2><levelData>N/A</levelData><levelType>Agency</levelType><menuLevel>2</menuLevel><policyI18NModels/><policyName>Menu</policyName><rightGranted>up</rightGranted><status>Y</status><menuItemModels><menuItem refId="37@MenuItemModel"><policySeq>311850</policySeq><serviceProviderCode>ATOM</serviceProviderCode><auditModel><auditDate>2016-06-06T12:09:13-07:00</auditDate><auditID>LUCRETIA</auditID><auditStatus>A</auditStatus></auditModel><data1>cap_tabbar</data1><data2>Module Menu/[0]Tab/[2]Address[][B]</data2><levelData>N/A</levelData><levelType>Agency</levelType><menuLevel>3</menuLevel><policyI18NModels/><policyName>Menu</policyName><rightGranted>up</rightGranted><status>Y</status></menuItem><menuItem refId="38@MenuItemModel"><policySeq>311851</policySeq><serviceProviderCode>ATOM</serviceProviderCode><auditModel><auditDate>2016-06-06T12:09:13-07:00</auditDate><auditID>LUCRETIA</auditID><auditStatus>A</auditStatus></auditModel><data1>cap_tabbar</data1><data2>Module Menu/[0]Tab/[3]AddtInfo[][B]</data2><levelData>N/A</levelData><levelType>Agency</levelType><menuLevel>3</menuLevel><policyI18NModels/><policyName>Menu</policyName><rightGranted>up</rightGranted><status>Y</status></menuItem><menuItem refId="39@MenuItemModel"><policySeq>311852</policySeq><serviceProviderCode>ATOM</serviceProviderCode><auditModel><auditDate>2016-06-06T12:09:13-07:00</auditDate><auditID>LUCRETIA</auditID><auditStatus>A</auditStatus></auditModel><data1>cap_tabbar</data1><data2>Module Menu/[0]Tab/[4]GIS[][B]</data2><levelData>N/A</levelData><levelType>Agency</levelType><menuLevel>3</menuLevel><policyI18NModels/><policyName>Menu</policyName><rightGranted>up</rightGranted><status>Y</status></menuItem><menuItem refId="40@MenuItemModel"><policySeq>311853</policySeq><serviceProviderCode>ATOM</serviceProviderCode><auditModel><auditDate>2016-06-06T12:09:13-07:00</auditDate><auditID>LUCRETIA</auditID><auditStatus>A</auditStatus></auditModel><data1>cap_tabbar</data1><data2>Module Menu/[0]Tab/[5]StatusHistory[][B]</data2><levelData>N/A</levelData><levelType>Agency</levelType><menuLevel>3</menuLevel><policyI18NModels/><policyName>Menu</policyName><rightGranted>up</rightGranted><status>Y</status></menuItem><menuItem refId="41@MenuItemModel"><policySeq>311854</policySeq><serviceProviderCode>ATOM</serviceProviderCode><auditModel><auditDate>2016-06-06T12:09:13-07:00</auditDate><auditID>LUCRETIA</auditID><auditStatus>A</auditStatus></auditModel><data1>cap_tabbar</data1><data2>Module Menu/[0]Tab/[6]AssessFeeHistory[][B]</data2><levelData>N/A</levelData><levelType>Agency</levelType><menuLevel>3</menuLevel><policyI18NModels/><policyName>Menu</policyName><rightGranted>up</rightGranted><status>Y</status></menuItem><menuItem refId="42@MenuItemModel"><policySeq>311855</policySeq><serviceProviderCode>ATOM</serviceProviderCode><auditModel><auditDate>2016-06-06T12:09:15-07:00</auditDate><auditID>LUCRETIA</auditID><auditStatus>A</auditStatus></auditModel><data1>cap_tabbar</data1><data2>Module Menu/[0]Tab/[7]WorkOrderAsset[][B]</data2><levelData>N/A</levelData><levelType>Agency</levelType><menuLevel>3</menuLevel><policyI18NModels/><policyName>Menu</policyName><rightGranted>up</rightGranted><status>Y</status></menuItem><menuItem refId="43@MenuItemModel"><policySeq>311856</policySeq><serviceProviderCode>ATOM</serviceProviderCode><auditModel><auditDate>2016-06-06T12:09:15-07:00</auditDate><auditID>LUCRETIA</auditID><auditStatus>A</auditStatus></auditModel><data1>cap_tabbar</data1><data2>Module Menu/[0]Tab/[8]Costing[][B]</data2><levelData>N/A</levelData><levelType>Agency</levelType><menuLevel>3</menuLevel><policyI18NModels/><policyName>Menu</policyName><rightGranted>up</rightGranted><status>Y</status></menuItem><menuItem refId="44@MenuItemModel"><policySeq>311857</policySeq><serviceProviderCode>ATOM</serviceProviderCode><auditModel><auditDate>2016-06-06T12:09:15-07:00</auditDate><auditID>LUCRETIA</auditID><auditStatus>A</auditStatus></auditModel><data1>cap_tabbar</data1><data2>Module Menu/[0]Tab/[9]Calendar[][B]</data2><levelData>N/A</levelData><levelType>Agency</levelType><menuLevel>3</menuLevel><policyI18NModels/><policyName>Menu</policyName><rightGranted>up</rightGranted><status>Y</status></menuItem><menuItem refId="45@MenuItemModel"><policySeq>311858</policySeq><serviceProviderCode>ATOM</serviceProviderCode><auditModel><auditDate>2016-06-06T12:09:15-07:00</auditDate><auditID>LUCRETIA</auditID><auditStatus>A</auditStatus></auditModel><data1>cap_tabbar</data1><data2>Module Menu/[0]Tab/[10]ClassicReports[][B]</data2><levelData>N/A</levelData><levelType>Agency</levelType><menuLevel>3</menuLevel><policyI18NModels/><policyName>Menu</policyName><rightGranted>up</rightGranted><status>Y</status></menuItem><menuItem refId="46@MenuItemModel"><policySeq>311859</policySeq><serviceProviderCode>ATOM</serviceProviderCode><auditModel><auditDate>2016-06-06T12:09:15-07:00</auditDate><auditID>LUCRETIA</auditID><auditStatus>A</auditStatus></auditModel><data1>cap_tabbar</data1><data2>Module Menu/[0]Tab/[11]Comments[][B]</data2><levelData>N/A</levelData><levelType>Agency</levelType><menuLevel>3</menuLevel><policyI18NModels/><policyName>Menu</policyName><rightGranted>up</rightGranted><status>Y</status></menuItem><menuItem refId="47@MenuItemModel"><policySeq>311860</policySeq><serviceProviderCode>ATOM</serviceProviderCode><auditModel><auditDate>2016-06-06T12:09:15-07:00</auditDate><auditID>LUCRETIA</auditID><auditStatus>A</auditStatus></auditModel><data1>cap_tabbar</data1><data2>Module Menu/[0]Tab/[12]Communications[][B]</data2><levelData>N/A</levelData><levelType>Agency</levelType><menuLevel>3</menuLevel><policyI18NModels/><policyName>Menu</policyName><rightGranted>up</rightGranted><status>Y</status></menuItem><menuItem refId="48@MenuItemModel"><policySeq>311861</policySeq><serviceProviderCode>ATOM</serviceProviderCode><auditModel><auditDate>2016-06-06T12:09:15-07:00</auditDate><auditID>LUCRETIA</auditID><auditStatus>A</auditStatus></auditModel><data1>cap_tabbar</data1><data2>Module Menu/[0]Tab/[13]Conditions[][B]</data2><levelData>N/A</levelData><levelType>Agency</levelType><menuLevel>3</menuLevel><policyI18NModels/><policyName>Menu</policyName><rightGranted>up</rightGranted><status>Y</status></menuItem><menuItem refId="49@MenuItemModel"><policySeq>311848</policySeq><serviceProviderCode>ATOM</serviceProviderCode><auditModel><auditDate>2016-06-06T12:09:13-07:00</auditDate><auditID>LUCRETIA</auditID><auditStatus>A</auditStatus></auditModel><data1>cap_tabbar</data1><data2>Module Menu/[0]Tab/[0]Activity[][B]</data2><levelData>N/A</levelData><levelType>Agency</levelType><menuLevel>3</menuLevel><policyI18NModels/><policyName>Menu</policyName><rightGranted>up</rightGranted><status>Y</status></menuItem><menuItem refId="50@MenuItemModel"><policySeq>311849</policySeq><serviceProviderCode>ATOM</serviceProviderCode><auditModel><auditDate>2016-06-06T12:09:13-07:00</auditDate><auditID>LUCRETIA</auditID><auditStatus>A</auditStatus></auditModel><data1>cap_tabbar</data1><data2>Module Menu/[0]Tab/[1]Activity Summary[][B]</data2><levelData>N/A</levelData><levelType>Agency</levelType><menuLevel>3</menuLevel><policyI18NModels/><policyName>Menu</policyName><rightGranted>up</rightGranted><status>Y</status></menuItem><menuItem refId="51@MenuItemModel"><policySeq>311862</policySeq><serviceProviderCode>ATOM</serviceProviderCode><auditModel><auditDate>2016-06-06T12:09:15-07:00</auditDate><auditID>LUCRETIA</auditID><auditStatus>A</auditStatus></auditModel><data1>cap_tabbar</data1><data2>Module Menu/[0]Tab/[14]ConditionsOfApproval[][B]</data2><levelData>N/A</levelData><levelType>Agency</levelType><menuLevel>3</menuLevel><policyI18NModels/><policyName>Menu</policyName><rightGranted>up</rightGranted><status>Y</status></menuItem><menuItem refId="52@MenuItemModel"><policySeq>311863</policySeq><serviceProviderCode>ATOM</serviceProviderCode><auditModel><auditDate>2016-06-06T12:09:15-07:00</auditDate><auditID>LUCRETIA</auditID><auditStatus>A</auditStatus></auditModel><data1>cap_tabbar</data1><data2>Module Menu/[0]Tab/[15]RecordActivityReport[][B]</data2><levelData>N/A</levelData><levelType>Agency</levelType><menuLevel>3</menuLevel><policyI18NModels/><policyName>Menu</policyName><rightGranted>up</rightGranted><status>Y</status></menuItem><menuItem refId="53@MenuItemModel"><policySeq>311864</policySeq><serviceProviderCode>ATOM</serviceProviderCode><auditModel><auditDate>2016-06-06T12:09:15-07:00</auditDate><auditID>LUCRETIA</auditID><auditStatus>A</auditStatus></auditModel><data1>cap_tabbar</data1><data2>Module Menu/[0]Tab/[16]Contact[][B]</data2><levelData>N/A</levelData><levelType>Agency</levelType><menuLevel>3</menuLevel><policyI18NModels/><policyName>Menu</policyName><rightGranted>up</rightGranted><status>Y</status></menuItem><menuItem refId="54@MenuItemModel"><policySeq>311865</policySeq><serviceProviderCode>ATOM</serviceProviderCode><auditModel><auditDate>2016-06-06T12:09:15-07:00</auditDate><auditID>LUCRETIA</auditID><auditStatus>A</auditStatus></auditModel><data1>cap_tabbar</data1><data2>Module Menu/[0]Tab/[17]ContEducation[][B]</data2><levelData>N/A</levelData><levelType>Agency</levelType><menuLevel>3</menuLevel><policyI18NModels/><policyName>Menu</policyName><rightGranted>up</rightGranted><status>Y</status></menuItem><menuItem refId="55@MenuItemModel"><policySeq>311866</policySeq><serviceProviderCode>ATOM</serviceProviderCode><auditModel><auditDate>2016-06-06T12:09:15-07:00</auditDate><auditID>LUCRETIA</auditID><auditStatus>A</auditStatus></auditModel><data1>cap_tabbar</data1><data2>Module Menu/[0]Tab/[18]AppSpecInfo[][B]</data2><levelData>N/A</levelData><levelType>Agency</levelType><menuLevel>3</menuLevel><policyI18NModels/><policyName>Menu</policyName><rightGranted>up</rightGranted><status>Y</status></menuItem><menuItem refId="56@MenuItemModel"><policySeq>311867</policySeq><serviceProviderCode>ATOM</serviceProviderCode><auditModel><auditDate>2016-06-06T12:09:15-07:00</auditDate><auditID>LUCRETIA</auditID><auditStatus>A</auditStatus></auditModel><data1>cap_tabbar</data1><data2>Module Menu/[0]Tab/[19]AppSpecInfoTable[][B]</data2><levelData>N/A</levelData><levelType>Agency</levelType><menuLevel>3</menuLevel><policyI18NModels/><policyName>Menu</policyName><rightGranted>up</rightGranted><status>Y</status></menuItem><menuItem refId="57@MenuItemModel"><policySeq>311868</policySeq><serviceProviderCode>ATOM</serviceProviderCode><auditModel><auditDate>2016-06-06T12:09:15-07:00</auditDate><auditID>LUCRETIA</auditID><auditStatus>A</auditStatus></auditModel><data1>cap_tabbar</data1><data2>Module Menu/[0]Tab/[20]DistributionHistory[][B]</data2><levelData>N/A</levelData><levelType>Agency</levelType><menuLevel>3</menuLevel><policyI18NModels/><policyName>Menu</policyName><rightGranted>up</rightGranted><status>Y</status></menuItem><menuItem refId="58@MenuItemModel"><policySeq>311869</policySeq><serviceProviderCode>ATOM</serviceProviderCode><auditModel><auditDate>2016-06-06T12:09:15-07:00</auditDate><auditID>LUCRETIA</auditID><auditStatus>A</auditStatus></auditModel><data1>cap_tabbar</data1><data2>Module Menu/[0]Tab/[21]Document[][B]</data2><levelData>N/A</levelData><levelType>Agency</levelType><menuLevel>3</menuLevel><policyI18NModels/><policyName>Menu</policyName><rightGranted>up</rightGranted><status>Y</status></menuItem><menuItem refId="59@MenuItemModel"><policySeq>311870</policySeq><serviceProviderCode>ATOM</serviceProviderCode><auditModel><auditDate>2016-06-06T12:09:15-07:00</auditDate><auditID>LUCRETIA</auditID><auditStatus>A</auditStatus></auditModel><data1>cap_tabbar</data1><data2>Module Menu/[0]Tab/[22]Education[][B]</data2><levelData>N/A</levelData><levelType>Agency</levelType><menuLevel>3</menuLevel><policyI18NModels/><policyName>Menu</policyName><rightGranted>up</rightGranted><status>Y</status></menuItem><menuItem refId="60@MenuItemModel"><policySeq>311871</policySeq><serviceProviderCode>ATOM</serviceProviderCode><auditModel><auditDate>2016-06-06T12:09:15-07:00</auditDate><auditID>LUCRETIA</auditID><auditStatus>A</auditStatus></auditModel><data1>cap_tabbar</data1><data2>Module Menu/[0]Tab/[23]Evidence[][B]</data2><levelData>N/A</levelData><levelType>Agency</levelType><menuLevel>3</menuLevel><policyI18NModels/><policyName>Menu</policyName><rightGranted>up</rightGranted><status>Y</status></menuItem><menuItem refId="61@MenuItemModel"><policySeq>311872</policySeq><serviceProviderCode>ATOM</serviceProviderCode><auditModel><auditDate>2016-06-06T12:09:15-07:00</auditDate><auditID>LUCRETIA</auditID><auditStatus>A</auditStatus></auditModel><data1>cap_tabbar</data1><data2>Module Menu/[0]Tab/[24]Examination[][B]</data2><levelData>N/A</levelData><levelType>Agency</levelType><menuLevel>3</menuLevel><policyI18NModels/><policyName>Menu</policyName><rightGranted>up</rightGranted><status>Y</status></menuItem><menuItem refId="62@MenuItemModel"><policySeq>311873</policySeq><serviceProviderCode>ATOM</serviceProviderCode><auditModel><auditDate>2016-06-06T12:09:15-07:00</auditDate><auditID>LUCRETIA</auditID><auditStatus>A</auditStatus></auditModel><data1>cap_tabbar</data1><data2>Module Menu/[0]Tab/[25]Fees[][B]</data2><levelData>N/A</levelData><levelType>Agency</levelType><menuLevel>3</menuLevel><policyI18NModels/><policyName>Menu</policyName><rightGranted>up</rightGranted><status>Y</status></menuItem><menuItem refId="63@MenuItemModel"><policySeq>311874</policySeq><serviceProviderCode>ATOM</serviceProviderCode><auditModel><auditDate>2016-06-06T12:09:15-07:00</auditDate><auditID>LUCRETIA</auditID><auditStatus>A</auditStatus></auditModel><data1>cap_tabbar</data1><data2>Module Menu/[0]Tab/[26]Inspections[][B]</data2><levelData>N/A</levelData><levelType>Agency</levelType><menuLevel>3</menuLevel><policyI18NModels/><policyName>Menu</policyName><rightGranted>up</rightGranted><status>Y</status></menuItem><menuItem refId="64@MenuItemModel"><policySeq>311875</policySeq><serviceProviderCode>ATOM</serviceProviderCode><auditModel><auditDate>2016-06-06T12:09:15-07:00</auditDate><auditID>LUCRETIA</auditID><auditStatus>A</auditStatus></auditModel><data1>cap_tabbar</data1><data2>Module Menu/[0]Tab/[27]Meeting[][B]</data2><levelData>N/A</levelData><levelType>Agency</levelType><menuLevel>3</menuLevel><policyI18NModels/><policyName>Menu</policyName><rightGranted>up</rightGranted><status>Y</status></menuItem><menuItem refId="65@MenuItemModel"><policySeq>311876</policySeq><serviceProviderCode>ATOM</serviceProviderCode><auditModel><auditDate>2016-06-06T12:09:15-07:00</auditDate><auditID>LUCRETIA</auditID><auditStatus>A</auditStatus></auditModel><data1>cap_tabbar</data1><data2>Module Menu/[0]Tab/[28]Organization[][B]</data2><levelData>N/A</levelData><levelType>Agency</levelType><menuLevel>3</menuLevel><policyI18NModels/><policyName>Menu</policyName><rightGranted>up</rightGranted><status>Y</status></menuItem><menuItem refId="66@MenuItemModel"><policySeq>311877</policySeq><serviceProviderCode>ATOM</serviceProviderCode><auditModel><auditDate>2016-06-06T12:09:15-07:00</auditDate><auditID>LUCRETIA</auditID><auditStatus>A</auditStatus></auditModel><data1>cap_tabbar</data1><data2>Module Menu/[0]Tab/[29]Owner[][B]</data2><levelData>N/A</levelData><levelType>Agency</levelType><menuLevel>3</menuLevel><policyI18NModels/><policyName>Menu</policyName><rightGranted>up</rightGranted><status>Y</status></menuItem><menuItem refId="67@MenuItemModel"><policySeq>311878</policySeq><serviceProviderCode>ATOM</serviceProviderCode><auditModel><auditDate>2016-06-06T12:09:15-07:00</auditDate><auditID>LUCRETIA</auditID><auditStatus>A</auditStatus></auditModel><data1>cap_tabbar</data1><data2>Module Menu/[0]Tab/[30]Parcel[][B]</data2><levelData>N/A</levelData><levelType>Agency</levelType><menuLevel>3</menuLevel><policyI18NModels/><policyName>Menu</policyName><rightGranted>up</rightGranted><status>Y</status></menuItem><menuItem refId="68@MenuItemModel"><policySeq>311879</policySeq><serviceProviderCode>ATOM</serviceProviderCode><auditModel><auditDate>2016-06-06T12:09:15-07:00</auditDate><auditID>LUCRETIA</auditID><auditStatus>A</auditStatus></auditModel><data1>cap_tabbar</data1><data2>Module Menu/[0]Tab/[31]Part[][B]</data2><levelData>N/A</levelData><levelType>Agency</levelType><menuLevel>3</menuLevel><policyI18NModels/><policyName>Menu</policyName><rightGranted>up</rightGranted><status>Y</status></menuItem><menuItem refId="69@MenuItemModel"><policySeq>311880</policySeq><serviceProviderCode>ATOM</serviceProviderCode><auditModel><auditDate>2016-06-06T12:09:15-07:00</auditDate><auditID>LUCRETIA</auditID><auditStatus>A</auditStatus></auditModel><data1>cap_tabbar</data1><data2>Module Menu/[0]Tab/[32]Payments[][B]</data2><levelData>N/A</levelData><levelType>Agency</levelType><menuLevel>3</menuLevel><policyI18NModels/><policyName>Menu</policyName><rightGranted>up</rightGranted><status>Y</status></menuItem><menuItem refId="70@MenuItemModel"><policySeq>311881</policySeq><serviceProviderCode>ATOM</serviceProviderCode><auditModel><auditDate>2016-06-06T12:09:15-07:00</auditDate><auditID>LUCRETIA</auditID><auditStatus>A</auditStatus></auditModel><data1>cap_tabbar</data1><data2>Module Menu/[0]Tab/[33]PaymentHistory[][B]</data2><levelData>N/A</levelData><levelType>Agency</levelType><menuLevel>3</menuLevel><policyI18NModels/><policyName>Menu</policyName><rightGranted>up</rightGranted><status>Y</status></menuItem><menuItem refId="71@MenuItemModel"><policySeq>311882</policySeq><serviceProviderCode>ATOM</serviceProviderCode><auditModel><auditDate>2016-06-06T12:09:15-07:00</auditDate><auditID>LUCRETIA</auditID><auditStatus>A</auditStatus></auditModel><data1>cap_tabbar</data1><data2>Module Menu/[0]Tab/[34]PMScheduleEditByWO[][B]</data2><levelData>N/A</levelData><levelType>Agency</levelType><menuLevel>3</menuLevel><policyI18NModels/><policyName>Menu</policyName><rightGranted>up</rightGranted><status>Y</status></menuItem><menuItem refId="72@MenuItemModel"><policySeq>311883</policySeq><serviceProviderCode>ATOM</serviceProviderCode><auditModel><auditDate>2016-06-06T12:09:15-07:00</auditDate><auditID>LUCRETIA</auditID><auditStatus>A</auditStatus></auditModel><data1>cap_tabbar</data1><data2>Module Menu/[0]Tab/[35]Professionals[][B]</data2><levelData>N/A</levelData><levelType>Agency</levelType><menuLevel>3</menuLevel><policyI18NModels/><policyName>Menu</policyName><rightGranted>up</rightGranted><status>Y</status></menuItem><menuItem refId="73@MenuItemModel"><policySeq>311884</policySeq><serviceProviderCode>ATOM</serviceProviderCode><auditModel><auditDate>2016-06-06T12:09:15-07:00</auditDate><auditID>LUCRETIA</auditID><auditStatus>A</auditStatus></auditModel><data1>cap_tabbar</data1><data2>Module Menu/[0]Tab/[36]CapDetail[][B]</data2><levelData>N/A</levelData><levelType>Agency</levelType><menuLevel>3</menuLevel><policyI18NModels/><policyName>Menu</policyName><rightGranted>up</rightGranted><status>Y</status></menuItem><menuItem refId="74@MenuItemModel"><policySeq>311885</policySeq><serviceProviderCode>ATOM</serviceProviderCode><auditModel><auditDate>2016-06-06T12:09:15-07:00</auditDate><auditID>LUCRETIA</auditID><auditStatus>A</auditStatus></auditModel><data1>cap_tabbar</data1><data2>Module Menu/[0]Tab/[37]XRefCap[][B]</data2><levelData>N/A</levelData><levelType>Agency</levelType><menuLevel>3</menuLevel><policyI18NModels/><policyName>Menu</policyName><rightGranted>up</rightGranted><status>Y</status></menuItem><menuItem refId="75@MenuItemModel"><policySeq>311886</policySeq><serviceProviderCode>ATOM</serviceProviderCode><auditModel><auditDate>2016-06-06T12:09:15-07:00</auditDate><auditID>LUCRETIA</auditID><auditStatus>A</auditStatus></auditModel><data1>cap_tabbar</data1><data2>Module Menu/[0]Tab/[38]Renewal[][B]</data2><levelData>N/A</levelData><levelType>Agency</levelType><menuLevel>3</menuLevel><policyI18NModels/><policyName>Menu</policyName><rightGranted>up</rightGranted><status>Y</status></menuItem><menuItem refId="76@MenuItemModel"><policySeq>311887</policySeq><serviceProviderCode>ATOM</serviceProviderCode><auditModel><auditDate>2016-06-06T12:09:15-07:00</auditDate><auditID>LUCRETIA</auditID><auditStatus>A</auditStatus></auditModel><data1>cap_tabbar</data1><data2>Module Menu/[0]Tab/[39]RenewalInfo[][B]</data2><levelData>N/A</levelData><levelType>Agency</levelType><menuLevel>3</menuLevel><policyI18NModels/><policyName>Menu</policyName><rightGranted>up</rightGranted><status>Y</status></menuItem><menuItem refId="77@MenuItemModel"><policySeq>311888</policySeq><serviceProviderCode>ATOM</serviceProviderCode><auditModel><auditDate>2016-06-06T12:09:15-07:00</auditDate><auditID>LUCRETIA</auditID><auditStatus>A</auditStatus></auditModel><data1>cap_tabbar</data1><data2>Module Menu/[0]Tab/[40]SecTwnShip[][B]</data2><levelData>N/A</levelData><levelType>Agency</levelType><menuLevel>3</menuLevel><policyI18NModels/><policyName>Menu</policyName><rightGranted>up</rightGranted><status>Y</status></menuItem><menuItem refId="78@MenuItemModel"><policySeq>311889</policySeq><serviceProviderCode>ATOM</serviceProviderCode><auditModel><auditDate>2016-06-06T12:09:15-07:00</auditDate><auditID>LUCRETIA</auditID><auditStatus>A</auditStatus></auditModel><data1>cap_tabbar</data1><data2>Module Menu/[0]Tab/[41]Set[][B]</data2><levelData>N/A</levelData><levelType>Agency</levelType><menuLevel>3</menuLevel><policyI18NModels/><policyName>Menu</policyName><rightGranted>up</rightGranted><status>Y</status></menuItem><menuItem refId="79@MenuItemModel"><policySeq>311890</policySeq><serviceProviderCode>ATOM</serviceProviderCode><auditModel><auditDate>2016-06-06T12:09:15-07:00</auditDate><auditID>LUCRETIA</auditID><auditStatus>A</auditStatus></auditModel><data1>cap_tabbar</data1><data2>Module Menu/[0]Tab/[42]Status[][B]</data2><levelData>N/A</levelData><levelType>Agency</levelType><menuLevel>3</menuLevel><policyI18NModels/><policyName>Menu</policyName><rightGranted>up</rightGranted><status>Y</status></menuItem><menuItem refId="80@MenuItemModel"><policySeq>311891</policySeq><serviceProviderCode>ATOM</serviceProviderCode><auditModel><auditDate>2016-06-06T12:09:15-07:00</auditDate><auditID>LUCRETIA</auditID><auditStatus>A</auditStatus></auditModel><data1>cap_tabbar</data1><data2>Module Menu/[0]Tab/[43]Structures[][B]</data2><levelData>N/A</levelData><levelType>Agency</levelType><menuLevel>3</menuLevel><policyI18NModels/><policyName>Menu</policyName><rightGranted>up</rightGranted><status>Y</status></menuItem><menuItem refId="81@MenuItemModel"><policySeq>311892</policySeq><serviceProviderCode>ATOM</serviceProviderCode><auditModel><auditDate>2016-06-06T12:09:15-07:00</auditDate><auditID>LUCRETIA</auditID><auditStatus>A</auditStatus></auditModel><data1>cap_tabbar</data1><data2>Module Menu/[0]Tab/[44]StructuresEstablishments[][B]</data2><levelData>N/A</levelData><levelType>Agency</levelType><menuLevel>3</menuLevel><policyI18NModels/><policyName>Menu</policyName><rightGranted>up</rightGranted><status>Y</status></menuItem><menuItem refId="82@MenuItemModel"><policySeq>311893</policySeq><serviceProviderCode>ATOM</serviceProviderCode><auditModel><auditDate>2016-06-06T12:09:15-07:00</auditDate><auditID>LUCRETIA</auditID><auditStatus>A</auditStatus></auditModel><data1>cap_tabbar</data1><data2>Module Menu/[0]Tab/[45]CapTabSummary[][B]</data2><levelData>N/A</levelData><levelType>Agency</levelType><menuLevel>3</menuLevel><policyI18NModels/><policyName>Menu</policyName><rightGranted>up</rightGranted><status>Y</status></menuItem><menuItem refId="83@MenuItemModel"><policySeq>311894</policySeq><serviceProviderCode>ATOM</serviceProviderCode><auditModel><auditDate>2016-06-06T12:09:15-07:00</auditDate><auditID>LUCRETIA</auditID><auditStatus>A</auditStatus></auditModel><data1>cap_tabbar</data1><data2>Module Menu/[0]Tab/[46]TrustAccounts[][B]</data2><levelData>N/A</levelData><levelType>Agency</levelType><menuLevel>3</menuLevel><policyI18NModels/><policyName>Menu</policyName><rightGranted>up</rightGranted><status>Y</status></menuItem><menuItem refId="84@MenuItemModel"><policySeq>311895</policySeq><serviceProviderCode>ATOM</serviceProviderCode><auditModel><auditDate>2016-06-06T12:09:15-07:00</auditDate><auditID>LUCRETIA</auditID><auditStatus>A</auditStatus></auditModel><data1>cap_tabbar</data1><data2>Module Menu/[0]Tab/[47]FeeValuation[][B]</data2><levelData>N/A</levelData><levelType>Agency</levelType><menuLevel>3</menuLevel><policyI18NModels/><policyName>Menu</policyName><rightGranted>up</rightGranted><status>Y</status></menuItem><menuItem refId="85@MenuItemModel"><policySeq>311896</policySeq><serviceProviderCode>ATOM</serviceProviderCode><auditModel><auditDate>2016-06-06T12:09:15-07:00</auditDate><auditID>LUCRETIA</auditID><auditStatus>A</auditStatus></auditModel><data1>cap_tabbar</data1><data2>Module Menu/[0]Tab/[48]Workflow[][B]</data2><levelData>N/A</levelData><levelType>Agency</levelType><menuLevel>3</menuLevel><policyI18NModels/><policyName>Menu</policyName><rightGranted>up</rightGranted><status>Y</status></menuItem><menuItem refId="86@MenuItemModel"><policySeq>311897</policySeq><serviceProviderCode>ATOM</serviceProviderCode><auditModel><auditDate>2016-06-06T12:09:15-07:00</auditDate><auditID>LUCRETIA</auditID><auditStatus>A</auditStatus></auditModel><data1>cap_tabbar</data1><data2>Module Menu/[0]Tab/[49]History[][B]</data2><levelData>N/A</levelData><levelType>Agency</levelType><menuLevel>3</menuLevel><policyI18NModels/><policyName>Menu</policyName><rightGranted>up</rightGranted><status>Y</status></menuItem><menuItem refId="87@MenuItemModel"><policySeq>311898</policySeq><serviceProviderCode>ATOM</serviceProviderCode><auditModel><auditDate>2016-06-06T12:09:15-07:00</auditDate><auditID>LUCRETIA</auditID><auditStatus>A</auditStatus></auditModel><data1>cap_tabbar</data1><data2>Module Menu/[0]Tab/[50]WorkOrderTask[][B]</data2><levelData>N/A</levelData><levelType>Agency</levelType><menuLevel>3</menuLevel><policyI18NModels/><policyName>Menu</policyName><rightGranted>up</rightGranted><status>Y</status></menuItem></menuItemModels><menuName>Module Menu/[0]Tab%</menuName></menu></menuModels><menuName>Module Menu%</menuName><upperMenuLevel refId="88@MenuLevelVirtualModel"><data1>cap_tabbar</data1><levelData>N/A</levelData><levelType>Agency</levelType><menuLevel>1</menuLevel><MenuLevelModels/><policyName>Menu</policyName><serviceProviderCode>ATOM</serviceProviderCode></upperMenuLevel></menuTemplate>
</list>