<?xml version="1.0" encoding="UTF-8" standalone="yes"?>
<list  version="8.0.0" minorVersion="15" exportUser="ADMIN" exportDateTime="03/30/2016 09:15 PM" description="null"><sequence refId="1@SequenceModel"><name>Default</name><serviceProviderCode>BPTDEV</serviceProviderCode><type>Cap Key</type><auditModel><auditDate>2011-06-06T11:25:34-06:00</auditDate><auditID>SYSTEM</auditID><auditStatus>A</auditStatus></auditModel><cacheSize>1</cacheSize><description>Default Cap Key</description><increaseValue>1</increaseValue><intervalType>CY</intervalType><minValue>1</minValue><resetAction>E</resetAction><resetValue>60466175</resetValue><sequenceIntervalModels><sequenceInterval><intervalName>CY2011</intervalName><sequenceName>Default</sequenceName><sequenceType>Cap Key</sequenceType><serviceProviderCode>BPTDEV</serviceProviderCode><auditModel><auditDate>2011-12-29T12:44:35-07:00</auditDate><auditID>SYSTEM@(*&amp;$@#</auditID><auditStatus>A</auditStatus></auditModel><lastSequenceNbr>0</lastSequenceNbr></sequenceInterval><sequenceInterval><intervalName>CY2012</intervalName><sequenceName>Default</sequenceName><sequenceType>Cap Key</sequenceType><serviceProviderCode>BPTDEV</serviceProviderCode><auditModel><auditDate>2012-09-17T09:40:48-06:00</auditDate><auditID>SYSTEM@(*&amp;$@#</auditID><auditStatus>A</auditStatus></auditModel><lastSequenceNbr>0</lastSequenceNbr></sequenceInterval><sequenceInterval><intervalName>CY2013</intervalName><sequenceName>Default</sequenceName><sequenceType>Cap Key</sequenceType><serviceProviderCode>BPTDEV</serviceProviderCode><auditModel><auditDate>2013-12-02T14:57:50-07:00</auditDate><auditID>SYSTEM@(*&amp;$@#</auditID><auditStatus>A</auditStatus></auditModel><lastSequenceNbr>0</lastSequenceNbr></sequenceInterval><sequenceInterval><intervalName>CY2014</intervalName><sequenceName>Default</sequenceName><sequenceType>Cap Key</sequenceType><serviceProviderCode>BPTDEV</serviceProviderCode><auditModel><auditDate>2014-09-22T12:54:31-06:00</auditDate><auditID>SYSTEM@(*&amp;$@#</auditID><auditStatus>A</auditStatus></auditModel><lastSequenceNbr>0</lastSequenceNbr></sequenceInterval><sequenceInterval><intervalName>CY2015</intervalName><sequenceName>Default</sequenceName><sequenceType>Cap Key</sequenceType><serviceProviderCode>BPTDEV</serviceProviderCode><auditModel><auditDate>2015-12-17T15:58:44-07:00</auditDate><auditID>SYSTEM@(*&amp;$@#</auditID><auditStatus>A</auditStatus></auditModel><lastSequenceNbr>497</lastSequenceNbr></sequenceInterval><sequenceInterval><intervalName>CY2016</intervalName><sequenceName>Default</sequenceName><sequenceType>Cap Key</sequenceType><serviceProviderCode>BPTDEV</serviceProviderCode><auditModel><auditDate>2016-03-28T14:33:41-06:00</auditDate><auditID>SYSTEM@(*&amp;$@#</auditID><auditStatus>A</auditStatus></auditModel><lastSequenceNbr>90</lastSequenceNbr></sequenceInterval></sequenceIntervalModels></sequence>
<sequence refId="1@SequenceModel"><name>Licenses/Business//Application</name><serviceProviderCode>BPTDEV</serviceProviderCode><type>Cap ID</type><auditModel><auditDate>2013-11-20T16:04:50-07:00</auditDate><auditID>SYSTEM</auditID><auditStatus>A</auditStatus></auditModel><cacheSize>1</cacheSize><description> </description><increaseValue>1</increaseValue><intervalType>CY</intervalType><minValue>1</minValue><resetAction>E</resetAction><resetValue>99999</resetValue><sequenceIntervalModels><sequenceInterval><intervalName>CY2014</intervalName><sequenceName>Licenses/Business//Application</sequenceName><sequenceType>Cap ID</sequenceType><serviceProviderCode>BPTDEV</serviceProviderCode><auditModel><auditDate>2014-08-27T15:41:26-06:00</auditDate><auditID>SYSTEM@(*&amp;$@#</auditID><auditStatus>A</auditStatus></auditModel><lastSequenceNbr>0</lastSequenceNbr></sequenceInterval><sequenceInterval><intervalName>CY2015</intervalName><sequenceName>Licenses/Business//Application</sequenceName><sequenceType>Cap ID</sequenceType><serviceProviderCode>BPTDEV</serviceProviderCode><auditModel><auditDate>2015-12-17T15:40:20-07:00</auditDate><auditID>SYSTEM@(*&amp;$@#</auditID><auditStatus>A</auditStatus></auditModel><lastSequenceNbr>33</lastSequenceNbr></sequenceInterval><sequenceInterval><intervalName>CY2016</intervalName><sequenceName>Licenses/Business//Application</sequenceName><sequenceType>Cap ID</sequenceType><serviceProviderCode>BPTDEV</serviceProviderCode><auditModel><auditDate>2016-03-23T17:18:15-06:00</auditDate><auditID>SYSTEM@(*&amp;$@#</auditID><auditStatus>A</auditStatus></auditModel><lastSequenceNbr>8</lastSequenceNbr></sequenceInterval></sequenceIntervalModels></sequence>
<sequence refId="1@SequenceModel"><name>Default</name><serviceProviderCode>BPTDEV</serviceProviderCode><type>Partial CAP ID</type><auditModel><auditDate>2008-03-10T17:29:47-06:00</auditDate><auditID>ADMIN</auditID><auditStatus>A</auditStatus></auditModel><cacheSize>1</cacheSize><description>Default sequence Definition for Partial CAP ID</description><increaseValue>1</increaseValue><intervalType>CY</intervalType><minValue>1</minValue><resetAction>E</resetAction><resetValue>999999</resetValue><sequenceIntervalModels><sequenceInterval><intervalName>CY</intervalName><sequenceName>Default</sequenceName><sequenceType>Partial CAP ID</sequenceType><serviceProviderCode>BPTDEV</serviceProviderCode><auditModel><auditDate>2008-03-11T07:29:47-06:00</auditDate><auditID>ADMIN</auditID><auditStatus>A</auditStatus></auditModel><lastSequenceNbr>0</lastSequenceNbr></sequenceInterval><sequenceInterval><intervalName>CY2011</intervalName><sequenceName>Default</sequenceName><sequenceType>Partial CAP ID</sequenceType><serviceProviderCode>BPTDEV</serviceProviderCode><auditModel><auditDate>2011-12-15T11:32:10-07:00</auditDate><auditID>SYSTEM@(*&amp;$@#</auditID><auditStatus>A</auditStatus></auditModel><lastSequenceNbr>0</lastSequenceNbr></sequenceInterval><sequenceInterval><intervalName>CY2012</intervalName><sequenceName>Default</sequenceName><sequenceType>Partial CAP ID</sequenceType><serviceProviderCode>BPTDEV</serviceProviderCode><auditModel><auditDate>2012-08-28T13:22:45-06:00</auditDate><auditID>SYSTEM@(*&amp;$@#</auditID><auditStatus>A</auditStatus></auditModel><lastSequenceNbr>0</lastSequenceNbr></sequenceInterval><sequenceInterval><intervalName>CY2013</intervalName><sequenceName>Default</sequenceName><sequenceType>Partial CAP ID</sequenceType><serviceProviderCode>BPTDEV</serviceProviderCode><auditModel><auditDate>2013-08-19T14:12:02-06:00</auditDate><auditID>SYSTEM@(*&amp;$@#</auditID><auditStatus>A</auditStatus></auditModel><lastSequenceNbr>0</lastSequenceNbr></sequenceInterval><sequenceInterval><intervalName>CY2015</intervalName><sequenceName>Default</sequenceName><sequenceType>Partial CAP ID</sequenceType><serviceProviderCode>BPTDEV</serviceProviderCode><auditModel><auditDate>2015-12-16T00:33:48-07:00</auditDate><auditID>SYSTEM@(*&amp;$@#</auditID><auditStatus>A</auditStatus></auditModel><lastSequenceNbr>1</lastSequenceNbr></sequenceInterval></sequenceIntervalModels></sequence>
<sequence refId="1@SequenceModel"><name>Agency-Receipt</name><serviceProviderCode>BPTDEV</serviceProviderCode><type>Receipt</type><auditModel><auditDate>2011-08-09T07:07:28-06:00</auditDate><auditID>SYSTEM</auditID><auditStatus>A</auditStatus></auditModel><cacheSize>1</cacheSize><description>Sequence Definition for Receipt Number</description><increaseValue>1</increaseValue><intervalType>N</intervalType><minValue>1</minValue><resetAction>E</resetAction><resetValue>999999999999</resetValue><sequenceIntervalModels><sequenceInterval><intervalName>N</intervalName><sequenceName>Agency-Receipt</sequenceName><sequenceType>Receipt</sequenceType><serviceProviderCode>BPTDEV</serviceProviderCode><auditModel><auditDate>2016-03-24T18:45:26-06:00</auditDate><auditID>ADMIN</auditID><auditStatus>A</auditStatus></auditModel><lastSequenceNbr>181</lastSequenceNbr></sequenceInterval></sequenceIntervalModels></sequence>
<sequence refId="1@SequenceModel"><name>Default</name><serviceProviderCode>BPTDEV</serviceProviderCode><type>Temporary CAP ID</type><auditModel><auditDate>2008-03-11T07:29:47-06:00</auditDate><auditID>ADMIN</auditID><auditStatus>A</auditStatus></auditModel><cacheSize>1</cacheSize><description>Default sequence Definition for Temporary CAP ID</description><increaseValue>1</increaseValue><intervalType>CY</intervalType><minValue>1</minValue><resetAction>E</resetAction><resetValue>999999</resetValue><sequenceIntervalModels><sequenceInterval><intervalName>CY</intervalName><sequenceName>Default</sequenceName><sequenceType>Temporary CAP ID</sequenceType><serviceProviderCode>BPTDEV</serviceProviderCode><auditModel><auditDate>2008-03-11T07:29:47-06:00</auditDate><auditID>ADMIN</auditID><auditStatus>A</auditStatus></auditModel><lastSequenceNbr>0</lastSequenceNbr></sequenceInterval><sequenceInterval><intervalName>CY2011</intervalName><sequenceName>Default</sequenceName><sequenceType>Temporary CAP ID</sequenceType><serviceProviderCode>BPTDEV</serviceProviderCode><auditModel><auditDate>2011-12-15T11:24:20-07:00</auditDate><auditID>SYSTEM@(*&amp;$@#</auditID><auditStatus>A</auditStatus></auditModel><lastSequenceNbr>0</lastSequenceNbr></sequenceInterval><sequenceInterval><intervalName>CY2012</intervalName><sequenceName>Default</sequenceName><sequenceType>Temporary CAP ID</sequenceType><serviceProviderCode>BPTDEV</serviceProviderCode><auditModel><auditDate>2012-12-05T15:22:03-07:00</auditDate><auditID>SYSTEM@(*&amp;$@#</auditID><auditStatus>A</auditStatus></auditModel><lastSequenceNbr>0</lastSequenceNbr></sequenceInterval><sequenceInterval><intervalName>CY2013</intervalName><sequenceName>Default</sequenceName><sequenceType>Temporary CAP ID</sequenceType><serviceProviderCode>BPTDEV</serviceProviderCode><auditModel><auditDate>2013-11-05T13:49:13-07:00</auditDate><auditID>SYSTEM@(*&amp;$@#</auditID><auditStatus>A</auditStatus></auditModel><lastSequenceNbr>0</lastSequenceNbr></sequenceInterval><sequenceInterval><intervalName>CY2014</intervalName><sequenceName>Default</sequenceName><sequenceType>Temporary CAP ID</sequenceType><serviceProviderCode>BPTDEV</serviceProviderCode><auditModel><auditDate>2014-09-16T10:35:59-06:00</auditDate><auditID>SYSTEM@(*&amp;$@#</auditID><auditStatus>A</auditStatus></auditModel><lastSequenceNbr>0</lastSequenceNbr></sequenceInterval><sequenceInterval><intervalName>CY2015</intervalName><sequenceName>Default</sequenceName><sequenceType>Temporary CAP ID</sequenceType><serviceProviderCode>BPTDEV</serviceProviderCode><auditModel><auditDate>2015-12-17T15:57:55-07:00</auditDate><auditID>SYSTEM@(*&amp;$@#</auditID><auditStatus>A</auditStatus></auditModel><lastSequenceNbr>236</lastSequenceNbr></sequenceInterval><sequenceInterval><intervalName>CY2016</intervalName><sequenceName>Default</sequenceName><sequenceType>Temporary CAP ID</sequenceType><serviceProviderCode>BPTDEV</serviceProviderCode><auditModel><auditDate>2016-03-25T13:54:26-06:00</auditDate><auditID>SYSTEM@(*&amp;$@#</auditID><auditStatus>A</auditStatus></auditModel><lastSequenceNbr>32</lastSequenceNbr></sequenceInterval></sequenceIntervalModels></sequence>
<sequence refId="1@SequenceModel"><name>Licenses/Business//License</name><serviceProviderCode>BPTDEV</serviceProviderCode><type>Cap ID</type><auditModel><auditDate>2013-11-20T16:07:04-07:00</auditDate><auditID>SYSTEM</auditID><auditStatus>A</auditStatus></auditModel><cacheSize>1</cacheSize><description> </description><increaseValue>1</increaseValue><intervalType>N</intervalType><minValue>1</minValue><resetAction>E</resetAction><resetValue>99999</resetValue><sequenceIntervalModels><sequenceInterval><intervalName>N</intervalName><sequenceName>Licenses/Business//License</sequenceName><sequenceType>Cap ID</sequenceType><serviceProviderCode>BPTDEV</serviceProviderCode><auditModel><auditDate>2016-03-23T17:20:07-06:00</auditDate><auditID>SYSTEM@(*&amp;$@#</auditID><auditStatus>A</auditStatus></auditModel><lastSequenceNbr>32</lastSequenceNbr></sequenceInterval></sequenceIntervalModels></sequence>
<sequence refId="1@SequenceModel"><name>Licenses/Business//Renewal</name><serviceProviderCode>BPTDEV</serviceProviderCode><type>Cap ID</type><auditModel><auditDate>2013-11-20T16:06:39-07:00</auditDate><auditID>SYSTEM</auditID><auditStatus>A</auditStatus></auditModel><cacheSize>1</cacheSize><description> </description><increaseValue>1</increaseValue><intervalType>CY</intervalType><minValue>1</minValue><resetAction>E</resetAction><resetValue>99999</resetValue><sequenceIntervalModels><sequenceInterval><intervalName>CY2014</intervalName><sequenceName>Licenses/Business//Renewal</sequenceName><sequenceType>Cap ID</sequenceType><serviceProviderCode>BPTDEV</serviceProviderCode><auditModel><auditDate>2014-08-20T12:26:42-06:00</auditDate><auditID>SYSTEM@(*&amp;$@#</auditID><auditStatus>A</auditStatus></auditModel><lastSequenceNbr>0</lastSequenceNbr></sequenceInterval><sequenceInterval><intervalName>CY2015</intervalName><sequenceName>Licenses/Business//Renewal</sequenceName><sequenceType>Cap ID</sequenceType><serviceProviderCode>BPTDEV</serviceProviderCode><auditModel><auditDate>2015-12-17T15:58:44-07:00</auditDate><auditID>SYSTEM@(*&amp;$@#</auditID><auditStatus>A</auditStatus></auditModel><lastSequenceNbr>17</lastSequenceNbr></sequenceInterval><sequenceInterval><intervalName>CY2016</intervalName><sequenceName>Licenses/Business//Renewal</sequenceName><sequenceType>Cap ID</sequenceType><serviceProviderCode>BPTDEV</serviceProviderCode><auditModel><auditDate>2016-03-23T17:25:06-06:00</auditDate><auditID>SYSTEM@(*&amp;$@#</auditID><auditStatus>A</auditStatus></auditModel><lastSequenceNbr>7</lastSequenceNbr></sequenceInterval></sequenceIntervalModels></sequence>
<sequence refId="1@SequenceModel"><name>AMS/Electric//</name><serviceProviderCode>BPTDEV</serviceProviderCode><type>Cap ID</type><auditModel><auditDate>2014-03-11T17:08:37-06:00</auditDate><auditID>SYSTEM</auditID><auditStatus>A</auditStatus></auditModel><cacheSize>1</cacheSize><description> </description><increaseValue>1</increaseValue><intervalType>CY</intervalType><minValue>1</minValue><resetAction>E</resetAction><resetValue>99999</resetValue><sequenceIntervalModels><sequenceInterval><intervalName>CY2014</intervalName><sequenceName>AMS/Electric//</sequenceName><sequenceType>Cap ID</sequenceType><serviceProviderCode>BPTDEV</serviceProviderCode><auditModel><auditDate>2014-06-03T13:45:42-06:00</auditDate><auditID>SYSTEM@(*&amp;$@#</auditID><auditStatus>A</auditStatus></auditModel><lastSequenceNbr>0</lastSequenceNbr></sequenceInterval></sequenceIntervalModels></sequence>
</list>