<?xml version="1.0" encoding="UTF-8" standalone="yes"?>
<list  version="8.0.0" minorVersion="15" exportUser="ADMIN" exportDateTime="03/30/2016 09:15 PM" description="null"><sharedDropDownListModel><name>LIC_BUS_TYPE</name><serviceProviderCode>BPTDEV</serviceProviderCode><auditModel><auditDate>2012-02-27T18:36:21-07:00</auditDate><auditID>ADMIN</auditID><auditStatus>A</auditStatus></auditModel><description>Business Ownership Type</description><sharedDropDownList><sharedDropDownValue><bdvSeqNbr>4656</bdvSeqNbr><servProvCode>BPTDEV</servProvCode><auditModel><auditDate>2011-11-02T15:36:25-06:00</auditDate><auditID>ADMIN</auditID><auditStatus>A</auditStatus></auditModel><bizdomain>LIC_BUS_TYPE</bizdomain><bizdomainValue>Corporation</bizdomainValue><sortOrder>0</sortOrder><standardChoiceValueI18NModels/></sharedDropDownValue><sharedDropDownValue><bdvSeqNbr>4653</bdvSeqNbr><servProvCode>BPTDEV</servProvCode><auditModel><auditDate>2011-11-02T15:36:03-06:00</auditDate><auditID>ADMIN</auditID><auditStatus>A</auditStatus></auditModel><bizdomain>LIC_BUS_TYPE</bizdomain><bizdomainValue>Individual</bizdomainValue><sortOrder>0</sortOrder><standardChoiceValueI18NModels/></sharedDropDownValue><sharedDropDownValue><bdvSeqNbr>4655</bdvSeqNbr><servProvCode>BPTDEV</servProvCode><auditModel><auditDate>2011-11-02T15:36:17-06:00</auditDate><auditID>ADMIN</auditID><auditStatus>A</auditStatus></auditModel><bizdomain>LIC_BUS_TYPE</bizdomain><bizdomainValue>Limited Liability Company</bizdomainValue><sortOrder>0</sortOrder><standardChoiceValueI18NModels/></sharedDropDownValue><sharedDropDownValue><bdvSeqNbr>4654</bdvSeqNbr><servProvCode>BPTDEV</servProvCode><auditModel><auditDate>2011-11-02T15:36:09-06:00</auditDate><auditID>ADMIN</auditID><auditStatus>A</auditStatus></auditModel><bizdomain>LIC_BUS_TYPE</bizdomain><bizdomainValue>Partnership</bizdomainValue><sortOrder>0</sortOrder><standardChoiceValueI18NModels/></sharedDropDownValue><sharedDropDownValue><bdvSeqNbr>4657</bdvSeqNbr><servProvCode>BPTDEV</servProvCode><auditModel><auditDate>2011-11-02T15:36:29-06:00</auditDate><auditID>ADMIN</auditID><auditStatus>A</auditStatus></auditModel><bizdomain>LIC_BUS_TYPE</bizdomain><bizdomainValue>Trust</bizdomainValue><sortOrder>0</sortOrder><standardChoiceValueI18NModels/></sharedDropDownValue></sharedDropDownList><type>ShareDropDown</type></sharedDropDownListModel>
<sharedDropDownListModel><name>LIC_GENERAL BUSINESS TYPES</name><serviceProviderCode>BPTDEV</serviceProviderCode><auditModel><auditDate>2014-01-29T08:08:56-07:00</auditDate><auditID>ADMIN</auditID><auditStatus>A</auditStatus></auditModel><description>List of Business Types for the General Business License option</description><sharedDropDownList><sharedDropDownValue><bdvSeqNbr>104594436</bdvSeqNbr><servProvCode>BPTDEV</servProvCode><auditModel><auditDate>2014-01-29T08:13:30-07:00</auditDate><auditID>ADMIN</auditID><auditStatus>A</auditStatus></auditModel><bizdomain>LIC_GENERAL BUSINESS TYPES</bizdomain><bizdomainValue>Amusement</bizdomainValue><sortOrder>10</sortOrder><standardChoiceValueI18NModels/></sharedDropDownValue><sharedDropDownValue><bdvSeqNbr>104594437</bdvSeqNbr><servProvCode>BPTDEV</servProvCode><auditModel><auditDate>2014-01-29T08:13:30-07:00</auditDate><auditID>ADMIN</auditID><auditStatus>A</auditStatus></auditModel><bizdomain>LIC_GENERAL BUSINESS TYPES</bizdomain><bizdomainValue>Entertainment</bizdomainValue><sortOrder>20</sortOrder><standardChoiceValueI18NModels/></sharedDropDownValue><sharedDropDownValue><bdvSeqNbr>104594438</bdvSeqNbr><servProvCode>BPTDEV</servProvCode><auditModel><auditDate>2014-01-29T08:13:30-07:00</auditDate><auditID>ADMIN</auditID><auditStatus>A</auditStatus></auditModel><bizdomain>LIC_GENERAL BUSINESS TYPES</bizdomain><bizdomainValue>Home Occupation</bizdomainValue><sortOrder>30</sortOrder><standardChoiceValueI18NModels/></sharedDropDownValue><sharedDropDownValue><bdvSeqNbr>104594361</bdvSeqNbr><servProvCode>BPTDEV</servProvCode><auditModel><auditDate>2014-01-29T08:13:30-07:00</auditDate><auditID>ADMIN</auditID><auditStatus>A</auditStatus></auditModel><bizdomain>LIC_GENERAL BUSINESS TYPES</bizdomain><bizdomainValue>Hotel-Motel-Lodging</bizdomainValue><sortOrder>40</sortOrder><standardChoiceValueI18NModels/></sharedDropDownValue><sharedDropDownValue><bdvSeqNbr>104594439</bdvSeqNbr><servProvCode>BPTDEV</servProvCode><auditModel><auditDate>2014-01-29T08:13:30-07:00</auditDate><auditID>ADMIN</auditID><auditStatus>A</auditStatus></auditModel><bizdomain>LIC_GENERAL BUSINESS TYPES</bizdomain><bizdomainValue>Manufacturer</bizdomainValue><sortOrder>50</sortOrder><standardChoiceValueI18NModels/></sharedDropDownValue><sharedDropDownValue><bdvSeqNbr>104594359</bdvSeqNbr><servProvCode>BPTDEV</servProvCode><auditModel><auditDate>2014-01-29T08:13:30-07:00</auditDate><auditID>ADMIN</auditID><auditStatus>A</auditStatus></auditModel><bizdomain>LIC_GENERAL BUSINESS TYPES</bizdomain><bizdomainValue>Nightclub-Bar</bizdomainValue><sortOrder>60</sortOrder><standardChoiceValueI18NModels/></sharedDropDownValue><sharedDropDownValue><bdvSeqNbr>104594360</bdvSeqNbr><servProvCode>BPTDEV</servProvCode><auditModel><auditDate>2014-01-29T08:13:30-07:00</auditDate><auditID>ADMIN</auditID><auditStatus>A</auditStatus></auditModel><bizdomain>LIC_GENERAL BUSINESS TYPES</bizdomain><bizdomainValue>Professional</bizdomainValue><sortOrder>70</sortOrder><standardChoiceValueI18NModels/></sharedDropDownValue><sharedDropDownValue><bdvSeqNbr>104594358</bdvSeqNbr><servProvCode>BPTDEV</servProvCode><auditModel><auditDate>2014-01-29T08:13:15-07:00</auditDate><auditID>ADMIN</auditID><auditStatus>A</auditStatus></auditModel><bizdomain>LIC_GENERAL BUSINESS TYPES</bizdomain><bizdomainValue>Restaurant</bizdomainValue><sortOrder>80</sortOrder><standardChoiceValueI18NModels/></sharedDropDownValue><sharedDropDownValue><bdvSeqNbr>104594357</bdvSeqNbr><servProvCode>BPTDEV</servProvCode><auditModel><auditDate>2014-01-29T08:13:15-07:00</auditDate><auditID>ADMIN</auditID><auditStatus>A</auditStatus></auditModel><bizdomain>LIC_GENERAL BUSINESS TYPES</bizdomain><bizdomainValue>Retail</bizdomainValue><sortOrder>90</sortOrder><standardChoiceValueI18NModels/></sharedDropDownValue><sharedDropDownValue><bdvSeqNbr>104594440</bdvSeqNbr><servProvCode>BPTDEV</servProvCode><auditModel><auditDate>2014-01-29T08:13:15-07:00</auditDate><auditID>ADMIN</auditID><auditStatus>A</auditStatus></auditModel><bizdomain>LIC_GENERAL BUSINESS TYPES</bizdomain><bizdomainValue>Service</bizdomainValue><sortOrder>100</sortOrder><standardChoiceValueI18NModels/></sharedDropDownValue><sharedDropDownValue><bdvSeqNbr>104594441</bdvSeqNbr><servProvCode>BPTDEV</servProvCode><auditModel><auditDate>2014-01-29T08:13:30-07:00</auditDate><auditID>ADMIN</auditID><auditStatus>A</auditStatus></auditModel><bizdomain>LIC_GENERAL BUSINESS TYPES</bizdomain><bizdomainValue>Street Vendor</bizdomainValue><sortOrder>110</sortOrder><standardChoiceValueI18NModels/></sharedDropDownValue><sharedDropDownValue><bdvSeqNbr>104594442</bdvSeqNbr><servProvCode>BPTDEV</servProvCode><auditModel><auditDate>2014-01-29T08:13:30-07:00</auditDate><auditID>ADMIN</auditID><auditStatus>A</auditStatus></auditModel><bizdomain>LIC_GENERAL BUSINESS TYPES</bizdomain><bizdomainValue>Vehicle for Hire</bizdomainValue><sortOrder>120</sortOrder><standardChoiceValueI18NModels/></sharedDropDownValue><sharedDropDownValue><bdvSeqNbr>104594443</bdvSeqNbr><servProvCode>BPTDEV</servProvCode><auditModel><auditDate>2014-01-29T08:13:30-07:00</auditDate><auditID>ADMIN</auditID><auditStatus>A</auditStatus></auditModel><bizdomain>LIC_GENERAL BUSINESS TYPES</bizdomain><bizdomainValue>Wholesaler</bizdomainValue><sortOrder>130</sortOrder><standardChoiceValueI18NModels/></sharedDropDownValue></sharedDropDownList><type>ShareDropDown</type></sharedDropDownListModel>
<sharedDropDownListModel><name>LIC_HOME_OCC_WORK_TYPE</name><serviceProviderCode>BPTDEV</serviceProviderCode><auditModel><auditDate>2013-12-12T12:04:12-07:00</auditDate><auditID>ADMIN</auditID><auditStatus>A</auditStatus></auditModel><description>Home Occupancy Work Types</description><sharedDropDownList><sharedDropDownValue><bdvSeqNbr>104594266</bdvSeqNbr><servProvCode>BPTDEV</servProvCode><auditModel><auditDate>2013-12-12T17:48:32-07:00</auditDate><auditID>ADMIN</auditID><auditStatus>A</auditStatus></auditModel><bizdomain>LIC_HOME_OCC_WORK_TYPE</bizdomain><bizdomainValue>Administrative</bizdomainValue><sortOrder>10</sortOrder><standardChoiceValueI18NModels/></sharedDropDownValue><sharedDropDownValue><bdvSeqNbr>104594279</bdvSeqNbr><servProvCode>BPTDEV</servProvCode><auditModel><auditDate>2013-12-12T17:48:32-07:00</auditDate><auditID>ADMIN</auditID><auditStatus>A</auditStatus></auditModel><bizdomain>LIC_HOME_OCC_WORK_TYPE</bizdomain><bizdomainValue>Bookkeeping</bizdomainValue><sortOrder>20</sortOrder><standardChoiceValueI18NModels/></sharedDropDownValue><sharedDropDownValue><bdvSeqNbr>104594278</bdvSeqNbr><servProvCode>BPTDEV</servProvCode><auditModel><auditDate>2013-12-12T17:48:32-07:00</auditDate><auditID>ADMIN</auditID><auditStatus>A</auditStatus></auditModel><bizdomain>LIC_HOME_OCC_WORK_TYPE</bizdomain><bizdomainValue>Consulting</bizdomainValue><sortOrder>30</sortOrder><standardChoiceValueI18NModels/></sharedDropDownValue><sharedDropDownValue><bdvSeqNbr>104594267</bdvSeqNbr><servProvCode>BPTDEV</servProvCode><auditModel><auditDate>2013-12-12T17:48:32-07:00</auditDate><auditID>ADMIN</auditID><auditStatus>A</auditStatus></auditModel><bizdomain>LIC_HOME_OCC_WORK_TYPE</bizdomain><bizdomainValue>Educational Services</bizdomainValue><sortOrder>40</sortOrder><standardChoiceValueI18NModels/></sharedDropDownValue><sharedDropDownValue><bdvSeqNbr>104594270</bdvSeqNbr><servProvCode>BPTDEV</servProvCode><auditModel><auditDate>2013-12-12T17:48:32-07:00</auditDate><auditID>ADMIN</auditID><auditStatus>A</auditStatus></auditModel><bizdomain>LIC_HOME_OCC_WORK_TYPE</bizdomain><bizdomainValue>Other</bizdomainValue><sortOrder>70</sortOrder><standardChoiceValueI18NModels/></sharedDropDownValue><sharedDropDownValue><bdvSeqNbr>104594268</bdvSeqNbr><servProvCode>BPTDEV</servProvCode><auditModel><auditDate>2013-12-12T17:48:32-07:00</auditDate><auditID>ADMIN</auditID><auditStatus>A</auditStatus></auditModel><bizdomain>LIC_HOME_OCC_WORK_TYPE</bizdomain><bizdomainValue>Processing of Goods</bizdomainValue><sortOrder>50</sortOrder><standardChoiceValueI18NModels/></sharedDropDownValue><sharedDropDownValue><bdvSeqNbr>104594269</bdvSeqNbr><servProvCode>BPTDEV</servProvCode><auditModel><auditDate>2013-12-12T17:48:32-07:00</auditDate><auditID>ADMIN</auditID><auditStatus>A</auditStatus></auditModel><bizdomain>LIC_HOME_OCC_WORK_TYPE</bizdomain><bizdomainValue>Telephoning</bizdomainValue><sortOrder>60</sortOrder><standardChoiceValueI18NModels/></sharedDropDownValue></sharedDropDownList><type>ShareDropDown</type></sharedDropDownListModel>
<sharedDropDownListModel><name>LIC_MJ_APPLICANT_LAWFUL_PRESENCE</name><serviceProviderCode>BPTDEV</serviceProviderCode><auditModel><auditDate>2015-12-11T11:50:19-07:00</auditDate><auditID>ADMIN</auditID><auditStatus>A</auditStatus></auditModel><description>Share ddl for all Marijuana Medical Record types custom field "Applicant Lawful Presence"</description><sharedDropDownList><sharedDropDownValue><bdvSeqNbr>105210310</bdvSeqNbr><servProvCode>BPTDEV</servProvCode><auditModel><auditDate>2015-12-11T11:50:35-07:00</auditDate><auditID>ADMIN</auditID><auditStatus>A</auditStatus></auditModel><bizdomain>LIC_MJ_APPLICANT_LAWFUL_PRESENCE</bizdomain><bizdomainValue>Lawfully Present in the United States Pursuant Federal Law</bizdomainValue><sortOrder>1</sortOrder><standardChoiceValueI18NModels/></sharedDropDownValue><sharedDropDownValue><bdvSeqNbr>105210311</bdvSeqNbr><servProvCode>BPTDEV</servProvCode><auditModel><auditDate>2015-12-11T11:50:46-07:00</auditDate><auditID>ADMIN</auditID><auditStatus>A</auditStatus></auditModel><bizdomain>LIC_MJ_APPLICANT_LAWFUL_PRESENCE</bizdomain><bizdomainValue>Permanent Resident of the United States</bizdomainValue><sortOrder>2</sortOrder><standardChoiceValueI18NModels/></sharedDropDownValue><sharedDropDownValue><bdvSeqNbr>105210312</bdvSeqNbr><servProvCode>BPTDEV</servProvCode><auditModel><auditDate>2015-12-11T11:50:58-07:00</auditDate><auditID>ADMIN</auditID><auditStatus>A</auditStatus></auditModel><bizdomain>LIC_MJ_APPLICANT_LAWFUL_PRESENCE</bizdomain><bizdomainValue>United States Citizen</bizdomainValue><sortOrder>3</sortOrder><standardChoiceValueI18NModels/></sharedDropDownValue></sharedDropDownList><type>ShareDropDown</type></sharedDropDownListModel>
<sharedDropDownListModel><name>LIC_MARIJUANA_TYPE_OF_OWNERSHIP</name><serviceProviderCode>BPTDEV</serviceProviderCode><auditModel><auditDate>2015-12-11T11:42:38-07:00</auditDate><auditID>ADMIN</auditID><auditStatus>A</auditStatus></auditModel><description>Share drop down for all Marijuana Medical record types custom list field "Type of Ownership"</description><sharedDropDownList><sharedDropDownValue><bdvSeqNbr>105210301</bdvSeqNbr><servProvCode>BPTDEV</servProvCode><auditModel><auditDate>2015-12-11T11:44:19-07:00</auditDate><auditID>ADMIN</auditID><auditStatus>A</auditStatus></auditModel><bizdomain>LIC_MARIJUANA_TYPE_OF_OWNERSHIP</bizdomain><bizdomainValue>Corporation</bizdomainValue><sortOrder>1</sortOrder><standardChoiceValueI18NModels/></sharedDropDownValue><sharedDropDownValue><bdvSeqNbr>105210302</bdvSeqNbr><servProvCode>BPTDEV</servProvCode><auditModel><auditDate>2015-12-11T11:44:19-07:00</auditDate><auditID>ADMIN</auditID><auditStatus>A</auditStatus></auditModel><bizdomain>LIC_MARIJUANA_TYPE_OF_OWNERSHIP</bizdomain><bizdomainValue>Individual</bizdomainValue><sortOrder>2</sortOrder><standardChoiceValueI18NModels/></sharedDropDownValue><sharedDropDownValue><bdvSeqNbr>105210303</bdvSeqNbr><servProvCode>BPTDEV</servProvCode><auditModel><auditDate>2015-12-11T11:44:19-07:00</auditDate><auditID>ADMIN</auditID><auditStatus>A</auditStatus></auditModel><bizdomain>LIC_MARIJUANA_TYPE_OF_OWNERSHIP</bizdomain><bizdomainValue>LLC</bizdomainValue><sortOrder>3</sortOrder><standardChoiceValueI18NModels/></sharedDropDownValue><sharedDropDownValue><bdvSeqNbr>105210304</bdvSeqNbr><servProvCode>BPTDEV</servProvCode><auditModel><auditDate>2015-12-11T11:44:19-07:00</auditDate><auditID>ADMIN</auditID><auditStatus>A</auditStatus></auditModel><bizdomain>LIC_MARIJUANA_TYPE_OF_OWNERSHIP</bizdomain><bizdomainValue>Nonprofit</bizdomainValue><sortOrder>4</sortOrder><standardChoiceValueI18NModels/></sharedDropDownValue><sharedDropDownValue><bdvSeqNbr>105210305</bdvSeqNbr><servProvCode>BPTDEV</servProvCode><auditModel><auditDate>2015-12-11T11:44:19-07:00</auditDate><auditID>ADMIN</auditID><auditStatus>A</auditStatus></auditModel><bizdomain>LIC_MARIJUANA_TYPE_OF_OWNERSHIP</bizdomain><bizdomainValue>Partnership</bizdomainValue><sortOrder>5</sortOrder><standardChoiceValueI18NModels/></sharedDropDownValue><sharedDropDownValue><bdvSeqNbr>105210306</bdvSeqNbr><servProvCode>BPTDEV</servProvCode><auditModel><auditDate>2015-12-11T11:44:19-07:00</auditDate><auditID>ADMIN</auditID><auditStatus>A</auditStatus></auditModel><bizdomain>LIC_MARIJUANA_TYPE_OF_OWNERSHIP</bizdomain><bizdomainValue>Sole Proprietor</bizdomainValue><sortOrder>6</sortOrder><standardChoiceValueI18NModels/></sharedDropDownValue></sharedDropDownList><type>ShareDropDown</type></sharedDropDownListModel>
<sharedDropDownListModel><name>LIC_DAYS_OF_THE_WEEK</name><serviceProviderCode>BPTDEV</serviceProviderCode><auditModel><auditDate>2013-12-12T16:54:33-07:00</auditDate><auditID>ADMIN</auditID><auditStatus>A</auditStatus></auditModel><description>Days of the Week</description><sharedDropDownList><sharedDropDownValue><bdvSeqNbr>104594276</bdvSeqNbr><servProvCode>BPTDEV</servProvCode><auditModel><auditDate>2014-01-24T12:43:58-07:00</auditDate><auditID>ADMIN</auditID><auditStatus>A</auditStatus></auditModel><bizdomain>LIC_DAYS_OF_THE_WEEK</bizdomain><bizdomainValue>Friday</bizdomainValue><sortOrder>50</sortOrder><standardChoiceValueI18NModels/></sharedDropDownValue><sharedDropDownValue><bdvSeqNbr>104594272</bdvSeqNbr><servProvCode>BPTDEV</servProvCode><auditModel><auditDate>2014-01-24T12:43:58-07:00</auditDate><auditID>ADMIN</auditID><auditStatus>A</auditStatus></auditModel><bizdomain>LIC_DAYS_OF_THE_WEEK</bizdomain><bizdomainValue>Monday</bizdomainValue><sortOrder>10</sortOrder><standardChoiceValueI18NModels/></sharedDropDownValue><sharedDropDownValue><bdvSeqNbr>104594277</bdvSeqNbr><servProvCode>BPTDEV</servProvCode><auditModel><auditDate>2014-01-24T12:43:58-07:00</auditDate><auditID>ADMIN</auditID><auditStatus>A</auditStatus></auditModel><bizdomain>LIC_DAYS_OF_THE_WEEK</bizdomain><bizdomainValue>Saturday</bizdomainValue><sortOrder>60</sortOrder><standardChoiceValueI18NModels/></sharedDropDownValue><sharedDropDownValue><bdvSeqNbr>104594271</bdvSeqNbr><servProvCode>BPTDEV</servProvCode><auditModel><auditDate>2014-01-24T12:43:58-07:00</auditDate><auditID>ADMIN</auditID><auditStatus>A</auditStatus></auditModel><bizdomain>LIC_DAYS_OF_THE_WEEK</bizdomain><bizdomainValue>Sunday</bizdomainValue><sortOrder>70</sortOrder><standardChoiceValueI18NModels/></sharedDropDownValue><sharedDropDownValue><bdvSeqNbr>104594275</bdvSeqNbr><servProvCode>BPTDEV</servProvCode><auditModel><auditDate>2014-01-24T12:43:58-07:00</auditDate><auditID>ADMIN</auditID><auditStatus>A</auditStatus></auditModel><bizdomain>LIC_DAYS_OF_THE_WEEK</bizdomain><bizdomainValue>Thursday</bizdomainValue><sortOrder>40</sortOrder><standardChoiceValueI18NModels/></sharedDropDownValue><sharedDropDownValue><bdvSeqNbr>104594273</bdvSeqNbr><servProvCode>BPTDEV</servProvCode><auditModel><auditDate>2014-01-24T12:43:58-07:00</auditDate><auditID>ADMIN</auditID><auditStatus>A</auditStatus></auditModel><bizdomain>LIC_DAYS_OF_THE_WEEK</bizdomain><bizdomainValue>Tuesday</bizdomainValue><sortOrder>20</sortOrder><standardChoiceValueI18NModels/></sharedDropDownValue><sharedDropDownValue><bdvSeqNbr>104594274</bdvSeqNbr><servProvCode>BPTDEV</servProvCode><auditModel><auditDate>2014-01-24T12:43:58-07:00</auditDate><auditID>ADMIN</auditID><auditStatus>A</auditStatus></auditModel><bizdomain>LIC_DAYS_OF_THE_WEEK</bizdomain><bizdomainValue>Wednesday</bizdomainValue><sortOrder>30</sortOrder><standardChoiceValueI18NModels/></sharedDropDownValue></sharedDropDownList><type>ShareDropDown</type></sharedDropDownListModel>
</list>