<?xml version="1.0" encoding="UTF-8" standalone="yes"?>
<list  version="8.0.0" minorVersion="15" exportUser="ADMIN" exportDateTime="03/30/2016 09:15 PM" description="null"><standardChoice refId="1@StandardChoiceModel"><name>LICENSED PROFESSIONAL TYPE</name><serviceProviderCode>BPTDEV</serviceProviderCode><auditModel><auditDate>2014-01-09T16:32:24-07:00</auditDate><auditID>ADMIN</auditID><auditStatus>A</auditStatus></auditModel><standardChoiceValueModels><standardChoiceValue refId="2@StandardChoiceValueModel"><sequenceNBR>1467</sequenceNBR><serviceProviderCode>BPTDEV</serviceProviderCode><auditModel><auditDate>2014-01-09T16:32:24-07:00</auditDate><auditID>ADMIN</auditID><auditStatus>A</auditStatus></auditModel><resId>11725</resId><standardChoiceName>LICENSED PROFESSIONAL TYPE</standardChoiceName><standardChoiceValueI18NModels/><value>Architect</value></standardChoiceValue><standardChoiceValue refId="3@StandardChoiceValueModel"><sequenceNBR>1468</sequenceNBR><serviceProviderCode>BPTDEV</serviceProviderCode><auditModel><auditDate>2014-01-09T16:32:24-07:00</auditDate><auditID>ADMIN</auditID><auditStatus>A</auditStatus></auditModel><resId>11726</resId><standardChoiceName>LICENSED PROFESSIONAL TYPE</standardChoiceName><standardChoiceValueI18NModels/><value>Contractor</value></standardChoiceValue><standardChoiceValue refId="4@StandardChoiceValueModel"><sequenceNBR>1470</sequenceNBR><serviceProviderCode>BPTDEV</serviceProviderCode><auditModel><auditDate>2014-01-09T16:32:24-07:00</auditDate><auditID>ADMIN</auditID><auditStatus>A</auditStatus></auditModel><resId>11728</resId><standardChoiceName>LICENSED PROFESSIONAL TYPE</standardChoiceName><standardChoiceValueI18NModels/><value>Electrical</value></standardChoiceValue><standardChoiceValue refId="5@StandardChoiceValueModel"><sequenceNBR>1471</sequenceNBR><serviceProviderCode>BPTDEV</serviceProviderCode><auditModel><auditDate>2014-01-09T16:32:24-07:00</auditDate><auditID>ADMIN</auditID><auditStatus>A</auditStatus></auditModel><resId>11729</resId><standardChoiceName>LICENSED PROFESSIONAL TYPE</standardChoiceName><standardChoiceValueI18NModels/><value>Engineer</value></standardChoiceValue><standardChoiceValue refId="6@StandardChoiceValueModel"><sequenceNBR>1472</sequenceNBR><serviceProviderCode>BPTDEV</serviceProviderCode><auditModel><auditDate>2014-01-09T16:32:24-07:00</auditDate><auditID>ADMIN</auditID><auditStatus>A</auditStatus></auditModel><resId>11730</resId><standardChoiceName>LICENSED PROFESSIONAL TYPE</standardChoiceName><standardChoiceValueI18NModels/><value>Mechanical</value></standardChoiceValue><standardChoiceValue refId="7@StandardChoiceValueModel"><sequenceNBR>1473</sequenceNBR><serviceProviderCode>BPTDEV</serviceProviderCode><auditModel><auditDate>2014-01-09T16:32:24-07:00</auditDate><auditID>ADMIN</auditID><auditStatus>A</auditStatus></auditModel><resId>11731</resId><standardChoiceName>LICENSED PROFESSIONAL TYPE</standardChoiceName><standardChoiceValueI18NModels/><value>Plumbing</value></standardChoiceValue></standardChoiceValueModels><type>SystemSwitch</type><valueSize>0</valueSize></standardChoice>
<standardChoice refId="1@StandardChoiceModel"><name>EXPIRATION_INTERVAL_UNITS</name><serviceProviderCode>BPTDEV</serviceProviderCode><auditModel><auditDate>2012-12-04T11:57:55-07:00</auditDate><auditID>ADMIN</auditID><auditStatus>A</auditStatus></auditModel><description>License: Expiration intervals</description><standardChoiceValueModels><standardChoiceValue refId="2@StandardChoiceValueModel"><sequenceNBR>1440</sequenceNBR><serviceProviderCode>BPTDEV</serviceProviderCode><auditModel><auditDate>2012-12-04T11:57:55-07:00</auditDate><auditID>ADMIN</auditID><auditStatus>A</auditStatus></auditModel><resId>11698</resId><standardChoiceName>EXPIRATION_INTERVAL_UNITS</standardChoiceName><standardChoiceValueI18NModels/><value>DAYS</value></standardChoiceValue><standardChoiceValue refId="3@StandardChoiceValueModel"><sequenceNBR>1441</sequenceNBR><serviceProviderCode>BPTDEV</serviceProviderCode><auditModel><auditDate>2012-12-04T11:57:55-07:00</auditDate><auditID>ADMIN</auditID><auditStatus>A</auditStatus></auditModel><resId>11699</resId><standardChoiceName>EXPIRATION_INTERVAL_UNITS</standardChoiceName><standardChoiceValueI18NModels/><value>MONTHS</value></standardChoiceValue><standardChoiceValue refId="4@StandardChoiceValueModel"><sequenceNBR>104591441</sequenceNBR><serviceProviderCode>BPTDEV</serviceProviderCode><auditModel><auditDate>2012-12-04T11:58:05-07:00</auditDate><auditID>ADMIN</auditID><auditStatus>A</auditStatus></auditModel><standardChoiceName>EXPIRATION_INTERVAL_UNITS</standardChoiceName><standardChoiceValueI18NModels/><value>YEARS</value></standardChoiceValue></standardChoiceValueModels><type>SystemSwitch</type><valueSize>0</valueSize></standardChoice>
<standardChoice refId="1@StandardChoiceModel"><name>GRACE_PERIOD_INTERVAL_UNITS</name><serviceProviderCode>BPTDEV</serviceProviderCode><auditModel><auditDate>2005-06-23T13:24:44-06:00</auditDate><auditID>1</auditID><auditStatus>A</auditStatus></auditModel><description>License: Possible unit types for grace period interval.</description><standardChoiceValueModels><standardChoiceValue refId="2@StandardChoiceValueModel"><sequenceNBR>1455</sequenceNBR><serviceProviderCode>BPTDEV</serviceProviderCode><auditModel><auditDate>2005-06-23T13:24:56-06:00</auditDate><auditID>ADMIN</auditID><auditStatus>A</auditStatus></auditModel><resId>11713</resId><standardChoiceName>GRACE_PERIOD_INTERVAL_UNITS</standardChoiceName><standardChoiceValueI18NModels/><value>Days</value></standardChoiceValue><standardChoiceValue refId="3@StandardChoiceValueModel"><sequenceNBR>1456</sequenceNBR><serviceProviderCode>BPTDEV</serviceProviderCode><auditModel><auditDate>2005-06-23T13:25:05-06:00</auditDate><auditID>ADMIN</auditID><auditStatus>A</auditStatus></auditModel><resId>11714</resId><standardChoiceName>GRACE_PERIOD_INTERVAL_UNITS</standardChoiceName><standardChoiceValueI18NModels/><value>Months</value></standardChoiceValue></standardChoiceValueModels><valueSize>0</valueSize></standardChoice>
<standardChoice refId="1@StandardChoiceModel"><name>PENALTY_INTERVAL_UNITS</name><serviceProviderCode>BPTDEV</serviceProviderCode><auditModel><auditDate>2005-06-23T13:21:45-06:00</auditDate><auditID>1</auditID><auditStatus>A</auditStatus></auditModel><description>License: Possible unit types for penalty interval.</description><standardChoiceValueModels><standardChoiceValue refId="2@StandardChoiceValueModel"><sequenceNBR>1485</sequenceNBR><serviceProviderCode>BPTDEV</serviceProviderCode><auditModel><auditDate>2005-06-23T13:21:52-06:00</auditDate><auditID>ADMIN</auditID><auditStatus>A</auditStatus></auditModel><resId>11743</resId><standardChoiceName>PENALTY_INTERVAL_UNITS</standardChoiceName><standardChoiceValueI18NModels/><value>Days</value></standardChoiceValue><standardChoiceValue refId="3@StandardChoiceValueModel"><sequenceNBR>1486</sequenceNBR><serviceProviderCode>BPTDEV</serviceProviderCode><auditModel><auditDate>2005-06-23T13:21:58-06:00</auditDate><auditID>ADMIN</auditID><auditStatus>A</auditStatus></auditModel><resId>11744</resId><standardChoiceName>PENALTY_INTERVAL_UNITS</standardChoiceName><standardChoiceValueI18NModels/><value>Months</value></standardChoiceValue></standardChoiceValueModels><valueSize>0</valueSize></standardChoice>
<standardChoice refId="1@StandardChoiceModel"><name>PENALTY_FEE_FUNC</name><serviceProviderCode>BPTDEV</serviceProviderCode><auditModel><auditDate>2005-06-23T13:20:40-06:00</auditDate><auditID>1</auditID><auditStatus>A</auditStatus></auditModel><description>License: Possible penalty fee recalculation methods used in batch processing.</description><standardChoiceValueModels><standardChoiceValue refId="2@StandardChoiceValueModel"><sequenceNBR>1483</sequenceNBR><serviceProviderCode>BPTDEV</serviceProviderCode><auditModel><auditDate>2005-06-23T13:20:57-06:00</auditDate><auditID>ADMIN</auditID><auditStatus>A</auditStatus></auditModel><description>PERCENTAGE_PENALTY_FEE</description><resId>11741</resId><standardChoiceName>PENALTY_FEE_FUNC</standardChoiceName><standardChoiceValueI18NModels/><value>PERCENTAGE_PENALTY_FEE</value></standardChoiceValue><standardChoiceValue refId="3@StandardChoiceValueModel"><sequenceNBR>1484</sequenceNBR><serviceProviderCode>BPTDEV</serviceProviderCode><auditModel><auditDate>2005-06-23T13:21:05-06:00</auditDate><auditID>ADMIN</auditID><auditStatus>A</auditStatus></auditModel><description>SIMPLE_PENALTY_FEE</description><resId>11742</resId><standardChoiceName>PENALTY_FEE_FUNC</standardChoiceName><standardChoiceValueI18NModels/><value>SIMPLE_PENALTY_FEE</value></standardChoiceValue></standardChoiceValueModels><valueSize>0</valueSize></standardChoice>
<standardChoice refId="1@StandardChoiceModel"><name>INSPECTION_SETTING</name><serviceProviderCode>BPTDEV</serviceProviderCode><auditModel><auditDate>2009-10-20T15:51:11-06:00</auditDate><auditID>ADOTTAVIO</auditID><auditStatus>A</auditStatus></auditModel><description>Sets comment Clob field to on/off</description><standardChoiceValueModels><standardChoiceValue refId="2@StandardChoiceValueModel"><sequenceNBR>104592441</sequenceNBR><serviceProviderCode>BPTDEV</serviceProviderCode><auditModel><auditDate>2009-10-20T15:51:11-06:00</auditDate><auditID>ADOTTAVIO</auditID><auditStatus>A</auditStatus></auditModel><description>YES</description><standardChoiceName>INSPECTION_SETTING</standardChoiceName><standardChoiceValueI18NModels/><value>UNLIMITED_COMMENT_LENGTH</value></standardChoiceValue></standardChoiceValueModels><type>SystemSwitch</type><valueSize>0</valueSize></standardChoice>
<standardChoice refId="1@StandardChoiceModel"><name>INSPECTION_UNIT_NUMBER_VALUES</name><serviceProviderCode>BPTDEV</serviceProviderCode><auditModel><auditDate>2009-08-05T13:49:11-06:00</auditDate><auditID>ADOTTAVIO</auditID><auditStatus>A</auditStatus></auditModel><standardChoiceValueModels><standardChoiceValue refId="2@StandardChoiceValueModel"><sequenceNBR>104592442</sequenceNBR><serviceProviderCode>BPTDEV</serviceProviderCode><auditModel><auditDate>2009-08-05T13:52:10-06:00</auditDate><auditID>ADOTTAVIO</auditID><auditStatus>A</auditStatus></auditModel><description>101</description><standardChoiceName>INSPECTION_UNIT_NUMBER_VALUES</standardChoiceName><standardChoiceValueI18NModels/><value>101</value></standardChoiceValue><standardChoiceValue refId="3@StandardChoiceValueModel"><sequenceNBR>104592443</sequenceNBR><serviceProviderCode>BPTDEV</serviceProviderCode><auditModel><auditDate>2009-08-05T13:52:26-06:00</auditDate><auditID>ADOTTAVIO</auditID><auditStatus>A</auditStatus></auditModel><description>A</description><standardChoiceName>INSPECTION_UNIT_NUMBER_VALUES</standardChoiceName><standardChoiceValueI18NModels/><value>A</value></standardChoiceValue><standardChoiceValue refId="4@StandardChoiceValueModel"><sequenceNBR>104592444</sequenceNBR><serviceProviderCode>BPTDEV</serviceProviderCode><auditModel><auditDate>2009-08-05T15:33:41-06:00</auditDate><auditID>ADOTTAVIO</auditID><auditStatus>A</auditStatus></auditModel><description>B</description><standardChoiceName>INSPECTION_UNIT_NUMBER_VALUES</standardChoiceName><standardChoiceValueI18NModels/><value>B</value></standardChoiceValue></standardChoiceValueModels><type>ShareDropDown</type><valueSize>0</valueSize></standardChoice>
<standardChoice refId="1@StandardChoiceModel"><name>EDMS</name><serviceProviderCode>BPTDEV</serviceProviderCode><auditModel><auditDate>2011-07-15T08:18:41-06:00</auditDate><auditID>ADMIN</auditID><auditStatus>A</auditStatus></auditModel><description>multiple EDMS configuration</description><standardChoiceValueModels><standardChoiceValue refId="2@StandardChoiceValueModel"><sequenceNBR>1436</sequenceNBR><serviceProviderCode>BPTDEV</serviceProviderCode><auditModel><auditDate>2016-03-30T19:27:22-06:00</auditDate><auditID>ADMIN</auditID><auditStatus>A</auditStatus></auditModel><description>EDMS_VENDOR=ADS;EDMS_DOCUMENT_SIZE_MAX=;ADS_SERVER_URL=http://adsstd.accela.com/documentservice/index.cfm;ADS_SERVER_SECURITY_KEY=DEV0572398;ADS_SERV_PROV_CODE=BPTDEV;ADS_CLEARANCE_KEY=AXULCABRAXNTKE3ZISU7I1ZMYS1RWX;ADS_SECURITY_KEY=7XD33Z3V1WG48B2XXTTD4GAK2MQ7E5;DEFAULT=YES</description><parentSequenceNBR>0</parentSequenceNBR><resId>11694</resId><sortOrder>0</sortOrder><standardChoiceName>EDMS</standardChoiceName><standardChoiceValueI18NModels/><value>ADS</value></standardChoiceValue></standardChoiceValueModels><type>SystemSwitch</type></standardChoice>
<standardChoice refId="1@StandardChoiceModel"><name>DOCUMENT STATUS</name><serviceProviderCode>BPTDEV</serviceProviderCode><auditModel><auditDate>2013-04-09T15:18:56-06:00</auditDate><auditID>ADMIN</auditID><auditStatus>A</auditStatus></auditModel><description>This Standard Choice defines a document status&#xD;
group. Each document status group can have several values, each value representing a document&#xD;
status.</description><standardChoiceValueModels><standardChoiceValue refId="2@StandardChoiceValueModel"><sequenceNBR>104592482</sequenceNBR><serviceProviderCode>BPTDEV</serviceProviderCode><auditModel><auditDate>2013-04-09T15:18:56-06:00</auditDate><auditID>ADMIN</auditID><auditStatus>A</auditStatus></auditModel><standardChoiceName>DOCUMENT STATUS</standardChoiceName><standardChoiceValueI18NModels/><value>Uploaded</value></standardChoiceValue><standardChoiceValue refId="3@StandardChoiceValueModel"><sequenceNBR>104592483</sequenceNBR><serviceProviderCode>BPTDEV</serviceProviderCode><auditModel><auditDate>2013-04-09T15:18:56-06:00</auditDate><auditID>ADMIN</auditID><auditStatus>A</auditStatus></auditModel><standardChoiceName>DOCUMENT STATUS</standardChoiceName><standardChoiceValueI18NModels/><value>In Review</value></standardChoiceValue><standardChoiceValue refId="4@StandardChoiceValueModel"><sequenceNBR>104592484</sequenceNBR><serviceProviderCode>BPTDEV</serviceProviderCode><auditModel><auditDate>2013-04-09T15:18:56-06:00</auditDate><auditID>ADMIN</auditID><auditStatus>A</auditStatus></auditModel><standardChoiceName>DOCUMENT STATUS</standardChoiceName><standardChoiceValueI18NModels/><value>Returned for Revision</value></standardChoiceValue><standardChoiceValue refId="5@StandardChoiceValueModel"><sequenceNBR>104592485</sequenceNBR><serviceProviderCode>BPTDEV</serviceProviderCode><auditModel><auditDate>2013-04-09T15:18:56-06:00</auditDate><auditID>ADMIN</auditID><auditStatus>A</auditStatus></auditModel><standardChoiceName>DOCUMENT STATUS</standardChoiceName><standardChoiceValueI18NModels/><value>Resubmitted</value></standardChoiceValue><standardChoiceValue refId="6@StandardChoiceValueModel"><sequenceNBR>104592486</sequenceNBR><serviceProviderCode>BPTDEV</serviceProviderCode><auditModel><auditDate>2013-04-09T15:18:56-06:00</auditDate><auditID>ADMIN</auditID><auditStatus>A</auditStatus></auditModel><standardChoiceName>DOCUMENT STATUS</standardChoiceName><standardChoiceValueI18NModels/><value>Review Complete</value></standardChoiceValue></standardChoiceValueModels><type>DocStatus</type><valueSize>0</valueSize></standardChoice>
<standardChoice refId="1@StandardChoiceModel"><name>DOCUMENT REVIEW STATUS</name><serviceProviderCode>BPTDEV</serviceProviderCode><auditModel><auditDate>2013-04-09T15:21:50-06:00</auditDate><auditID>ADMIN</auditID><auditStatus>A</auditStatus></auditModel><description>This Standard Choice defines a document&#xD;
review status group. Each document review&#xD;
status group can have several values, each&#xD;
value representing a document review status.&#xD;
A document type can be associated with a&#xD;
document review status group.</description><standardChoiceValueModels><standardChoiceValue refId="2@StandardChoiceValueModel"><sequenceNBR>104592481</sequenceNBR><serviceProviderCode>BPTDEV</serviceProviderCode><auditModel><auditDate>2013-04-09T15:21:50-06:00</auditDate><auditID>ADMIN</auditID><auditStatus>A</auditStatus></auditModel><standardChoiceName>DOCUMENT REVIEW STATUS</standardChoiceName><standardChoiceValueI18NModels/><value>Approved</value></standardChoiceValue><standardChoiceValue refId="3@StandardChoiceValueModel"><sequenceNBR>104592479</sequenceNBR><serviceProviderCode>BPTDEV</serviceProviderCode><auditModel><auditDate>2013-04-09T15:21:50-06:00</auditDate><auditID>ADMIN</auditID><auditStatus>A</auditStatus></auditModel><standardChoiceName>DOCUMENT REVIEW STATUS</standardChoiceName><standardChoiceValueI18NModels/><value>Approved with Comments</value></standardChoiceValue><standardChoiceValue refId="4@StandardChoiceValueModel"><sequenceNBR>104592480</sequenceNBR><serviceProviderCode>BPTDEV</serviceProviderCode><auditModel><auditDate>2013-04-09T15:21:50-06:00</auditDate><auditID>ADMIN</auditID><auditStatus>A</auditStatus></auditModel><standardChoiceName>DOCUMENT REVIEW STATUS</standardChoiceName><standardChoiceValueI18NModels/><value>Revisions Required</value></standardChoiceValue></standardChoiceValueModels><type>DocReviewStatus</type><valueSize>0</valueSize></standardChoice>
</list>