<?xml version="1.0" encoding="UTF-8" standalone="yes"?>
<list  version="8.0.0" minorVersion="15" exportUser="ADMIN" exportDateTime="03/30/2016 09:30 PM" description="null"><consoleReceipt><serviceProviderCode>BPTDEV</serviceProviderCode><consoleReceiptNbr>5730</consoleReceiptNbr><auditModel><auditDate>2015-06-23T20:26:55-06:00</auditDate><auditID>ADMIN</auditID><auditStatus>A</auditStatus></auditModel><consoleNbr>2927</consoleNbr><consoleReceiptKey>430</consoleReceiptKey><consoleReceiptType>group</consoleReceiptType><virtualUserGroupModel refId="1@VirtualUserGroupModel"><moduleName>Planning</moduleName><serviceProviderCode>BPTDEV</serviceProviderCode><userGroup>PlanningDailyUser</userGroup></virtualUserGroupModel></consoleReceipt>
<consoleReceipt><serviceProviderCode>BPTDEV</serviceProviderCode><consoleReceiptNbr>5731</consoleReceiptNbr><auditModel><auditDate>2015-06-23T20:27:01-06:00</auditDate><auditID>ADMIN</auditID><auditStatus>A</auditStatus></auditModel><consoleNbr>2927</consoleNbr><consoleReceiptKey>Planning</consoleReceiptKey><consoleReceiptType>module</consoleReceiptType></consoleReceipt>
<consoleReceipt><serviceProviderCode>BPTMSTR</serviceProviderCode><consoleReceiptNbr>5730</consoleReceiptNbr><auditModel><auditDate>2015-06-23T20:26:55-06:00</auditDate><auditID>ADMIN</auditID><auditStatus>A</auditStatus></auditModel><consoleNbr>2927</consoleNbr><consoleReceiptKey>430</consoleReceiptKey><consoleReceiptType>group</consoleReceiptType><virtualUserGroupModel refId="1@VirtualUserGroupModel"><moduleName>Planning</moduleName><serviceProviderCode>BPTMSTR</serviceProviderCode><userGroup>PlanningDailyUser</userGroup></virtualUserGroupModel></consoleReceipt>
<consoleReceipt><serviceProviderCode>BPTMSTR</serviceProviderCode><consoleReceiptNbr>5731</consoleReceiptNbr><auditModel><auditDate>2015-06-23T20:27:01-06:00</auditDate><auditID>ADMIN</auditID><auditStatus>A</auditStatus></auditModel><consoleNbr>2927</consoleNbr><consoleReceiptKey>Planning</consoleReceiptKey><consoleReceiptType>module</consoleReceiptType></consoleReceipt>
<consoleReceipt><serviceProviderCode>EHDEV</serviceProviderCode><consoleReceiptNbr>5730</consoleReceiptNbr><auditModel><auditDate>2015-06-23T20:26:55-06:00</auditDate><auditID>ADMIN</auditID><auditStatus>A</auditStatus></auditModel><consoleNbr>2927</consoleNbr><consoleReceiptKey>430</consoleReceiptKey><consoleReceiptType>group</consoleReceiptType><virtualUserGroupModel refId="1@VirtualUserGroupModel"><moduleName>Planning</moduleName><serviceProviderCode>EHDEV</serviceProviderCode><userGroup>PlanningDailyUser</userGroup></virtualUserGroupModel></consoleReceipt>
<consoleReceipt><serviceProviderCode>EHDEV</serviceProviderCode><consoleReceiptNbr>5731</consoleReceiptNbr><auditModel><auditDate>2015-06-23T20:27:01-06:00</auditDate><auditID>ADMIN</auditID><auditStatus>A</auditStatus></auditModel><consoleNbr>2927</consoleNbr><consoleReceiptKey>Planning</consoleReceiptKey><consoleReceiptType>module</consoleReceiptType></consoleReceipt>
<consoleReceipt><serviceProviderCode>BPTDEV</serviceProviderCode><consoleReceiptNbr>5745</consoleReceiptNbr><auditModel><auditDate>2015-06-23T21:03:14-06:00</auditDate><auditID>ADMIN</auditID><auditStatus>A</auditStatus></auditModel><consoleNbr>2932</consoleNbr><consoleReceiptKey>361</consoleReceiptKey><consoleReceiptType>group</consoleReceiptType><virtualUserGroupModel refId="1@VirtualUserGroupModel"><moduleName>Building</moduleName><serviceProviderCode>BPTDEV</serviceProviderCode><userGroup>BuildingAdmin</userGroup></virtualUserGroupModel></consoleReceipt>
<consoleReceipt><serviceProviderCode>BPTDEV</serviceProviderCode><consoleReceiptNbr>5746</consoleReceiptNbr><auditModel><auditDate>2015-06-23T21:03:20-06:00</auditDate><auditID>ADMIN</auditID><auditStatus>A</auditStatus></auditModel><consoleNbr>2932</consoleNbr><consoleReceiptKey>363</consoleReceiptKey><consoleReceiptType>group</consoleReceiptType><virtualUserGroupModel refId="1@VirtualUserGroupModel"><moduleName>Enforcement</moduleName><serviceProviderCode>BPTDEV</serviceProviderCode><userGroup>EnforcementAdmin</userGroup></virtualUserGroupModel></consoleReceipt>
<consoleReceipt><serviceProviderCode>BPTDEV</serviceProviderCode><consoleReceiptNbr>5749</consoleReceiptNbr><auditModel><auditDate>2015-06-23T21:03:41-06:00</auditDate><auditID>ADMIN</auditID><auditStatus>A</auditStatus></auditModel><consoleNbr>2932</consoleNbr><consoleReceiptKey>369</consoleReceiptKey><consoleReceiptType>group</consoleReceiptType><virtualUserGroupModel refId="1@VirtualUserGroupModel"><moduleName>Planning</moduleName><serviceProviderCode>BPTDEV</serviceProviderCode><userGroup>PlanningAdmin</userGroup></virtualUserGroupModel></consoleReceipt>
<consoleReceipt><serviceProviderCode>BPTDEV</serviceProviderCode><consoleReceiptNbr>5748</consoleReceiptNbr><auditModel><auditDate>2015-06-23T21:03:35-06:00</auditDate><auditID>ADMIN</auditID><auditStatus>A</auditStatus></auditModel><consoleNbr>2932</consoleNbr><consoleReceiptKey>371</consoleReceiptKey><consoleReceiptType>group</consoleReceiptType><virtualUserGroupModel refId="1@VirtualUserGroupModel"><moduleName>Licenses</moduleName><serviceProviderCode>BPTDEV</serviceProviderCode><userGroup>LicensesAdmin</userGroup></virtualUserGroupModel></consoleReceipt>
<consoleReceipt><serviceProviderCode>BPTDEV</serviceProviderCode><consoleReceiptNbr>5750</consoleReceiptNbr><auditModel><auditDate>2015-06-23T21:03:46-06:00</auditDate><auditID>ADMIN</auditID><auditStatus>A</auditStatus></auditModel><consoleNbr>2932</consoleNbr><consoleReceiptKey>376</consoleReceiptKey><consoleReceiptType>group</consoleReceiptType><virtualUserGroupModel refId="1@VirtualUserGroupModel"><moduleName>ServiceRequest</moduleName><serviceProviderCode>BPTDEV</serviceProviderCode><userGroup>ServiceRequestAdmin</userGroup></virtualUserGroupModel></consoleReceipt>
<consoleReceipt><serviceProviderCode>BPTDEV</serviceProviderCode><consoleReceiptNbr>5744</consoleReceiptNbr><auditModel><auditDate>2015-06-23T21:03:08-06:00</auditDate><auditID>ADMIN</auditID><auditStatus>A</auditStatus></auditModel><consoleNbr>2932</consoleNbr><consoleReceiptKey>403</consoleReceiptKey><consoleReceiptType>group</consoleReceiptType><virtualUserGroupModel refId="1@VirtualUserGroupModel"><moduleName>AMS</moduleName><serviceProviderCode>BPTDEV</serviceProviderCode><userGroup>AMSAdmin</userGroup></virtualUserGroupModel></consoleReceipt>
<consoleReceipt><serviceProviderCode>BPTDEV</serviceProviderCode><consoleReceiptNbr>5747</consoleReceiptNbr><auditModel><auditDate>2015-06-23T21:03:27-06:00</auditDate><auditID>ADMIN</auditID><auditStatus>A</auditStatus></auditModel><consoleNbr>2932</consoleNbr><consoleReceiptKey>690</consoleReceiptKey><consoleReceiptType>group</consoleReceiptType><virtualUserGroupModel refId="1@VirtualUserGroupModel"><moduleName>Fire</moduleName><serviceProviderCode>BPTDEV</serviceProviderCode><userGroup>FireAdmin</userGroup></virtualUserGroupModel></consoleReceipt>
<consoleReceipt><serviceProviderCode>BPTMSTR</serviceProviderCode><consoleReceiptNbr>5745</consoleReceiptNbr><auditModel><auditDate>2015-06-23T21:03:14-06:00</auditDate><auditID>ADMIN</auditID><auditStatus>A</auditStatus></auditModel><consoleNbr>2932</consoleNbr><consoleReceiptKey>361</consoleReceiptKey><consoleReceiptType>group</consoleReceiptType><virtualUserGroupModel refId="1@VirtualUserGroupModel"><moduleName>Building</moduleName><serviceProviderCode>BPTMSTR</serviceProviderCode><userGroup>BuildingAdmin</userGroup></virtualUserGroupModel></consoleReceipt>
<consoleReceipt><serviceProviderCode>BPTMSTR</serviceProviderCode><consoleReceiptNbr>5746</consoleReceiptNbr><auditModel><auditDate>2015-06-23T21:03:20-06:00</auditDate><auditID>ADMIN</auditID><auditStatus>A</auditStatus></auditModel><consoleNbr>2932</consoleNbr><consoleReceiptKey>363</consoleReceiptKey><consoleReceiptType>group</consoleReceiptType><virtualUserGroupModel refId="1@VirtualUserGroupModel"><moduleName>Enforcement</moduleName><serviceProviderCode>BPTMSTR</serviceProviderCode><userGroup>EnforcementAdmin</userGroup></virtualUserGroupModel></consoleReceipt>
<consoleReceipt><serviceProviderCode>BPTMSTR</serviceProviderCode><consoleReceiptNbr>5749</consoleReceiptNbr><auditModel><auditDate>2015-06-23T21:03:41-06:00</auditDate><auditID>ADMIN</auditID><auditStatus>A</auditStatus></auditModel><consoleNbr>2932</consoleNbr><consoleReceiptKey>369</consoleReceiptKey><consoleReceiptType>group</consoleReceiptType><virtualUserGroupModel refId="1@VirtualUserGroupModel"><moduleName>Planning</moduleName><serviceProviderCode>BPTMSTR</serviceProviderCode><userGroup>PlanningAdmin</userGroup></virtualUserGroupModel></consoleReceipt>
<consoleReceipt><serviceProviderCode>BPTMSTR</serviceProviderCode><consoleReceiptNbr>5748</consoleReceiptNbr><auditModel><auditDate>2015-06-23T21:03:35-06:00</auditDate><auditID>ADMIN</auditID><auditStatus>A</auditStatus></auditModel><consoleNbr>2932</consoleNbr><consoleReceiptKey>371</consoleReceiptKey><consoleReceiptType>group</consoleReceiptType><virtualUserGroupModel refId="1@VirtualUserGroupModel"><moduleName>Licenses</moduleName><serviceProviderCode>BPTMSTR</serviceProviderCode><userGroup>LicensesAdmin</userGroup></virtualUserGroupModel></consoleReceipt>
<consoleReceipt><serviceProviderCode>BPTMSTR</serviceProviderCode><consoleReceiptNbr>5750</consoleReceiptNbr><auditModel><auditDate>2015-06-23T21:03:46-06:00</auditDate><auditID>ADMIN</auditID><auditStatus>A</auditStatus></auditModel><consoleNbr>2932</consoleNbr><consoleReceiptKey>376</consoleReceiptKey><consoleReceiptType>group</consoleReceiptType><virtualUserGroupModel refId="1@VirtualUserGroupModel"><moduleName>ServiceRequest</moduleName><serviceProviderCode>BPTMSTR</serviceProviderCode><userGroup>ServiceRequestAdmin</userGroup></virtualUserGroupModel></consoleReceipt>
<consoleReceipt><serviceProviderCode>BPTMSTR</serviceProviderCode><consoleReceiptNbr>5744</consoleReceiptNbr><auditModel><auditDate>2015-06-23T21:03:08-06:00</auditDate><auditID>ADMIN</auditID><auditStatus>A</auditStatus></auditModel><consoleNbr>2932</consoleNbr><consoleReceiptKey>403</consoleReceiptKey><consoleReceiptType>group</consoleReceiptType><virtualUserGroupModel refId="1@VirtualUserGroupModel"><moduleName>AMS</moduleName><serviceProviderCode>BPTMSTR</serviceProviderCode><userGroup>AMSAdmin</userGroup></virtualUserGroupModel></consoleReceipt>
<consoleReceipt><serviceProviderCode>BPTMSTR</serviceProviderCode><consoleReceiptNbr>5747</consoleReceiptNbr><auditModel><auditDate>2015-06-23T21:03:27-06:00</auditDate><auditID>ADMIN</auditID><auditStatus>A</auditStatus></auditModel><consoleNbr>2932</consoleNbr><consoleReceiptKey>690</consoleReceiptKey><consoleReceiptType>group</consoleReceiptType><virtualUserGroupModel refId="1@VirtualUserGroupModel"><moduleName>Fire</moduleName><serviceProviderCode>BPTMSTR</serviceProviderCode><userGroup>FireAdmin</userGroup></virtualUserGroupModel></consoleReceipt>
<consoleReceipt><serviceProviderCode>EHDEV</serviceProviderCode><consoleReceiptNbr>5745</consoleReceiptNbr><auditModel><auditDate>2015-06-23T21:03:14-06:00</auditDate><auditID>ADMIN</auditID><auditStatus>A</auditStatus></auditModel><consoleNbr>2932</consoleNbr><consoleReceiptKey>361</consoleReceiptKey><consoleReceiptType>group</consoleReceiptType><virtualUserGroupModel refId="1@VirtualUserGroupModel"><moduleName>Building</moduleName><serviceProviderCode>EHDEV</serviceProviderCode><userGroup>BuildingAdmin</userGroup></virtualUserGroupModel></consoleReceipt>
<consoleReceipt><serviceProviderCode>EHDEV</serviceProviderCode><consoleReceiptNbr>5746</consoleReceiptNbr><auditModel><auditDate>2015-06-23T21:03:20-06:00</auditDate><auditID>ADMIN</auditID><auditStatus>A</auditStatus></auditModel><consoleNbr>2932</consoleNbr><consoleReceiptKey>363</consoleReceiptKey><consoleReceiptType>group</consoleReceiptType><virtualUserGroupModel refId="1@VirtualUserGroupModel"><moduleName>Enforcement</moduleName><serviceProviderCode>EHDEV</serviceProviderCode><userGroup>EnforcementAdmin</userGroup></virtualUserGroupModel></consoleReceipt>
<consoleReceipt><serviceProviderCode>EHDEV</serviceProviderCode><consoleReceiptNbr>5749</consoleReceiptNbr><auditModel><auditDate>2015-06-23T21:03:41-06:00</auditDate><auditID>ADMIN</auditID><auditStatus>A</auditStatus></auditModel><consoleNbr>2932</consoleNbr><consoleReceiptKey>369</consoleReceiptKey><consoleReceiptType>group</consoleReceiptType><virtualUserGroupModel refId="1@VirtualUserGroupModel"><moduleName>Planning</moduleName><serviceProviderCode>EHDEV</serviceProviderCode><userGroup>PlanningAdmin</userGroup></virtualUserGroupModel></consoleReceipt>
<consoleReceipt><serviceProviderCode>EHDEV</serviceProviderCode><consoleReceiptNbr>5748</consoleReceiptNbr><auditModel><auditDate>2015-06-23T21:03:35-06:00</auditDate><auditID>ADMIN</auditID><auditStatus>A</auditStatus></auditModel><consoleNbr>2932</consoleNbr><consoleReceiptKey>371</consoleReceiptKey><consoleReceiptType>group</consoleReceiptType><virtualUserGroupModel refId="1@VirtualUserGroupModel"><moduleName>Licenses</moduleName><serviceProviderCode>EHDEV</serviceProviderCode><userGroup>LicensesAdmin</userGroup></virtualUserGroupModel></consoleReceipt>
<consoleReceipt><serviceProviderCode>EHDEV</serviceProviderCode><consoleReceiptNbr>5750</consoleReceiptNbr><auditModel><auditDate>2015-06-23T21:03:46-06:00</auditDate><auditID>ADMIN</auditID><auditStatus>A</auditStatus></auditModel><consoleNbr>2932</consoleNbr><consoleReceiptKey>376</consoleReceiptKey><consoleReceiptType>group</consoleReceiptType><virtualUserGroupModel refId="1@VirtualUserGroupModel"><moduleName>ServiceRequest</moduleName><serviceProviderCode>EHDEV</serviceProviderCode><userGroup>ServiceRequestAdmin</userGroup></virtualUserGroupModel></consoleReceipt>
<consoleReceipt><serviceProviderCode>EHDEV</serviceProviderCode><consoleReceiptNbr>5744</consoleReceiptNbr><auditModel><auditDate>2015-06-23T21:03:08-06:00</auditDate><auditID>ADMIN</auditID><auditStatus>A</auditStatus></auditModel><consoleNbr>2932</consoleNbr><consoleReceiptKey>403</consoleReceiptKey><consoleReceiptType>group</consoleReceiptType><virtualUserGroupModel refId="1@VirtualUserGroupModel"><moduleName>AMS</moduleName><serviceProviderCode>EHDEV</serviceProviderCode><userGroup>AMSAdmin</userGroup></virtualUserGroupModel></consoleReceipt>
<consoleReceipt><serviceProviderCode>EHDEV</serviceProviderCode><consoleReceiptNbr>5747</consoleReceiptNbr><auditModel><auditDate>2015-06-23T21:03:27-06:00</auditDate><auditID>ADMIN</auditID><auditStatus>A</auditStatus></auditModel><consoleNbr>2932</consoleNbr><consoleReceiptKey>690</consoleReceiptKey><consoleReceiptType>group</consoleReceiptType><virtualUserGroupModel refId="1@VirtualUserGroupModel"><moduleName>Fire</moduleName><serviceProviderCode>EHDEV</serviceProviderCode><userGroup>FireAdmin</userGroup></virtualUserGroupModel></consoleReceipt>
<consoleReceipt><serviceProviderCode>BPTDEV</serviceProviderCode><consoleReceiptNbr>5740</consoleReceiptNbr><auditModel><auditDate>2015-06-23T20:55:24-06:00</auditDate><auditID>ADMIN</auditID><auditStatus>A</auditStatus></auditModel><consoleNbr>2931</consoleNbr><consoleReceiptKey>560</consoleReceiptKey><consoleReceiptType>group</consoleReceiptType><virtualUserGroupModel refId="1@VirtualUserGroupModel"><moduleName>Enforcement</moduleName><serviceProviderCode>BPTDEV</serviceProviderCode><userGroup>EnforcementAgencyAdmin</userGroup></virtualUserGroupModel></consoleReceipt>
<consoleReceipt><serviceProviderCode>BPTDEV</serviceProviderCode><consoleReceiptNbr>5742</consoleReceiptNbr><auditModel><auditDate>2015-06-23T20:55:53-06:00</auditDate><auditID>ADMIN</auditID><auditStatus>A</auditStatus></auditModel><consoleNbr>2931</consoleNbr><consoleReceiptKey>562</consoleReceiptKey><consoleReceiptType>group</consoleReceiptType><virtualUserGroupModel refId="1@VirtualUserGroupModel"><moduleName>Planning</moduleName><serviceProviderCode>BPTDEV</serviceProviderCode><userGroup>PlanningAgencyAdmin</userGroup></virtualUserGroupModel></consoleReceipt>
<consoleReceipt><serviceProviderCode>BPTDEV</serviceProviderCode><consoleReceiptNbr>5738</consoleReceiptNbr><auditModel><auditDate>2015-06-23T20:55:10-06:00</auditDate><auditID>ADMIN</auditID><auditStatus>A</auditStatus></auditModel><consoleNbr>2931</consoleNbr><consoleReceiptKey>563</consoleReceiptKey><consoleReceiptType>group</consoleReceiptType><virtualUserGroupModel refId="1@VirtualUserGroupModel"><moduleName>AMS</moduleName><serviceProviderCode>BPTDEV</serviceProviderCode><userGroup>AMSAgencyAdmin</userGroup></virtualUserGroupModel></consoleReceipt>
<consoleReceipt><serviceProviderCode>BPTDEV</serviceProviderCode><consoleReceiptNbr>5741</consoleReceiptNbr><auditModel><auditDate>2015-06-23T20:55:34-06:00</auditDate><auditID>ADMIN</auditID><auditStatus>A</auditStatus></auditModel><consoleNbr>2931</consoleNbr><consoleReceiptKey>565</consoleReceiptKey><consoleReceiptType>group</consoleReceiptType><virtualUserGroupModel refId="1@VirtualUserGroupModel"><moduleName>Licenses</moduleName><serviceProviderCode>BPTDEV</serviceProviderCode><userGroup>LicensesAgencyAdmin</userGroup></virtualUserGroupModel></consoleReceipt>
<consoleReceipt><serviceProviderCode>BPTDEV</serviceProviderCode><consoleReceiptNbr>5743</consoleReceiptNbr><auditModel><auditDate>2015-06-23T20:56:05-06:00</auditDate><auditID>ADMIN</auditID><auditStatus>A</auditStatus></auditModel><consoleNbr>2931</consoleNbr><consoleReceiptKey>566</consoleReceiptKey><consoleReceiptType>group</consoleReceiptType><virtualUserGroupModel refId="1@VirtualUserGroupModel"><moduleName>ServiceRequest</moduleName><serviceProviderCode>BPTDEV</serviceProviderCode><userGroup>ServiceRequestAgencyAdmin</userGroup></virtualUserGroupModel></consoleReceipt>
<consoleReceipt><serviceProviderCode>BPTDEV</serviceProviderCode><consoleReceiptNbr>5739</consoleReceiptNbr><auditModel><auditDate>2015-06-23T20:55:17-06:00</auditDate><auditID>ADMIN</auditID><auditStatus>A</auditStatus></auditModel><consoleNbr>2931</consoleNbr><consoleReceiptKey>701</consoleReceiptKey><consoleReceiptType>group</consoleReceiptType><virtualUserGroupModel refId="1@VirtualUserGroupModel"><moduleName>Building</moduleName><serviceProviderCode>BPTDEV</serviceProviderCode><userGroup>BuildingAgencyAdmin</userGroup></virtualUserGroupModel></consoleReceipt>
<consoleReceipt><serviceProviderCode>BPTDEV</serviceProviderCode><consoleReceiptNbr>5751</consoleReceiptNbr><auditModel><auditDate>2015-06-23T22:35:23-06:00</auditDate><auditID>ADMIN</auditID><auditStatus>A</auditStatus></auditModel><consoleNbr>2931</consoleNbr><consoleReceiptKey>707</consoleReceiptKey><consoleReceiptType>group</consoleReceiptType><virtualUserGroupModel refId="1@VirtualUserGroupModel"><moduleName>Fire</moduleName><serviceProviderCode>BPTDEV</serviceProviderCode><userGroup>FireAgencyAdmin</userGroup></virtualUserGroupModel></consoleReceipt>
<consoleReceipt><serviceProviderCode>BPTMSTR</serviceProviderCode><consoleReceiptNbr>5740</consoleReceiptNbr><auditModel><auditDate>2015-06-23T20:55:24-06:00</auditDate><auditID>ADMIN</auditID><auditStatus>A</auditStatus></auditModel><consoleNbr>2931</consoleNbr><consoleReceiptKey>560</consoleReceiptKey><consoleReceiptType>group</consoleReceiptType><virtualUserGroupModel refId="1@VirtualUserGroupModel"><moduleName>Enforcement</moduleName><serviceProviderCode>BPTMSTR</serviceProviderCode><userGroup>EnforcementAgencyAdmin</userGroup></virtualUserGroupModel></consoleReceipt>
<consoleReceipt><serviceProviderCode>BPTMSTR</serviceProviderCode><consoleReceiptNbr>5742</consoleReceiptNbr><auditModel><auditDate>2015-06-23T20:55:53-06:00</auditDate><auditID>ADMIN</auditID><auditStatus>A</auditStatus></auditModel><consoleNbr>2931</consoleNbr><consoleReceiptKey>562</consoleReceiptKey><consoleReceiptType>group</consoleReceiptType><virtualUserGroupModel refId="1@VirtualUserGroupModel"><moduleName>Planning</moduleName><serviceProviderCode>BPTMSTR</serviceProviderCode><userGroup>PlanningAgencyAdmin</userGroup></virtualUserGroupModel></consoleReceipt>
<consoleReceipt><serviceProviderCode>BPTMSTR</serviceProviderCode><consoleReceiptNbr>5738</consoleReceiptNbr><auditModel><auditDate>2015-06-23T20:55:10-06:00</auditDate><auditID>ADMIN</auditID><auditStatus>A</auditStatus></auditModel><consoleNbr>2931</consoleNbr><consoleReceiptKey>563</consoleReceiptKey><consoleReceiptType>group</consoleReceiptType><virtualUserGroupModel refId="1@VirtualUserGroupModel"><moduleName>AMS</moduleName><serviceProviderCode>BPTMSTR</serviceProviderCode><userGroup>AMSAgencyAdmin</userGroup></virtualUserGroupModel></consoleReceipt>
<consoleReceipt><serviceProviderCode>BPTMSTR</serviceProviderCode><consoleReceiptNbr>5741</consoleReceiptNbr><auditModel><auditDate>2015-06-23T20:55:34-06:00</auditDate><auditID>ADMIN</auditID><auditStatus>A</auditStatus></auditModel><consoleNbr>2931</consoleNbr><consoleReceiptKey>565</consoleReceiptKey><consoleReceiptType>group</consoleReceiptType><virtualUserGroupModel refId="1@VirtualUserGroupModel"><moduleName>Licenses</moduleName><serviceProviderCode>BPTMSTR</serviceProviderCode><userGroup>LicensesAgencyAdmin</userGroup></virtualUserGroupModel></consoleReceipt>
<consoleReceipt><serviceProviderCode>BPTMSTR</serviceProviderCode><consoleReceiptNbr>5743</consoleReceiptNbr><auditModel><auditDate>2015-06-23T20:56:05-06:00</auditDate><auditID>ADMIN</auditID><auditStatus>A</auditStatus></auditModel><consoleNbr>2931</consoleNbr><consoleReceiptKey>566</consoleReceiptKey><consoleReceiptType>group</consoleReceiptType><virtualUserGroupModel refId="1@VirtualUserGroupModel"><moduleName>ServiceRequest</moduleName><serviceProviderCode>BPTMSTR</serviceProviderCode><userGroup>ServiceRequestAgencyAdmin</userGroup></virtualUserGroupModel></consoleReceipt>
<consoleReceipt><serviceProviderCode>BPTMSTR</serviceProviderCode><consoleReceiptNbr>5739</consoleReceiptNbr><auditModel><auditDate>2015-06-23T20:55:17-06:00</auditDate><auditID>ADMIN</auditID><auditStatus>A</auditStatus></auditModel><consoleNbr>2931</consoleNbr><consoleReceiptKey>701</consoleReceiptKey><consoleReceiptType>group</consoleReceiptType><virtualUserGroupModel refId="1@VirtualUserGroupModel"><moduleName>Building</moduleName><serviceProviderCode>BPTMSTR</serviceProviderCode><userGroup>BuildingAgencyAdmin</userGroup></virtualUserGroupModel></consoleReceipt>
<consoleReceipt><serviceProviderCode>BPTMSTR</serviceProviderCode><consoleReceiptNbr>5751</consoleReceiptNbr><auditModel><auditDate>2015-06-23T22:35:23-06:00</auditDate><auditID>ADMIN</auditID><auditStatus>A</auditStatus></auditModel><consoleNbr>2931</consoleNbr><consoleReceiptKey>707</consoleReceiptKey><consoleReceiptType>group</consoleReceiptType><virtualUserGroupModel refId="1@VirtualUserGroupModel"><moduleName>Fire</moduleName><serviceProviderCode>BPTMSTR</serviceProviderCode><userGroup>FireAgencyAdmin</userGroup></virtualUserGroupModel></consoleReceipt>
<consoleReceipt><serviceProviderCode>EHDEV</serviceProviderCode><consoleReceiptNbr>5740</consoleReceiptNbr><auditModel><auditDate>2015-06-23T20:55:24-06:00</auditDate><auditID>ADMIN</auditID><auditStatus>A</auditStatus></auditModel><consoleNbr>2931</consoleNbr><consoleReceiptKey>560</consoleReceiptKey><consoleReceiptType>group</consoleReceiptType><virtualUserGroupModel refId="1@VirtualUserGroupModel"><moduleName>Enforcement</moduleName><serviceProviderCode>EHDEV</serviceProviderCode><userGroup>EnforcementAgencyAdmin</userGroup></virtualUserGroupModel></consoleReceipt>
<consoleReceipt><serviceProviderCode>EHDEV</serviceProviderCode><consoleReceiptNbr>5742</consoleReceiptNbr><auditModel><auditDate>2015-06-23T20:55:53-06:00</auditDate><auditID>ADMIN</auditID><auditStatus>A</auditStatus></auditModel><consoleNbr>2931</consoleNbr><consoleReceiptKey>562</consoleReceiptKey><consoleReceiptType>group</consoleReceiptType><virtualUserGroupModel refId="1@VirtualUserGroupModel"><moduleName>Planning</moduleName><serviceProviderCode>EHDEV</serviceProviderCode><userGroup>PlanningAgencyAdmin</userGroup></virtualUserGroupModel></consoleReceipt>
<consoleReceipt><serviceProviderCode>EHDEV</serviceProviderCode><consoleReceiptNbr>5738</consoleReceiptNbr><auditModel><auditDate>2015-06-23T20:55:10-06:00</auditDate><auditID>ADMIN</auditID><auditStatus>A</auditStatus></auditModel><consoleNbr>2931</consoleNbr><consoleReceiptKey>563</consoleReceiptKey><consoleReceiptType>group</consoleReceiptType><virtualUserGroupModel refId="1@VirtualUserGroupModel"><moduleName>AMS</moduleName><serviceProviderCode>EHDEV</serviceProviderCode><userGroup>AMSAgencyAdmin</userGroup></virtualUserGroupModel></consoleReceipt>
<consoleReceipt><serviceProviderCode>EHDEV</serviceProviderCode><consoleReceiptNbr>5741</consoleReceiptNbr><auditModel><auditDate>2015-06-23T20:55:34-06:00</auditDate><auditID>ADMIN</auditID><auditStatus>A</auditStatus></auditModel><consoleNbr>2931</consoleNbr><consoleReceiptKey>565</consoleReceiptKey><consoleReceiptType>group</consoleReceiptType><virtualUserGroupModel refId="1@VirtualUserGroupModel"><moduleName>Licenses</moduleName><serviceProviderCode>EHDEV</serviceProviderCode><userGroup>LicensesAgencyAdmin</userGroup></virtualUserGroupModel></consoleReceipt>
<consoleReceipt><serviceProviderCode>EHDEV</serviceProviderCode><consoleReceiptNbr>5743</consoleReceiptNbr><auditModel><auditDate>2015-06-23T20:56:05-06:00</auditDate><auditID>ADMIN</auditID><auditStatus>A</auditStatus></auditModel><consoleNbr>2931</consoleNbr><consoleReceiptKey>566</consoleReceiptKey><consoleReceiptType>group</consoleReceiptType><virtualUserGroupModel refId="1@VirtualUserGroupModel"><moduleName>ServiceRequest</moduleName><serviceProviderCode>EHDEV</serviceProviderCode><userGroup>ServiceRequestAgencyAdmin</userGroup></virtualUserGroupModel></consoleReceipt>
<consoleReceipt><serviceProviderCode>EHDEV</serviceProviderCode><consoleReceiptNbr>5739</consoleReceiptNbr><auditModel><auditDate>2015-06-23T20:55:17-06:00</auditDate><auditID>ADMIN</auditID><auditStatus>A</auditStatus></auditModel><consoleNbr>2931</consoleNbr><consoleReceiptKey>701</consoleReceiptKey><consoleReceiptType>group</consoleReceiptType><virtualUserGroupModel refId="1@VirtualUserGroupModel"><moduleName>Building</moduleName><serviceProviderCode>EHDEV</serviceProviderCode><userGroup>BuildingAgencyAdmin</userGroup></virtualUserGroupModel></consoleReceipt>
<consoleReceipt><serviceProviderCode>EHDEV</serviceProviderCode><consoleReceiptNbr>5751</consoleReceiptNbr><auditModel><auditDate>2015-06-23T22:35:23-06:00</auditDate><auditID>ADMIN</auditID><auditStatus>A</auditStatus></auditModel><consoleNbr>2931</consoleNbr><consoleReceiptKey>707</consoleReceiptKey><consoleReceiptType>group</consoleReceiptType><virtualUserGroupModel refId="1@VirtualUserGroupModel"><moduleName>Fire</moduleName><serviceProviderCode>EHDEV</serviceProviderCode><userGroup>FireAgencyAdmin</userGroup></virtualUserGroupModel></consoleReceipt>
</list>