<?xml version="1.0" encoding="UTF-8" standalone="yes"?>
<list  version="8.0.0" minorVersion="15" exportUser="ADMIN" exportDateTime="03/30/2016 09:30 PM" description="null"><menuTemplate refId="1@MenuTemplateModel"><policySeq>691</policySeq><serviceProviderCode>BPTDEV</serviceProviderCode><auditModel><auditDate>2013-11-26T14:22:48-07:00</auditDate><auditID>ADMIN</auditID><auditStatus>A</auditStatus></auditModel><data1>cap_tabbar</data1><data2>Planning Module Menu</data2><data4>Go To menu items for Planning module</data4><levelData>Planning</levelData><levelType>Module</levelType><menuLevel>1</menuLevel><policyI18NModels/><policyName>Menu</policyName><rightGranted>Y</rightGranted><status>Y</status><menuModels><menu refId="2@MenuModel"><policySeq>693</policySeq><serviceProviderCode>BPTDEV</serviceProviderCode><auditModel><auditDate>2013-11-26T14:22:48-07:00</auditDate><auditID>ADMIN</auditID><auditStatus>A</auditStatus></auditModel><data1>cap_tabbar</data1><data2>Planning Module Menu/[1]Property</data2><levelData>Planning</levelData><levelType>Module</levelType><menuLevel>2</menuLevel><policyI18NModels/><policyName>Menu</policyName><rightGranted>Y</rightGranted><status>Y</status><menuItemModels><menuItem refId="3@MenuItemModel"><policySeq>709</policySeq><serviceProviderCode>BPTDEV</serviceProviderCode><auditModel><auditDate>2013-11-26T14:22:48-07:00</auditDate><auditID>ADMIN</auditID><auditStatus>A</auditStatus></auditModel><data1>cap_tabbar</data1><data2>Planning Module Menu/[1]Property/[0]Address[][B]</data2><levelData>Planning</levelData><levelType>Module</levelType><menuLevel>3</menuLevel><policyI18NModels/><policyName>Menu</policyName><rightGranted>Y</rightGranted><status>Y</status></menuItem><menuItem refId="4@MenuItemModel"><policySeq>710</policySeq><serviceProviderCode>BPTDEV</serviceProviderCode><auditModel><auditDate>2013-11-26T14:22:48-07:00</auditDate><auditID>ADMIN</auditID><auditStatus>A</auditStatus></auditModel><data1>cap_tabbar</data1><data2>Planning Module Menu/[1]Property/[1]Parcel[][B]</data2><levelData>Planning</levelData><levelType>Module</levelType><menuLevel>3</menuLevel><policyI18NModels/><policyName>Menu</policyName><rightGranted>Y</rightGranted><status>Y</status></menuItem></menuItemModels><menuName>Planning Module Menu/[1]Property%</menuName></menu><menu refId="5@MenuModel"><policySeq>694</policySeq><serviceProviderCode>BPTDEV</serviceProviderCode><auditModel><auditDate>2013-11-26T14:22:48-07:00</auditDate><auditID>ADMIN</auditID><auditStatus>A</auditStatus></auditModel><data1>cap_tabbar</data1><data2>Planning Module Menu/[2]Fees and Payments</data2><levelData>Planning</levelData><levelType>Module</levelType><menuLevel>2</menuLevel><policyI18NModels/><policyName>Menu</policyName><rightGranted>Y</rightGranted><status>Y</status><menuItemModels><menuItem refId="6@MenuItemModel"><policySeq>711</policySeq><serviceProviderCode>BPTDEV</serviceProviderCode><auditModel><auditDate>2013-11-26T14:22:48-07:00</auditDate><auditID>ADMIN</auditID><auditStatus>A</auditStatus></auditModel><data1>cap_tabbar</data1><data2>Planning Module Menu/[2]Fees and Payments/[0]Fees[][B]</data2><levelData>Planning</levelData><levelType>Module</levelType><menuLevel>3</menuLevel><policyI18NModels/><policyName>Menu</policyName><rightGranted>Y</rightGranted><status>Y</status></menuItem><menuItem refId="7@MenuItemModel"><policySeq>712</policySeq><serviceProviderCode>BPTDEV</serviceProviderCode><auditModel><auditDate>2013-11-26T14:22:48-07:00</auditDate><auditID>ADMIN</auditID><auditStatus>A</auditStatus></auditModel><data1>cap_tabbar</data1><data2>Planning Module Menu/[2]Fees and Payments/[1]AssessFeeHistory[Fee History][B]</data2><levelData>Planning</levelData><levelType>Module</levelType><menuLevel>3</menuLevel><policyI18NModels/><policyName>Menu</policyName><rightGranted>Y</rightGranted><status>Y</status></menuItem><menuItem refId="8@MenuItemModel"><policySeq>713</policySeq><serviceProviderCode>BPTDEV</serviceProviderCode><auditModel><auditDate>2013-11-26T14:22:48-07:00</auditDate><auditID>ADMIN</auditID><auditStatus>A</auditStatus></auditModel><data1>cap_tabbar</data1><data2>Planning Module Menu/[2]Fees and Payments/[2]Payments[][B]</data2><levelData>Planning</levelData><levelType>Module</levelType><menuLevel>3</menuLevel><policyI18NModels/><policyName>Menu</policyName><rightGranted>Y</rightGranted><status>Y</status></menuItem><menuItem refId="9@MenuItemModel"><policySeq>714</policySeq><serviceProviderCode>BPTDEV</serviceProviderCode><auditModel><auditDate>2013-11-26T14:22:48-07:00</auditDate><auditID>ADMIN</auditID><auditStatus>A</auditStatus></auditModel><data1>cap_tabbar</data1><data2>Planning Module Menu/[2]Fees and Payments/[3]PaymentHistory[][B]</data2><levelData>Planning</levelData><levelType>Module</levelType><menuLevel>3</menuLevel><policyI18NModels/><policyName>Menu</policyName><rightGranted>Y</rightGranted><status>Y</status></menuItem></menuItemModels><menuName>Planning Module Menu/[2]Fees and Payments%</menuName></menu><menu refId="10@MenuModel"><policySeq>695</policySeq><serviceProviderCode>BPTDEV</serviceProviderCode><auditModel><auditDate>2013-11-26T14:22:48-07:00</auditDate><auditID>ADMIN</auditID><auditStatus>A</auditStatus></auditModel><data1>cap_tabbar</data1><data2>Planning Module Menu/[3]People</data2><levelData>Planning</levelData><levelType>Module</levelType><menuLevel>2</menuLevel><policyI18NModels/><policyName>Menu</policyName><rightGranted>Y</rightGranted><status>Y</status><menuItemModels><menuItem refId="11@MenuItemModel"><policySeq>715</policySeq><serviceProviderCode>BPTDEV</serviceProviderCode><auditModel><auditDate>2013-11-26T14:22:48-07:00</auditDate><auditID>ADMIN</auditID><auditStatus>A</auditStatus></auditModel><data1>cap_tabbar</data1><data2>Planning Module Menu/[3]People/[0]Contact[][B]</data2><levelData>Planning</levelData><levelType>Module</levelType><menuLevel>3</menuLevel><policyI18NModels/><policyName>Menu</policyName><rightGranted>Y</rightGranted><status>Y</status></menuItem><menuItem refId="12@MenuItemModel"><policySeq>716</policySeq><serviceProviderCode>BPTDEV</serviceProviderCode><auditModel><auditDate>2013-11-26T14:22:48-07:00</auditDate><auditID>ADMIN</auditID><auditStatus>A</auditStatus></auditModel><data1>cap_tabbar</data1><data2>Planning Module Menu/[3]People/[1]Owner[][B]</data2><levelData>Planning</levelData><levelType>Module</levelType><menuLevel>3</menuLevel><policyI18NModels/><policyName>Menu</policyName><rightGranted>Y</rightGranted><status>Y</status></menuItem><menuItem refId="13@MenuItemModel"><policySeq>717</policySeq><serviceProviderCode>BPTDEV</serviceProviderCode><auditModel><auditDate>2013-11-26T14:22:48-07:00</auditDate><auditID>ADMIN</auditID><auditStatus>A</auditStatus></auditModel><data1>cap_tabbar</data1><data2>Planning Module Menu/[3]People/[2]Professionals[][B]</data2><levelData>Planning</levelData><levelType>Module</levelType><menuLevel>3</menuLevel><policyI18NModels/><policyName>Menu</policyName><rightGranted>Y</rightGranted><status>Y</status></menuItem></menuItemModels><menuName>Planning Module Menu/[3]People%</menuName></menu><menu refId="14@MenuModel"><policySeq>696</policySeq><serviceProviderCode>BPTDEV</serviceProviderCode><auditModel><auditDate>2013-11-26T14:22:48-07:00</auditDate><auditID>ADMIN</auditID><auditStatus>A</auditStatus></auditModel><data1>cap_tabbar</data1><data2>Planning Module Menu/[5]Workflow</data2><levelData>Planning</levelData><levelType>Module</levelType><menuLevel>2</menuLevel><policyI18NModels/><policyName>Menu</policyName><rightGranted>Y</rightGranted><status>Y</status><menuItemModels><menuItem refId="15@MenuItemModel"><policySeq>718</policySeq><serviceProviderCode>BPTDEV</serviceProviderCode><auditModel><auditDate>2013-11-26T14:22:48-07:00</auditDate><auditID>ADMIN</auditID><auditStatus>A</auditStatus></auditModel><data1>cap_tabbar</data1><data2>Planning Module Menu/[5]Workflow/[0]Workflow[][B]</data2><levelData>Planning</levelData><levelType>Module</levelType><menuLevel>3</menuLevel><policyI18NModels/><policyName>Menu</policyName><rightGranted>Y</rightGranted><status>Y</status></menuItem><menuItem refId="16@MenuItemModel"><policySeq>719</policySeq><serviceProviderCode>BPTDEV</serviceProviderCode><auditModel><auditDate>2013-11-26T14:22:48-07:00</auditDate><auditID>ADMIN</auditID><auditStatus>A</auditStatus></auditModel><data1>cap_tabbar</data1><data2>Planning Module Menu/[5]Workflow/[1]History[][B]</data2><levelData>Planning</levelData><levelType>Module</levelType><menuLevel>3</menuLevel><policyI18NModels/><policyName>Menu</policyName><rightGranted>Y</rightGranted><status>Y</status></menuItem><menuItem refId="17@MenuItemModel"><policySeq>720</policySeq><serviceProviderCode>BPTDEV</serviceProviderCode><auditModel><auditDate>2013-11-26T14:22:48-07:00</auditDate><auditID>ADMIN</auditID><auditStatus>A</auditStatus></auditModel><data1>cap_tabbar</data1><data2>Planning Module Menu/[5]Workflow/[2]Activity[][B]</data2><levelData>Planning</levelData><levelType>Module</levelType><menuLevel>3</menuLevel><policyI18NModels/><policyName>Menu</policyName><rightGranted>Y</rightGranted><status>Y</status></menuItem><menuItem refId="18@MenuItemModel"><policySeq>721</policySeq><serviceProviderCode>BPTDEV</serviceProviderCode><auditModel><auditDate>2013-11-26T14:22:48-07:00</auditDate><auditID>ADMIN</auditID><auditStatus>A</auditStatus></auditModel><data1>cap_tabbar</data1><data2>Planning Module Menu/[5]Workflow/[3]Activity Summary[][B]</data2><levelData>Planning</levelData><levelType>Module</levelType><menuLevel>3</menuLevel><policyI18NModels/><policyName>Menu</policyName><rightGranted>Y</rightGranted><status>Y</status></menuItem></menuItemModels><menuName>Planning Module Menu/[5]Workflow%</menuName></menu><menu refId="19@MenuModel"><policySeq>697</policySeq><serviceProviderCode>BPTDEV</serviceProviderCode><auditModel><auditDate>2013-11-26T14:22:48-07:00</auditDate><auditID>ADMIN</auditID><auditStatus>A</auditStatus></auditModel><data1>cap_tabbar</data1><data2>Planning Module Menu/[6]Inspections</data2><levelData>Planning</levelData><levelType>Module</levelType><menuLevel>2</menuLevel><policyI18NModels/><policyName>Menu</policyName><rightGranted>Y</rightGranted><status>Y</status><menuItemModels><menuItem refId="20@MenuItemModel"><policySeq>722</policySeq><serviceProviderCode>BPTDEV</serviceProviderCode><auditModel><auditDate>2013-11-26T14:22:48-07:00</auditDate><auditID>ADMIN</auditID><auditStatus>A</auditStatus></auditModel><data1>cap_tabbar</data1><data2>Planning Module Menu/[6]Inspections/[0]Inspections[][B]</data2><levelData>Planning</levelData><levelType>Module</levelType><menuLevel>3</menuLevel><policyI18NModels/><policyName>Menu</policyName><rightGranted>Y</rightGranted><status>Y</status></menuItem></menuItemModels><menuName>Planning Module Menu/[6]Inspections%</menuName></menu><menu refId="21@MenuModel"><policySeq>723</policySeq><serviceProviderCode>BPTDEV</serviceProviderCode><auditModel><auditDate>2013-11-26T14:22:48-07:00</auditDate><auditID>ADMIN</auditID><auditStatus>A</auditStatus></auditModel><data1>cap_tabbar</data1><data2>Planning Module Menu/[4]Hearings</data2><levelData>Planning</levelData><levelType>Module</levelType><menuLevel>2</menuLevel><policyI18NModels/><policyName>Menu</policyName><rightGranted>Y</rightGranted><status>Y</status><menuItemModels><menuItem refId="22@MenuItemModel"><policySeq>724</policySeq><serviceProviderCode>BPTDEV</serviceProviderCode><auditModel><auditDate>2013-11-26T14:22:48-07:00</auditDate><auditID>ADMIN</auditID><auditStatus>A</auditStatus></auditModel><data1>cap_tabbar</data1><data2>Planning Module Menu/[4]Hearings/[0]Meeting[][B]</data2><levelData>Planning</levelData><levelType>Module</levelType><menuLevel>3</menuLevel><policyI18NModels/><policyName>Menu</policyName><rightGranted>Y</rightGranted><status>Y</status></menuItem></menuItemModels><menuName>Planning Module Menu/[4]Hearings%</menuName></menu><menu refId="23@MenuModel"><policySeq>692</policySeq><serviceProviderCode>BPTDEV</serviceProviderCode><auditModel><auditDate>2013-11-26T14:22:48-07:00</auditDate><auditID>ADMIN</auditID><auditStatus>A</auditStatus></auditModel><data1>cap_tabbar</data1><data2>Planning Module Menu/[0]Record Data</data2><levelData>Planning</levelData><levelType>Module</levelType><menuLevel>2</menuLevel><policyI18NModels/><policyName>Menu</policyName><rightGranted>Y</rightGranted><status>Y</status><menuItemModels><menuItem refId="24@MenuItemModel"><policySeq>698</policySeq><serviceProviderCode>BPTDEV</serviceProviderCode><auditModel><auditDate>2015-10-14T14:21:10-06:00</auditDate><auditID>ADMIN</auditID><auditStatus>A</auditStatus></auditModel><data1>cap_tabbar</data1><data2>Planning Module Menu/[0]Record Data/[0]CapTabSummary[][B]</data2><levelData>Planning</levelData><levelType>Module</levelType><menuLevel>3</menuLevel><policyI18NModels/><policyName>Menu</policyName><rightGranted>Y</rightGranted><status>Y</status></menuItem><menuItem refId="25@MenuItemModel"><policySeq>699</policySeq><serviceProviderCode>BPTDEV</serviceProviderCode><auditModel><auditDate>2015-10-14T14:21:10-06:00</auditDate><auditID>ADMIN</auditID><auditStatus>A</auditStatus></auditModel><data1>cap_tabbar</data1><data2>Planning Module Menu/[0]Record Data/[1]CapDetail[][B]</data2><levelData>Planning</levelData><levelType>Module</levelType><menuLevel>3</menuLevel><policyI18NModels/><policyName>Menu</policyName><rightGranted>Y</rightGranted><status>Y</status></menuItem><menuItem refId="26@MenuItemModel"><policySeq>700</policySeq><serviceProviderCode>BPTDEV</serviceProviderCode><auditModel><auditDate>2015-10-14T14:21:10-06:00</auditDate><auditID>ADMIN</auditID><auditStatus>A</auditStatus></auditModel><data1>cap_tabbar</data1><data2>Planning Module Menu/[0]Record Data/[2]Activity[][B]</data2><levelData>Planning</levelData><levelType>Module</levelType><menuLevel>3</menuLevel><policyI18NModels/><policyName>Menu</policyName><rightGranted>Y</rightGranted><status>Y</status></menuItem><menuItem refId="27@MenuItemModel"><policySeq>701</policySeq><serviceProviderCode>BPTDEV</serviceProviderCode><auditModel><auditDate>2015-10-14T14:21:10-06:00</auditDate><auditID>ADMIN</auditID><auditStatus>A</auditStatus></auditModel><data1>cap_tabbar</data1><data2>Planning Module Menu/[0]Record Data/[3]Comments[][B]</data2><levelData>Planning</levelData><levelType>Module</levelType><menuLevel>3</menuLevel><policyI18NModels/><policyName>Menu</policyName><rightGranted>Y</rightGranted><status>Y</status></menuItem><menuItem refId="28@MenuItemModel"><policySeq>702</policySeq><serviceProviderCode>BPTDEV</serviceProviderCode><auditModel><auditDate>2015-10-14T14:21:10-06:00</auditDate><auditID>ADMIN</auditID><auditStatus>A</auditStatus></auditModel><data1>cap_tabbar</data1><data2>Planning Module Menu/[0]Record Data/[4]Conditions[][B]</data2><levelData>Planning</levelData><levelType>Module</levelType><menuLevel>3</menuLevel><policyI18NModels/><policyName>Menu</policyName><rightGranted>Y</rightGranted><status>Y</status></menuItem><menuItem refId="29@MenuItemModel"><policySeq>703</policySeq><serviceProviderCode>BPTDEV</serviceProviderCode><auditModel><auditDate>2015-10-14T14:21:10-06:00</auditDate><auditID>ADMIN</auditID><auditStatus>A</auditStatus></auditModel><data1>cap_tabbar</data1><data2>Planning Module Menu/[0]Record Data/[7]AppSpecInfo[Data Fields][B]</data2><levelData>Planning</levelData><levelType>Module</levelType><menuLevel>3</menuLevel><policyI18NModels/><policyName>Menu</policyName><rightGranted>Y</rightGranted><status>Y</status></menuItem><menuItem refId="30@MenuItemModel"><policySeq>704</policySeq><serviceProviderCode>BPTDEV</serviceProviderCode><auditModel><auditDate>2015-10-14T14:21:10-06:00</auditDate><auditID>ADMIN</auditID><auditStatus>A</auditStatus></auditModel><data1>cap_tabbar</data1><data2>Planning Module Menu/[0]Record Data/[8]AppSpecInfoTable[Data Tables][B]</data2><levelData>Planning</levelData><levelType>Module</levelType><menuLevel>3</menuLevel><policyI18NModels/><policyName>Menu</policyName><rightGranted>Y</rightGranted><status>Y</status></menuItem><menuItem refId="31@MenuItemModel"><policySeq>705</policySeq><serviceProviderCode>BPTDEV</serviceProviderCode><auditModel><auditDate>2015-10-14T14:21:10-06:00</auditDate><auditID>ADMIN</auditID><auditStatus>A</auditStatus></auditModel><data1>cap_tabbar</data1><data2>Planning Module Menu/[0]Record Data/[9]Meeting[][B]</data2><levelData>Planning</levelData><levelType>Module</levelType><menuLevel>3</menuLevel><policyI18NModels/><policyName>Menu</policyName><rightGranted>Y</rightGranted><status>Y</status></menuItem><menuItem refId="32@MenuItemModel"><policySeq>706</policySeq><serviceProviderCode>BPTDEV</serviceProviderCode><auditModel><auditDate>2015-10-14T14:21:10-06:00</auditDate><auditID>ADMIN</auditID><auditStatus>A</auditStatus></auditModel><data1>cap_tabbar</data1><data2>Planning Module Menu/[0]Record Data/[11]Document[][B]</data2><levelData>Planning</levelData><levelType>Module</levelType><menuLevel>3</menuLevel><policyI18NModels/><policyName>Menu</policyName><rightGranted>Y</rightGranted><status>Y</status></menuItem><menuItem refId="33@MenuItemModel"><policySeq>707</policySeq><serviceProviderCode>BPTDEV</serviceProviderCode><auditModel><auditDate>2015-10-14T14:21:10-06:00</auditDate><auditID>ADMIN</auditID><auditStatus>A</auditStatus></auditModel><data1>cap_tabbar</data1><data2>Planning Module Menu/[0]Record Data/[12]XRefCap[][B]</data2><levelData>Planning</levelData><levelType>Module</levelType><menuLevel>3</menuLevel><policyI18NModels/><policyName>Menu</policyName><rightGranted>Y</rightGranted><status>Y</status></menuItem><menuItem refId="34@MenuItemModel"><policySeq>708</policySeq><serviceProviderCode>BPTDEV</serviceProviderCode><auditModel><auditDate>2015-10-14T14:21:10-06:00</auditDate><auditID>ADMIN</auditID><auditStatus>A</auditStatus></auditModel><data1>cap_tabbar</data1><data2>Planning Module Menu/[0]Record Data/[13]Status[][B]</data2><levelData>Planning</levelData><levelType>Module</levelType><menuLevel>3</menuLevel><policyI18NModels/><policyName>Menu</policyName><rightGranted>Y</rightGranted><status>Y</status></menuItem><menuItem refId="35@MenuItemModel"><policySeq>2944</policySeq><serviceProviderCode>BPTDEV</serviceProviderCode><auditModel><auditDate>2015-10-14T14:21:10-06:00</auditDate><auditID>ADMIN</auditID><auditStatus>A</auditStatus></auditModel><data1>cap_tabbar</data1><data2>Planning Module Menu/[0]Record Data/[5]ConditionsOfApproval[][B]</data2><levelData>Planning</levelData><levelType>Module</levelType><menuLevel>3</menuLevel><policyI18NModels/><policyName>Menu</policyName><rightGranted>Y</rightGranted><status>Y</status></menuItem><menuItem refId="36@MenuItemModel"><policySeq>4941</policySeq><serviceProviderCode>BPTDEV</serviceProviderCode><auditModel><auditDate>2015-10-14T14:21:10-06:00</auditDate><auditID>ADMIN</auditID><auditStatus>A</auditStatus></auditModel><data1>cap_tabbar</data1><data2>Planning Module Menu/[0]Record Data/[6]RecordActivityReport[][B]</data2><levelData>Planning</levelData><levelType>Module</levelType><menuLevel>3</menuLevel><policyI18NModels/><policyName>Menu</policyName><rightGranted>Y</rightGranted><status>Y</status></menuItem><menuItem refId="37@MenuItemModel"><policySeq>2365</policySeq><serviceProviderCode>BPTDEV</serviceProviderCode><auditModel><auditDate>2015-10-14T14:21:10-06:00</auditDate><auditID>ADMIN</auditID><auditStatus>A</auditStatus></auditModel><data1>cap_tabbar</data1><data2>Planning Module Menu/[0]Record Data/[14]StatusHistory[Status History][B]</data2><levelData>Planning</levelData><levelType>Module</levelType><menuLevel>3</menuLevel><policyI18NModels/><policyName>Menu</policyName><rightGranted>Y</rightGranted><status>Y</status></menuItem><menuItem refId="38@MenuItemModel"><policySeq>288177</policySeq><serviceProviderCode>BPTDEV</serviceProviderCode><auditModel><auditDate>2015-10-14T14:21:10-06:00</auditDate><auditID>ADMIN</auditID><auditStatus>A</auditStatus></auditModel><data1>cap_tabbar</data1><data2>Planning Module Menu/[0]Record Data/[10]Evidence[][B]</data2><levelData>Planning</levelData><levelType>Module</levelType><menuLevel>3</menuLevel><policyI18NModels/><policyName>Menu</policyName><rightGranted>Y</rightGranted><status>Y</status></menuItem></menuItemModels><menuName>Planning Module Menu/[0]Record Data%</menuName></menu><menu refId="39@MenuModel"><policySeq>2366</policySeq><serviceProviderCode>BPTDEV</serviceProviderCode><auditModel><auditDate>2013-11-26T14:22:48-07:00</auditDate><auditID>ADMIN</auditID><auditStatus>A</auditStatus></auditModel><data1>cap_tabbar</data1><data2>Planning Module Menu/[7]Tab</data2><levelData>Planning</levelData><levelType>Module</levelType><menuLevel>2</menuLevel><policyI18NModels/><policyName>Menu</policyName><rightGranted>Y</rightGranted><status>Y</status><menuItemModels><menuItem refId="40@MenuItemModel"><policySeq>2945</policySeq><serviceProviderCode>BPTDEV</serviceProviderCode><auditModel><auditDate>2015-10-14T14:26:08-06:00</auditDate><auditID>ADMIN</auditID><auditStatus>A</auditStatus></auditModel><data1>cap_tabbar</data1><data2>Planning Module Menu/[7]Tab/[10]ConditionsOfApproval[][B]</data2><levelData>Planning</levelData><levelType>Module</levelType><menuLevel>3</menuLevel><policyI18NModels/><policyName>Menu</policyName><rightGranted>Y</rightGranted><status>Y</status></menuItem><menuItem refId="41@MenuItemModel"><policySeq>288178</policySeq><serviceProviderCode>BPTDEV</serviceProviderCode><auditModel><auditDate>2015-10-14T14:26:08-06:00</auditDate><auditID>ADMIN</auditID><auditStatus>A</auditStatus></auditModel><data1>cap_tabbar</data1><data2>Planning Module Menu/[7]Tab/[18]Evidence[][B]</data2><levelData>Planning</levelData><levelType>Module</levelType><menuLevel>3</menuLevel><policyI18NModels/><policyName>Menu</policyName><rightGranted>Y</rightGranted><status>Y</status></menuItem><menuItem refId="42@MenuItemModel"><policySeq>4939</policySeq><serviceProviderCode>BPTDEV</serviceProviderCode><auditModel><auditDate>2015-10-14T14:26:08-06:00</auditDate><auditID>ADMIN</auditID><auditStatus>A</auditStatus></auditModel><data1>cap_tabbar</data1><data2>Planning Module Menu/[7]Tab/[12]Communications[][B]</data2><levelData>Planning</levelData><levelType>Module</levelType><menuLevel>3</menuLevel><policyI18NModels/><policyName>Menu</policyName><rightGranted>Y</rightGranted><status>Y</status></menuItem><menuItem refId="43@MenuItemModel"><policySeq>4940</policySeq><serviceProviderCode>BPTDEV</serviceProviderCode><auditModel><auditDate>2015-10-14T14:26:08-06:00</auditDate><auditID>ADMIN</auditID><auditStatus>A</auditStatus></auditModel><data1>cap_tabbar</data1><data2>Planning Module Menu/[7]Tab/[30]ClassicReports[][B]</data2><levelData>Planning</levelData><levelType>Module</levelType><menuLevel>3</menuLevel><policyI18NModels/><policyName>Menu</policyName><rightGranted>Y</rightGranted><status>Y</status></menuItem><menuItem refId="44@MenuItemModel"><policySeq>2369</policySeq><serviceProviderCode>BPTDEV</serviceProviderCode><auditModel><auditDate>2015-10-14T14:26:08-06:00</auditDate><auditID>ADMIN</auditID><auditStatus>A</auditStatus></auditModel><data1>cap_tabbar</data1><data2>Planning Module Menu/[7]Tab/[0]CapTabSummary[][B]</data2><levelData>Planning</levelData><levelType>Module</levelType><menuLevel>3</menuLevel><policyI18NModels/><policyName>Menu</policyName><rightGranted>Y</rightGranted><status>Y</status></menuItem><menuItem refId="45@MenuItemModel"><policySeq>2370</policySeq><serviceProviderCode>BPTDEV</serviceProviderCode><auditModel><auditDate>2015-10-14T14:26:08-06:00</auditDate><auditID>ADMIN</auditID><auditStatus>A</auditStatus></auditModel><data1>cap_tabbar</data1><data2>Planning Module Menu/[7]Tab/[1]CapDetail[][B]</data2><levelData>Planning</levelData><levelType>Module</levelType><menuLevel>3</menuLevel><policyI18NModels/><policyName>Menu</policyName><rightGranted>Y</rightGranted><status>Y</status></menuItem><menuItem refId="46@MenuItemModel"><policySeq>2371</policySeq><serviceProviderCode>BPTDEV</serviceProviderCode><auditModel><auditDate>2015-10-14T14:26:08-06:00</auditDate><auditID>ADMIN</auditID><auditStatus>A</auditStatus></auditModel><data1>cap_tabbar</data1><data2>Planning Module Menu/[7]Tab/[2]Activity[][B]</data2><levelData>Planning</levelData><levelType>Module</levelType><menuLevel>3</menuLevel><policyI18NModels/><policyName>Menu</policyName><rightGranted>Y</rightGranted><status>Y</status></menuItem><menuItem refId="47@MenuItemModel"><policySeq>2372</policySeq><serviceProviderCode>BPTDEV</serviceProviderCode><auditModel><auditDate>2015-10-14T14:26:08-06:00</auditDate><auditID>ADMIN</auditID><auditStatus>A</auditStatus></auditModel><data1>cap_tabbar</data1><data2>Planning Module Menu/[7]Tab/[3]Activity Summary[][B]</data2><levelData>Planning</levelData><levelType>Module</levelType><menuLevel>3</menuLevel><policyI18NModels/><policyName>Menu</policyName><rightGranted>Y</rightGranted><status>Y</status></menuItem><menuItem refId="48@MenuItemModel"><policySeq>2373</policySeq><serviceProviderCode>BPTDEV</serviceProviderCode><auditModel><auditDate>2015-10-14T14:26:08-06:00</auditDate><auditID>ADMIN</auditID><auditStatus>A</auditStatus></auditModel><data1>cap_tabbar</data1><data2>Planning Module Menu/[7]Tab/[4]Address[][B]</data2><levelData>Planning</levelData><levelType>Module</levelType><menuLevel>3</menuLevel><policyI18NModels/><policyName>Menu</policyName><rightGranted>Y</rightGranted><status>Y</status></menuItem><menuItem refId="49@MenuItemModel"><policySeq>2374</policySeq><serviceProviderCode>BPTDEV</serviceProviderCode><auditModel><auditDate>2015-10-14T14:26:08-06:00</auditDate><auditID>ADMIN</auditID><auditStatus>A</auditStatus></auditModel><data1>cap_tabbar</data1><data2>Planning Module Menu/[7]Tab/[5]AppSpecInfo[Data Fields][B]</data2><levelData>Planning</levelData><levelType>Module</levelType><menuLevel>3</menuLevel><policyI18NModels/><policyName>Menu</policyName><rightGranted>Y</rightGranted><status>Y</status></menuItem><menuItem refId="50@MenuItemModel"><policySeq>2375</policySeq><serviceProviderCode>BPTDEV</serviceProviderCode><auditModel><auditDate>2015-10-14T14:26:08-06:00</auditDate><auditID>ADMIN</auditID><auditStatus>A</auditStatus></auditModel><data1>cap_tabbar</data1><data2>Planning Module Menu/[7]Tab/[6]AppSpecInfoTable[Data Tables][B]</data2><levelData>Planning</levelData><levelType>Module</levelType><menuLevel>3</menuLevel><policyI18NModels/><policyName>Menu</policyName><rightGranted>Y</rightGranted><status>Y</status></menuItem><menuItem refId="51@MenuItemModel"><policySeq>2376</policySeq><serviceProviderCode>BPTDEV</serviceProviderCode><auditModel><auditDate>2015-10-14T14:26:08-06:00</auditDate><auditID>ADMIN</auditID><auditStatus>A</auditStatus></auditModel><data1>cap_tabbar</data1><data2>Planning Module Menu/[7]Tab/[7]Calendar[][B]</data2><levelData>Planning</levelData><levelType>Module</levelType><menuLevel>3</menuLevel><policyI18NModels/><policyName>Menu</policyName><rightGranted>Y</rightGranted><status>Y</status></menuItem><menuItem refId="52@MenuItemModel"><policySeq>2377</policySeq><serviceProviderCode>BPTDEV</serviceProviderCode><auditModel><auditDate>2015-10-14T14:26:08-06:00</auditDate><auditID>ADMIN</auditID><auditStatus>A</auditStatus></auditModel><data1>cap_tabbar</data1><data2>Planning Module Menu/[7]Tab/[8]Comments[][B]</data2><levelData>Planning</levelData><levelType>Module</levelType><menuLevel>3</menuLevel><policyI18NModels/><policyName>Menu</policyName><rightGranted>Y</rightGranted><status>Y</status></menuItem><menuItem refId="53@MenuItemModel"><policySeq>2378</policySeq><serviceProviderCode>BPTDEV</serviceProviderCode><auditModel><auditDate>2015-10-14T14:26:08-06:00</auditDate><auditID>ADMIN</auditID><auditStatus>A</auditStatus></auditModel><data1>cap_tabbar</data1><data2>Planning Module Menu/[7]Tab/[9]Conditions[][B]</data2><levelData>Planning</levelData><levelType>Module</levelType><menuLevel>3</menuLevel><policyI18NModels/><policyName>Menu</policyName><rightGranted>Y</rightGranted><status>Y</status></menuItem><menuItem refId="54@MenuItemModel"><policySeq>2379</policySeq><serviceProviderCode>BPTDEV</serviceProviderCode><auditModel><auditDate>2015-10-14T14:26:08-06:00</auditDate><auditID>ADMIN</auditID><auditStatus>A</auditStatus></auditModel><data1>cap_tabbar</data1><data2>Planning Module Menu/[7]Tab/[11]Contact[][B]</data2><levelData>Planning</levelData><levelType>Module</levelType><menuLevel>3</menuLevel><policyI18NModels/><policyName>Menu</policyName><rightGranted>Y</rightGranted><status>Y</status></menuItem><menuItem refId="55@MenuItemModel"><policySeq>2380</policySeq><serviceProviderCode>BPTDEV</serviceProviderCode><auditModel><auditDate>2015-10-14T14:26:08-06:00</auditDate><auditID>ADMIN</auditID><auditStatus>A</auditStatus></auditModel><data1>cap_tabbar</data1><data2>Planning Module Menu/[7]Tab/[14]Document[][B]</data2><levelData>Planning</levelData><levelType>Module</levelType><menuLevel>3</menuLevel><policyI18NModels/><policyName>Menu</policyName><rightGranted>Y</rightGranted><status>Y</status></menuItem><menuItem refId="56@MenuItemModel"><policySeq>2381</policySeq><serviceProviderCode>BPTDEV</serviceProviderCode><auditModel><auditDate>2015-10-14T14:26:08-06:00</auditDate><auditID>ADMIN</auditID><auditStatus>A</auditStatus></auditModel><data1>cap_tabbar</data1><data2>Planning Module Menu/[7]Tab/[15]Fees[][B]</data2><levelData>Planning</levelData><levelType>Module</levelType><menuLevel>3</menuLevel><policyI18NModels/><policyName>Menu</policyName><rightGranted>Y</rightGranted><status>Y</status></menuItem><menuItem refId="57@MenuItemModel"><policySeq>2382</policySeq><serviceProviderCode>BPTDEV</serviceProviderCode><auditModel><auditDate>2015-10-14T14:26:08-06:00</auditDate><auditID>ADMIN</auditID><auditStatus>A</auditStatus></auditModel><data1>cap_tabbar</data1><data2>Planning Module Menu/[7]Tab/[16]AssessFeeHistory[Fee History][B]</data2><levelData>Planning</levelData><levelType>Module</levelType><menuLevel>3</menuLevel><policyI18NModels/><policyName>Menu</policyName><rightGranted>Y</rightGranted><status>Y</status></menuItem><menuItem refId="58@MenuItemModel"><policySeq>2383</policySeq><serviceProviderCode>BPTDEV</serviceProviderCode><auditModel><auditDate>2015-10-14T14:26:08-06:00</auditDate><auditID>ADMIN</auditID><auditStatus>A</auditStatus></auditModel><data1>cap_tabbar</data1><data2>Planning Module Menu/[7]Tab/[17]Meeting[][B]</data2><levelData>Planning</levelData><levelType>Module</levelType><menuLevel>3</menuLevel><policyI18NModels/><policyName>Menu</policyName><rightGranted>Y</rightGranted><status>Y</status></menuItem><menuItem refId="59@MenuItemModel"><policySeq>2384</policySeq><serviceProviderCode>BPTDEV</serviceProviderCode><auditModel><auditDate>2015-10-14T14:26:08-06:00</auditDate><auditID>ADMIN</auditID><auditStatus>A</auditStatus></auditModel><data1>cap_tabbar</data1><data2>Planning Module Menu/[7]Tab/[19]Inspections[][B]</data2><levelData>Planning</levelData><levelType>Module</levelType><menuLevel>3</menuLevel><policyI18NModels/><policyName>Menu</policyName><rightGranted>Y</rightGranted><status>Y</status></menuItem><menuItem refId="60@MenuItemModel"><policySeq>2385</policySeq><serviceProviderCode>BPTDEV</serviceProviderCode><auditModel><auditDate>2015-10-14T14:26:08-06:00</auditDate><auditID>ADMIN</auditID><auditStatus>A</auditStatus></auditModel><data1>cap_tabbar</data1><data2>Planning Module Menu/[7]Tab/[20]Owner[][B]</data2><levelData>Planning</levelData><levelType>Module</levelType><menuLevel>3</menuLevel><policyI18NModels/><policyName>Menu</policyName><rightGranted>Y</rightGranted><status>Y</status></menuItem><menuItem refId="61@MenuItemModel"><policySeq>2386</policySeq><serviceProviderCode>BPTDEV</serviceProviderCode><auditModel><auditDate>2015-10-14T14:26:08-06:00</auditDate><auditID>ADMIN</auditID><auditStatus>A</auditStatus></auditModel><data1>cap_tabbar</data1><data2>Planning Module Menu/[7]Tab/[21]Parcel[][B]</data2><levelData>Planning</levelData><levelType>Module</levelType><menuLevel>3</menuLevel><policyI18NModels/><policyName>Menu</policyName><rightGranted>Y</rightGranted><status>Y</status></menuItem><menuItem refId="62@MenuItemModel"><policySeq>2387</policySeq><serviceProviderCode>BPTDEV</serviceProviderCode><auditModel><auditDate>2015-10-14T14:26:08-06:00</auditDate><auditID>ADMIN</auditID><auditStatus>A</auditStatus></auditModel><data1>cap_tabbar</data1><data2>Planning Module Menu/[7]Tab/[22]Payments[][B]</data2><levelData>Planning</levelData><levelType>Module</levelType><menuLevel>3</menuLevel><policyI18NModels/><policyName>Menu</policyName><rightGranted>Y</rightGranted><status>Y</status></menuItem><menuItem refId="63@MenuItemModel"><policySeq>2388</policySeq><serviceProviderCode>BPTDEV</serviceProviderCode><auditModel><auditDate>2015-10-14T14:26:08-06:00</auditDate><auditID>ADMIN</auditID><auditStatus>A</auditStatus></auditModel><data1>cap_tabbar</data1><data2>Planning Module Menu/[7]Tab/[23]PaymentHistory[][B]</data2><levelData>Planning</levelData><levelType>Module</levelType><menuLevel>3</menuLevel><policyI18NModels/><policyName>Menu</policyName><rightGranted>Y</rightGranted><status>Y</status></menuItem><menuItem refId="64@MenuItemModel"><policySeq>2389</policySeq><serviceProviderCode>BPTDEV</serviceProviderCode><auditModel><auditDate>2015-10-14T14:26:08-06:00</auditDate><auditID>ADMIN</auditID><auditStatus>A</auditStatus></auditModel><data1>cap_tabbar</data1><data2>Planning Module Menu/[7]Tab/[24]Professionals[][B]</data2><levelData>Planning</levelData><levelType>Module</levelType><menuLevel>3</menuLevel><policyI18NModels/><policyName>Menu</policyName><rightGranted>Y</rightGranted><status>Y</status></menuItem><menuItem refId="65@MenuItemModel"><policySeq>2390</policySeq><serviceProviderCode>BPTDEV</serviceProviderCode><auditModel><auditDate>2015-10-14T14:26:08-06:00</auditDate><auditID>ADMIN</auditID><auditStatus>A</auditStatus></auditModel><data1>cap_tabbar</data1><data2>Planning Module Menu/[7]Tab/[25]XRefCap[][B]</data2><levelData>Planning</levelData><levelType>Module</levelType><menuLevel>3</menuLevel><policyI18NModels/><policyName>Menu</policyName><rightGranted>Y</rightGranted><status>Y</status></menuItem><menuItem refId="66@MenuItemModel"><policySeq>2391</policySeq><serviceProviderCode>BPTDEV</serviceProviderCode><auditModel><auditDate>2015-10-14T14:26:08-06:00</auditDate><auditID>ADMIN</auditID><auditStatus>A</auditStatus></auditModel><data1>cap_tabbar</data1><data2>Planning Module Menu/[7]Tab/[26]Status[][B]</data2><levelData>Planning</levelData><levelType>Module</levelType><menuLevel>3</menuLevel><policyI18NModels/><policyName>Menu</policyName><rightGranted>Y</rightGranted><status>Y</status></menuItem><menuItem refId="67@MenuItemModel"><policySeq>2392</policySeq><serviceProviderCode>BPTDEV</serviceProviderCode><auditModel><auditDate>2015-10-14T14:26:08-06:00</auditDate><auditID>ADMIN</auditID><auditStatus>A</auditStatus></auditModel><data1>cap_tabbar</data1><data2>Planning Module Menu/[7]Tab/[27]StatusHistory[Status History][B]</data2><levelData>Planning</levelData><levelType>Module</levelType><menuLevel>3</menuLevel><policyI18NModels/><policyName>Menu</policyName><rightGranted>Y</rightGranted><status>Y</status></menuItem><menuItem refId="68@MenuItemModel"><policySeq>2393</policySeq><serviceProviderCode>BPTDEV</serviceProviderCode><auditModel><auditDate>2015-10-14T14:26:08-06:00</auditDate><auditID>ADMIN</auditID><auditStatus>A</auditStatus></auditModel><data1>cap_tabbar</data1><data2>Planning Module Menu/[7]Tab/[28]Workflow[][B]</data2><levelData>Planning</levelData><levelType>Module</levelType><menuLevel>3</menuLevel><policyI18NModels/><policyName>Menu</policyName><rightGranted>Y</rightGranted><status>Y</status></menuItem><menuItem refId="69@MenuItemModel"><policySeq>2394</policySeq><serviceProviderCode>BPTDEV</serviceProviderCode><auditModel><auditDate>2015-10-14T14:26:08-06:00</auditDate><auditID>ADMIN</auditID><auditStatus>A</auditStatus></auditModel><data1>cap_tabbar</data1><data2>Planning Module Menu/[7]Tab/[29]History[][B]</data2><levelData>Planning</levelData><levelType>Module</levelType><menuLevel>3</menuLevel><policyI18NModels/><policyName>Menu</policyName><rightGranted>Y</rightGranted><status>Y</status></menuItem><menuItem refId="70@MenuItemModel"><policySeq>3111</policySeq><serviceProviderCode>BPTDEV</serviceProviderCode><auditModel><auditDate>2015-10-14T14:26:08-06:00</auditDate><auditID>ADMIN</auditID><auditStatus>A</auditStatus></auditModel><data1>cap_tabbar</data1><data2>Planning Module Menu/[7]Tab/[13]RecordActivityReport[][B]</data2><levelData>Planning</levelData><levelType>Module</levelType><menuLevel>3</menuLevel><policyI18NModels/><policyName>Menu</policyName><rightGranted>Y</rightGranted><status>Y</status></menuItem></menuItemModels><menuName>Planning Module Menu/[7]Tab%</menuName></menu></menuModels><menuName>Planning Module Menu%</menuName><upperMenuLevel refId="71@MenuLevelVirtualModel"><data1>cap_tabbar</data1><levelData>Planning</levelData><levelType>Module</levelType><menuLevel>1</menuLevel><MenuLevelModels><MenuLevelModel refId="72@MenuLevelModel"><policySeq>2160</policySeq><serviceProviderCode>BPTDEV</serviceProviderCode><auditModel><auditDate>2011-11-04T10:12:13-06:00</auditDate><auditID>ADMIN</auditID><auditStatus>A</auditStatus></auditModel><data1>cap_tabbar</data1><data4>Default agency menu</data4><levelData>BPTDEV</levelData><levelType>Agency</levelType><menuLevel>1</menuLevel><policyI18NModels/><policyName>Menu</policyName><rightGranted>Y</rightGranted><status>Y</status></MenuLevelModel></MenuLevelModels><moduleName> </moduleName><policyName>Menu</policyName><serviceProviderCode>BPTDEV</serviceProviderCode></upperMenuLevel></menuTemplate>
</list>