<?xml version="1.0" encoding="UTF-8" standalone="yes"?>
<list  version="8.0.0" minorVersion="21" exportUser="JMCKENNEY" exportDateTime="08/03/2016 11:38 AM" description="null"><serverConstantModel><serviceProviderCode>ESCAMBIA</serviceProviderCode><constantName>AA_REMEMBER_ME</constantName><auditModel><auditDate>2006-09-01T18:06:47-04:00</auditDate><auditID>ADMIN</auditID><auditStatus>A</auditStatus></auditModel><constantDescription>Remember me on this computer</constantDescription><constantValue>Y</constantValue></serverConstantModel>
<serverConstantModel><serviceProviderCode>ESCAMBIA</serviceProviderCode><constantName>AA_REMEMBER_ME_EXPIRED_DATE</constantName><auditModel><auditDate>2006-09-01T18:06:47-04:00</auditDate><auditID>ADMIN</auditID><auditStatus>A</auditStatus></auditModel><constantDescription>Remember me on this computer</constantDescription><constantValue>30</constantValue></serverConstantModel>
<serverConstantModel><serviceProviderCode>ESCAMBIA</serviceProviderCode><constantName>ACC_CODE_L1</constantName><auditModel><auditDate>2016-02-15T19:37:50-05:00</auditDate><auditID>AVADMIN</auditID><auditStatus>A</auditStatus></auditModel><constantDescription>Account Code 1 for Adjustment</constantDescription><constantValue>NA</constantValue></serverConstantModel>
<serverConstantModel><serviceProviderCode>ESCAMBIA</serviceProviderCode><constantName>ACC_CODE_L2</constantName><auditModel><auditDate>2016-02-15T19:37:50-05:00</auditDate><auditID>AVADMIN</auditID><auditStatus>A</auditStatus></auditModel><constantDescription>Account Code 2 for Adjustment</constantDescription><constantValue>NA</constantValue></serverConstantModel>
<serverConstantModel><serviceProviderCode>ESCAMBIA</serviceProviderCode><constantName>ACC_CODE_L3</constantName><auditModel><auditDate>2016-02-15T19:37:51-05:00</auditDate><auditID>AVADMIN</auditID><auditStatus>A</auditStatus></auditModel><constantDescription>Account Code 3 for Adjustment</constantDescription><constantValue>NA</constantValue></serverConstantModel>
<serverConstantModel><serviceProviderCode>ESCAMBIA</serviceProviderCode><constantName>AGENCY_EMAIL</constantName><auditModel><auditDate>2016-06-03T12:13:32-04:00</auditDate><auditID>SYSTEM</auditID><auditStatus>A</auditStatus></auditModel><constantDescription>agency email address</constantDescription><constantValue>gsgarret@myescambia.com</constantValue><constantVisible>Y</constantVisible></serverConstantModel>
<serverConstantModel><serviceProviderCode>ESCAMBIA</serviceProviderCode><constantName>ALIAS USE</constantName><auditModel><auditDate>2016-02-15T19:37:53-05:00</auditDate><auditID>AVADMIN</auditID><auditStatus>A</auditStatus></auditModel><constantDescription>Check ALIAS USE Field</constantDescription><constantValue>Yes</constantValue></serverConstantModel>
<serverConstantModel><serviceProviderCode>ESCAMBIA</serviceProviderCode><constantName>ASSGNTASKS_DATE_FROM</constantName><auditModel><auditDate>2016-02-15T19:37:53-05:00</auditDate><auditID>AVADMIN</auditID><auditStatus>A</auditStatus></auditModel><constantDescription>Controls the Default value for the Date From field in the Assign Tasks screen in Days. The Value in the Current Date.</constantDescription><constantValue>30</constantValue></serverConstantModel>
<serverConstantModel><serviceProviderCode>ESCAMBIA</serviceProviderCode><constantName>BLOCK NONWORKING DAYS</constantName><auditModel><auditDate>2016-02-15T19:37:53-05:00</auditDate><auditID>AVADMIN</auditID><auditStatus>A</auditStatus></auditModel><constantDescription>Activate Next Working Day btn</constantDescription><constantValue>Yes</constantValue></serverConstantModel>
<serverConstantModel><serviceProviderCode>ESCAMBIA</serviceProviderCode><constantName>Building</constantName><auditModel><auditDate>2016-02-15T19:37:53-05:00</auditDate><auditID>AVADMIN</auditID><auditStatus>A</auditStatus></auditModel><constantDescription>Module</constantDescription><constantValue>Yes</constantValue></serverConstantModel>
<serverConstantModel><serviceProviderCode>ESCAMBIA</serviceProviderCode><constantName>COMMAS_NUMERIC_APP_TASK_FORMAT</constantName><auditModel><auditDate>2006-12-08T00:22:10-05:00</auditDate><auditID>LCOOPER</auditID><auditStatus>A</auditStatus></auditModel><constantDescription>Commas in Numeric App and Task Specific Info Fields</constantDescription><constantValue>Yes</constantValue></serverConstantModel>
<serverConstantModel><serviceProviderCode>ESCAMBIA</serviceProviderCode><constantName>CONFIGURE_RADIO_AND_CHECK</constantName><auditModel><auditDate>2016-07-07T11:32:52-04:00</auditDate><auditID>ADMIN</auditID><auditStatus>A</auditStatus></auditModel><constantValue>YES</constantValue><constantVisible>Y</constantVisible></serverConstantModel>
<serverConstantModel><serviceProviderCode>ESCAMBIA</serviceProviderCode><constantName>CUSTOMIZED_APPTYPE_DISPLAYORDER</constantName><auditModel><auditDate>2016-02-15T19:37:53-05:00</auditDate><auditID>AVADMIN</auditID><auditStatus>A</auditStatus></auditModel><constantDescription>Customized Application Type Display Order</constantDescription><constantValue>Y</constantValue></serverConstantModel>
<serverConstantModel><serviceProviderCode>ESCAMBIA</serviceProviderCode><constantName>CUSTOMIZED_INVOICE_NUMBER</constantName><auditModel><auditDate>2016-02-15T19:38:07-05:00</auditDate><auditID>AVADMIN</auditID><auditStatus>A</auditStatus></auditModel><constantDescription>Customized Invoice Number</constantDescription><constantValue>Y</constantValue></serverConstantModel>
<serverConstantModel><serviceProviderCode>ESCAMBIA</serviceProviderCode><constantName>CUSTOMIZED_RECEIPT_NUMBER</constantName><auditModel><auditDate>2016-02-15T19:38:07-05:00</auditDate><auditID>AVADMIN</auditID><auditStatus>A</auditStatus></auditModel><constantDescription>Customized Receipt Number</constantDescription><constantValue>N</constantValue></serverConstantModel>
<serverConstantModel><serviceProviderCode>ESCAMBIA</serviceProviderCode><constantName>DEFAULT_AGENCY_EMAIL</constantName><auditModel><auditDate>2016-06-08T09:13:41-04:00</auditDate><auditID>SYSTEM</auditID><auditStatus>A</auditStatus></auditModel><constantDescription>agency email address</constantDescription><constantValue>gsgarret@myescambia.com</constantValue><constantVisible>Y</constantVisible></serverConstantModel>
<serverConstantModel><serviceProviderCode>ESCAMBIA</serviceProviderCode><constantName>EMAIL_HYPERLINK</constantName><auditModel><auditDate>2006-12-08T00:22:10-05:00</auditDate><auditID>LCOOPER</auditID><auditStatus>A</auditStatus></auditModel><constantDescription>The controller of Email hyperlink</constantDescription><constantValue>No</constantValue></serverConstantModel>
<serverConstantModel><serviceProviderCode>ESCAMBIA</serviceProviderCode><constantName>EMSE_ENABLE</constantName><auditModel><auditDate>2007-04-12T14:53:14-04:00</auditDate><auditID>LCHENG</auditID><auditStatus>A</auditStatus></auditModel><constantDescription>Enable EMSE Scripting</constantDescription><constantValue>YES</constantValue></serverConstantModel>
<serverConstantModel><serviceProviderCode>ESCAMBIA</serviceProviderCode><constantName>EMSE_LOG_ENABLE</constantName><auditModel><auditDate>2016-02-15T19:37:50-05:00</auditDate><auditID>AVADMIN</auditID><auditStatus>A</auditStatus></auditModel><constantDescription>Enable EMSE Logging</constantDescription><constantValue>YES</constantValue></serverConstantModel>
<serverConstantModel><serviceProviderCode>ESCAMBIA</serviceProviderCode><constantName>ENABLE_APP_NAME</constantName><auditModel><auditDate>2016-02-15T19:37:51-05:00</auditDate><auditID>AVADMIN</auditID><auditStatus>A</auditStatus></auditModel><constantDescription>ENABLE APPLICATION NAME</constantDescription><constantValue>YES</constantValue><constantVisible>Y</constantVisible></serverConstantModel>
<serverConstantModel><serviceProviderCode>ESCAMBIA</serviceProviderCode><constantName>ENABLE_AUDIT_ASSET</constantName><auditModel><auditDate>2016-02-15T19:37:52-05:00</auditDate><auditID>AVADMIN</auditID><auditStatus>A</auditStatus></auditModel><constantDescription>ENABLE AUDIT ASSET LOG</constantDescription><constantValue>NO</constantValue><constantVisible>Y</constantVisible></serverConstantModel>
<serverConstantModel><serviceProviderCode>ESCAMBIA</serviceProviderCode><constantName>ENABLE_AUDIT_CAP_AND_ASI</constantName><auditModel><auditDate>2016-02-15T19:37:51-05:00</auditDate><auditID>AVADMIN</auditID><auditStatus>A</auditStatus></auditModel><constantDescription>ENABLE_AUDIT_CAP_AND_ASI</constantDescription><constantValue>YES</constantValue><constantVisible>Y</constantVisible></serverConstantModel>
<serverConstantModel><serviceProviderCode>ESCAMBIA</serviceProviderCode><constantName>ENABLE_AUDIT_CONDITION</constantName><auditModel><auditDate>2016-02-15T19:37:52-05:00</auditDate><auditID>AVADMIN</auditID><auditStatus>A</auditStatus></auditModel><constantDescription>ENABLE AUDIT RECORD CONDITION LOG</constantDescription><constantValue>YES</constantValue><constantVisible>Y</constantVisible></serverConstantModel>
<serverConstantModel><serviceProviderCode>ESCAMBIA</serviceProviderCode><constantName>ENABLE_AUDIT_DOCUMENT</constantName><auditModel><auditDate>2016-02-15T19:37:52-05:00</auditDate><auditID>AVADMIN</auditID><auditStatus>A</auditStatus></auditModel><constantDescription>ENABLE AUDIT DOCUMENT LOG</constantDescription><constantValue>YES</constantValue><constantVisible>Y</constantVisible></serverConstantModel>
<serverConstantModel><serviceProviderCode>ESCAMBIA</serviceProviderCode><constantName>ENABLE_AUDIT_EXAMINATION</constantName><auditModel><auditDate>2016-02-15T19:37:52-05:00</auditDate><auditID>AVADMIN</auditID><auditStatus>A</auditStatus></auditModel><constantDescription>ENABLE AUDIT EXAMINATION LOG</constantDescription><constantValue>YES</constantValue><constantVisible>Y</constantVisible></serverConstantModel>
<serverConstantModel><serviceProviderCode>ESCAMBIA</serviceProviderCode><constantName>ENABLE_AUDIT_GUIDE_SHEET</constantName><auditModel><auditDate>2016-02-15T19:37:51-05:00</auditDate><auditID>AVADMIN</auditID><auditStatus>A</auditStatus></auditModel><constantDescription>ENABLE AUDIT GUIDE SHEET LOG</constantDescription><constantValue>YES</constantValue><constantVisible>Y</constantVisible></serverConstantModel>
<serverConstantModel><serviceProviderCode>ESCAMBIA</serviceProviderCode><constantName>ENABLE_AUDIT_REF_CONDITION</constantName><auditModel><auditDate>2016-02-15T19:37:52-05:00</auditDate><auditID>AVADMIN</auditID><auditStatus>A</auditStatus></auditModel><constantDescription>ENABLE AUDIT REF CONDITION LOG</constantDescription><constantValue>YES</constantValue><constantVisible>Y</constantVisible></serverConstantModel>
<serverConstantModel><serviceProviderCode>ESCAMBIA</serviceProviderCode><constantName>ENABLE_AUDIT_STD_CONDITION</constantName><auditModel><auditDate>2016-02-15T19:37:52-05:00</auditDate><auditID>AVADMIN</auditID><auditStatus>A</auditStatus></auditModel><constantDescription>ENABLE AUDIT STD CONDITION LOG</constantDescription><constantValue>YES</constantValue><constantVisible>Y</constantVisible></serverConstantModel>
<serverConstantModel><serviceProviderCode>ESCAMBIA</serviceProviderCode><constantName>ENABLE_CONTACT_SNAPSHOT</constantName><auditModel><auditDate>2016-02-15T19:37:51-05:00</auditDate><auditID>AVADMIN</auditID><auditStatus>A</auditStatus></auditModel><constantDescription>ENABLE CONTACT SNAPSHOT</constantDescription><constantValue>YES</constantValue><constantVisible>Y</constantVisible></serverConstantModel>
<serverConstantModel><serviceProviderCode>ESCAMBIA</serviceProviderCode><constantName>ENABLE_WORKFLOW_SNAPSHOT</constantName><auditModel><auditDate>2016-02-15T19:37:52-05:00</auditDate><auditID>AVADMIN</auditID><auditStatus>A</auditStatus></auditModel><constantDescription>ENABLE WORKFLOW SNAPSHOT</constantDescription><constantValue>YES</constantValue><constantVisible>Y</constantVisible></serverConstantModel>
<serverConstantModel><serviceProviderCode>ESCAMBIA</serviceProviderCode><constantName>Enforce</constantName><auditModel><auditDate>2016-02-15T19:37:53-05:00</auditDate><auditID>AVADMIN</auditID><auditStatus>A</auditStatus></auditModel><constantDescription>Module</constantDescription><constantValue>Yes</constantValue></serverConstantModel>
<serverConstantModel><serviceProviderCode>ESCAMBIA</serviceProviderCode><constantName>Enforcement</constantName><auditModel><auditDate>2016-02-15T19:37:53-05:00</auditDate><auditID>AVADMIN</auditID><auditStatus>A</auditStatus></auditModel><constantDescription>Module</constantDescription><constantValue>No</constantValue></serverConstantModel>
<serverConstantModel><serviceProviderCode>ESCAMBIA</serviceProviderCode><constantName>EXPIRATION_ABOUTTOEXPIRE_STATUS</constantName><auditModel><auditDate>2007-01-07T16:35:32-05:00</auditDate><auditID>FBENITEZ</auditID><auditStatus>A</auditStatus></auditModel><constantValue>About to Expire</constantValue><constantVisible>Y</constantVisible></serverConstantModel>
<serverConstantModel><serviceProviderCode>ESCAMBIA</serviceProviderCode><constantName>EXPIRATION_ACTIVE_STATUS</constantName><auditModel><auditDate>2007-01-07T16:35:32-05:00</auditDate><auditID>FBENITEZ</auditID><auditStatus>A</auditStatus></auditModel><constantValue>Active</constantValue><constantVisible>Y</constantVisible></serverConstantModel>
<serverConstantModel><serviceProviderCode>ESCAMBIA</serviceProviderCode><constantName>EXPIRATION_DELINQUENT_STATUS</constantName><auditModel><auditDate>2007-01-07T16:35:32-05:00</auditDate><auditID>FBENITEZ</auditID><auditStatus>A</auditStatus></auditModel><constantValue>Delinquent</constantValue><constantVisible>Y</constantVisible></serverConstantModel>
<serverConstantModel><serviceProviderCode>ESCAMBIA</serviceProviderCode><constantName>EXPIRATION_EXPIRED_STATUS</constantName><auditModel><auditDate>2007-01-07T16:35:32-05:00</auditDate><auditID>FBENITEZ</auditID><auditStatus>A</auditStatus></auditModel><constantValue>Expired</constantValue><constantVisible>Y</constantVisible></serverConstantModel>
<serverConstantModel><serviceProviderCode>ESCAMBIA</serviceProviderCode><constantName>EXPIRATION_INACTIVE_STATUS</constantName><auditModel><auditDate>2007-01-07T16:35:32-05:00</auditDate><auditID>FBENITEZ</auditID><auditStatus>A</auditStatus></auditModel><constantValue>Inactive</constantValue><constantVisible>Y</constantVisible></serverConstantModel>
<serverConstantModel><serviceProviderCode>ESCAMBIA</serviceProviderCode><constantName>EXPIRATION_PENDING_STATUS</constantName><auditModel><auditDate>2007-01-07T16:35:32-05:00</auditDate><auditID>FBENITEZ</auditID><auditStatus>A</auditStatus></auditModel><constantValue>Pending</constantValue><constantVisible>Y</constantVisible></serverConstantModel>
<serverConstantModel><serviceProviderCode>ESCAMBIA</serviceProviderCode><constantName>EXPIRATION_TASK</constantName><auditModel><auditDate>2007-01-07T16:35:32-05:00</auditDate><auditID>FBENITEZ</auditID><auditStatus>A</auditStatus></auditModel><constantValue>License Status</constantValue><constantVisible>Y</constantVisible></serverConstantModel>
<serverConstantModel><serviceProviderCode>ESCAMBIA</serviceProviderCode><constantName>EXP_LIC_ISSUE_NOT_ISS_STATUS</constantName><auditModel><auditDate>2007-01-07T16:35:32-05:00</auditDate><auditID>FBENITEZ</auditID><auditStatus>A</auditStatus></auditModel><constantValue>Not Issued</constantValue><constantVisible>Y</constantVisible></serverConstantModel>
<serverConstantModel><serviceProviderCode>ESCAMBIA</serviceProviderCode><constantName>EXP_LIC_ISSUE_TASK</constantName><auditModel><auditDate>2007-01-07T16:35:32-05:00</auditDate><auditID>FBENITEZ</auditID><auditStatus>A</auditStatus></auditModel><constantValue>Ready to Issue</constantValue><constantVisible>Y</constantVisible></serverConstantModel>
<serverConstantModel><serviceProviderCode>ESCAMBIA</serviceProviderCode><constantName>FEEAUDITTRAIL</constantName><auditModel><auditDate>2016-02-15T19:37:50-05:00</auditDate><auditID>AVADMIN</auditID><auditStatus>A</auditStatus></auditModel><constantDescription>Fee Audit Trail Switch</constantDescription><constantValue>Yes</constantValue></serverConstantModel>
<serverConstantModel><serviceProviderCode>ESCAMBIA</serviceProviderCode><constantName>Fire</constantName><auditModel><auditDate>2016-02-15T19:37:53-05:00</auditDate><auditID>AVADMIN</auditID><auditStatus>A</auditStatus></auditModel><constantDescription>Module</constantDescription><constantValue>No</constantValue></serverConstantModel>
<serverConstantModel><serviceProviderCode>ESCAMBIA</serviceProviderCode><constantName>GIS_PORTLET_VIEWER_SUFFIX</constantName><auditModel><auditDate>2015-03-13T00:43:58-04:00</auditDate><auditID>CKARP</auditID><auditStatus>A</auditStatus></auditModel><constantValue>/MapViewer.aspx</constantValue><constantVisible>Y</constantVisible></serverConstantModel>
<serverConstantModel><serviceProviderCode>ESCAMBIA</serviceProviderCode><constantName>GIS_VIEWER_SUFFIX</constantName><auditModel><auditDate>2015-03-13T00:43:58-04:00</auditDate><auditID>CKARP</auditID><auditStatus>A</auditStatus></auditModel><constantValue>/MapViewer.aspx</constantValue><constantVisible>Y</constantVisible></serverConstantModel>
<serverConstantModel><serviceProviderCode>ESCAMBIA</serviceProviderCode><constantName>GIS_XML_SUFFIX</constantName><auditModel><auditDate>2015-03-13T00:43:58-04:00</auditDate><auditID>CKARP</auditID><auditStatus>A</auditStatus></auditModel><constantValue>/servlet.ashx</constantValue><constantVisible>Y</constantVisible></serverConstantModel>
<serverConstantModel><serviceProviderCode>ESCAMBIA</serviceProviderCode><constantName>INSPECTION MULTIPLE RESULT</constantName><auditModel><auditDate>2016-02-15T19:37:53-05:00</auditDate><auditID>AVADMIN</auditID><auditStatus>A</auditStatus></auditModel><constantDescription>Inspection Results 4.0 Multiple Result Screen</constantDescription><constantValue>Yes</constantValue></serverConstantModel>
<serverConstantModel><serviceProviderCode>ESCAMBIA</serviceProviderCode><constantName>KEEP_WF_COMMENTS</constantName><auditModel><auditDate>2007-11-13T12:10:02-05:00</auditDate><auditID>FBENITEZ</auditID><auditStatus>I</auditStatus></auditModel><constantValue>YES</constantValue></serverConstantModel>
<serverConstantModel><serviceProviderCode>ESCAMBIA</serviceProviderCode><constantName>Licenses</constantName><auditModel><auditDate>2016-02-15T19:37:53-05:00</auditDate><auditID>AVADMIN</auditID><auditStatus>A</auditStatus></auditModel><constantDescription>Module</constantDescription><constantValue>Yes</constantValue></serverConstantModel>
<serverConstantModel><serviceProviderCode>ESCAMBIA</serviceProviderCode><constantName>MENU_NAVIGATION_ENABLED</constantName><auditModel><auditDate>2007-08-28T22:00:00-04:00</auditDate><auditID>FJACQUES</auditID><auditStatus>A</auditStatus></auditModel><constantDescription>MENU NAVIGATION</constantDescription><constantValue>YES</constantValue><constantVisible>Y</constantVisible></serverConstantModel>
<serverConstantModel><serviceProviderCode>ESCAMBIA</serviceProviderCode><constantName>PARTICIPATE_IN_DELEGATION</constantName><auditModel><auditDate>2016-02-15T19:38:07-05:00</auditDate><auditID>AVADMIN</auditID><auditStatus>A</auditStatus></auditModel><constantDescription>IS PARTICIPATE IN DELEGATION</constantDescription><constantValue>N</constantValue><constantVisible>Y</constantVisible></serverConstantModel>
<serverConstantModel><serviceProviderCode>ESCAMBIA</serviceProviderCode><constantName>PAYBEFOREPRINT</constantName><auditModel><auditDate>2016-02-15T19:37:51-05:00</auditDate><auditID>AVADMIN</auditID><auditStatus>A</auditStatus></auditModel><constantDescription>PayBeforePrint</constantDescription><constantValue>Yes</constantValue></serverConstantModel>
<serverConstantModel><serviceProviderCode>ESCAMBIA</serviceProviderCode><constantName>PA_DEFAULT_MODULE</constantName><auditModel><auditDate>2008-04-23T10:13:34-04:00</auditDate><auditID>ADMIN</auditID><auditStatus>A</auditStatus></auditModel><constantValue>Building</constantValue><constantVisible>Y</constantVisible></serverConstantModel>
<serverConstantModel><serviceProviderCode>ESCAMBIA</serviceProviderCode><constantName>Planning</constantName><auditModel><auditDate>2016-02-15T19:37:53-05:00</auditDate><auditID>AVADMIN</auditID><auditStatus>A</auditStatus></auditModel><constantDescription>Module</constantDescription><constantValue>Yes</constantValue></serverConstantModel>
<serverConstantModel><serviceProviderCode>ESCAMBIA</serviceProviderCode><constantName>PRINTPERMITSTYLE</constantName><auditModel><auditDate>2016-02-15T19:37:51-05:00</auditDate><auditID>AVADMIN</auditID><auditStatus>A</auditStatus></auditModel><constantDescription>PrintStyle</constantDescription><constantValue>Standard</constantValue></serverConstantModel>
<serverConstantModel><serviceProviderCode>ESCAMBIA</serviceProviderCode><constantName>PublicWorks</constantName><auditModel><auditDate>2007-10-18T12:10:03-04:00</auditDate><auditID>ADMIN</auditID><auditStatus>A</auditStatus></auditModel><constantDescription>Module</constantDescription><constantValue>No</constantValue></serverConstantModel>
<serverConstantModel><serviceProviderCode>ESCAMBIA</serviceProviderCode><constantName>SPECIAL ADDRESS MODEL</constantName><auditModel><auditDate>2016-02-15T19:37:52-05:00</auditDate><auditID>AVADMIN</auditID><auditStatus>A</auditStatus></auditModel><constantDescription>Search Address by Address Number and Unit Number</constantDescription><constantValue>No</constantValue></serverConstantModel>
<serverConstantModel><serviceProviderCode>ESCAMBIA</serviceProviderCode><constantName>UPDATEPAIDEDFEE</constantName><auditModel><auditDate>2006-12-08T00:22:10-05:00</auditDate><auditID>LCOOPER</auditID><auditStatus>A</auditStatus></auditModel><constantDescription>To control the right of recalculating for paied fee</constantDescription><constantValue>Yes</constantValue></serverConstantModel>
<serverConstantModel><serviceProviderCode>ESCAMBIA</serviceProviderCode><constantName>USE_NEW_NAVIGATION</constantName><auditModel><auditDate>2005-03-05T16:37:37-05:00</auditDate><auditID>AES</auditID><auditStatus>A</auditStatus></auditModel><constantDescription>New navigation menus implemented in 3.9</constantDescription><constantValue>Y</constantValue><constantVisible>Y</constantVisible></serverConstantModel>
</list>