<?xml version="1.0" encoding="UTF-8" standalone="yes"?>
<list  version="8.0.0" minorVersion="12" exportUser="ADMIN" exportDateTime="06/14/2016 12:31 PM" description="null"><quickQuery><datafilterId>13364</datafilterId><servProvCode>ATOM</servProvCode><datafilterName>My Records</datafilterName><datafilterType>QuickQuery</datafilterType><quickQueryFieldModels><quickQueryField><datafilterElementId>25703</datafilterElementId><datafilterId>13364</datafilterId><servProvCode>ATOM</servProvCode><booleanOptr>AND</booleanOptr><operator>=</operator><recDate>2016-06-06T09:27:15-07:00</recDate><recFulNam>LUCRETIA</recFulNam><recStatus>A</recStatus><searchBy>capDetailModel.asgnStaff</searchBy><value>$$USERID$$</value></quickQueryField><quickQueryField><datafilterElementId>25704</datafilterElementId><datafilterId>13364</datafilterId><servProvCode>ATOM</servProvCode><booleanOptr>OR</booleanOptr><operator>!=</operator><prefix>(</prefix><recDate>2016-06-06T09:27:15-07:00</recDate><recFulNam>LUCRETIA</recFulNam><recStatus>A</recStatus><searchBy>capStatus</searchBy><value>Closed</value></quickQueryField><quickQueryField><datafilterElementId>25705</datafilterElementId><datafilterId>13364</datafilterId><servProvCode>ATOM</servProvCode><booleanOptr>OR</booleanOptr><operator>!=</operator><recDate>2016-06-06T09:27:15-07:00</recDate><recFulNam>LUCRETIA</recFulNam><recStatus>A</recStatus><searchBy>capStatus</searchBy><value>Complete</value></quickQueryField><quickQueryField><datafilterElementId>25706</datafilterElementId><datafilterId>13364</datafilterId><servProvCode>ATOM</servProvCode><booleanOptr>AND</booleanOptr><operator>!=</operator><recDate>2016-06-06T09:27:15-07:00</recDate><recFulNam>LUCRETIA</recFulNam><recStatus>A</recStatus><searchBy>capStatus</searchBy><suffix>)</suffix><value>Void</value></quickQueryField></quickQueryFieldModels><quickQueryI18Ns/><quickQueryPermissionModels><QuickQueryPermission><datafilterId>13364</datafilterId><levelId>Building</levelId><levelType>MODULE</levelType><servProvCode>ATOM</servProvCode><viewId>111</viewId><datafilterName>My Records</datafilterName><isPrimary>N</isPrimary><recDate>2016-06-06T09:27:38-07:00</recDate><recFulNam>LUCRETIA</recFulNam><recStatus>A</recStatus></QuickQueryPermission></quickQueryPermissionModels><recDate>2016-06-06T09:27:15-07:00</recDate><recFulNam>LUCRETIA</recFulNam><recStatus>A</recStatus><viewId>111</viewId></quickQuery>
<quickQuery><datafilterId>13365</datafilterId><servProvCode>ATOM</servProvCode><datafilterName>Submitted Online</datafilterName><datafilterType>QuickQuery</datafilterType><quickQueryFieldModels><quickQueryField><datafilterElementId>25707</datafilterElementId><datafilterId>13365</datafilterId><servProvCode>ATOM</servProvCode><booleanOptr>AND</booleanOptr><operator>LIKE</operator><recDate>2016-06-06T09:48:14-07:00</recDate><recFulNam>LUCRETIA</recFulNam><recStatus>A</recStatus><searchBy>capDetailModel.createBy</searchBy><value>PUBLICUSER</value></quickQueryField><quickQueryField><datafilterElementId>25708</datafilterElementId><datafilterId>13365</datafilterId><servProvCode>ATOM</servProvCode><booleanOptr>AND</booleanOptr><operator>=</operator><recDate>2016-06-06T09:48:14-07:00</recDate><recFulNam>LUCRETIA</recFulNam><recStatus>A</recStatus><searchBy>capStatus</searchBy><value>Submitted</value></quickQueryField></quickQueryFieldModels><quickQueryI18Ns/><quickQueryPermissionModels/><recDate>2016-06-06T09:48:14-07:00</recDate><recFulNam>LUCRETIA</recFulNam><recStatus>A</recStatus><viewId>111</viewId></quickQuery>
<quickQuery><datafilterId>13366</datafilterId><servProvCode>ATOM</servProvCode><datafilterName>Today's Records</datafilterName><datafilterType>QuickQuery</datafilterType><quickQueryFieldModels><quickQueryField><datafilterElementId>25709</datafilterElementId><datafilterId>13366</datafilterId><servProvCode>ATOM</servProvCode><booleanOptr>AND</booleanOptr><operator>=</operator><recDate>2016-06-06T09:50:24-07:00</recDate><recFulNam>LUCRETIA</recFulNam><recStatus>A</recStatus><searchBy>fileDate</searchBy><value>$$TODAY$$</value></quickQueryField></quickQueryFieldModels><quickQueryI18Ns/><quickQueryPermissionModels/><recDate>2016-06-06T09:50:24-07:00</recDate><recFulNam>LUCRETIA</recFulNam><recStatus>A</recStatus><viewId>111</viewId></quickQuery>
<quickQuery><datafilterId>13367</datafilterId><servProvCode>ATOM</servProvCode><datafilterName>My Inspections</datafilterName><datafilterType>QuickQuery</datafilterType><quickQueryFieldModels><quickQueryField><datafilterElementId>25710</datafilterElementId><datafilterId>13367</datafilterId><servProvCode>ATOM</servProvCode><booleanOptr>AND</booleanOptr><operator>=</operator><recDate>2016-06-06T10:40:48-07:00</recDate><recFulNam>LUCRETIA</recFulNam><recStatus>A</recStatus><searchBy>inspector</searchBy><value>@#@@#@@#@$$USERID$$</value></quickQueryField><quickQueryField><datafilterElementId>25711</datafilterElementId><datafilterId>13367</datafilterId><servProvCode>ATOM</servProvCode><booleanOptr>AND</booleanOptr><operator>=</operator><recDate>2016-06-06T10:40:48-07:00</recDate><recFulNam>LUCRETIA</recFulNam><recStatus>A</recStatus><searchBy>activity.status</searchBy><value>Scheduled</value></quickQueryField></quickQueryFieldModels><quickQueryI18Ns/><quickQueryPermissionModels/><recDate>2016-06-06T10:40:48-07:00</recDate><recFulNam>LUCRETIA</recFulNam><recStatus>A</recStatus><viewId>210</viewId></quickQuery>
<quickQuery><datafilterId>13368</datafilterId><servProvCode>ATOM</servProvCode><datafilterName>My Tasks</datafilterName><datafilterType>QuickQuery</datafilterType><quickQueryFieldModels><quickQueryField><datafilterElementId>25712</datafilterElementId><datafilterId>13368</datafilterId><servProvCode>ATOM</servProvCode><booleanOptr>AND</booleanOptr><operator>=</operator><recDate>2016-06-06T10:40:01-07:00</recDate><recFulNam>LUCRETIA</recFulNam><recStatus>A</recStatus><searchBy>taskItemModel.assignedUser.fullName</searchBy><value>@#@@#@@#@$$USERID$$</value></quickQueryField></quickQueryFieldModels><quickQueryI18Ns/><quickQueryPermissionModels/><recDate>2016-06-06T10:40:01-07:00</recDate><recFulNam>LUCRETIA</recFulNam><recStatus>A</recStatus><viewId>20049</viewId></quickQuery>
</list>