<?xml version="1.0" encoding="UTF-8" standalone="yes"?>
<list  version="8.0.0" minorVersion="12" exportUser="ADMIN" exportDateTime="06/23/2016 03:05 PM" description="null"><quickQuery><datafilterId>13364</datafilterId><servProvCode>ATOM</servProvCode><datafilterName>My Records</datafilterName><datafilterType>QuickQuery</datafilterType><quickQueryFieldModels><quickQueryField><datafilterElementId>25703</datafilterElementId><datafilterId>13364</datafilterId><servProvCode>ATOM</servProvCode><booleanOptr>AND</booleanOptr><operator>=</operator><recDate>2016-06-06T09:27:15-07:00</recDate><recFulNam>LUCRETIA</recFulNam><recStatus>A</recStatus><searchBy>capDetailModel.asgnStaff</searchBy><value>$$USERID$$</value></quickQueryField><quickQueryField><datafilterElementId>25704</datafilterElementId><datafilterId>13364</datafilterId><servProvCode>ATOM</servProvCode><booleanOptr>OR</booleanOptr><operator>!=</operator><prefix>(</prefix><recDate>2016-06-06T09:27:15-07:00</recDate><recFulNam>LUCRETIA</recFulNam><recStatus>A</recStatus><searchBy>capStatus</searchBy><value>Closed</value></quickQueryField><quickQueryField><datafilterElementId>25705</datafilterElementId><datafilterId>13364</datafilterId><servProvCode>ATOM</servProvCode><booleanOptr>OR</booleanOptr><operator>!=</operator><recDate>2016-06-06T09:27:15-07:00</recDate><recFulNam>LUCRETIA</recFulNam><recStatus>A</recStatus><searchBy>capStatus</searchBy><value>Complete</value></quickQueryField><quickQueryField><datafilterElementId>25706</datafilterElementId><datafilterId>13364</datafilterId><servProvCode>ATOM</servProvCode><booleanOptr>AND</booleanOptr><operator>!=</operator><recDate>2016-06-06T09:27:15-07:00</recDate><recFulNam>LUCRETIA</recFulNam><recStatus>A</recStatus><searchBy>capStatus</searchBy><suffix>)</suffix><value>Void</value></quickQueryField></quickQueryFieldModels><quickQueryI18Ns/><quickQueryPermissionModels><QuickQueryPermission><datafilterId>13364</datafilterId><levelId>Building</levelId><levelType>MODULE</levelType><servProvCode>ATOM</servProvCode><viewId>111</viewId><datafilterName>My Records</datafilterName><isPrimary>N</isPrimary><recDate>2016-06-06T09:27:38-07:00</recDate><recFulNam>LUCRETIA</recFulNam><recStatus>A</recStatus></QuickQueryPermission></quickQueryPermissionModels><recDate>2016-06-06T09:27:15-07:00</recDate><recFulNam>LUCRETIA</recFulNam><recStatus>A</recStatus><viewId>111</viewId></quickQuery>
<quickQuery><datafilterId>13365</datafilterId><servProvCode>ATOM</servProvCode><datafilterName>Submitted Online</datafilterName><datafilterType>QuickQuery</datafilterType><quickQueryFieldModels><quickQueryField><datafilterElementId>25707</datafilterElementId><datafilterId>13365</datafilterId><servProvCode>ATOM</servProvCode><booleanOptr>AND</booleanOptr><operator>LIKE</operator><recDate>2016-06-06T09:48:14-07:00</recDate><recFulNam>LUCRETIA</recFulNam><recStatus>A</recStatus><searchBy>capDetailModel.createBy</searchBy><value>PUBLICUSER</value></quickQueryField><quickQueryField><datafilterElementId>25708</datafilterElementId><datafilterId>13365</datafilterId><servProvCode>ATOM</servProvCode><booleanOptr>AND</booleanOptr><operator>=</operator><recDate>2016-06-06T09:48:14-07:00</recDate><recFulNam>LUCRETIA</recFulNam><recStatus>A</recStatus><searchBy>capStatus</searchBy><value>Submitted</value></quickQueryField></quickQueryFieldModels><quickQueryI18Ns/><quickQueryPermissionModels/><recDate>2016-06-06T09:48:14-07:00</recDate><recFulNam>LUCRETIA</recFulNam><recStatus>A</recStatus><viewId>111</viewId></quickQuery>
<quickQuery><datafilterId>13366</datafilterId><servProvCode>ATOM</servProvCode><datafilterName>Today's Records</datafilterName><datafilterType>QuickQuery</datafilterType><quickQueryFieldModels><quickQueryField><datafilterElementId>25709</datafilterElementId><datafilterId>13366</datafilterId><servProvCode>ATOM</servProvCode><booleanOptr>AND</booleanOptr><operator>=</operator><recDate>2016-06-06T09:50:24-07:00</recDate><recFulNam>LUCRETIA</recFulNam><recStatus>A</recStatus><searchBy>fileDate</searchBy><value>$$TODAY$$</value></quickQueryField></quickQueryFieldModels><quickQueryI18Ns/><quickQueryPermissionModels/><recDate>2016-06-06T09:50:24-07:00</recDate><recFulNam>LUCRETIA</recFulNam><recStatus>A</recStatus><viewId>111</viewId></quickQuery>
<quickQuery><datafilterId>13367</datafilterId><servProvCode>ATOM</servProvCode><datafilterName>My Inspections</datafilterName><datafilterType>QuickQuery</datafilterType><quickQueryFieldModels><quickQueryField><datafilterElementId>25710</datafilterElementId><datafilterId>13367</datafilterId><servProvCode>ATOM</servProvCode><booleanOptr>AND</booleanOptr><operator>=</operator><recDate>2016-06-06T10:40:48-07:00</recDate><recFulNam>LUCRETIA</recFulNam><recStatus>A</recStatus><searchBy>inspector</searchBy><value>@#@@#@@#@$$USERID$$</value></quickQueryField><quickQueryField><datafilterElementId>25711</datafilterElementId><datafilterId>13367</datafilterId><servProvCode>ATOM</servProvCode><booleanOptr>AND</booleanOptr><operator>=</operator><recDate>2016-06-06T10:40:48-07:00</recDate><recFulNam>LUCRETIA</recFulNam><recStatus>A</recStatus><searchBy>activity.status</searchBy><value>Scheduled</value></quickQueryField></quickQueryFieldModels><quickQueryI18Ns/><quickQueryPermissionModels/><recDate>2016-06-06T10:40:48-07:00</recDate><recFulNam>LUCRETIA</recFulNam><recStatus>A</recStatus><viewId>210</viewId></quickQuery>
<quickQuery><datafilterId>13368</datafilterId><servProvCode>ATOM</servProvCode><datafilterName>My Tasks</datafilterName><datafilterType>QuickQuery</datafilterType><quickQueryFieldModels><quickQueryField><datafilterElementId>25712</datafilterElementId><datafilterId>13368</datafilterId><servProvCode>ATOM</servProvCode><booleanOptr>AND</booleanOptr><operator>=</operator><recDate>2016-06-06T10:40:01-07:00</recDate><recFulNam>LUCRETIA</recFulNam><recStatus>A</recStatus><searchBy>taskItemModel.assignedUser.fullName</searchBy><value>@#@@#@@#@$$USERID$$</value></quickQueryField></quickQueryFieldModels><quickQueryI18Ns/><quickQueryPermissionModels/><recDate>2016-06-06T10:40:01-07:00</recDate><recFulNam>LUCRETIA</recFulNam><recStatus>A</recStatus><viewId>20049</viewId></quickQuery>
<quickQuery><datafilterId>13374</datafilterId><servProvCode>ATOM</servProvCode><datafilterDesc>My Workflow Tasks</datafilterDesc><datafilterName>My Workflow Tasks</datafilterName><datafilterType>QuickQuery</datafilterType><quickQueryFieldModels><quickQueryField><datafilterElementId>25713</datafilterElementId><datafilterId>13374</datafilterId><servProvCode>ATOM</servProvCode><booleanOptr>AND</booleanOptr><operator>=</operator><recDate>2016-06-15T16:25:16-07:00</recDate><recFulNam>JPLAISTED</recFulNam><recStatus>A</recStatus><searchBy>taskType</searchBy><value>WORKFLOW</value></quickQueryField><quickQueryField><datafilterElementId>25714</datafilterElementId><datafilterId>13374</datafilterId><servProvCode>ATOM</servProvCode><booleanOptr>AND</booleanOptr><operator>=</operator><recDate>2016-06-15T16:25:16-07:00</recDate><recFulNam>JPLAISTED</recFulNam><recStatus>A</recStatus><searchBy>assignee</searchBy><value>@#@@#@@#@$$USERFULLNAME$$</value></quickQueryField></quickQueryFieldModels><quickQueryI18Ns/><quickQueryPermissionModels><QuickQueryPermission><datafilterId>13374</datafilterId><levelId>AMS</levelId><levelType>MODULE</levelType><servProvCode>ATOM</servProvCode><viewId>31075</viewId><datafilterName>My Workflow Tasks</datafilterName><isPrimary>N</isPrimary><recDate>2016-06-15T16:25:50-07:00</recDate><recFulNam>JPLAISTED</recFulNam><recStatus>A</recStatus></QuickQueryPermission><QuickQueryPermission><datafilterId>13374</datafilterId><levelId>Building</levelId><levelType>MODULE</levelType><servProvCode>ATOM</servProvCode><viewId>31075</viewId><datafilterName>My Workflow Tasks</datafilterName><isPrimary>N</isPrimary><recDate>2016-06-15T16:25:40-07:00</recDate><recFulNam>JPLAISTED</recFulNam><recStatus>A</recStatus></QuickQueryPermission><QuickQueryPermission><datafilterId>13374</datafilterId><levelId>Enforcement</levelId><levelType>MODULE</levelType><servProvCode>ATOM</servProvCode><viewId>31075</viewId><datafilterName>My Workflow Tasks</datafilterName><isPrimary>N</isPrimary><recDate>2016-06-15T16:26:00-07:00</recDate><recFulNam>JPLAISTED</recFulNam><recStatus>A</recStatus></QuickQueryPermission><QuickQueryPermission><datafilterId>13374</datafilterId><levelId>Health</levelId><levelType>MODULE</levelType><servProvCode>ATOM</servProvCode><viewId>31075</viewId><datafilterName>My Workflow Tasks</datafilterName><isPrimary>N</isPrimary><recDate>2016-06-15T16:26:10-07:00</recDate><recFulNam>JPLAISTED</recFulNam><recStatus>A</recStatus></QuickQueryPermission><QuickQueryPermission><datafilterId>13374</datafilterId><levelId>Licenses</levelId><levelType>MODULE</levelType><servProvCode>ATOM</servProvCode><viewId>31075</viewId><datafilterName>My Workflow Tasks</datafilterName><isPrimary>N</isPrimary><recDate>2016-06-15T16:26:19-07:00</recDate><recFulNam>JPLAISTED</recFulNam><recStatus>A</recStatus></QuickQueryPermission><QuickQueryPermission><datafilterId>13374</datafilterId><levelId>Planning</levelId><levelType>MODULE</levelType><servProvCode>ATOM</servProvCode><viewId>31075</viewId><datafilterName>My Workflow Tasks</datafilterName><isPrimary>N</isPrimary><recDate>2016-06-15T16:26:33-07:00</recDate><recFulNam>JPLAISTED</recFulNam><recStatus>A</recStatus></QuickQueryPermission><QuickQueryPermission><datafilterId>13374</datafilterId><levelId>PublicWorks</levelId><levelType>MODULE</levelType><servProvCode>ATOM</servProvCode><viewId>31075</viewId><datafilterName>My Workflow Tasks</datafilterName><isPrimary>N</isPrimary><recDate>2016-06-15T16:26:43-07:00</recDate><recFulNam>JPLAISTED</recFulNam><recStatus>A</recStatus></QuickQueryPermission><QuickQueryPermission><datafilterId>13374</datafilterId><levelId>ServiceRequest</levelId><levelType>MODULE</levelType><servProvCode>ATOM</servProvCode><viewId>31075</viewId><datafilterName>My Workflow Tasks</datafilterName><isPrimary>N</isPrimary><recDate>2016-06-15T16:26:54-07:00</recDate><recFulNam>JPLAISTED</recFulNam><recStatus>A</recStatus></QuickQueryPermission></quickQueryPermissionModels><recDate>2016-06-15T16:25:16-07:00</recDate><recFulNam>JPLAISTED</recFulNam><recStatus>A</recStatus><viewId>31075</viewId></quickQuery>
<quickQuery><datafilterId>13375</datafilterId><servProvCode>ATOM</servProvCode><datafilterDesc>My Inspections</datafilterDesc><datafilterName>My Inspections</datafilterName><datafilterType>QuickQuery</datafilterType><quickQueryFieldModels><quickQueryField><datafilterElementId>25715</datafilterElementId><datafilterId>13375</datafilterId><servProvCode>ATOM</servProvCode><booleanOptr>AND</booleanOptr><operator>=</operator><recDate>2016-06-15T16:28:17-07:00</recDate><recFulNam>JPLAISTED</recFulNam><recStatus>A</recStatus><searchBy>taskType</searchBy><value>INSPECTION</value></quickQueryField><quickQueryField><datafilterElementId>25716</datafilterElementId><datafilterId>13375</datafilterId><servProvCode>ATOM</servProvCode><booleanOptr>AND</booleanOptr><operator>=</operator><recDate>2016-06-15T16:28:17-07:00</recDate><recFulNam>JPLAISTED</recFulNam><recStatus>A</recStatus><searchBy>assignee</searchBy><value>@#@@#@@#@$$USERFULLNAME$$</value></quickQueryField></quickQueryFieldModels><quickQueryI18Ns/><quickQueryPermissionModels><QuickQueryPermission><datafilterId>13375</datafilterId><levelId>AMS</levelId><levelType>MODULE</levelType><servProvCode>ATOM</servProvCode><viewId>31075</viewId><datafilterName>My Inspections</datafilterName><isPrimary>N</isPrimary><recDate>2016-06-15T16:28:38-07:00</recDate><recFulNam>JPLAISTED</recFulNam><recStatus>A</recStatus></QuickQueryPermission><QuickQueryPermission><datafilterId>13375</datafilterId><levelId>Building</levelId><levelType>MODULE</levelType><servProvCode>ATOM</servProvCode><viewId>31075</viewId><datafilterName>My Inspections</datafilterName><isPrimary>N</isPrimary><recDate>2016-06-15T16:28:48-07:00</recDate><recFulNam>JPLAISTED</recFulNam><recStatus>A</recStatus></QuickQueryPermission><QuickQueryPermission><datafilterId>13375</datafilterId><levelId>Enforcement</levelId><levelType>MODULE</levelType><servProvCode>ATOM</servProvCode><viewId>31075</viewId><datafilterName>My Inspections</datafilterName><isPrimary>N</isPrimary><recDate>2016-06-15T16:28:56-07:00</recDate><recFulNam>JPLAISTED</recFulNam><recStatus>A</recStatus></QuickQueryPermission><QuickQueryPermission><datafilterId>13375</datafilterId><levelId>Fire</levelId><levelType>MODULE</levelType><servProvCode>ATOM</servProvCode><viewId>31075</viewId><datafilterName>My Inspections</datafilterName><isPrimary>N</isPrimary><recDate>2016-06-15T16:29:06-07:00</recDate><recFulNam>JPLAISTED</recFulNam><recStatus>A</recStatus></QuickQueryPermission><QuickQueryPermission><datafilterId>13375</datafilterId><levelId>Health</levelId><levelType>MODULE</levelType><servProvCode>ATOM</servProvCode><viewId>31075</viewId><datafilterName>My Inspections</datafilterName><isPrimary>N</isPrimary><recDate>2016-06-15T16:29:15-07:00</recDate><recFulNam>JPLAISTED</recFulNam><recStatus>A</recStatus></QuickQueryPermission><QuickQueryPermission><datafilterId>13375</datafilterId><levelId>Licenses</levelId><levelType>MODULE</levelType><servProvCode>ATOM</servProvCode><viewId>31075</viewId><datafilterName>My Inspections</datafilterName><isPrimary>N</isPrimary><recDate>2016-06-15T16:29:27-07:00</recDate><recFulNam>JPLAISTED</recFulNam><recStatus>A</recStatus></QuickQueryPermission><QuickQueryPermission><datafilterId>13375</datafilterId><levelId>Planning</levelId><levelType>MODULE</levelType><servProvCode>ATOM</servProvCode><viewId>31075</viewId><datafilterName>My Inspections</datafilterName><isPrimary>N</isPrimary><recDate>2016-06-15T16:29:40-07:00</recDate><recFulNam>JPLAISTED</recFulNam><recStatus>A</recStatus></QuickQueryPermission><QuickQueryPermission><datafilterId>13375</datafilterId><levelId>PublicWorks</levelId><levelType>MODULE</levelType><servProvCode>ATOM</servProvCode><viewId>31075</viewId><datafilterName>My Inspections</datafilterName><isPrimary>N</isPrimary><recDate>2016-06-15T16:29:50-07:00</recDate><recFulNam>JPLAISTED</recFulNam><recStatus>A</recStatus></QuickQueryPermission><QuickQueryPermission><datafilterId>13375</datafilterId><levelId>ServiceRequest</levelId><levelType>MODULE</levelType><servProvCode>ATOM</servProvCode><viewId>31075</viewId><datafilterName>My Inspections</datafilterName><isPrimary>N</isPrimary><recDate>2016-06-15T16:29:59-07:00</recDate><recFulNam>JPLAISTED</recFulNam><recStatus>A</recStatus></QuickQueryPermission></quickQueryPermissionModels><recDate>2016-06-15T16:28:17-07:00</recDate><recFulNam>JPLAISTED</recFulNam><recStatus>A</recStatus><viewId>31075</viewId></quickQuery>
<quickQuery><datafilterId>13376</datafilterId><servProvCode>ATOM</servProvCode><datafilterDesc>My Activities</datafilterDesc><datafilterName>My Activities</datafilterName><datafilterType>QuickQuery</datafilterType><quickQueryFieldModels><quickQueryField><datafilterElementId>25717</datafilterElementId><datafilterId>13376</datafilterId><servProvCode>ATOM</servProvCode><booleanOptr>AND</booleanOptr><operator>=</operator><recDate>2016-06-15T16:31:15-07:00</recDate><recFulNam>JPLAISTED</recFulNam><recStatus>A</recStatus><searchBy>taskType</searchBy><value>ACTIVITY</value></quickQueryField><quickQueryField><datafilterElementId>25718</datafilterElementId><datafilterId>13376</datafilterId><servProvCode>ATOM</servProvCode><booleanOptr>AND</booleanOptr><operator>=</operator><recDate>2016-06-15T16:31:15-07:00</recDate><recFulNam>JPLAISTED</recFulNam><recStatus>A</recStatus><searchBy>assignee</searchBy><value>@#@@#@@#@$$USERFULLNAME$$</value></quickQueryField></quickQueryFieldModels><quickQueryI18Ns/><quickQueryPermissionModels><QuickQueryPermission><datafilterId>13376</datafilterId><levelId>AMS</levelId><levelType>MODULE</levelType><servProvCode>ATOM</servProvCode><viewId>31075</viewId><datafilterName>My Activities</datafilterName><isPrimary>N</isPrimary><recDate>2016-06-15T16:32:02-07:00</recDate><recFulNam>JPLAISTED</recFulNam><recStatus>A</recStatus></QuickQueryPermission><QuickQueryPermission><datafilterId>13376</datafilterId><levelId>Building</levelId><levelType>MODULE</levelType><servProvCode>ATOM</servProvCode><viewId>31075</viewId><datafilterName>My Activities</datafilterName><isPrimary>N</isPrimary><recDate>2016-06-15T16:32:11-07:00</recDate><recFulNam>JPLAISTED</recFulNam><recStatus>A</recStatus></QuickQueryPermission><QuickQueryPermission><datafilterId>13376</datafilterId><levelId>Enforcement</levelId><levelType>MODULE</levelType><servProvCode>ATOM</servProvCode><viewId>31075</viewId><datafilterName>My Activities</datafilterName><isPrimary>N</isPrimary><recDate>2016-06-15T16:32:20-07:00</recDate><recFulNam>JPLAISTED</recFulNam><recStatus>A</recStatus></QuickQueryPermission><QuickQueryPermission><datafilterId>13376</datafilterId><levelId>Fire</levelId><levelType>MODULE</levelType><servProvCode>ATOM</servProvCode><viewId>31075</viewId><datafilterName>My Activities</datafilterName><isPrimary>N</isPrimary><recDate>2016-06-15T16:32:56-07:00</recDate><recFulNam>JPLAISTED</recFulNam><recStatus>A</recStatus></QuickQueryPermission><QuickQueryPermission><datafilterId>13376</datafilterId><levelId>Health</levelId><levelType>MODULE</levelType><servProvCode>ATOM</servProvCode><viewId>31075</viewId><datafilterName>My Activities</datafilterName><isPrimary>N</isPrimary><recDate>2016-06-15T16:33:08-07:00</recDate><recFulNam>JPLAISTED</recFulNam><recStatus>A</recStatus></QuickQueryPermission><QuickQueryPermission><datafilterId>13376</datafilterId><levelId>Licenses</levelId><levelType>MODULE</levelType><servProvCode>ATOM</servProvCode><viewId>31075</viewId><datafilterName>My Activities</datafilterName><isPrimary>N</isPrimary><recDate>2016-06-15T16:33:17-07:00</recDate><recFulNam>JPLAISTED</recFulNam><recStatus>A</recStatus></QuickQueryPermission><QuickQueryPermission><datafilterId>13376</datafilterId><levelId>Planning</levelId><levelType>MODULE</levelType><servProvCode>ATOM</servProvCode><viewId>31075</viewId><datafilterName>My Activities</datafilterName><isPrimary>N</isPrimary><recDate>2016-06-15T16:33:44-07:00</recDate><recFulNam>JPLAISTED</recFulNam><recStatus>A</recStatus></QuickQueryPermission><QuickQueryPermission><datafilterId>13376</datafilterId><levelId>PublicWorks</levelId><levelType>MODULE</levelType><servProvCode>ATOM</servProvCode><viewId>31075</viewId><datafilterName>My Activities</datafilterName><isPrimary>N</isPrimary><recDate>2016-06-15T16:33:57-07:00</recDate><recFulNam>JPLAISTED</recFulNam><recStatus>A</recStatus></QuickQueryPermission><QuickQueryPermission><datafilterId>13376</datafilterId><levelId>ServiceRequest</levelId><levelType>MODULE</levelType><servProvCode>ATOM</servProvCode><viewId>31075</viewId><datafilterName>My Activities</datafilterName><isPrimary>N</isPrimary><recDate>2016-06-15T16:34:11-07:00</recDate><recFulNam>JPLAISTED</recFulNam><recStatus>A</recStatus></QuickQueryPermission></quickQueryPermissionModels><recDate>2016-06-15T16:31:15-07:00</recDate><recFulNam>JPLAISTED</recFulNam><recStatus>A</recStatus><viewId>31075</viewId></quickQuery>
</list>