<?xml version="1.0" encoding="UTF-8" standalone="yes"?>
<list  version="8.0.0" minorVersion="15" exportUser="ADMIN" exportDateTime="03/30/2016 09:30 PM" description="null"><agencygroup><serviceProviderCode>BPTDEV</serviceProviderCode><groupSequenceNumber>394</groupSequenceNumber><auditModel><auditDate>2015-11-05T16:56:43-07:00</auditDate><auditID>ADMIN</auditID><auditStatus>A</auditStatus></auditModel><moduleName>Planning</moduleName><status>ENABLE</status><userGroup>PlanningPublicUser</userGroup><xgroupMenuItemModules/></agencygroup>
</list>