<?xml version="1.0" encoding="UTF-8" standalone="yes"?>
<list  version="8.0.0" minorVersion="15" exportUser="ADMIN" exportDateTime="03/30/2016 08:15 PM" description="null"><agencyEvent><eventName>ApplicationDetailNewBefore</eventName><serviceProviderCode>BPTDEV</serviceProviderCode><auditModel><auditDate>2012-03-12T10:36:46-06:00</auditDate><auditID>ADMIN</auditID><auditStatus>A</auditStatus></auditModel><event><name>ApplicationDetailNewBefore</name><auditModel><auditDate>2006-12-06T11:35:10-07:00</auditDate><auditID>ADMIN</auditID><auditStatus>A</auditStatus></auditModel><description>This event occurs before a ApplicationDetail is created.</description></event></agencyEvent>
<agencyEvent><eventName>ApplicationDetailUpdateAfter</eventName><serviceProviderCode>BPTDEV</serviceProviderCode><auditModel><auditDate>2014-09-02T10:58:58-06:00</auditDate><auditID>ADMIN</auditID><auditStatus>A</auditStatus></auditModel><event><name>ApplicationDetailUpdateAfter</name><auditModel><auditDate>2006-12-06T11:35:10-07:00</auditDate><auditID>ADMIN</auditID><auditStatus>A</auditStatus></auditModel><description>This event occurs after a ApplicationDetail is updated.</description></event><scriptName>UniversalMasterScript</scriptName><udf1>MASTER SCRIPT - 7.3.0.0</udf1></agencyEvent>
<agencyEvent><eventName>ApplicationSpecificInfoUpdateAfter</eventName><serviceProviderCode>BPTDEV</serviceProviderCode><auditModel><auditDate>2015-08-28T14:09:54-06:00</auditDate><auditID>ADMIN</auditID><auditStatus>A</auditStatus></auditModel><event><name>ApplicationSpecificInfoUpdateAfter</name><auditModel><auditDate>2002-12-08T23:40:54-07:00</auditDate><auditID>ADMIN</auditID><auditStatus>A</auditStatus></auditModel><description>This event occurs after an Application Specific Information is updated.</description></event><scriptName>APPLICATIONSPECIFICINFOUPDATEAFTERV3.0</scriptName></agencyEvent>
<agencyEvent><eventName>ApplicationStatusUpdateAfter</eventName><serviceProviderCode>BPTDEV</serviceProviderCode><auditModel><auditDate>2015-08-28T11:59:56-06:00</auditDate><auditID>ADMIN</auditID><auditStatus>A</auditStatus></auditModel><event><name>ApplicationStatusUpdateAfter</name><auditModel><auditDate>2004-05-03T17:52:51-06:00</auditDate><auditID>ADMIN</auditID><auditStatus>A</auditStatus></auditModel><description>Add a history record after updating the app status.</description></event><scriptName>APPLICATIONSTATUSUPDATEAFTERV3.0</scriptName></agencyEvent>
<agencyEvent><eventName>ApplicationSubmitAfter</eventName><serviceProviderCode>BPTDEV</serviceProviderCode><auditModel><auditDate>2015-08-28T12:00:14-06:00</auditDate><auditID>ADMIN</auditID><auditStatus>A</auditStatus></auditModel><event><name>ApplicationSubmitAfter</name><auditModel><auditDate>2002-03-15T14:09:19-07:00</auditDate><auditID>ACCELA</auditID><auditStatus>A</auditStatus></auditModel><description>This event occurs after an application is created.</description></event><scriptName>APPLICATIONSUBMITAFTERV3.0</scriptName></agencyEvent>
<agencyEvent><eventName>ApplicationSubmitBefore</eventName><serviceProviderCode>BPTDEV</serviceProviderCode><auditModel><auditDate>2015-08-28T12:00:29-06:00</auditDate><auditID>ADMIN</auditID><auditStatus>A</auditStatus></auditModel><event><name>ApplicationSubmitBefore</name><auditModel><auditDate>2002-03-15T14:09:20-07:00</auditDate><auditID>ACCELA</auditID><auditStatus>A</auditStatus></auditModel><description>This event occurs before an application is created.</description></event><scriptName>APPLICATIONSUBMITBEFOREV3.0</scriptName></agencyEvent>
<agencyEvent><eventName>ContactAddAfter</eventName><serviceProviderCode>BPTDEV</serviceProviderCode><auditModel><auditDate>2015-08-28T14:10:15-06:00</auditDate><auditID>ADMIN</auditID><auditStatus>A</auditStatus></auditModel><event><name>ContactAddAfter</name><auditModel><auditDate>2004-01-14T09:29:51-07:00</auditDate><auditID>ADMIN</auditID><auditStatus>A</auditStatus></auditModel><description>This event occurs after a contact is added.</description></event><scriptName>CONTACTADDAFTERV3.0</scriptName></agencyEvent>
<agencyEvent><eventName>ContactEditAfter</eventName><serviceProviderCode>BPTDEV</serviceProviderCode><auditModel><auditDate>2015-08-28T14:10:33-06:00</auditDate><auditID>ADMIN</auditID><auditStatus>A</auditStatus></auditModel><event><name>ContactEditAfter</name><auditModel><auditDate>2004-01-14T09:30:29-07:00</auditDate><auditID>ADMIN</auditID><auditStatus>A</auditStatus></auditModel><description>This event occurs after a contact is edited.</description></event><scriptName>CONTACTEDITAFTERV3.0</scriptName></agencyEvent>
<agencyEvent><eventName>ConvertToRealCAPAfter</eventName><serviceProviderCode>BPTDEV</serviceProviderCode><auditModel><auditDate>2015-08-28T12:01:13-06:00</auditDate><auditID>ADMIN</auditID><auditStatus>A</auditStatus></auditModel><event><name>ConvertToRealCAPAfter</name><auditModel><auditDate>2008-12-04T09:50:20-07:00</auditDate><auditID>ADMIN</auditID><auditStatus>A</auditStatus></auditModel><description>This event occurs after convert partial cap ID to real cap ID in ACA.</description></event><scriptName>CONVERTTOREALCAPAFTERNEW</scriptName></agencyEvent>
<agencyEvent><eventName>InspectionMultipleScheduleAfter</eventName><serviceProviderCode>BPTDEV</serviceProviderCode><auditModel><auditDate>2015-09-02T17:59:35-06:00</auditDate><auditID>ADMIN</auditID><auditStatus>A</auditStatus></auditModel><event><name>InspectionMultipleScheduleAfter</name><auditModel><auditDate>2009-11-09T15:45:08-07:00</auditDate><auditID>ADMIN</auditID><auditStatus>A</auditStatus></auditModel><description>This event occurs after one or multiple inspections are scheduled for Manage Inspection.</description></event><scriptName>INSPECTIONMULTIPLESCHEDULEAFTER3.0</scriptName></agencyEvent>
<agencyEvent><eventName>InspectionResultSubmitAfter</eventName><serviceProviderCode>BPTDEV</serviceProviderCode><auditModel><auditDate>2015-08-28T12:01:47-06:00</auditDate><auditID>ADMIN</auditID><auditStatus>A</auditStatus></auditModel><event><name>InspectionResultSubmitAfter</name><auditModel><auditDate>2002-03-15T14:09:23-07:00</auditDate><auditID>ACCELA</auditID><auditStatus>A</auditStatus></auditModel><description>This event occurs after inspection result is entered.</description></event><scriptName>INSPECTIONRESULTSUBMITAFTERV3.0</scriptName></agencyEvent>
<agencyEvent><eventName>InspectionScheduleAfter</eventName><serviceProviderCode>BPTDEV</serviceProviderCode><auditModel><auditDate>2015-09-03T09:04:18-06:00</auditDate><auditID>ADMIN</auditID><auditStatus>A</auditStatus></auditModel><event><name>InspectionScheduleAfter</name><auditModel><auditDate>2002-03-15T14:09:32-07:00</auditDate><auditID>ACCELA</auditID><auditStatus>A</auditStatus></auditModel><description>This event occurs after one or multiple inspections are scheduled.</description></event><scriptName>INSPECTIONSCHEDULEAFTER</scriptName></agencyEvent>
<agencyEvent><eventName>PaymentReceiveAfter</eventName><serviceProviderCode>BPTDEV</serviceProviderCode><auditModel><auditDate>2015-08-28T12:02:01-06:00</auditDate><auditID>ADMIN</auditID><auditStatus>A</auditStatus></auditModel><event><name>PaymentReceiveAfter</name><auditModel><auditDate>2002-03-15T14:09:24-07:00</auditDate><auditID>ACCELA</auditID><auditStatus>A</auditStatus></auditModel><description>This event occurs after payment allocation is recorded.</description></event><scriptName>PAYMENTRECEIVEAFTERV3.0</scriptName></agencyEvent>
<agencyEvent><eventName>V360InspectionResultSubmitAfter</eventName><serviceProviderCode>BPTDEV</serviceProviderCode><auditModel><auditDate>2015-09-01T19:13:50-06:00</auditDate><auditID>ADMIN</auditID><auditStatus>A</auditStatus></auditModel><event><name>V360InspectionResultSubmitAfter</name><auditModel><auditDate>2008-02-16T19:36:39-07:00</auditDate><auditID>ADMIN</auditID><auditStatus>A</auditStatus></auditModel><description>This event occurs after result inspection.</description></event><scriptName>V360INSPECTIONRESULTSUBMITAFTERV3.0</scriptName></agencyEvent>
<agencyEvent><eventName>WorkflowTaskUpdateAfter</eventName><serviceProviderCode>BPTDEV</serviceProviderCode><auditModel><auditDate>2015-08-28T12:02:19-06:00</auditDate><auditID>ADMIN</auditID><auditStatus>A</auditStatus></auditModel><event><name>WorkflowTaskUpdateAfter</name><auditModel><auditDate>2002-03-15T14:09:29-07:00</auditDate><auditID>ACCELA</auditID><auditStatus>A</auditStatus></auditModel><description>This event occurs after a workflow task is updated.</description></event><scriptName>WORKFLOWTASKUPDATEAFTERV3.0</scriptName></agencyEvent>
<agencyEvent><eventName>WorkflowTaskUpdateBefore</eventName><serviceProviderCode>BPTDEV</serviceProviderCode><auditModel><auditDate>2015-08-28T12:02:31-06:00</auditDate><auditID>ADMIN</auditID><auditStatus>A</auditStatus></auditModel><event><name>WorkflowTaskUpdateBefore</name><auditModel><auditDate>2002-03-15T14:09:30-07:00</auditDate><auditID>ACCELA</auditID><auditStatus>A</auditStatus></auditModel><description>This event occurs before a workflow task is updated.</description></event><scriptName>WORKFLOWTASKUPDATEBEFOREV3.0</scriptName></agencyEvent>
</list>