<?xml version="1.0" encoding="UTF-8" standalone="yes"?>
<list  version="8.0.0" minorVersion="15" exportUser="ADMIN" exportDateTime="03/30/2016 09:15 PM" description="null"><mask><name>Default</name><serviceProviderCode>BPTDEV</serviceProviderCode><type>Cap Key</type><auditModel><auditDate>2014-03-20T13:46:14-06:00</auditDate><auditID>SYSTEM</auditID><auditStatus>A</auditStatus></auditModel><description>Default Cap Key Mask</description><maxLength>17</maxLength><minLength>17</minLength><pattern>REC$$yy$$-00000-$$SEQ05$$</pattern><radixValue>36</radixValue><seqName>Default</seqName></mask>
<mask><name>Licenses/Contractor//License</name><serviceProviderCode>BPTDEV</serviceProviderCode><type>Cap ID</type><auditModel><auditDate>2013-11-20T16:28:21-07:00</auditDate><auditID>SYSTEM</auditID><auditStatus>A</auditStatus></auditModel><description> </description><maxLength>30</maxLength><minLength>1</minLength><pattern>CON-$$SEQ06$$</pattern><radixValue>10</radixValue><seqName>Licenses/Contractor//License</seqName></mask>
<mask><name>Default</name><serviceProviderCode>BPTDEV</serviceProviderCode><type>Partial CAP ID</type><auditModel><auditDate>2008-03-11T07:29:47-06:00</auditDate><auditID>ADMIN</auditID><auditStatus>A</auditStatus></auditModel><description>Mask Definition for Partial CAP ID</description><maxLength>30</maxLength><minLength>1</minLength><pattern>$$yy$$EST-$$SEQ06$$</pattern><radixValue>10</radixValue><seqName>Default</seqName></mask>
<mask><name>Agency-Receipt</name><serviceProviderCode>BPTDEV</serviceProviderCode><type>Receipt</type><auditModel><auditDate>2011-08-09T07:07:28-06:00</auditDate><auditID>SYSTEM</auditID><auditStatus>A</auditStatus></auditModel><description>Mask Definition for Receipt Number</description><maxLength>30</maxLength><minLength>1</minLength><pattern>$$SEQ12$$</pattern><radixValue>10</radixValue><seqName>Agency-Receipt</seqName></mask>
<mask><name>Default</name><serviceProviderCode>BPTDEV</serviceProviderCode><type>Temporary CAP ID</type><auditModel><auditDate>2008-03-11T07:29:47-06:00</auditDate><auditID>ADMIN</auditID><auditStatus>A</auditStatus></auditModel><description>Mask Definition for Temporary CAP ID</description><maxLength>30</maxLength><minLength>1</minLength><pattern>$$yy$$TMP-$$SEQ06$$</pattern><radixValue>10</radixValue><seqName>Default</seqName></mask>
<mask><name>Licenses/Contractor//Application</name><serviceProviderCode>BPTDEV</serviceProviderCode><type>Cap ID</type><auditModel><auditDate>2013-11-20T16:19:26-07:00</auditDate><auditID>SYSTEM</auditID><auditStatus>A</auditStatus></auditModel><description> </description><maxLength>30</maxLength><minLength>1</minLength><pattern>CONA$$yy$$-$$SEQ05$$</pattern><radixValue>10</radixValue><seqName>Licenses/Contractor//Application</seqName></mask>
<mask><name>Licenses/Contractor//Renewal</name><serviceProviderCode>BPTDEV</serviceProviderCode><type>Cap ID</type><auditModel><auditDate>2013-11-20T16:23:50-07:00</auditDate><auditID>SYSTEM</auditID><auditStatus>A</auditStatus></auditModel><description> </description><maxLength>30</maxLength><minLength>1</minLength><pattern>CONR$$yy$$-$$SEQ05$$</pattern><radixValue>10</radixValue><seqName>Licenses/Contractor//Renewal</seqName></mask>
<mask><name>AMS/Electric//</name><serviceProviderCode>BPTDEV</serviceProviderCode><type>Cap ID</type><auditModel><auditDate>2014-03-11T17:10:13-06:00</auditDate><auditID>SYSTEM</auditID><auditStatus>A</auditStatus></auditModel><description>Electric Dept Work Orders</description><maxLength>30</maxLength><minLength>1</minLength><pattern>$$yy$$ELE-$$SEQ05$$</pattern><radixValue>10</radixValue><seqName>AMS/Electric//</seqName></mask>
</list>