<?xml version="1.0" encoding="UTF-8" standalone="yes"?>
<list  version="8.0.0" minorVersion="15" exportUser="ADMIN" exportDateTime="03/30/2016 09:15 PM" description="null"><sharedDropDownListModel><name>LIC_BUS_TYPE</name><serviceProviderCode>BPTDEV</serviceProviderCode><auditModel><auditDate>2012-02-27T18:36:21-07:00</auditDate><auditID>ADMIN</auditID><auditStatus>A</auditStatus></auditModel><description>Business Ownership Type</description><sharedDropDownList><sharedDropDownValue><bdvSeqNbr>4656</bdvSeqNbr><servProvCode>BPTDEV</servProvCode><auditModel><auditDate>2011-11-02T15:36:25-06:00</auditDate><auditID>ADMIN</auditID><auditStatus>A</auditStatus></auditModel><bizdomain>LIC_BUS_TYPE</bizdomain><bizdomainValue>Corporation</bizdomainValue><sortOrder>0</sortOrder><standardChoiceValueI18NModels/></sharedDropDownValue><sharedDropDownValue><bdvSeqNbr>4653</bdvSeqNbr><servProvCode>BPTDEV</servProvCode><auditModel><auditDate>2011-11-02T15:36:03-06:00</auditDate><auditID>ADMIN</auditID><auditStatus>A</auditStatus></auditModel><bizdomain>LIC_BUS_TYPE</bizdomain><bizdomainValue>Individual</bizdomainValue><sortOrder>0</sortOrder><standardChoiceValueI18NModels/></sharedDropDownValue><sharedDropDownValue><bdvSeqNbr>4655</bdvSeqNbr><servProvCode>BPTDEV</servProvCode><auditModel><auditDate>2011-11-02T15:36:17-06:00</auditDate><auditID>ADMIN</auditID><auditStatus>A</auditStatus></auditModel><bizdomain>LIC_BUS_TYPE</bizdomain><bizdomainValue>Limited Liability Company</bizdomainValue><sortOrder>0</sortOrder><standardChoiceValueI18NModels/></sharedDropDownValue><sharedDropDownValue><bdvSeqNbr>4654</bdvSeqNbr><servProvCode>BPTDEV</servProvCode><auditModel><auditDate>2011-11-02T15:36:09-06:00</auditDate><auditID>ADMIN</auditID><auditStatus>A</auditStatus></auditModel><bizdomain>LIC_BUS_TYPE</bizdomain><bizdomainValue>Partnership</bizdomainValue><sortOrder>0</sortOrder><standardChoiceValueI18NModels/></sharedDropDownValue><sharedDropDownValue><bdvSeqNbr>4657</bdvSeqNbr><servProvCode>BPTDEV</servProvCode><auditModel><auditDate>2011-11-02T15:36:29-06:00</auditDate><auditID>ADMIN</auditID><auditStatus>A</auditStatus></auditModel><bizdomain>LIC_BUS_TYPE</bizdomain><bizdomainValue>Trust</bizdomainValue><sortOrder>0</sortOrder><standardChoiceValueI18NModels/></sharedDropDownValue></sharedDropDownList><type>ShareDropDown</type></sharedDropDownListModel>
<sharedDropDownListModel><name>LIC_CONTRACTOR_ELEC_TYPE</name><serviceProviderCode>BPTDEV</serviceProviderCode><auditModel><auditDate>2014-05-01T11:10:41-06:00</auditDate><auditID>ADMIN</auditID><auditStatus>A</auditStatus></auditModel><description>Contractor type for electrical contractor license and LP type</description><sharedDropDownList><sharedDropDownValue><bdvSeqNbr>104594807</bdvSeqNbr><servProvCode>BPTDEV</servProvCode><auditModel><auditDate>2014-05-01T11:11:02-06:00</auditDate><auditID>ADMIN</auditID><auditStatus>A</auditStatus></auditModel><bizdomain>LIC_CONTRACTOR_ELEC_TYPE</bizdomain><bizdomainValue>Electrical</bizdomainValue><sortOrder>0</sortOrder><standardChoiceValueI18NModels/></sharedDropDownValue></sharedDropDownList><type>ShareDropDown</type></sharedDropDownListModel>
<sharedDropDownListModel><name>LIC_CONTRACTOR_TYPE</name><serviceProviderCode>BPTDEV</serviceProviderCode><auditModel><auditDate>2014-05-01T11:08:32-06:00</auditDate><auditID>ADMIN</auditID><auditStatus>A</auditStatus></auditModel><description>Contractor Type for general contractor license and LP type</description><sharedDropDownList><sharedDropDownValue><bdvSeqNbr>104581480</bdvSeqNbr><servProvCode>BPTDEV</servProvCode><auditModel><auditDate>2012-02-28T10:37:37-07:00</auditDate><auditID>ADMIN</auditID><auditStatus>A</auditStatus></auditModel><bizdomain>LIC_CONTRACTOR_TYPE</bizdomain><bizdomainValue>Contractor</bizdomainValue><sortOrder>0</sortOrder><standardChoiceValueI18NModels/></sharedDropDownValue></sharedDropDownList><type>ShareDropDown</type></sharedDropDownListModel>
<sharedDropDownListModel><name>LIC_CONTRACTOR_MECH_TYPE</name><serviceProviderCode>BPTDEV</serviceProviderCode><auditModel><auditDate>2014-05-01T11:09:31-06:00</auditDate><auditID>ADMIN</auditID><auditStatus>A</auditStatus></auditModel><description>Contractor type for mechanical contractor license and LP type</description><sharedDropDownList><sharedDropDownValue><bdvSeqNbr>104594806</bdvSeqNbr><servProvCode>BPTDEV</servProvCode><auditModel><auditDate>2014-05-01T11:10:05-06:00</auditDate><auditID>ADMIN</auditID><auditStatus>A</auditStatus></auditModel><bizdomain>LIC_CONTRACTOR_MECH_TYPE</bizdomain><bizdomainValue>Mechanical</bizdomainValue><sortOrder>10</sortOrder><standardChoiceValueI18NModels/></sharedDropDownValue></sharedDropDownList><type>ShareDropDown</type></sharedDropDownListModel>
<sharedDropDownListModel><name>LIC_CONTRACTOR_PLMB_TYPE</name><serviceProviderCode>BPTDEV</serviceProviderCode><auditModel><auditDate>2014-05-01T11:11:35-06:00</auditDate><auditID>ADMIN</auditID><auditStatus>A</auditStatus></auditModel><description>Contractor type for plumb ing contractor license and LP type</description><sharedDropDownList><sharedDropDownValue><bdvSeqNbr>104594808</bdvSeqNbr><servProvCode>BPTDEV</servProvCode><auditModel><auditDate>2014-05-01T11:11:56-06:00</auditDate><auditID>ADMIN</auditID><auditStatus>A</auditStatus></auditModel><bizdomain>LIC_CONTRACTOR_PLMB_TYPE</bizdomain><bizdomainValue>Plumbing</bizdomainValue><sortOrder>10</sortOrder><standardChoiceValueI18NModels/></sharedDropDownValue></sharedDropDownList><type>ShareDropDown</type></sharedDropDownListModel>
<sharedDropDownListModel><name>LIC_BOND_STATUS</name><serviceProviderCode>BPTDEV</serviceProviderCode><auditModel><auditDate>2012-02-27T18:38:19-07:00</auditDate><auditID>ADMIN</auditID><auditStatus>A</auditStatus></auditModel><description>For Bond ASIT</description><sharedDropDownList><sharedDropDownValue><bdvSeqNbr>104580399</bdvSeqNbr><servProvCode>BPTDEV</servProvCode><auditModel><auditDate>2011-12-14T13:47:32-07:00</auditDate><auditID>ADMIN</auditID><auditStatus>A</auditStatus></auditModel><bizdomain>LIC_BOND_STATUS</bizdomain><bizdomainValue>Active</bizdomainValue><sortOrder>10</sortOrder><standardChoiceValueI18NModels/></sharedDropDownValue><sharedDropDownValue><bdvSeqNbr>104580400</bdvSeqNbr><servProvCode>BPTDEV</servProvCode><auditModel><auditDate>2011-12-14T13:47:41-07:00</auditDate><auditID>ADMIN</auditID><auditStatus>A</auditStatus></auditModel><bizdomain>LIC_BOND_STATUS</bizdomain><bizdomainValue>Inactive</bizdomainValue><sortOrder>20</sortOrder><standardChoiceValueI18NModels/></sharedDropDownValue></sharedDropDownList><type>ShareDropDown</type></sharedDropDownListModel>
<sharedDropDownListModel><name>LIC_BOND_TYPE</name><serviceProviderCode>BPTDEV</serviceProviderCode><auditModel><auditDate>2012-02-27T18:38:02-07:00</auditDate><auditID>ADMIN</auditID><auditStatus>A</auditStatus></auditModel><description>For Bond ASIT</description><sharedDropDownList><sharedDropDownValue><bdvSeqNbr>104580398</bdvSeqNbr><servProvCode>BPTDEV</servProvCode><auditModel><auditDate>2011-12-14T13:46:38-07:00</auditDate><auditID>ADMIN</auditID><auditStatus>A</auditStatus></auditModel><bizdomain>LIC_BOND_TYPE</bizdomain><bizdomainValue>Secondary</bizdomainValue><sortOrder>20</sortOrder><standardChoiceValueI18NModels/></sharedDropDownValue><sharedDropDownValue><bdvSeqNbr>104580397</bdvSeqNbr><servProvCode>BPTDEV</servProvCode><auditModel><auditDate>2011-12-14T13:46:29-07:00</auditDate><auditID>ADMIN</auditID><auditStatus>A</auditStatus></auditModel><bizdomain>LIC_BOND_TYPE</bizdomain><bizdomainValue>Surety</bizdomainValue><sortOrder>10</sortOrder><standardChoiceValueI18NModels/></sharedDropDownValue></sharedDropDownList><type>ShareDropDown</type></sharedDropDownListModel>
</list>