<?xml version="1.0" encoding="UTF-8" standalone="yes"?>
<list  version="8.0.0" minorVersion="15" exportUser="ADMIN" exportDateTime="03/30/2016 09:15 PM" description="null"><virProcess><r1ProcessCode>LIC_CONT_LICENSE</r1ProcessCode><servProvCode>BPTDEV</servProvCode><isEmailSettringSelected>Y</isEmailSettringSelected><isSecuritySelected>Y</isSecuritySelected><processEMailSettingModels/><processModels><processModel><r1ProcessCode>LIC_CONT_LICENSE</r1ProcessCode><sdStpNum>1</sdStpNum><servProvCode>BPTDEV</servProvCode><asgnAgencyCode>ADMIN</asgnAgencyCode><asgnBureauCode>NA</asgnBureauCode><asgnDivisionCode>NA</asgnDivisionCode><asgnGroupCode>NA</asgnGroupCode><asgnOfficeCode>NA</asgnOfficeCode><asgnSectionCode>NA</asgnSectionCode><auditModel><auditDate>2014-01-06T13:27:37-07:00</auditDate><auditID>Accela Administrator</auditID><auditStatus>A</auditStatus></auditModel><sdNxtId1>000000000000000</sdNxtId1><sdProDes>License Status</sdProDes><sdProId1>010000000000000</sdProId1></processModel></processModels><processSecurityModels/><r3statypModels><r3statyp><r3ActStatCod>SCODE2</r3ActStatCod><r3ProcessCode>LIC_CONT_LICENSE</r3ProcessCode><servProvCode>BPTDEV</servProvCode><displayInAca>Y</displayInAca><r3ActStatDes>About to Expire</r3ActStatDes><r3ActStatFlg>U</r3ActStatFlg><r3ActTypeDes>License Status</r3ActTypeDes><recDate>2013-11-20T15:19:30-07:00</recDate><recFulNam>Accela Administrator</recFulNam><recStatus>A</recStatus><refTaskStatusI18NModels/></r3statyp><r3statyp><r3ActStatCod>SCODE3</r3ActStatCod><r3ProcessCode>LIC_CONT_LICENSE</r3ProcessCode><servProvCode>BPTDEV</servProvCode><applicationStatus>Active</applicationStatus><displayInAca>Y</displayInAca><r3ActStatDes>Active</r3ActStatDes><r3ActStatFlg>U</r3ActStatFlg><r3ActTypeDes>License Status</r3ActTypeDes><recDate>2014-01-06T13:27:37-07:00</recDate><recFulNam>Accela Administrator</recFulNam><recStatus>A</recStatus><refTaskStatusI18NModels/></r3statyp><r3statyp><r3ActStatCod>SCODE4</r3ActStatCod><r3ProcessCode>LIC_CONT_LICENSE</r3ProcessCode><servProvCode>BPTDEV</servProvCode><applicationStatus>Closed</applicationStatus><displayInAca>Y</displayInAca><r3ActStatDes>Closed</r3ActStatDes><r3ActStatFlg>Y</r3ActStatFlg><r3ActTypeDes>License Status</r3ActTypeDes><recDate>2014-01-06T13:27:37-07:00</recDate><recFulNam>Accela Administrator</recFulNam><recStatus>A</recStatus><refTaskStatusI18NModels/></r3statyp><r3statyp><r3ActStatCod>SCODE5</r3ActStatCod><r3ProcessCode>LIC_CONT_LICENSE</r3ProcessCode><servProvCode>BPTDEV</servProvCode><applicationStatus>Inactive</applicationStatus><displayInAca>Y</displayInAca><r3ActStatDes>Inactive</r3ActStatDes><r3ActStatFlg>Y</r3ActStatFlg><r3ActTypeDes>License Status</r3ActTypeDes><recDate>2014-01-06T13:27:37-07:00</recDate><recFulNam>Accela Administrator</recFulNam><recStatus>A</recStatus><refTaskStatusI18NModels/></r3statyp><r3statyp><r3ActStatCod>SCODE6</r3ActStatCod><r3ProcessCode>LIC_CONT_LICENSE</r3ProcessCode><servProvCode>BPTDEV</servProvCode><applicationStatus>Revoked</applicationStatus><displayInAca>Y</displayInAca><r3ActStatDes>Revoked</r3ActStatDes><r3ActStatFlg>Y</r3ActStatFlg><r3ActTypeDes>License Status</r3ActTypeDes><recDate>2014-01-06T13:27:37-07:00</recDate><recFulNam>Accela Administrator</recFulNam><recStatus>A</recStatus><refTaskStatusI18NModels/></r3statyp><r3statyp><r3ActStatCod>SCODE1</r3ActStatCod><r3ProcessCode>LIC_CONT_LICENSE</r3ProcessCode><servProvCode>BPTDEV</servProvCode><applicationStatus>Suspended</applicationStatus><displayInAca>Y</displayInAca><r3ActStatDes>Suspended</r3ActStatDes><r3ActStatFlg>U</r3ActStatFlg><r3ActTypeDes>License Status</r3ActTypeDes><recDate>2014-01-06T13:27:37-07:00</recDate><recFulNam>Accela Administrator</recFulNam><recStatus>A</recStatus><refTaskStatusI18NModels/></r3statyp></r3statypModels><securityFlag>LIC_CONT_LICENSE/%</securityFlag></virProcess>
<virProcess><r1ProcessCode>LIC_CONT_APPLICATION</r1ProcessCode><servProvCode>BPTDEV</servProvCode><isEmailSettringSelected>Y</isEmailSettringSelected><isSecuritySelected>Y</isSecuritySelected><processEMailSettingModels><processEMailSettingModel><noteID>133</noteID><processName>LIC_CONT_APPLICATION</processName><serviceProviderCode>BPTDEV</serviceProviderCode><b3contactFlag>N</b3contactFlag><contactRelation>Applicant</contactRelation><contentsCode>LIC_ISSUED</contentsCode><distributionFlag>N</distributionFlag><docCategory>Outgoing Email</docCategory><docGroup>LIC</docGroup><edmsLocation>ADS</edmsLocation><edmsObject>CAP</edmsObject><mediaFlag>0</mediaFlag><recDate>2014-06-16T15:59:15-06:00</recDate><recFulNam>ADMIN</recFulNam><recStatus>A</recStatus><sdAppDes>Issued</sdAppDes><sdProDes>License Issuance</sdProDes></processEMailSettingModel><processEMailSettingModel><noteID>139</noteID><processName>LIC_CONT_APPLICATION</processName><serviceProviderCode>BPTDEV</serviceProviderCode><b3contactFlag>N</b3contactFlag><contactRelation>Applicant</contactRelation><contentsCode>LIC_ACCEPTED</contentsCode><distributionFlag>N</distributionFlag><docCategory>Outgoing Email</docCategory><docGroup>LIC</docGroup><edmsLocation>ADS</edmsLocation><edmsObject>CAP</edmsObject><mediaFlag>0</mediaFlag><recDate>2014-06-16T15:59:15-06:00</recDate><recFulNam>ADMIN</recFulNam><recStatus>A</recStatus><sdAppDes>Accepted</sdAppDes><sdProDes>Application Intake</sdProDes></processEMailSettingModel><processEMailSettingModel><noteID>153</noteID><processName>LIC_CONT_APPLICATION</processName><serviceProviderCode>BPTDEV</serviceProviderCode><b3contactFlag>N</b3contactFlag><contactRelation>Applicant</contactRelation><contentsCode>LIC_DENIED</contentsCode><distributionFlag>N</distributionFlag><docCategory>Outgoing Email</docCategory><docGroup>LIC</docGroup><edmsLocation>ADS</edmsLocation><edmsObject>CAP</edmsObject><mediaFlag>0</mediaFlag><recDate>2014-06-16T15:59:15-06:00</recDate><recFulNam>ADMIN</recFulNam><recStatus>A</recStatus><sdAppDes>Denied</sdAppDes><sdProDes>License Issuance</sdProDes></processEMailSettingModel><processEMailSettingModel><noteID>158</noteID><processName>LIC_CONT_APPLICATION</processName><serviceProviderCode>BPTDEV</serviceProviderCode><b3contactFlag>N</b3contactFlag><contactRelation>Applicant</contactRelation><contentsCode>LIC_ADDL_INFO_REQ</contentsCode><distributionFlag>N</distributionFlag><docCategory>Outgoing Email</docCategory><docGroup>LIC</docGroup><edmsLocation>ADS</edmsLocation><edmsObject>CAP</edmsObject><mediaFlag>0</mediaFlag><recDate>2014-06-16T15:59:15-06:00</recDate><recFulNam>ADMIN</recFulNam><recStatus>A</recStatus><sdAppDes>Additonal Info Needed</sdAppDes><sdProDes>Application Intake</sdProDes></processEMailSettingModel></processEMailSettingModels><processModels><processModel><r1ProcessCode>LIC_CONT_APPLICATION</r1ProcessCode><sdStpNum>1</sdStpNum><servProvCode>BPTDEV</servProvCode><asgnAgencyCode>ADMIN</asgnAgencyCode><asgnBureauCode>NA</asgnBureauCode><asgnDivisionCode>NA</asgnDivisionCode><asgnGroupCode>NA</asgnGroupCode><asgnOfficeCode>NA</asgnOfficeCode><asgnSectionCode>NA</asgnSectionCode><auditModel><auditDate>2014-01-06T13:22:17-07:00</auditDate><auditID>Accela Administrator</auditID><auditStatus>A</auditStatus></auditModel><sdNxtId1>012000000000000</sdNxtId1><sdProDes>Application Intake</sdProDes><sdProId1>010000000000000</sdProId1></processModel><processModel><r1ProcessCode>LIC_CONT_APPLICATION</r1ProcessCode><sdStpNum>5</sdStpNum><servProvCode>BPTDEV</servProvCode><asgnAgencyCode>ADMIN</asgnAgencyCode><asgnBureauCode>NA</asgnBureauCode><asgnDivisionCode>NA</asgnDivisionCode><asgnGroupCode>NA</asgnGroupCode><asgnOfficeCode>NA</asgnOfficeCode><asgnSectionCode>NA</asgnSectionCode><auditModel><auditDate>2014-01-06T13:22:17-07:00</auditDate><auditID>Accela Administrator</auditID><auditStatus>A</auditStatus></auditModel><sdNxtId1>014000000000000</sdNxtId1><sdProDes>Licensing Review</sdProDes><sdProId1>012000000000000</sdProId1></processModel><processModel><r1ProcessCode>LIC_CONT_APPLICATION</r1ProcessCode><sdStpNum>6</sdStpNum><servProvCode>BPTDEV</servProvCode><asgnAgencyCode>ADMIN</asgnAgencyCode><asgnBureauCode>NA</asgnBureauCode><asgnDivisionCode>NA</asgnDivisionCode><asgnGroupCode>NA</asgnGroupCode><asgnOfficeCode>NA</asgnOfficeCode><asgnSectionCode>NA</asgnSectionCode><auditModel><auditDate>2014-01-06T13:22:17-07:00</auditDate><auditID>Accela Administrator</auditID><auditStatus>A</auditStatus></auditModel><sdNxtId1>000000000000000</sdNxtId1><sdProDes>License Issuance</sdProDes><sdProId1>014000000000000</sdProId1></processModel></processModels><processSecurityModels/><r3statypModels><r3statyp><r3ActStatCod>SCODE1</r3ActStatCod><r3ProcessCode>LIC_CONT_APPLICATION</r3ProcessCode><servProvCode>BPTDEV</servProvCode><applicationStatus>In Review</applicationStatus><displayInAca>Y</displayInAca><r3ActStatDes>Accepted</r3ActStatDes><r3ActStatFlg>Y</r3ActStatFlg><r3ActTypeDes>Application Intake</r3ActTypeDes><recDate>2014-01-06T13:22:17-07:00</recDate><recFulNam>Accela Administrator</recFulNam><recStatus>A</recStatus><refTaskStatusI18NModels/></r3statyp><r3statyp><r3ActStatCod>SCODE13</r3ActStatCod><r3ProcessCode>LIC_CONT_APPLICATION</r3ProcessCode><servProvCode>BPTDEV</servProvCode><displayInAca>Y</displayInAca><r3ActStatDes>Additional Info Needed</r3ActStatDes><r3ActStatFlg>U</r3ActStatFlg><r3ActTypeDes>Application Intake</r3ActTypeDes><r3MouClockAction>No Action</r3MouClockAction><recDate>2015-04-08T10:32:19-06:00</recDate><recFulNam>ADMIN</recFulNam><recStatus>A</recStatus><refTaskStatusI18NModels/></r3statyp><r3statyp><r3ActStatCod>SCODE2</r3ActStatCod><r3ProcessCode>LIC_CONT_APPLICATION</r3ProcessCode><servProvCode>BPTDEV</servProvCode><displayInAca>Y</displayInAca><r3ActStatDes>Additional Info Needed</r3ActStatDes><r3ActStatFlg>U</r3ActStatFlg><r3ActTypeDes>License Issuance</r3ActTypeDes><recDate>2013-11-20T15:13:32-07:00</recDate><recFulNam>Accela Administrator</recFulNam><recStatus>A</recStatus><refTaskStatusI18NModels/></r3statyp><r3statyp><r3ActStatCod>SCODE11</r3ActStatCod><r3ProcessCode>LIC_CONT_APPLICATION</r3ProcessCode><servProvCode>BPTDEV</servProvCode><applicationStatus>Denied</applicationStatus><displayInAca>Y</displayInAca><r3ActStatDes>Denied</r3ActStatDes><r3ActStatFlg>Y</r3ActStatFlg><r3ActTypeDes>License Issuance</r3ActTypeDes><recDate>2014-01-06T13:22:17-07:00</recDate><recFulNam>Accela Administrator</recFulNam><recStatus>A</recStatus><refTaskStatusI18NModels/></r3statyp><r3statyp><r3ActStatCod>SCODE15</r3ActStatCod><r3ProcessCode>LIC_CONT_APPLICATION</r3ProcessCode><servProvCode>BPTDEV</servProvCode><displayInAca>Y</displayInAca><r3ActStatDes>In Progress</r3ActStatDes><r3ActStatFlg>U</r3ActStatFlg><r3ActTypeDes>License Issuance</r3ActTypeDes><recDate>2013-11-20T15:09:53-07:00</recDate><recFulNam>Accela Administrator</recFulNam><recStatus>A</recStatus><refTaskStatusI18NModels/></r3statyp><r3statyp><r3ActStatCod>SCODE12</r3ActStatCod><r3ProcessCode>LIC_CONT_APPLICATION</r3ProcessCode><servProvCode>BPTDEV</servProvCode><applicationStatus>Issued</applicationStatus><displayInAca>Y</displayInAca><r3ActStatDes>Issued</r3ActStatDes><r3ActStatFlg>Y</r3ActStatFlg><r3ActTypeDes>License Issuance</r3ActTypeDes><recDate>2014-01-06T13:22:17-07:00</recDate><recFulNam>Accela Administrator</recFulNam><recStatus>A</recStatus><refTaskStatusI18NModels/></r3statyp><r3statyp><r3ActStatCod>SCODE14</r3ActStatCod><r3ProcessCode>LIC_CONT_APPLICATION</r3ProcessCode><servProvCode>BPTDEV</servProvCode><displayInAca>Y</displayInAca><r3ActStatDes>Additional Info Needed</r3ActStatDes><r3ActStatFlg>U</r3ActStatFlg><r3ActTypeDes>Licensing Review</r3ActTypeDes><recDate>2013-11-20T15:09:53-07:00</recDate><recFulNam>Accela Administrator</recFulNam><recStatus>A</recStatus><refTaskStatusI18NModels/></r3statyp><r3statyp><r3ActStatCod>SCODE4</r3ActStatCod><r3ProcessCode>LIC_CONT_APPLICATION</r3ProcessCode><servProvCode>BPTDEV</servProvCode><applicationStatus>Approved for Issuance</applicationStatus><displayInAca>Y</displayInAca><r3ActStatDes>Approved for Issuance</r3ActStatDes><r3ActStatFlg>Y</r3ActStatFlg><r3ActTypeDes>Licensing Review</r3ActTypeDes><recDate>2014-01-06T13:22:17-07:00</recDate><recFulNam>Accela Administrator</recFulNam><recStatus>A</recStatus><refTaskStatusI18NModels/></r3statyp><r3statyp><r3ActStatCod>SCODE5</r3ActStatCod><r3ProcessCode>LIC_CONT_APPLICATION</r3ProcessCode><servProvCode>BPTDEV</servProvCode><applicationStatus>Denied</applicationStatus><displayInAca>Y</displayInAca><r3ActStatDes>Denied</r3ActStatDes><r3ActStatFlg>Y</r3ActStatFlg><r3ActTypeDes>Licensing Review</r3ActTypeDes><recDate>2014-01-06T13:22:17-07:00</recDate><recFulNam>Accela Administrator</recFulNam><recStatus>A</recStatus><refTaskStatusI18NModels/></r3statyp></r3statypModels><securityFlag>LIC_CONT_APPLICATION/%</securityFlag></virProcess>
<virProcess><r1ProcessCode>LIC_CONT_RENEW</r1ProcessCode><servProvCode>BPTDEV</servProvCode><isEmailSettringSelected>Y</isEmailSettringSelected><isSecuritySelected>Y</isSecuritySelected><processEMailSettingModels/><processModels><processModel><r1ProcessCode>LIC_CONT_RENEW</r1ProcessCode><sdStpNum>1</sdStpNum><servProvCode>BPTDEV</servProvCode><asgnAgencyCode>ADMIN</asgnAgencyCode><asgnBureauCode>NA</asgnBureauCode><asgnDivisionCode>NA</asgnDivisionCode><asgnGroupCode>NA</asgnGroupCode><asgnOfficeCode>NA</asgnOfficeCode><asgnSectionCode>NA</asgnSectionCode><auditModel><auditDate>2014-07-17T09:53:54-06:00</auditDate><auditID>Accela Administrator</auditID><auditStatus>A</auditStatus></auditModel><sdNxtId1>012000000000000</sdNxtId1><sdProDes>Renewal Intake</sdProDes><sdProId1>010000000000000</sdProId1></processModel><processModel><r1ProcessCode>LIC_CONT_RENEW</r1ProcessCode><sdStpNum>5</sdStpNum><servProvCode>BPTDEV</servProvCode><asgnAgencyCode>ADMIN</asgnAgencyCode><asgnBureauCode>NA</asgnBureauCode><asgnDivisionCode>NA</asgnDivisionCode><asgnGroupCode>NA</asgnGroupCode><asgnOfficeCode>NA</asgnOfficeCode><asgnSectionCode>NA</asgnSectionCode><auditModel><auditDate>2013-11-20T15:20:16-07:00</auditDate><auditID>Accela Administrator</auditID><auditStatus>A</auditStatus></auditModel><sdNxtId1>014000000000000</sdNxtId1><sdProDes>Licensing Review</sdProDes><sdProId1>012000000000000</sdProId1></processModel><processModel><r1ProcessCode>LIC_CONT_RENEW</r1ProcessCode><sdStpNum>6</sdStpNum><servProvCode>BPTDEV</servProvCode><asgnAgencyCode>ADMIN</asgnAgencyCode><asgnBureauCode>NA</asgnBureauCode><asgnDivisionCode>NA</asgnDivisionCode><asgnGroupCode>NA</asgnGroupCode><asgnOfficeCode>NA</asgnOfficeCode><asgnSectionCode>NA</asgnSectionCode><auditModel><auditDate>2013-11-20T15:20:16-07:00</auditDate><auditID>Accela Administrator</auditID><auditStatus>A</auditStatus></auditModel><sdNxtId1>000000000000000</sdNxtId1><sdProDes>License Issuance</sdProDes><sdProId1>014000000000000</sdProId1></processModel><processModel><r1ProcessCode>LIC_CONT_RENEW</r1ProcessCode><sdStpNum>7</sdStpNum><servProvCode>BPTDEV</servProvCode><asgnAgencyCode>ADMIN</asgnAgencyCode><asgnBureauCode>NA</asgnBureauCode><asgnDivisionCode>NA</asgnDivisionCode><asgnGroupCode>NA</asgnGroupCode><asgnOfficeCode>NA</asgnOfficeCode><asgnSectionCode>NA</asgnSectionCode><auditModel><auditDate>2014-01-29T08:15:18-07:00</auditDate><auditID>Accela Administrator</auditID><auditStatus>I</auditStatus></auditModel><sdNxtId1>012000000000000</sdNxtId1><sdProDes>Fee Payment</sdProDes><sdProId1>010000000000000</sdProId1></processModel></processModels><processSecurityModels/><r3statypModels><r3statyp><r3ActStatCod>SCODE6</r3ActStatCod><r3ProcessCode>LIC_CONT_RENEW</r3ProcessCode><servProvCode>BPTDEV</servProvCode><applicationStatus>Paid</applicationStatus><displayInAca>Y</displayInAca><r3ActStatDes>Paid</r3ActStatDes><r3ActStatFlg>Y</r3ActStatFlg><r3ActTypeDes>Fee Payment</r3ActTypeDes><recDate>2014-01-22T15:48:58-07:00</recDate><recFulNam>Accela Administrator</recFulNam><recStatus>A</recStatus><refTaskStatusI18NModels/></r3statyp><r3statyp><r3ActStatCod>SCODE12</r3ActStatCod><r3ProcessCode>LIC_CONT_RENEW</r3ProcessCode><servProvCode>BPTDEV</servProvCode><displayInAca>Y</displayInAca><r3ActStatDes>Renewed</r3ActStatDes><r3ActStatFlg>Y</r3ActStatFlg><r3ActTypeDes>License Issuance</r3ActTypeDes><recDate>2013-11-20T15:20:16-07:00</recDate><recFulNam>Accela Administrator</recFulNam><recStatus>A</recStatus><refTaskStatusI18NModels/></r3statyp><r3statyp><r3ActStatCod>SCODE11</r3ActStatCod><r3ProcessCode>LIC_CONT_RENEW</r3ProcessCode><servProvCode>BPTDEV</servProvCode><displayInAca>Y</displayInAca><r3ActStatDes>Revoked</r3ActStatDes><r3ActStatFlg>Y</r3ActStatFlg><r3ActTypeDes>License Issuance</r3ActTypeDes><recDate>2013-11-20T15:20:16-07:00</recDate><recFulNam>Accela Administrator</recFulNam><recStatus>A</recStatus><refTaskStatusI18NModels/></r3statyp><r3statyp><r3ActStatCod>SCODE3</r3ActStatCod><r3ProcessCode>LIC_CONT_RENEW</r3ProcessCode><servProvCode>BPTDEV</servProvCode><displayInAca>Y</displayInAca><r3ActStatDes>Additonal Info Needed</r3ActStatDes><r3ActStatFlg>U</r3ActStatFlg><r3ActTypeDes>Licensing Review</r3ActTypeDes><recDate>2013-11-20T15:20:16-07:00</recDate><recFulNam>Accela Administrator</recFulNam><recStatus>A</recStatus><refTaskStatusI18NModels/></r3statyp><r3statyp><r3ActStatCod>SCODE4</r3ActStatCod><r3ProcessCode>LIC_CONT_RENEW</r3ProcessCode><servProvCode>BPTDEV</servProvCode><displayInAca>Y</displayInAca><r3ActStatDes>Approved for Renewal</r3ActStatDes><r3ActStatFlg>Y</r3ActStatFlg><r3ActTypeDes>Licensing Review</r3ActTypeDes><recDate>2013-11-20T15:20:16-07:00</recDate><recFulNam>Accela Administrator</recFulNam><recStatus>A</recStatus><refTaskStatusI18NModels/></r3statyp><r3statyp><r3ActStatCod>SCODE2</r3ActStatCod><r3ProcessCode>LIC_CONT_RENEW</r3ProcessCode><servProvCode>BPTDEV</servProvCode><displayInAca>Y</displayInAca><r3ActStatDes>In Progress</r3ActStatDes><r3ActStatFlg>U</r3ActStatFlg><r3ActTypeDes>Licensing Review</r3ActTypeDes><recDate>2013-11-20T15:20:16-07:00</recDate><recFulNam>Accela Administrator</recFulNam><recStatus>A</recStatus><refTaskStatusI18NModels/></r3statyp><r3statyp><r3ActStatCod>SCODE5</r3ActStatCod><r3ProcessCode>LIC_CONT_RENEW</r3ProcessCode><servProvCode>BPTDEV</servProvCode><displayInAca>Y</displayInAca><r3ActStatDes>Revoked</r3ActStatDes><r3ActStatFlg>Y</r3ActStatFlg><r3ActTypeDes>Licensing Review</r3ActTypeDes><recDate>2013-11-20T15:20:16-07:00</recDate><recFulNam>Accela Administrator</recFulNam><recStatus>A</recStatus><refTaskStatusI18NModels/></r3statyp><r3statyp><r3ActStatCod>SCODE8</r3ActStatCod><r3ProcessCode>LIC_CONT_RENEW</r3ProcessCode><servProvCode>BPTDEV</servProvCode><applicationStatus>Fees Paid</applicationStatus><displayInAca>Y</displayInAca><r3ActStatDes>Fees Paid</r3ActStatDes><r3ActStatFlg>Y</r3ActStatFlg><r3ActTypeDes>Renewal Intake</r3ActTypeDes><recDate>2014-07-17T09:53:54-06:00</recDate><recFulNam>Accela Administrator</recFulNam><recStatus>A</recStatus><refTaskStatusI18NModels/></r3statyp></r3statypModels><securityFlag>LIC_CONT_RENEW/%</securityFlag></virProcess>
<virProcess><r1ProcessCode>NONE</r1ProcessCode><servProvCode>BPTDEV</servProvCode><isEmailSettringSelected>Y</isEmailSettringSelected><isSecuritySelected>Y</isSecuritySelected><processEMailSettingModels/><processModels><processModel><r1ProcessCode>NONE</r1ProcessCode><sdStpNum>1</sdStpNum><servProvCode>BPTDEV</servProvCode><asgnAgencyCode>BUILDING</asgnAgencyCode><asgnBureauCode>NA</asgnBureauCode><asgnDivisionCode>NA</asgnDivisionCode><asgnGroupCode>NA</asgnGroupCode><asgnOfficeCode>NA</asgnOfficeCode><asgnSectionCode>NA</asgnSectionCode><auditModel><auditDate>2012-02-29T10:35:34-07:00</auditDate><auditID>ADMIN</auditID><auditStatus>A</auditStatus></auditModel><displayInAca>N</displayInAca><hoursSpentRequired>N</hoursSpentRequired><sdChkLv5>A</sdChkLv5><sdDueDay>0</sdDueDay><sdNxtId1>000000000000000</sdNxtId1><sdProDes>No Workflow Required</sdProDes><sdProId1>010000000000000</sdProId1></processModel></processModels><processSecurityModels/><r3statypModels/><securityFlag>NONE/%</securityFlag></virProcess>
</list>