<?xml version="1.0" encoding="UTF-8" standalone="yes"?>
<list  version="8.0.0" minorVersion="15" exportUser="ADMIN" exportDateTime="03/30/2016 09:15 PM" description="null"><workflow><parentProcessID>0</parentProcessID><serviceProviderCode>BPTDEV</serviceProviderCode><stepNumber>0</stepNumber><workflowName>LIC_CONT_LICENSE</workflowName><isSubProcessSelected>Y</isSubProcessSelected><processCode>LIC_CONT_LICENSE</processCode><refProcessRelationI18NModels/><recDate>2014-01-06T13:27:37-07:00</recDate><recFulNam>Accela Administrator</recFulNam><recStatus>A</recStatus><relationSeqId>12709</relationSeqId><resId>209</resId><subProcessModels/><taskActivation>I</taskActivation></workflow>
<workflow><parentProcessID>0</parentProcessID><serviceProviderCode>BPTDEV</serviceProviderCode><stepNumber>0</stepNumber><workflowName>LIC_CONT_APPLICATION</workflowName><isSubProcessSelected>Y</isSubProcessSelected><processCode>LIC_CONT_APPLICATION</processCode><refProcessRelationI18NModels/><recDate>2014-01-06T13:22:17-07:00</recDate><recFulNam>Accela Administrator</recFulNam><recStatus>A</recStatus><relationSeqId>12708</relationSeqId><resId>208</resId><subProcessModels/><taskActivation>I</taskActivation></workflow>
<workflow><parentProcessID>0</parentProcessID><serviceProviderCode>BPTDEV</serviceProviderCode><stepNumber>0</stepNumber><workflowName>LIC_CONT_RENEW</workflowName><isSubProcessSelected>Y</isSubProcessSelected><processCode>LIC_CONT_RENEW</processCode><refProcessRelationI18NModels/><recDate>2014-07-17T09:53:54-06:00</recDate><recFulNam>Accela Administrator</recFulNam><recStatus>A</recStatus><relationSeqId>12710</relationSeqId><resId>210</resId><subProcessModels/><taskActivation>I</taskActivation></workflow>
<workflow><parentProcessID>0</parentProcessID><serviceProviderCode>BPTDEV</serviceProviderCode><stepNumber>0</stepNumber><workflowName>NONE</workflowName><isSubProcessSelected>Y</isSubProcessSelected><processCode>NONE</processCode><refProcessRelationI18NModels/><recDate>2011-12-12T18:33:09-07:00</recDate><recFulNam>ADMIN</recFulNam><recStatus>A</recStatus><relationSeqId>12</relationSeqId><subProcessModels/></workflow>
</list>